numeroParcela;valorParcela;dataVencimentoParcela;origem_arquivo
1;66.7;2020-04-27;parcelas_00026e46-e498-431b-987d-3b8f75acf5fa.csv
1;525;2020-02-26;parcelas_0003d970-8b19-4a8c-a722-31ee264d421c.csv
1;2975;2020-02-26;parcelas_00043ee2-df19-491a-a510-2d12f1dd04ae.csv
1;27720;2020-01-02;parcelas_00096513-ed00-4044-999c-d843b5862d43.csv
1;268.4;2020-09-29;parcelas_000ae0d3-0fca-4631-ae6c-ccada2b28cb8.csv
1;79.79;2020-10-01;parcelas_000ce6d9-fc3e-4f8b-9e3a-a143d918916e.csv
1;238170.15;2020-12-21;parcelas_001268e6-4d44-40ea-b3ee-e68b2d6681c3.csv
1;66.7;2020-04-09;parcelas_00161933-bad1-448c-a97a-c60776cafb9c.csv
1;32236.39;2020-11-27;parcelas_001c0971-1b1e-4f12-a4e8-af9bac466b96.csv
1;103.2;2020-08-17;parcelas_002206a2-105e-438d-886d-072d4b7e25ea.csv
1;47600;2020-10-06;parcelas_0024b63b-118f-40e8-9f61-14a67a194867.csv
1;5090.1;2020-08-10;parcelas_002770a6-f64c-4e84-a363-e22c29495016.csv
1;560.83;2020-11-03;parcelas_002c88d7-1a9b-4e95-8d80-56b9aa1badd0.csv
1;4600;2020-09-09;parcelas_002d13a1-b184-4919-be40-d645f181b10a.csv
1;39.89;2020-11-20;parcelas_002e2790-9d89-404f-b1cf-6f68ff9e3424.csv
1;20385.54;2020-04-30;parcelas_0032b993-f572-4a79-a3e8-b735fa46bf0c.csv
1;79.79;2020-11-13;parcelas_0032dfe8-b987-4eea-b64e-f23ff0892e98.csv
1;261.25;2020-05-27;parcelas_003553e6-a13e-41cf-8742-432aca586844.csv
1;68284.44;2020-11-27;parcelas_0043f1d6-c5b4-41c4-94b9-05a24595d273.csv
1;100000;2020-01-02;parcelas_0046392d-9377-489c-8328-06747d16ecd5.csv
1;9981;2020-05-05;parcelas_00472359-8d9d-4ca7-9a0b-1a3b4183bae4.csv
1;2838.85;2020-10-21;parcelas_0047c00c-fdd4-4fed-8330-6b75003efd32.csv
1;75710.83;2020-10-28;parcelas_0048ca5c-2423-4672-be20-0ac0432f3de1.csv
1;66.7;2020-01-15;parcelas_004cf886-9de1-4112-8640-b52d8947e99a.csv
1;6833.98;2020-11-16;parcelas_00502917-76fc-4fc3-89fb-b9b7de50a43a.csv
1;40000;2020-04-23;parcelas_005384f5-375b-4eaf-9cca-39f532344779.csv
1;31871.78;2020-02-21;parcelas_00583595-e9ee-4da3-8a10-3e07996a7417.csv
1;1131.58;2020-07-03;parcelas_005883b3-d985-4ed2-94d4-840f87ed831c.csv
1;1600;2020-11-26;parcelas_00607a8d-9291-4bf2-a2d7-45853f68595f.csv
1;79.79;2020-01-16;parcelas_006d7a11-9272-4b74-9b57-854f982ec854.csv
1;1928.57;2020-08-27;parcelas_00749166-2901-4f79-ba87-f5d91187f488.csv
1;175;2020-10-28;parcelas_007d2b07-345f-49a9-92ae-c834a65cfe6c.csv
1;35000;2020-10-28;parcelas_00852561-c0b3-4e1f-9125-6c881fde7d0a.csv
1;145.71;2020-06-09;parcelas_0089a85b-f7ad-4f4e-96b1-96e99abc354e.csv
1;66.7;2020-05-21;parcelas_0090fb21-66e7-4b23-a949-e29dc806fe05.csv
1;30164.15;2020-08-27;parcelas_0099241a-256d-43ff-9d05-761ba87822ec.csv
1;600;2020-04-20;parcelas_00a1d552-46d7-4747-bb8f-9bc8f1ef414c.csv
1;254.12;2020-10-30;parcelas_00a3312f-5844-4e4f-b13f-c6e226551bb9.csv
1;23195.8;2020-11-23;parcelas_00abc381-5183-4ae9-85fd-60a38b346be3.csv
1;29.49;2020-08-10;parcelas_00af83c5-010f-45dd-bb6f-b67a6a43a8dd.csv
1;804003.46;2020-02-26;parcelas_00b3b279-7ef0-4b86-ba29-9c5232ba9bfa.csv
1;423130.56;2020-03-19;parcelas_00b5f60c-42f2-4551-8654-60d5ae7facaf.csv
1;2014.42;2020-10-30;parcelas_00b7d2c3-2822-486d-8763-4a1ff14495a8.csv
1;3775.01;2020-10-28;parcelas_00b9eae1-0c03-4b58-bc83-82c40baddf55.csv
1;10456.25;2020-12-21;parcelas_00ba397e-e4d0-4520-98cf-903b6e6a8519.csv
1;66.7;2020-05-29;parcelas_00ba9d62-9674-4619-af16-ed879fcd08b3.csv
1;8195;2020-11-20;parcelas_00bb3b13-8dc3-4193-87d0-e311fbc7d72c.csv
1;1955;2020-07-09;parcelas_00bb54d0-bfd2-4f3d-ab0b-0ce253c5904b.csv
1;1400;2020-07-30;parcelas_00c5554d-b1d9-4dcb-9e14-f8688c19ce51.csv
1;565;2020-10-21;parcelas_00ce5cea-54aa-4364-913f-6e351f28da2b.csv
1;5063.34;2020-01-02;parcelas_00d25828-6efb-4bdb-9b81-c053f3737876.csv
1;216;2020-03-02;parcelas_00d69d92-29e4-4611-802c-1d8b40ce4478.csv
1;5985.01;2020-07-30;parcelas_00e28a22-ff97-4e6b-815a-330074495605.csv
1;164846;2020-06-17;parcelas_00e473bf-3c3d-417e-9962-b63d6b8259e9.csv
1;1107.6;2020-09-24;parcelas_00e70445-04db-48a1-a2d7-61e08e753bd5.csv
1;1754.4;2020-02-07;parcelas_00ee79b1-bcfc-4567-aa9d-e6cfd6bb9cff.csv
1;6072.6;2020-11-24;parcelas_00f28f2a-9605-4983-9f6e-d96dfb5e7d9b.csv
1;7574;2020-06-26;parcelas_00f45f5c-73a0-470f-8c70-3c6b565e4214.csv
1;201006.87;2020-02-26;parcelas_00f90545-4934-4785-8128-c60276b0f294.csv
1;41372.23;2020-04-29;parcelas_0106af3b-1335-482c-99e9-c76a0f6f6f58.csv
1;135000;2020-04-30;parcelas_010947e9-8312-444b-9d6b-49eb3f4c916b.csv
1;14289;2020-10-21;parcelas_010c6819-e66b-45cf-ab42-be0f3113fcf8.csv
1;1115.45;2020-01-02;parcelas_010d5a93-614d-4d20-8442-ecce4aab5a1e.csv
1;695.27;2020-09-28;parcelas_01164aa8-2fb1-4384-8392-ed5247a6f24b.csv
1;3720.65;2020-11-03;parcelas_01228f2b-7f9a-448b-8492-742f9b21ce24.csv
1;324.8;2020-11-04;parcelas_012ad51e-24c3-4abd-8a3f-7284899ec2db.csv
1;2000;2020-02-26;parcelas_012ca56c-a83c-46d5-a7c7-1bb67afde04b.csv
1;115.91;2020-07-07;parcelas_01317157-cff9-4064-b5df-6633689e2412.csv
1;84600;2020-01-16;parcelas_01359cf3-ad83-4b43-bd62-24993d8dcad7.csv
1;7140;2020-05-05;parcelas_01366288-a2ee-4b1b-ad91-2065012f54c8.csv
1;66.7;2020-04-15;parcelas_0140aee5-95e2-4943-9d10-cc7c9617ec52.csv
1;43532.36;2020-03-26;parcelas_014136cc-bc48-4fef-884c-9ce57980ac13.csv
1;510.67;2020-09-24;parcelas_0141c4e6-3cfc-4992-8cb5-d0aebab77835.csv
1;39600;2020-11-17;parcelas_014d0d31-efb2-4194-9e42-2384de1f2ad4.csv
1;3523.4;2020-06-03;parcelas_01574a18-8e9b-4270-b5c0-407ecc9d5ad4.csv
1;100000;2020-02-21;parcelas_01667919-226b-4ff8-b45d-b84ba3ac4c51.csv
1;1552873.4;2020-07-02;parcelas_016e14e4-2bb5-45e5-bebf-f973fdc5d28c.csv
1;608520.84;2020-01-02;parcelas_017b7719-e23d-4a16-b8de-56a454f43957.csv
1;201231.66;2020-04-29;parcelas_017c6aa3-4474-436d-a9cb-09932443c777.csv
1;537.2;2020-01-29;parcelas_0185ef11-a444-47ca-8d88-9695bd51c250.csv
1;2400;2020-05-20;parcelas_01867182-f298-42d2-8e34-a74dd32de95c.csv
1;76.85;2020-09-22;parcelas_018b0798-3dcf-460f-9124-92b517b12a4d.csv
1;42892.15;2020-10-19;parcelas_018f0327-bd4b-4812-86e5-a6a853c24dec.csv
1;586.57;2020-09-15;parcelas_01965b24-6908-46e0-b26e-92c3994ee224.csv
1;66.7;2020-05-20;parcelas_019b514b-e2f4-4a38-bcf9-2088c9392275.csv
1;29.49;2020-12-21;parcelas_019d3d98-3d99-4ce3-afd2-cb35e573fa1a.csv
1;195104.45;2020-11-27;parcelas_019d61f8-919d-4f80-b630-9d3703f96726.csv
1;48617.32;2020-11-27;parcelas_019e36b0-f3c1-4290-9745-87842da415ab.csv
1;53400.81;2020-03-26;parcelas_01a13316-9285-40c8-abef-159964c4cadd.csv
1;45105.15;2020-03-30;parcelas_01a2dd96-b7aa-4ad7-ba8d-f41a6fffd0bd.csv
1;334.3;2020-11-27;parcelas_01a4e4d3-dceb-44a8-a143-cbb03b59a0c5.csv
1;70;2020-11-25;parcelas_01a7dc1c-b182-491a-86e1-380af9e755fe.csv
1;297923.49;2020-01-29;parcelas_01b3e19f-5169-4cc2-a320-369f5a942436.csv
1;1605161.2;2020-04-29;parcelas_01b708eb-645c-41e5-bdec-d21e2b9bdc0c.csv
1;26630;2020-08-07;parcelas_01bd8bf8-68bf-4f44-8b89-061305f1710a.csv
1;30868.3;2020-01-14;parcelas_01c3396a-f281-4753-844a-2321aa289572.csv
1;222716.95;2020-02-13;parcelas_01c4976d-6b5c-43d1-8407-94fc9411c8a9.csv
1;731.29;2020-04-30;parcelas_01c4dec5-cd98-4653-b0fa-9d023eabd045.csv
1;1500;2020-05-13;parcelas_01cc6c9c-2942-4b6c-bc02-cd272711b65f.csv
1;66.7;2020-01-27;parcelas_01cd8ffc-5bb8-4a8d-b6c0-0a3468d2fd7f.csv
1;383.4;2020-07-03;parcelas_01d02de8-267c-445b-95d8-ba7c701b0ace.csv
1;3083.85;2020-04-09;parcelas_01d1ec8c-bd88-4f65-afbb-01a771f2abef.csv
1;48;2020-09-29;parcelas_01d27593-c1e4-4491-b05b-f7ec7c243c94.csv
1;119490.54;2020-05-27;parcelas_01d410c5-32c5-4e2e-998f-3e4e596888db.csv
1;3275.95;2020-11-30;parcelas_01db01ea-e09f-4e00-9380-47ecea859b83.csv
1;25151.07;2020-10-30;parcelas_01e0d633-0a8b-49ea-ae26-d76cc955d9ca.csv
1;150000;2020-09-11;parcelas_01e1801d-5290-4b1b-87f0-f4c7b862a91e.csv
1;1556.67;2020-08-19;parcelas_01ed05eb-4fb6-4a2c-ae24-2d79bd18fd9b.csv
1;21411;2020-01-02;parcelas_01f1dd01-11ef-4017-89c2-f6e1faf49faa.csv
1;3741.77;2020-12-30;parcelas_01fbfae1-f5d2-437c-9fe0-2c8719564771.csv
1;1776.44;2020-01-24;parcelas_020494f1-0374-4799-b1d1-93348acf49e6.csv
1;142007.21;2020-05-27;parcelas_02092d9d-3d13-4b4b-9b9d-3218335948b4.csv
1;25689.98;2020-02-26;parcelas_020a35c7-22d3-4181-8a63-81f160950ab3.csv
1;1195.08;2020-11-27;parcelas_020afb77-e614-46df-b581-365954d8d03a.csv
1;787.5;2020-09-28;parcelas_020c8fb3-39ca-4572-b154-542566fb67ad.csv
1;12534;2020-01-13;parcelas_020d4192-6539-41b8-9d02-87c7100dc884.csv
1;66.7;2020-01-03;parcelas_020dc9c0-fb82-47b0-8fc9-71993b2cf01e.csv
1;10686;2020-09-09;parcelas_0216cbc9-ba7c-4d16-b6f6-17fef9fa85d9.csv
1;2362.5;2020-01-28;parcelas_02191983-e85b-4fc4-855d-5d9d1269cfa0.csv
1;2100;2020-03-30;parcelas_021ae9e0-fd91-41d1-a36c-7786c8b63f5c.csv
1;255056.34;2020-01-02;parcelas_0220d6c0-f691-4f88-92cb-aedd7d9eb933.csv
1;22000;2020-12-15;parcelas_02215002-740c-48d4-a61e-76ec92c0c5ed.csv
1;816.12;2020-10-05;parcelas_022804c3-e23a-4b51-b6b3-bc47a22669b0.csv
1;18940.14;2020-01-28;parcelas_022b6708-212e-4419-8673-346aa3df4f25.csv
1;22794.98;2020-01-28;parcelas_022dfb9a-cffd-4d22-84a2-3bf0cadb771c.csv
1;327042.87;2020-12-21;parcelas_02302e19-92c4-4aa8-a9f4-67eb94399957.csv
1;250;2020-08-19;parcelas_02322319-df56-439d-a85a-fc8ef635eb97.csv
1;79.2;2020-11-05;parcelas_023b9746-3d36-452c-8098-d95bcf7f7175.csv
1;202.95;2020-10-07;parcelas_023bdc09-4c55-47c2-836f-a5054c094864.csv
1;12150;2020-01-02;parcelas_02410fa8-d841-47eb-989c-998209d06829.csv
1;1680;2020-12-21;parcelas_0242996e-5cc6-4fd4-9045-0afee2697969.csv
1;3058.76;2020-04-30;parcelas_0257ecf4-424e-4d56-851f-25dc0d82e888.csv
1;50000;2020-09-18;parcelas_02592320-1191-4501-8325-6f8eb9aa255e.csv
1;79.79;2020-02-28;parcelas_02609ba5-029f-4ad0-9d72-a2d5ba8b3aa7.csv
1;625771;2020-12-23;parcelas_0263aea5-4a15-46ce-aa2a-ca46dc98862e.csv
1;66.7;2020-05-15;parcelas_02689bbb-ab5f-47f8-8274-e6b6b6afa025.csv
1;30;2020-10-01;parcelas_0271c6fa-43bc-4e4e-8c1d-1ec7556fa3a5.csv
1;2000;2020-01-28;parcelas_027215a2-981c-4164-8919-6803e6731d37.csv
1;1414.01;2020-09-28;parcelas_0276453d-58ca-47f3-b247-b11aaf8a8fe9.csv
1;66.7;2020-03-17;parcelas_02779a6f-f2bf-48ed-bcfe-501b36eaf8e6.csv
1;50;2020-10-02;parcelas_027f290b-2781-4708-ad54-8185fc41409c.csv
1;158;2020-11-04;parcelas_028880b5-124f-4c50-92c2-a007ed15073a.csv
1;54.4;2020-09-29;parcelas_028b440a-5300-45ee-b815-9f31a444e15f.csv
1;66.7;2020-05-22;parcelas_02905712-9228-47f5-b719-5d4193054163.csv
1;5488.6;2020-01-14;parcelas_029605ee-ad65-473b-b651-a33aa42c8779.csv
1;849709.55;2020-10-02;parcelas_029d0af3-c8ea-4e7f-9ba4-5efaf2e0835b.csv
1;100000;2020-10-20;parcelas_029e154f-69d6-449a-a6b5-77413cd5cea3.csv
1;1575;2020-04-29;parcelas_029f2bf9-de5d-451d-9bee-b1894576eba0.csv
1;20170.08;2019-12-30;parcelas_02ab3109-65bb-44f9-8a0b-18d386c55982.csv
1;20000;2020-01-13;parcelas_02ad45e6-62b3-4209-8f17-6641259f5e9b.csv
1;10010.71;2020-10-19;parcelas_02ba2f75-8eb7-4025-a0df-6589343d89b3.csv
1;17922.78;2020-02-26;parcelas_02bbe759-ccb6-4ce2-b262-6a52af1097b4.csv
1;30000;2020-01-13;parcelas_02be2dc8-0e40-46f8-83ac-bb9232bd9a35.csv
1;42000;2020-05-11;parcelas_02c3c8d7-a387-4092-9361-8b3576197d33.csv
1;1950;2020-05-12;parcelas_02d85704-39cf-4c88-a7f0-70c61b0d60ff.csv
1;2232.24;2020-09-29;parcelas_02d97222-bb0b-4726-aad9-c4bc49f41848.csv
1;366035;2020-02-20;parcelas_02daa831-5736-43a5-aa76-22dd330553c4.csv
1;8130;2020-01-15;parcelas_02dd2eb1-1f82-4912-b538-8383faae8cad.csv
1;150.01;2020-11-09;parcelas_02dfa128-e6a3-4b8d-9e52-fdeeb49b07ef.csv
1;503.33;2020-03-31;parcelas_02e01471-2535-4cfa-b965-ce3dc3b0a2c6.csv
1;136839.93;2020-10-07;parcelas_02e3565e-e08f-42f7-a525-4fab042f38b6.csv
1;0.03;2020-02-26;parcelas_02ecbaeb-483c-4d04-821e-606e166a8b56.csv
1;4600;2020-08-10;parcelas_02f11a10-118b-470d-85c7-7455501a0272.csv
1;785.3;2020-11-04;parcelas_02fca052-02cb-438b-a1f1-6cd88db49f3c.csv
1;8900;2020-04-16;parcelas_02ffb575-4cc3-430a-aae2-97597cc4908c.csv
1;15373.94;2020-07-21;parcelas_02ffcd04-1819-4a87-a0f2-22389e72dbb2.csv
1;15088.85;2020-11-27;parcelas_03020d81-8e3b-41f6-b6ec-ada18bc102b3.csv
1;7525;2020-05-27;parcelas_03042c41-be82-4f20-b2f4-ce5f66779049.csv
1;688.32;2020-03-09;parcelas_0304cc97-9897-4bfe-8054-84605a7b385b.csv
1;29.49;2020-07-24;parcelas_03113ab1-cdbe-44a7-a94f-05037724b3bd.csv
1;87333.33;2020-01-28;parcelas_03171f7f-876f-4f48-854c-8feeb057204b.csv
1;1425;2020-03-27;parcelas_031b0c12-3b85-4cac-8f77-c4b8e4c002e7.csv
1;66.7;2020-04-30;parcelas_031c4e7d-effb-4870-a25e-dc5da305efd9.csv
1;1300.02;2020-08-20;parcelas_03264e1a-d0e4-4f8a-9073-ad29587c32e8.csv
1;46975.83;2020-05-27;parcelas_032685eb-0fde-4fb4-85e9-34e3722e8fe5.csv
1;40000;2020-10-07;parcelas_0327b199-adfd-4c04-adf4-ab374e395122.csv
1;19.37;2020-07-31;parcelas_0329c8f9-7ca1-4098-8cec-fcf691d328c7.csv
1;88250.71;2020-03-30;parcelas_032bf697-ca3d-49a5-8d61-f027631297c4.csv
1;2233.01;2020-12-30;parcelas_032d128c-6bba-4627-b9d8-77d2d5828142.csv
1;1698.1;2020-11-27;parcelas_032ecd71-7ec8-463e-9d71-f591d16d57a8.csv
1;15692;2020-09-08;parcelas_033319f9-372f-479c-8392-5b09df196e50.csv
1;1935;2020-01-23;parcelas_03339a8c-fad2-486b-9ce1-db4fd72eaf05.csv
1;148870.68;2020-07-21;parcelas_03362ab0-9232-495a-83ed-4be684065bc4.csv
1;66.7;2020-04-24;parcelas_0336ae9a-aad9-4d0b-ba62-bd33633e22c0.csv
1;20049.09;2020-10-30;parcelas_033c7771-9547-484f-b1dc-497ae41b2e90.csv
1;29.49;2020-07-01;parcelas_033ce927-7355-4ec0-a8b0-e9da8af84d55.csv
1;29.49;2020-12-15;parcelas_033fea3d-7bcd-48d6-9604-8a0b2d45a125.csv
1;7487.8;2020-08-19;parcelas_034045d6-76f3-4f8b-8277-56cbabfd7bbc.csv
1;863.33;2020-06-26;parcelas_03457bba-e0a8-4e0a-93d4-f0d8993d63d9.csv
1;31167.75;2020-01-10;parcelas_034ccfaa-9529-45ce-82e7-ff87e8594a3f.csv
1;19045.37;2020-11-27;parcelas_03516b9e-f7cd-49a0-9722-d9cad23d927f.csv
1;52650;2020-01-02;parcelas_0357ad84-c03e-48c6-a07e-50415d7ba470.csv
1;70;2020-11-18;parcelas_035d6ca7-dc53-46d4-b081-2c60fa30a528.csv
1;109037;2020-04-16;parcelas_035e3ca9-6041-4ad3-8d5f-7c95c550f094.csv
1;493.98;2020-01-23;parcelas_035ea527-6426-4b5a-bc2e-26700917dfee.csv
1;405.35;2020-08-19;parcelas_03700148-d252-4f89-a72f-228816052f9e.csv
1;10000;2020-03-04;parcelas_0373a81a-61e1-4861-bd8e-ba9f27e8bac8.csv
1;3000;2020-10-28;parcelas_03768d85-6c68-4dcf-b20c-d5ac6a65c699.csv
1;25628.24;2020-02-19;parcelas_03778c13-ccef-404e-96a1-2846912276fb.csv
1;18.3;2020-01-13;parcelas_037be71c-7374-43d4-9d8f-6f735d856552.csv
1;66.7;2020-05-12;parcelas_03815eab-70b9-4292-af54-47e79f878f0f.csv
1;51519.02;2020-09-11;parcelas_039031f1-6c0e-4f9d-9102-f4885a29397d.csv
1;200000;2020-07-07;parcelas_039663b1-a04f-4033-8224-9b0ca6b58a86.csv
1;2275;2020-04-29;parcelas_039762e2-2604-462c-ad54-3b8ac051dac3.csv
1;36810.35;2019-12-30;parcelas_0399251d-f6ed-461a-890c-7f5af74faded.csv
1;79.79;2020-10-26;parcelas_039957ab-18f2-4c03-a891-9b93b127f4d5.csv
1;311.14;2020-11-13;parcelas_039bf601-ac86-48d3-b6be-643d31ba643c.csv
1;92304.62;2020-06-26;parcelas_03a40f35-3b70-44db-ae0a-ca84114941b3.csv
1;36692.24;2020-02-17;parcelas_03a44288-ab84-40ce-a29d-44ca22c363fd.csv
1;13173.95;2020-01-08;parcelas_03a4996d-cc72-48c3-90fe-542616662a7e.csv
1;11258.65;2020-11-27;parcelas_03a4d9f6-6a28-4721-8159-559a69f32680.csv
1;66.7;2020-01-02;parcelas_03a5b231-61d7-4fbf-ab94-fea5d9bd07ea.csv
1;97.95;2020-06-01;parcelas_03a6433e-13c5-4e60-9458-8de7a2107bc2.csv
1;3000;2020-10-16;parcelas_03a6e00a-c83e-4557-8935-e931190b549b.csv
1;3000;2020-12-15;parcelas_03a9e6ea-d06d-4b67-8d49-8b7f5b251463.csv
1;85467.98;2020-05-29;parcelas_03b38e91-d01d-4b5d-8bbb-7a1ff30b10fb.csv
1;44005;2020-06-16;parcelas_03c1c906-6fb0-4e00-8576-236a0b098eca.csv
1;988.9;2020-08-31;parcelas_03c7d89e-0fad-4532-a9ea-5ac150d3925f.csv
1;1135.35;2020-11-03;parcelas_03c91e7b-0310-493f-85f2-de87a3ef7fb0.csv
1;17944.45;2020-09-23;parcelas_03d82932-1f71-4abc-8c37-4314da60163e.csv
1;4050;2020-02-18;parcelas_03da20f7-454e-450e-948a-7d4b81f9cf73.csv
1;40000;2020-05-05;parcelas_03df9c45-d3b9-4f0f-aaec-aae1fd9319b3.csv
1;354.16;2020-09-24;parcelas_03e00b5f-808c-4c12-8992-6493f25adce6.csv
1;9740.5;2020-02-26;parcelas_03e041a1-db35-4ebd-a94f-e2d7eb402c14.csv
1;324;2020-03-02;parcelas_03e16da2-4a62-4dd7-aa29-e9f41cc2bac2.csv
1;598.5;2020-04-29;parcelas_03e4b3b1-71b5-4a56-baf6-766f457dee6a.csv
1;54.03;2020-08-03;parcelas_03ef48f9-c88c-4673-a7a1-64d7c44a4d50.csv
1;20556.16;2020-03-11;parcelas_03f02e3d-3f26-4f79-a2cd-eb599422d649.csv
1;1140;2020-02-10;parcelas_03f27029-cb63-40d8-aff2-9941e4cf98b4.csv
1;776.58;2020-06-26;parcelas_03f5d219-4576-4dc5-b6db-e28b732271ad.csv
1;2055;2020-07-13;parcelas_03f72470-9ef3-411b-b6c8-c04424c92eaa.csv
1;148.2;2020-07-14;parcelas_03fd1dd0-4fba-4079-8261-e188c5c2b601.csv
1;148336.82;2020-05-01;parcelas_03fdc981-14f0-4b08-b5e0-6b7bf2cc0c71.csv
1;17;2020-11-03;parcelas_04025be7-d9fd-4af9-8d78-4e6968e342f2.csv
1;50000;2020-02-05;parcelas_04042836-c453-4b01-99e9-9600c7ac1d68.csv
1;2721.25;2020-01-29;parcelas_0406a0a0-2430-4432-9752-ac76b21d4e83.csv
1;41.8;2020-07-13;parcelas_0408220e-18b5-4187-b604-2ee4a6362d94.csv
1;82453.13;2020-06-26;parcelas_04109e9f-c1ee-443f-8020-f2b3857f910c.csv
1;82000;2020-08-27;parcelas_04186483-46b4-4323-ae25-4b73732fc89d.csv
1;47189.72;2020-10-28;parcelas_04193f1b-b089-4bed-bfce-d12bf902d1cc.csv
1;79.79;2020-09-22;parcelas_041bd444-3b7b-4432-ba40-647bac8b90a1.csv
1;4726.13;2020-09-22;parcelas_041c4ab8-3ffc-47ab-986f-5cdab45b1ec4.csv
1;30000;2020-01-02;parcelas_04214b61-d2fe-4b3f-9d16-1dd33f9f1001.csv
1;3166.66;2020-04-30;parcelas_0421ee8b-2e0f-410a-b130-4a6e424b9928.csv
1;293162.02;2018-12-31;parcelas_0425f205-e4c8-45a4-a2b7-229d76639499.csv
1;76173.19;2020-04-29;parcelas_04277cee-05aa-4d6d-a883-9d92ab982d83.csv
1;91894.56;2020-02-26;parcelas_0428c8e7-d9de-46b3-b615-6e2caf754940.csv
1;654;2020-01-23;parcelas_04337877-3466-436a-b1ae-c9d08432afca.csv
1;2187.5;2020-04-29;parcelas_04377f80-bc5c-4507-919e-2bbfa7f6f1b0.csv
1;33261.18;2018-12-31;parcelas_04391e9e-d7aa-433e-b954-bb1c15d64d1a.csv
1;233.07;2019-12-30;parcelas_04426c36-ed68-4aa3-acf7-49306de5fd6c.csv
1;4636.8;2020-09-23;parcelas_0444ee45-a598-4eec-b218-3f6ef81ce742.csv
1;133.3;2017-12-07;parcelas_0448e965-2746-4bc3-9ac4-4b1efa7418f8.csv
1;183.98;2019-12-30;parcelas_044b1684-dc61-49e4-95a2-44390ffbf4dd.csv
1;10034.79;2019-12-30;parcelas_044b1684-dc61-49e4-95a2-44390ffbf4dd.csv
1;725.84;2020-07-30;parcelas_044cc90c-17b2-4e69-9a12-f8ce92924d76.csv
1;290;2020-09-25;parcelas_044d0246-353f-42a8-b1d4-ff3c104ea0ba.csv
1;300936.43;2020-01-02;parcelas_044e1534-f87e-4c18-bfb4-cd5551f34fe5.csv
1;29.49;2020-08-14;parcelas_0452e853-d76b-4c99-a81c-2d1d829ea558.csv
1;3166.26;2020-09-09;parcelas_045bf04a-c16f-4ff4-9171-bb790f735636.csv
1;1885591.11;2020-05-27;parcelas_045deeba-daf9-439f-8fe9-94a6d8a27c61.csv
1;2384.93;2020-07-13;parcelas_0460a7c2-b040-448c-8351-3295a164347d.csv
1;280.39;2020-06-30;parcelas_04623c53-4893-4dda-9294-4cd50def68e8.csv
1;6125;2020-10-30;parcelas_04643e64-5185-4f2a-9f9d-01edc2ffc1c4.csv
1;94682.7;2020-12-18;parcelas_04650bb1-0d47-47eb-9cfa-db21ae7c5c53.csv
1;33787;2020-06-17;parcelas_046cd743-7013-4e1b-8d05-3f7baebe51ac.csv
1;11133.22;2020-09-16;parcelas_047555a6-61d4-4aef-ab28-4d795987942e.csv
1;767991.32;2020-02-26;parcelas_04799ffc-8b69-4fa3-982a-a583650357af.csv
1;775;2020-08-19;parcelas_047a71c4-a477-4417-94e8-527c2c9a42cb.csv
1;79.79;2020-10-08;parcelas_04865d1c-29bf-4bb1-a138-fafd3cba7fd6.csv
1;470;2020-10-01;parcelas_048fc9a0-5e33-4676-8f3e-75597e8630c9.csv
1;79.79;2020-09-16;parcelas_04937c41-55ca-42c4-bf6a-1fa085209e68.csv
1;1836;2020-05-28;parcelas_049c3a90-b519-4e37-95eb-58f05a97709b.csv
1;79.79;2020-12-17;parcelas_049ca676-f76a-4cad-856c-cc77b954f53d.csv
1;66838.41;2020-11-30;parcelas_049fc207-e58c-4004-8a14-792f252b3e22.csv
1;20000;2020-07-01;parcelas_04a55d78-c840-4b03-bcf7-a2eaacbbc1c3.csv
1;256459.45;2020-07-30;parcelas_04b2f136-5bc2-4296-8f36-dd5739fca394.csv
1;5502.28;2020-03-02;parcelas_04b37b9f-e136-4070-a17c-e81d8d4226fe.csv
1;299.7;2020-08-19;parcelas_04bb31f8-ef47-45af-bf56-2859db24223d.csv
1;88.78;2020-01-30;parcelas_04bf632a-27f7-4d79-8092-c2c33de83842.csv
1;1428.56;2020-06-09;parcelas_04c23261-4a05-46dd-9414-8926d90910f7.csv
1;1317.32;2020-10-07;parcelas_04cd8841-dedb-4773-afd5-10df5e0512b8.csv
1;104.13;2020-02-05;parcelas_04d3bed9-918f-4734-bd9e-9e0cc5152a82.csv
1;555596.83;2020-06-23;parcelas_04d82384-895a-42f9-b86d-4aa3654322fb.csv
1;290646.48;2020-03-26;parcelas_04ed3fcc-aa04-4d14-b634-7428e319a129.csv
1;14799.26;2020-11-30;parcelas_04f2a489-d042-4d7d-be2a-5851ff2dd2e5.csv
1;153827.91;2020-10-28;parcelas_0502d67c-6702-4852-9a8b-4b8121a756cb.csv
1;259;2020-03-16;parcelas_050aa534-2e69-42e9-82e0-3ad0e6612d1d.csv
1;7543.26;2020-12-30;parcelas_05134866-92db-43f2-b155-0cca57d942f4.csv
1;29.49;2020-07-27;parcelas_0521ebc7-366e-4a63-8551-fff28a05c559.csv
1;362.44;2019-12-30;parcelas_0524390f-ce14-484d-bd44-b07da04ebf49.csv
1;79.79;2020-09-28;parcelas_0526de03-0680-4250-8d54-8494c9ccd506.csv
1;9400;2020-03-27;parcelas_0528f194-85de-453e-9aa4-d162d451e46f.csv
1;92.81;2020-09-28;parcelas_052a105c-4f39-4982-b387-792e0b77a256.csv
1;66.7;2020-04-03;parcelas_052ad569-6a8e-4ea7-adac-d8cead22d9de.csv
1;7662.6;2020-01-13;parcelas_052d1f1b-af9e-4cdb-8f7e-04a28c72494f.csv
1;535.71;2020-01-17;parcelas_052e42ce-3e31-4749-8e5b-07974743a615.csv
1;54420.59;2020-09-28;parcelas_052e4edd-9671-44d4-9cbf-7219f08c4b94.csv
1;314430;2019-12-30;parcelas_052fd942-3c29-49ec-ae43-88689ab25e55.csv
1;5256;2020-12-21;parcelas_05309466-94f6-40d3-a352-07515e2c2cce.csv
1;26436.65;2020-05-27;parcelas_0531e64d-fce7-46b4-9ebc-8b9d7358397c.csv
1;4615.62;2020-01-31;parcelas_0535d84a-e294-45a6-bdc8-1ccbdc03d8a0.csv
1;65924.2;2020-12-21;parcelas_053bf285-8520-46b1-bf07-b956270761e3.csv
1;23180;2020-11-06;parcelas_053c3674-3f5a-4d56-93dc-356f50d2091a.csv
1;50000;2020-04-30;parcelas_053ee871-fd15-4587-a386-ce0fe4fe594c.csv
1;547.72;2020-11-27;parcelas_05427c58-656f-4b93-8c89-46f5be50068a.csv
1;29.49;2020-12-22;parcelas_055057ba-e637-4015-8892-2ccbba9e0048.csv
1;798;2020-09-08;parcelas_0552625b-ba9e-4bf6-ac23-ac6956fa2eac.csv
1;24562.81;2020-04-17;parcelas_0553f1f5-29bd-42f7-b7c2-d0e2be8d6828.csv
1;50000;2020-09-30;parcelas_05546d53-0d20-4285-bad3-22c24137a1ec.csv
1;125000;2020-01-10;parcelas_0557ba8f-b03b-4f3c-a880-2b132362a470.csv
1;175000;2019-12-30;parcelas_0557ba8f-b03b-4f3c-a880-2b132362a470.csv
1;83892;2020-04-01;parcelas_055f17ac-75aa-44e1-807a-9aa82a334650.csv
1;12455;2020-09-09;parcelas_055fdc3a-6351-405b-87af-7795690fb95d.csv
1;697.6;2020-10-21;parcelas_056a4279-5026-4bef-88b3-1f3b2b6232c9.csv
1;66.7;2020-01-07;parcelas_056d87cf-cc2d-4072-b33d-1e8eaa1f15b3.csv
1;799;2020-07-29;parcelas_056ea229-8085-43df-ba5b-eab8e7d14021.csv
1;210465.1;2020-02-26;parcelas_05703789-6327-4eb5-8c43-da1db8dd8c4b.csv
1;16417.6;2020-08-05;parcelas_057924d0-664a-429f-bceb-c94b22c67195.csv
1;11768;2020-11-16;parcelas_057c659b-5a8a-46c3-b40a-a263d1221d44.csv
1;4095.2;2020-08-04;parcelas_057d61b2-5774-4e59-8107-04d19ea7de2e.csv
1;15542.75;2020-01-27;parcelas_0583bc69-3060-4258-9526-1fb8f715ff69.csv
1;3313.74;2020-06-22;parcelas_0585ca19-7266-4e92-bfe4-c9235e2b88e6.csv
1;79.79;2020-10-22;parcelas_058623dc-0c36-49e9-80a0-a23cf7cad466.csv
1;3838.19;2020-10-30;parcelas_058d66e8-9738-4fba-8adc-57582d6b7188.csv
1;79.79;2020-09-18;parcelas_058d8fd6-105a-4b6b-8b26-1a645e3be92d.csv
1;46952.47;2020-02-26;parcelas_059452be-4df6-4807-a23c-07f36ff19cc6.csv
1;140231.95;2020-06-26;parcelas_0595a9b5-2680-4063-adca-76e2b72aebc1.csv
1;11895.1;2020-07-21;parcelas_0598c18b-fc62-4c55-ab30-60b5a23ac481.csv
1;75000;2020-10-01;parcelas_059a0ff1-15d8-4942-b400-3000621fc371.csv
1;288;2020-05-28;parcelas_05a05968-9667-49c9-83c0-1372b3a159d1.csv
1;27018;2020-06-01;parcelas_05a0ba72-6bda-4074-9450-c79fa76c05c6.csv
1;79.79;2020-10-19;parcelas_05a6e2f8-7fc9-40a3-97bb-2287f0ddd17f.csv
1;29.49;2020-06-16;parcelas_05ab2f4d-b466-406b-ae5b-9e08a47c62d3.csv
1;19500;2020-06-26;parcelas_05aeafc5-f3a5-419a-9dc5-1298fc97cc36.csv
1;6714;2020-01-08;parcelas_05b3e545-710d-4c66-b160-ac216a55b1f1.csv
1;1185.21;2020-10-14;parcelas_05b4f778-409b-43c6-820a-5498b6ca8047.csv
1;1750;2020-04-29;parcelas_05b639d2-649f-4b73-b077-5dc4656ac3ba.csv
1;102.58;2020-11-09;parcelas_05b8b105-3573-4e50-8ae4-c256e5e2aa2a.csv
1;2853.2;2020-08-27;parcelas_05bb9c52-298e-4abc-8238-cbfe88919a9a.csv
1;6234;2020-01-02;parcelas_05be0311-bef2-443a-a0e3-b157d1b80555.csv
1;5870.88;2020-12-30;parcelas_05c74dfc-2dc7-4ed7-b13e-2ec0e0a66288.csv
1;1750;2020-06-26;parcelas_05ca125e-a905-433b-b1a9-c3f5aa72dc59.csv
1;1392.7;2020-10-30;parcelas_05ca6739-0951-4feb-a296-d45225f5ca96.csv
1;3468.61;2020-05-15;parcelas_05d83d51-6a99-4a66-82cc-4445c2ac1910.csv
1;4090;2020-08-18;parcelas_05ddbbc7-7810-4fab-bb4b-8b5371c05be7.csv
1;1125.15;2020-12-30;parcelas_05df2fa4-8570-4969-b271-9cc280393501.csv
1;21804.25;2020-03-02;parcelas_05dfae7e-f281-4875-aa89-27794201542c.csv
1;23750;2020-03-23;parcelas_05e44401-f46a-4dfa-85c0-27a0420b4088.csv
1;0.03;2020-12-23;parcelas_05e60e44-44f7-4f75-8311-7d34e159785f.csv
1;2901.8;2020-08-28;parcelas_05f43759-7886-41ac-b590-6c3aee1c60ee.csv
1;2779.32;2020-11-03;parcelas_05fbedad-1816-4103-8c9a-2bb8e1f8b02e.csv
1;23141.68;2020-03-26;parcelas_05fbfb32-46eb-48d1-8056-e112fa907352.csv
1;154.8;2020-09-29;parcelas_05fed6ed-e7f9-48c7-94bc-7d39d0063d85.csv
1;35647.2;2020-04-02;parcelas_05ff9f31-2a02-4244-b0e6-fd50aab541a0.csv
1;375909.15;2020-06-26;parcelas_060bb2f5-7e94-4bec-849e-5e2b893d65fa.csv
1;50000;2020-01-15;parcelas_0612eebc-e1f7-4722-b444-3ee0d5f5b4fa.csv
1;466;2020-12-01;parcelas_0613fd63-eb1d-4c66-92ab-b574f0b636ca.csv
1;701.2;2020-06-09;parcelas_06176161-266a-49af-baf9-ccfef439b9e0.csv
1;455;2020-04-29;parcelas_061a94a1-5c22-49e7-a247-3b7904d238ff.csv
1;2916.66;2020-12-21;parcelas_0622f3bb-8a25-4f2d-878f-6e566b1456c4.csv
1;2118.62;2020-11-05;parcelas_0631dfbb-c7dd-42cc-9b28-9e302f718bd0.csv
1;921575.61;2020-02-26;parcelas_0631ef8f-7879-4d78-9ab0-e9a0cf580426.csv
1;102.6;2020-11-16;parcelas_0636a106-9e21-4d20-8815-5ad3b81f1e1d.csv
1;1783.99;2020-02-04;parcelas_06373dda-5a72-40a1-894a-62660d5742f4.csv
1;12106.8;2020-01-02;parcelas_063847a8-fb4e-40e5-8c73-7a345fbebbc3.csv
1;18000;2020-08-13;parcelas_063b3aa5-3be8-4002-8185-bf897c2b8d4c.csv
1;26200;2020-01-24;parcelas_0643db2b-8fb7-4d74-ad6f-6fe70b365331.csv
1;61630.02;2020-02-03;parcelas_064e43a8-c136-44d4-ad15-6969ce68ae2b.csv
1;5489.16;2020-11-27;parcelas_0654d324-edc3-4d25-afbd-822860276ccc.csv
1;62328.75;2020-01-02;parcelas_06577070-b320-4dc4-8596-d6584c80b2df.csv
1;700;2020-06-26;parcelas_0657c5d1-2f9d-4b69-a694-a70db624cb8a.csv
1;3221.15;2020-09-28;parcelas_06597b27-5cbb-4f06-9136-7d7f030de698.csv
1;20082;2020-01-02;parcelas_0660e76f-c2d5-45ff-a6e6-1c4c89e6d906.csv
1;5425;2020-01-29;parcelas_0662f385-41cf-468f-8b1e-064207c84d2d.csv
1;5979.6;2020-02-18;parcelas_066405c4-1f39-4a25-87a5-60a36fd08fac.csv
1;79.79;2020-10-23;parcelas_06662483-2e7c-4b97-8a40-80bfc7e71ebb.csv
1;16891.75;2020-03-12;parcelas_0673135f-ca7a-4009-95e1-9fe93909c7a0.csv
1;5922;2020-10-20;parcelas_06735b29-4afa-470d-bdcc-2f3a90633622.csv
1;1035;2020-02-26;parcelas_0679da50-5476-4323-97e6-45e895036591.csv
1;700;2020-11-27;parcelas_067be607-e4bf-448c-8b9c-d3477d3c1ca4.csv
1;3757.5;2020-06-23;parcelas_067cca6b-2aa8-4af0-aa36-cafa51bd6139.csv
1;10608.99;2020-11-27;parcelas_0683c759-4400-4062-a4bd-d9fc58b78d30.csv
1;27087;2020-11-03;parcelas_06852187-cc3b-4c8f-807a-65edd3ea656f.csv
1;79.79;2020-02-03;parcelas_0686d14b-9917-4817-8351-e5493fb608a0.csv
1;3395.4;2020-06-08;parcelas_068e1bf8-f2b0-4d1e-b631-df1754a80870.csv
1;5284.54;2020-05-11;parcelas_0690fe09-ac75-4a13-9b98-65252cc4f0fe.csv
1;1731.34;2020-09-08;parcelas_069624a9-c96c-4d8d-b65a-614c11b6780d.csv
1;603;2020-07-15;parcelas_0699c5f3-e180-4774-8e65-77ecae39f38c.csv
1;2305.27;2020-11-27;parcelas_069a0a2d-326d-4757-aaba-f035fad5a3b2.csv
1;905.53;2020-09-29;parcelas_069c2acd-d50a-42bf-abed-f6d8c34bf1b4.csv
1;1552873.4;2020-01-31;parcelas_06a48269-3a76-485a-b45a-c9927944a65d.csv
1;1332;2020-03-02;parcelas_06ab6195-7e95-4c38-a02a-ec3a2a0e8c7c.csv
1;11495;2020-01-24;parcelas_06b70730-eb29-4fb6-8289-cb2e2c37b75b.csv
1;2625.45;2020-04-08;parcelas_06bb6139-1c2d-4c1c-b217-e4e4aead1e0b.csv
1;3803.01;2020-11-27;parcelas_06bb77bd-7716-425c-9591-b8804ee8f542.csv
1;432;2020-10-02;parcelas_06c56de6-4e7f-4155-8cf8-f0a303d549f1.csv
1;4271.38;2020-06-03;parcelas_06c5aa18-b941-4bb7-860e-ce8f4bc2a9a7.csv
1;12583.15;2020-12-30;parcelas_06d110ad-f4b3-4234-8f06-2430990b3411.csv
1;11133.22;2020-01-02;parcelas_06d20712-c722-457b-94ab-96b911c5cfd8.csv
1;46582.75;2020-07-13;parcelas_06d98771-c3bd-4f9a-892f-1d9594c02119.csv
1;1574.12;2020-06-09;parcelas_06dd9727-e31a-4d79-8f90-cbef6541647b.csv
1;240;2020-10-26;parcelas_06e31d2f-14cc-4e56-bae7-ac518c50978b.csv
1;297685.53;2020-11-27;parcelas_06e76842-558a-4e9e-ba4b-7eab22c0a6bd.csv
1;234.78;2020-01-09;parcelas_06eb1476-30ed-4881-89b4-ff5e3cdea4a8.csv
1;2712.5;2020-12-21;parcelas_06ecebd8-1542-4dc0-81de-e20dbc3780dd.csv
1;78723.03;2020-04-29;parcelas_07084085-613f-4bc0-a1b4-1fe76e905052.csv
1;49.26;2020-07-31;parcelas_070abf4d-b842-4e38-b782-7861b56def42.csv
1;11320;2020-01-02;parcelas_071626b0-1242-4695-aa10-4adb7f1ca6f6.csv
1;5630.88;2020-03-31;parcelas_0719cdd5-d42d-4461-a639-3323da49eb76.csv
1;49267.76;2020-10-28;parcelas_0724311f-2abe-4a98-bae3-49762e708a62.csv
1;1007.62;2020-02-07;parcelas_073376ae-9e0f-44d3-9d1c-08970fe6f80a.csv
1;801000;2020-05-28;parcelas_0736ed22-137c-4b06-9a7f-30d31ce78de5.csv
1;18638.12;2020-06-17;parcelas_07402d1e-278e-48a1-86cf-cc0f03c9628c.csv
1;11605.27;2020-12-21;parcelas_0744ce49-e803-4435-8241-251e3557dbe6.csv
1;12793.18;2019-12-30;parcelas_07454a42-30f7-429f-ac99-f7588b7f86d6.csv
1;57698.64;2020-02-14;parcelas_07486c44-38e1-4daa-b023-a5fbee26ee00.csv
1;104.13;2020-01-16;parcelas_0748db72-c5b8-4fa1-86ae-52e3dbdef91a.csv
1;170.97;2020-07-14;parcelas_0749e90d-5fc7-4542-92bf-e5d58ca1f340.csv
1;1750;2020-12-21;parcelas_074de551-be7c-44ac-8ed4-ab329cf9ca25.csv
1;59991.72;2020-10-06;parcelas_074deeeb-6323-4d97-b623-b33eafcf4fe3.csv
1;1108.18;2020-07-20;parcelas_075767ce-50d7-4b46-acbd-bb42d950e002.csv
1;12960;2020-03-06;parcelas_075ad577-1876-4b20-a2e7-e28f6f527460.csv
1;22331.21;2020-01-31;parcelas_075afb11-cd6e-4eaf-95a3-40344fee91ef.csv
1;1800;2020-02-10;parcelas_075e7b2b-4a33-4e6d-b904-2caf0aa5f4eb.csv
1;392.56;2020-03-04;parcelas_07680471-6adb-4bec-a4af-fa5311bcddbb.csv
1;30586.68;2020-10-28;parcelas_076913ae-dc77-475e-a9bb-f9ac5ab5b1d2.csv
1;437.36;2019-12-30;parcelas_076db12d-6974-4717-97d1-18d608daebc5.csv
1;9942.24;2020-05-04;parcelas_07715b83-58e0-4ed5-856d-8d86778f6535.csv
1;307;2020-08-27;parcelas_0774e4f7-7303-41c3-b455-63a936671e94.csv
1;61109.38;2020-04-27;parcelas_0777989e-dfb3-4c18-986d-f1db94491a1f.csv
1;29.49;2020-12-01;parcelas_0777dd72-c02a-4d98-a738-d41d1ae22c68.csv
1;350;2020-12-21;parcelas_077d5b66-a8a0-4661-9b09-7977446ea241.csv
1;79.79;2020-07-20;parcelas_0789c428-d71a-42fc-bd23-a3b78494d7a3.csv
1;700;2020-01-29;parcelas_078a91a4-8541-4c18-bfb0-7a55d3ef0022.csv
1;200;2020-08-27;parcelas_078d92c6-1518-4939-995c-328375007d9b.csv
1;29.49;2020-10-27;parcelas_07973f4a-38ee-4ed9-a881-1ebb54c740e1.csv
1;23814.39;2020-05-13;parcelas_079cdd90-2a78-4a0c-9432-d46fa31c2ee7.csv
1;3701.79;2020-01-30;parcelas_079e908d-c297-4369-b7ae-9a9e41650d68.csv
1;9790;2020-01-23;parcelas_07a25f2e-09d9-4a42-8b1e-d24eea9de483.csv
1;103.02;2020-06-15;parcelas_07a6e7e7-b195-4a81-86a4-6791920fa302.csv
1;2119.25;2020-05-29;parcelas_07ae08ee-549e-442f-b2a0-3ae68788aafa.csv
1;29.49;2020-06-17;parcelas_07b648a2-7731-4cbf-810e-fca93c9358f1.csv
1;384;2020-08-17;parcelas_07ba8a8a-9cc5-4aca-bf68-bed41d5ae284.csv
1;1258629.2;2020-04-08;parcelas_07c555c3-fbc2-4783-8f8a-16fe16f1c820.csv
1;64508.98;2020-11-27;parcelas_07d649fc-29df-4f0b-b639-994d9e7d2f5c.csv
1;1911.95;2020-01-31;parcelas_07e878f2-0197-46bb-ad7b-160c07aec787.csv
1;432;2020-01-24;parcelas_07e8d404-185d-4e84-8700-9140347c1ecf.csv
1;30000;2020-07-15;parcelas_07ec8410-4017-4441-9081-43f875c23278.csv
1;1121.98;2020-06-22;parcelas_07ec85af-d028-4636-afa4-6d3366423348.csv
1;5480.57;2019-12-31;parcelas_07ecb3ee-730e-4195-83f3-912035b3ab82.csv
1;138871.82;2018-12-31;parcelas_07f2101c-3285-4795-826f-c232de2a4d54.csv
1;148424.23;2018-12-31;parcelas_07f2101c-3285-4795-826f-c232de2a4d54.csv
1;79.79;2020-12-09;parcelas_07f2b6a9-ac3f-4c08-add6-e9aea4a4485c.csv
1;949.5;2020-10-20;parcelas_07fa19ab-69a2-437c-9697-a92d76c8c2e7.csv
1;588.24;2020-09-15;parcelas_07fa3cc8-b4de-4820-8697-6274036356fa.csv
1;32.37;2020-06-10;parcelas_08005d13-be17-4592-806c-b6985c2fbedb.csv
1;70;2020-11-23;parcelas_0800c0e4-942c-4a54-892f-f36cddacbea7.csv
1;494.96;2020-09-29;parcelas_08019c7b-4c2e-47d4-8160-09adc9c6669b.csv
1;7642.93;2020-03-30;parcelas_0801e478-5d7e-4827-97f2-168073875d38.csv
1;1955.19;2020-04-30;parcelas_08025231-d98f-4ee4-9763-61691ff929ce.csv
1;42570.45;2020-11-17;parcelas_08026d4d-a021-4d54-bcfe-4ada70f5eb02.csv
1;88.78;2020-02-19;parcelas_08046e35-4fda-4afe-9fb7-6015a5c7f389.csv
1;68.03;2020-02-26;parcelas_08049da3-3141-4c10-b256-45b872dbbbe2.csv
1;1220.92;2020-06-30;parcelas_08099f77-33b1-4885-a7f3-f781a58c1fd5.csv
1;39.89;2020-01-09;parcelas_0815767b-db03-43de-bce5-33ec7063d9fe.csv
1;270;2020-07-06;parcelas_0816edbd-1ba3-4a03-9482-2f31abd62494.csv
1;4180;2020-10-30;parcelas_0819b945-3ce4-48af-aca9-386ed4860f23.csv
1;1330;2020-09-17;parcelas_0819e3ac-4c9b-4e55-ba01-96d45d0902eb.csv
1;356.7;2020-09-29;parcelas_08235049-a225-4664-8cdc-e92f170ac7ec.csv
1;46787.1;2020-10-22;parcelas_08272bb9-e6ed-4534-8441-3800402049ed.csv
1;66.7;2020-03-31;parcelas_0829fa29-0308-49c9-9b56-ec85c5a216e2.csv
1;79.79;2020-11-06;parcelas_082b067e-9083-4db0-9116-43d872a480f5.csv
1;100931.3;2020-02-26;parcelas_082b783f-f42f-4d5e-bcda-4e1996c12bc2.csv
1;18973.8;2020-04-07;parcelas_082bf6b2-d6c7-4298-b80d-a8c121a38d37.csv
1;4180;2020-07-31;parcelas_082dc2ed-65e6-4ce6-822f-b7e585bed721.csv
1;64561.76;2020-04-22;parcelas_0830ffbc-6e85-46de-8fb9-95462ed3508d.csv
1;16.33;2020-03-12;parcelas_083723fb-ad4f-40e9-a7e0-611e9613ea6b.csv
1;36286.44;2020-04-29;parcelas_083ab46d-11d0-445d-b40d-3691716def31.csv
1;8949.48;2020-08-05;parcelas_083bb633-2021-40ba-815d-fb1f61491b5b.csv
1;50000;2020-01-02;parcelas_08424734-6cff-4d07-a781-9b805309f1b0.csv
1;131661.44;2020-05-28;parcelas_084333af-1d9f-4405-86a8-62d2dc119790.csv
1;2078;2020-01-28;parcelas_084576ac-4971-4814-b0bd-c0091fd7851b.csv
1;2013.03;2020-09-29;parcelas_084677ac-ea73-4c8c-ab5f-0489d5eb7ffe.csv
1;7353.5;2020-04-03;parcelas_084dfc70-02aa-4981-b64a-9d30223f1be5.csv
1;1200;2020-02-17;parcelas_084ee3ae-59c2-47b3-b42e-30960e5fa95e.csv
1;539.83;2020-08-21;parcelas_08553d23-23e0-4547-bb5d-feb7dbb5f7fd.csv
1;400;2020-06-22;parcelas_0858d275-bb8d-4bb5-9c5c-e118f39e200d.csv
1;50000;2020-09-11;parcelas_0872bab5-0f16-46c4-ad6a-916f77d4eaac.csv
1;79.79;2020-09-23;parcelas_0873019f-b3b9-47e9-a09b-d9e518b7d071.csv
1;6192.63;2020-05-29;parcelas_0874bd9d-0213-4545-bb0a-1dfb16553db4.csv
1;79.79;2020-11-18;parcelas_08754bb6-fe64-4d9d-8b7e-caac10ce53a4.csv
1;54553.32;2020-07-30;parcelas_0877f30d-a3ce-44cf-8f21-a63513aaee49.csv
1;366.81;2020-08-05;parcelas_087c8ce6-5a4a-401b-8e84-314899356cd5.csv
1;7703.66;2020-05-27;parcelas_087cf0ff-5584-4197-855a-07ae6387ca74.csv
1;38060;2020-12-29;parcelas_087d486e-5762-4da4-b4aa-ddc2ea3b972f.csv
1;29.49;2020-12-18;parcelas_087e9d6a-7545-417e-8cad-2f58b4e1433f.csv
1;612.5;2020-12-21;parcelas_0881738b-91e9-4638-9165-375d34d2d02e.csv
1;88421.56;2020-06-26;parcelas_08821858-b5d0-4321-b1c1-f982668bdba9.csv
1;43540.97;2020-07-30;parcelas_08827e95-c642-4d1c-a9a0-a1737cc44b69.csv
1;2985.44;2020-10-21;parcelas_08872e01-b9cc-4609-b344-a53d90de22b0.csv
1;434.2;2020-02-27;parcelas_088aac6b-b83c-4e2b-9a3e-eb15517d738b.csv
1;1225;2020-03-26;parcelas_08905eb5-669a-418f-a4b3-539d568aa7b5.csv
1;3473.85;2020-08-17;parcelas_089f7efa-a9de-4c52-9dfd-c4e5e3be5f27.csv
1;3762.5;2020-02-26;parcelas_08a2062c-06d7-47eb-b0b1-db236ade4edc.csv
1;48725.79;2020-08-27;parcelas_08a32323-81c7-40ff-a037-05ced5cf6761.csv
1;1945.88;2020-02-27;parcelas_08a56575-bd72-4f57-a58e-a42df749b089.csv
1;26431.44;2020-01-28;parcelas_08a9281c-745e-464f-ad32-1fcd088b06db.csv
1;2029;2020-04-09;parcelas_08afcff4-d767-4718-9909-6771ea7477c6.csv
1;15400.32;2020-06-26;parcelas_08b1f69b-73ad-4cd7-942b-cc43c9906f02.csv
1;20000;2020-01-02;parcelas_08b7a11f-a7e2-4e57-b02a-cb7ade703e00.csv
1;51079.1;2020-11-27;parcelas_08b8053b-a846-4973-982f-47fe996ce842.csv
1;708.64;2020-01-08;parcelas_08b8a078-b8c6-4bc4-a7d8-b64b00ca8381.csv
1;70000;2020-10-21;parcelas_08bba428-856b-4592-96b5-37743611f01e.csv
1;35346.5;2020-01-31;parcelas_08c301ad-c1c2-4a27-b289-d313abc70752.csv
1;2963.33;2020-07-30;parcelas_08c64bbe-42d0-4908-9885-20f5bbfdecaf.csv
1;2100;2020-03-26;parcelas_08c8898c-fabe-4419-9777-9de1dec6f597.csv
1;54226.87;2020-04-29;parcelas_08ccb855-b7ce-41ac-9526-7a3b388c9368.csv
1;74021.8;2020-11-30;parcelas_08ceace3-e7d9-4d72-a605-b103cd47343c.csv
1;55294.5;2020-06-08;parcelas_08cfad6c-3b3a-445a-bd86-3440e1b33c43.csv
1;29.49;2020-06-15;parcelas_08d2a29e-cbb5-4519-86dd-de03cb027d62.csv
1;90000;2020-04-30;parcelas_08d51a53-f500-423e-8e05-8b942e0f2746.csv
1;2037.2;2020-09-21;parcelas_08d57d5e-43e3-4a5a-b692-d4015d597157.csv
1;6435;2020-04-16;parcelas_08df070e-c22b-4507-a38f-819f7f7e965d.csv
1;7840;2020-03-10;parcelas_08df5ecb-6884-4524-b541-6666419b5da8.csv
1;3575.84;2020-05-27;parcelas_08e43b7a-f45e-4b08-965a-ecade59aec83.csv
1;35288.63;2019-12-31;parcelas_08e528a1-4c08-4169-9a04-46ff44351ff1.csv
1;11991.53;2019-09-27;parcelas_08e5b9ce-18d7-479a-afcf-04fbe46b4658.csv
1;9567.56;2020-09-04;parcelas_08f4e7dc-1799-4559-a230-3212b9a841cf.csv
1;33850;2020-06-16;parcelas_08f85679-15ef-4380-b3b7-4ae70fc2e97e.csv
1;13750;2020-10-26;parcelas_08fb64be-8a24-43aa-8aeb-9ad94f5335ca.csv
1;1486;2020-01-15;parcelas_08fccc03-1387-40f2-ab63-03ae7354fb34.csv
1;25833.34;2020-06-02;parcelas_08fe6743-022c-4f20-9a41-0c35f3235e35.csv
1;849709.55;2020-03-19;parcelas_09058bbc-4184-4523-a872-687fc13d5970.csv
1;40267.51;2020-07-30;parcelas_09065c77-3990-4f78-88db-b93a3ee98d76.csv
1;10.63;2019-12-30;parcelas_090b1e46-5946-4e8d-ba55-f360183aa904.csv
1;1262.89;2020-03-10;parcelas_090d5625-708e-47fb-8930-ea7d123b7434.csv
1;5675.64;2020-10-30;parcelas_09123c19-b49a-4b4e-b931-da1a3b56f390.csv
1;2000;2020-04-29;parcelas_09137265-b7cf-49ef-b6a5-424dc4b2e708.csv
1;194256.46;2020-07-30;parcelas_09280030-9d57-47a3-860d-0a875430fff5.csv
1;90;2020-10-07;parcelas_0928db4f-e63f-46df-bc96-c44668b601c6.csv
1;42296;2020-01-02;parcelas_092a0d68-8e7e-4db8-a305-e045ff3d37ac.csv
1;28000;2020-04-09;parcelas_092ac788-e3fe-43da-a715-c50abf36d36f.csv
1;7962.5;2020-01-28;parcelas_092f6052-7561-447d-a963-7f8d44e8f758.csv
1;29.49;2020-12-29;parcelas_093219f4-5f11-49e2-a484-ba7646c96ed4.csv
1;1699.96;2020-09-14;parcelas_093ab6c0-530c-41cb-8d1e-8914bfe39623.csv
1;44607.26;2020-02-26;parcelas_093d239a-133c-4310-abc6-c730f7fd8a63.csv
1;39706.74;2020-09-30;parcelas_09400762-0700-4e70-b7a7-ca15806a1730.csv
1;1632;2020-06-30;parcelas_09458dde-0ae2-4726-b041-f15142c92aea.csv
1;2589.7;2020-02-05;parcelas_0946f24e-89c4-4ce0-b6a2-234f31a34def.csv
1;405142.08;2020-07-30;parcelas_094bc66c-c157-4df1-af58-ed441f5ad4df.csv
1;295.92;2020-12-21;parcelas_0950723e-fb8b-4f79-b164-2499c7ed9fe7.csv
1;4704.48;2020-12-30;parcelas_09548e94-afd4-406a-b6b1-d528f10ea509.csv
1;532427.93;2020-09-28;parcelas_0955122d-3130-45af-938f-49c3876a975f.csv
1;1599.69;2019-12-30;parcelas_0957b20c-acc8-43c9-9477-96c0f2b6a06d.csv
1;542;2020-01-23;parcelas_095bf607-e5e6-46dc-80fc-bcb9834f14c6.csv
1;227257.98;2020-12-21;parcelas_095c3e96-45b2-42fc-8c77-7fd44d65cae9.csv
1;1153.05;2020-09-15;parcelas_095cac96-19ab-414c-b6f6-46cf2acc938f.csv
1;29.49;2020-07-30;parcelas_0961a91e-f648-4410-9fc1-a46ab97670be.csv
1;12320;2020-02-11;parcelas_0962c58d-ea03-4427-b42d-1fa89a2c70e4.csv
1;13036.8;2020-04-15;parcelas_096414dd-46c6-42df-94e8-f7a6cfda234d.csv
1;29.49;2020-07-16;parcelas_0965a34f-9fce-40ab-a8d7-c79dce244918.csv
1;440;2020-08-18;parcelas_096cec43-f10b-4200-b02a-45831076a0d7.csv
1;1024;2020-03-02;parcelas_0976f68a-f612-41bf-9da1-b21fa587a101.csv
1;27080;2020-08-18;parcelas_0977d34d-e007-422b-bd8d-e400373bce47.csv
1;126145.8;2019-12-31;parcelas_09798754-1921-4025-b2d2-e7ed0be793e7.csv
1;705;2020-03-06;parcelas_09934089-f899-44af-8c7d-ee005ae7eda1.csv
1;2260.37;2020-07-03;parcelas_09966601-638a-489e-a862-efe7e94b20ea.csv
1;3267;2020-07-17;parcelas_09a0116a-24a5-4f13-bd89-08bc43376b14.csv
1;2011.07;2020-11-05;parcelas_09a2dbae-17d2-4f55-a4b7-8b9ede36ece3.csv
1;1849.2;2020-10-07;parcelas_09a863c1-09f0-4996-b8be-f91045ce9789.csv
1;2164.17;2020-10-28;parcelas_09aaa167-992d-46b8-9862-303c8aa08dde.csv
1;62000;2020-09-01;parcelas_09ae7725-a5a8-4b79-8664-0e71f2cff670.csv
1;640;2020-07-16;parcelas_09b34af4-d4f4-4c51-a198-9fd8bae07de8.csv
1;29.49;2020-07-21;parcelas_09be1435-791a-402e-8992-93ebd5ce9e40.csv
1;200000;2020-09-14;parcelas_09bf237a-209f-43b8-95d3-9d1f211b52bb.csv
1;7629;2020-06-19;parcelas_09c0031f-926d-45d6-ae64-019e6859856a.csv
1;4440.71;2020-07-09;parcelas_09c291ef-7234-46cb-aff2-8263ce60aaa9.csv
1;32804.9;2020-06-26;parcelas_09c3faa3-9af0-4a1c-a8c0-a20f8bb541f8.csv
1;314.12;2020-11-05;parcelas_09c6d14d-85bb-42e8-8b54-b7b80dea5dbb.csv
1;320;2020-09-25;parcelas_09c7116d-6ad3-402f-9f15-2e76764c6b0c.csv
1;49286.18;2020-06-26;parcelas_09cc206d-1c08-4154-9bae-adfb3c6327e9.csv
1;1068.39;2020-07-02;parcelas_09da4684-9c78-4a80-88a2-246102271882.csv
1;7222.68;2020-02-05;parcelas_09dbb71d-41c6-4f2d-9259-5971159646f9.csv
1;65.43;2020-11-30;parcelas_09df4c13-cd6e-4573-92fc-2c2ce59c0d40.csv
1;3497.4;2020-03-05;parcelas_09eafe6d-ca4c-4861-8a6e-39b13deae742.csv
1;758.26;2020-01-29;parcelas_09ec1d2d-3393-44af-ae9f-096e8102ed17.csv
1;585.67;2020-11-25;parcelas_09edb718-9c61-4684-8d5a-fd809b457a01.csv
1;2798483.52;2020-01-02;parcelas_09ef0bf9-fb98-4996-8a78-8629b2b5ee3f.csv
1;2097;2020-11-12;parcelas_09f15872-6d1a-4942-8d05-8a8ab4e81712.csv
1;70;2020-10-14;parcelas_09f73fce-6b4c-44ef-a989-f28da9f46bed.csv
1;29.49;2020-06-12;parcelas_09fd0c33-091a-4c22-b5ed-096272239709.csv
1;13882.58;2020-08-07;parcelas_0a06514a-05e6-4fb4-b2e1-e8c3a1d06009.csv
1;612;2020-05-14;parcelas_0a0c7377-63ea-44ce-bf81-4e285ebe152d.csv
1;79.79;2020-11-04;parcelas_0a126803-77ad-45ea-a157-896306102e2d.csv
1;1180.33;2020-06-26;parcelas_0a13fbe0-3908-4c08-a272-2ba7ad25bcaa.csv
1;44618.9;2020-04-29;parcelas_0a2055c3-862b-4bad-83ec-1286d2a1f243.csv
1;4248.8;2020-11-24;parcelas_0a206fdc-790d-4b9d-bea7-0b19ae08b8d2.csv
1;4426.35;2020-11-27;parcelas_0a26801d-6a0a-4d2a-ad0b-f79e9830a162.csv
1;14670;2020-01-13;parcelas_0a2a37b1-8afd-429b-90b0-d42e4e2e8528.csv
1;657;2020-09-15;parcelas_0a327853-21cb-422f-9050-b297fbb9d399.csv
1;3994.87;2020-01-10;parcelas_0a32fc26-c0b9-4329-a4f1-f17c920e35c7.csv
1;17062.34;2020-05-29;parcelas_0a3c419d-f2c5-4fae-94b7-1625a2853bf5.csv
1;500000;2020-06-01;parcelas_0a3dad97-2157-4e51-ae24-5441a3c8daa0.csv
1;9175;2020-10-20;parcelas_0a4018e1-7ff7-4c63-a3f5-91a0fd152f83.csv
1;5000;2020-01-23;parcelas_0a48189d-99d8-44a0-b177-638832908de7.csv
1;189;2020-09-17;parcelas_0a484220-d7ab-45ac-8fdf-28466f7de0d9.csv
1;121834.87;2020-04-29;parcelas_0a4e46f5-3c4a-43e8-809d-8e1a5b2c09a2.csv
1;2049;2019-12-17;parcelas_0a4f20ca-628a-4f3c-9c49-c0b9dca8f40a.csv
1;66.67;2020-04-02;parcelas_0a550607-2b37-459b-8426-c4fa3f2621bd.csv
1;199.55;2020-08-20;parcelas_0a5de178-d898-4c30-9ebc-1775baf2f50d.csv
1;35000;2020-11-23;parcelas_0a6396c1-aa88-472b-a58d-ee37ca8fcb94.csv
1;208133.88;2020-11-27;parcelas_0a668720-f81d-4f80-b78d-2a88eca71576.csv
1;2192.72;2020-03-26;parcelas_0a6fc382-eca9-48b6-9330-5d7eb90b3dc0.csv
1;893.23;2020-09-29;parcelas_0a774a4b-ff51-495b-859d-0d618649d96f.csv
1;130535.61;2020-05-05;parcelas_0a7924ff-5bed-4aed-9281-fb5519a5e484.csv
1;80000;2020-03-05;parcelas_0a7987d1-e1b3-4b6b-9b12-e80a47e56497.csv
1;5154.15;2013-02-20;parcelas_0a7c7e64-a1f6-4bff-82f3-3cc5576104a7.csv
1;306.46;2013-02-28;parcelas_0a7c7e64-a1f6-4bff-82f3-3cc5576104a7.csv
1;321.87;2020-09-16;parcelas_0a7e8575-6bac-488a-8980-7e8cc90890f7.csv
1;165;2020-09-02;parcelas_0a8072c6-0b36-46d2-9ff0-9ebb08c9b46f.csv
1;16086;2020-10-21;parcelas_0a8234b0-b2b5-41f7-b040-dc42ff382f3a.csv
1;30000;2020-04-15;parcelas_0a8d1a92-4583-49ec-945c-582917057af2.csv
1;12893.88;2020-09-08;parcelas_0a97d445-456e-4e57-815a-03d29dec8f8f.csv
1;344479.81;2019-09-27;parcelas_0aa0b607-e5a6-49a5-9b78-704fbb4839fd.csv
1;103031.66;2019-12-31;parcelas_0aa0b607-e5a6-49a5-9b78-704fbb4839fd.csv
1;70246.13;2019-09-27;parcelas_0aa0b607-e5a6-49a5-9b78-704fbb4839fd.csv
1;176986.9;2019-09-27;parcelas_0aa0b607-e5a6-49a5-9b78-704fbb4839fd.csv
1;139042.15;2019-09-27;parcelas_0aa0b607-e5a6-49a5-9b78-704fbb4839fd.csv
1;152740.25;2019-09-27;parcelas_0aa0b607-e5a6-49a5-9b78-704fbb4839fd.csv
1;237578.07;2019-09-27;parcelas_0aa0b607-e5a6-49a5-9b78-704fbb4839fd.csv
1;162295.7;2019-09-27;parcelas_0aa0b607-e5a6-49a5-9b78-704fbb4839fd.csv
1;417386.97;2019-09-27;parcelas_0aa0b607-e5a6-49a5-9b78-704fbb4839fd.csv
1;344082.63;2019-09-27;parcelas_0aa0b607-e5a6-49a5-9b78-704fbb4839fd.csv
1;242093.25;2019-09-27;parcelas_0aa0b607-e5a6-49a5-9b78-704fbb4839fd.csv
1;433427.89;2019-09-27;parcelas_0aa0b607-e5a6-49a5-9b78-704fbb4839fd.csv
1;155175.06;2019-09-27;parcelas_0aa0b607-e5a6-49a5-9b78-704fbb4839fd.csv
1;1873.3;2020-02-20;parcelas_0aa0b607-e5a6-49a5-9b78-704fbb4839fd.csv
1;1000;2020-01-24;parcelas_0aa33b09-540f-4fd7-96f0-39c1316ca481.csv
1;198190.81;2020-08-27;parcelas_0aa53550-a583-40f2-8cb9-c86ae91060a6.csv
1;180000;2020-03-12;parcelas_0aa5c48a-906d-4015-8f19-fda1e0d74c06.csv
1;48.8;2020-09-29;parcelas_0aa8ecac-8457-4a49-aac5-97d096ddd544.csv
1;8700;2020-01-02;parcelas_0aae47aa-1855-4ae4-b3e3-4bf35ecf2472.csv
1;131.61;2020-06-19;parcelas_0ab32aea-16a0-49c2-a93d-44301d6109ff.csv
1;2061.64;2020-11-30;parcelas_0abfa3db-f983-4511-a131-3bb1abce9766.csv
1;2862.3;2019-12-30;parcelas_0ac5ee76-f6eb-42f4-b1bc-400e73b11520.csv
1;29.49;2020-08-17;parcelas_0ac8e3fc-669b-4b7a-aa70-3c9336b7ac06.csv
1;628;2020-10-30;parcelas_0acc1479-d2d9-4f76-ab02-c947d38629f1.csv
1;14298.12;2020-08-19;parcelas_0acc3ec7-3f8b-402e-b34e-82fcef367668.csv
1;139475.95;2020-03-05;parcelas_0ace2cc5-19ac-4860-b20c-913817c5a96a.csv
1;112759.15;2020-07-30;parcelas_0ad14f62-52fb-4839-b787-9e4d25c31415.csv
1;121610.08;2020-06-26;parcelas_0ad2e141-140e-492c-b1c9-98852b711afb.csv
1;1800;2020-09-09;parcelas_0ad40524-dcdf-44cc-80ec-97725af3ffd4.csv
1;557.56;2020-10-07;parcelas_0ad682bf-d040-40f8-b7c0-83f30dd9054a.csv
1;63854.63;2020-02-26;parcelas_0ae24ee3-3a5f-4fde-b5d2-46440b18c8c2.csv
1;12496;2020-12-21;parcelas_0ae82bf5-1f67-4628-a40d-6f268d8cab6d.csv
1;30000;2020-02-18;parcelas_0aeb34ee-5c2e-416d-978f-b23cdcbabd69.csv
1;8310;2020-02-10;parcelas_0af5cd6f-3952-4665-8b75-e75422598c91.csv
1;29.49;2020-10-30;parcelas_0afa67c5-3eb1-4325-8adc-bb89ed4d3ce6.csv
1;11280;2020-01-29;parcelas_0b022d5e-025c-46c3-8b1a-5baf5360d2a5.csv
1;2353.1;2020-11-27;parcelas_0b08db90-0879-44c5-81f3-1e4edc5b4260.csv
1;18940.94;2020-12-30;parcelas_0b18ee31-3292-4963-9454-1e4654a28738.csv
1;11099.71;2020-04-29;parcelas_0b19cb91-3a6d-40fd-9f77-be3df1e13b73.csv
1;842176.02;2020-05-27;parcelas_0b1d16e2-b594-4b33-979c-796c6c2f147a.csv
1;50.4;2020-11-05;parcelas_0b2654f4-e7ec-4d53-ba78-d4b4888cce38.csv
1;2081.33;2020-10-02;parcelas_0b2d9691-dacb-4a75-85c7-42b01a7584c3.csv
1;16540;2020-02-03;parcelas_0b304546-2ba3-4c6f-9bd0-72f239b96dbb.csv
1;66.7;2020-03-02;parcelas_0b31f676-8a9d-496a-acbb-811e763fb420.csv
1;40000;2020-12-30;parcelas_0b3ab2cb-4269-47a3-97e6-e646793cd085.csv
1;29.49;2020-07-09;parcelas_0b3c381b-ab9e-48d0-87e7-99f4e59e8f17.csv
1;66.7;2020-02-19;parcelas_0b432f0a-9065-458a-b565-0ebe412e4fc8.csv
1;4359.2;2020-12-21;parcelas_0b4b74ca-db25-4594-af2c-f67f9912d17f.csv
1;29.49;2020-09-28;parcelas_0b4e08bb-664b-4ecb-b097-bc8a01a3859c.csv
1;12980.8;2020-08-03;parcelas_0b4e4954-7aec-4904-bdc6-9b7f19d98227.csv
1;4950;2020-03-06;parcelas_0b5219c2-0454-4178-8eb4-3d6d5ad0427b.csv
1;70000;2020-11-11;parcelas_0b54a871-eb2f-4aad-82a7-6fd34fdb5956.csv
1;19614.33;2020-11-27;parcelas_0b58131e-a9e3-40f3-9c38-5c47f016a7be.csv
1;19233.02;2020-09-10;parcelas_0b5d6a6f-b624-466b-8501-53d450aef796.csv
1;1248;2020-02-06;parcelas_0b5e3d26-44df-45c4-b22c-016cc56cf35a.csv
1;875;2020-10-28;parcelas_0b659814-fb1f-48e9-934f-c3fa2b053af2.csv
1;8508.41;2020-02-28;parcelas_0b66302e-0e7d-4a4d-a3f1-54461bca04ab.csv
1;3125.93;2020-11-24;parcelas_0b6ea756-2290-4d91-912d-79e7d8e1b8a7.csv
1;29.49;2020-12-03;parcelas_0b70951e-ba40-4621-be01-aa5dc8a9de82.csv
1;12899.37;2020-02-05;parcelas_0b7aa4d1-a3c7-41d3-b325-637b5b827a0c.csv
1;29.49;2020-10-15;parcelas_0b7d3d27-4b05-4fbe-8d3c-9a1499e71b9e.csv
1;1097.64;2020-11-24;parcelas_0b944859-a3aa-403f-bf84-249f6ceb56ab.csv
1;7216.5;2020-08-18;parcelas_0ba9e7e0-05a7-40bd-932e-b957eeb90edc.csv
1;66.7;2020-05-14;parcelas_0badb222-01d0-4900-a2be-c89aeef6502a.csv
1;30000;2020-01-15;parcelas_0bb12c33-9c86-47a7-9c8d-a1b23a1ea30a.csv
1;160;2020-01-14;parcelas_0bb25d23-ca31-41ee-9e32-85968d8e960d.csv
1;6581.85;2020-03-30;parcelas_0bb29198-3b5d-4c3d-88b0-f491c2e81e89.csv
1;38.8;2018-12-31;parcelas_0bbaabe1-6930-47d3-8166-ad6434ef93b5.csv
1;149580.15;2020-01-02;parcelas_0bbef420-43f5-4d4b-8d3b-efa3511dcbed.csv
1;12933.1;2020-02-05;parcelas_0bc41c52-90d9-4242-a22d-287f13080d58.csv
1;18520;2020-06-08;parcelas_0bd547d9-4677-4465-a3f8-8f7233296142.csv
1;435;2020-10-21;parcelas_0be05518-3a88-4f56-8d8d-567375e611f4.csv
1;980;2020-11-17;parcelas_0be81a7b-c492-4078-babd-2e339e2cf54e.csv
1;18940;2020-03-27;parcelas_0bea5bd5-9a5b-4b67-bffd-7bf9cab77dc0.csv
1;447825.65;2020-06-08;parcelas_0bef3c7f-d7a6-466e-9128-f8d2d413d903.csv
1;23792.4;2020-09-28;parcelas_0bfc73fc-bbb8-476c-9578-644306cf4588.csv
1;332000;2020-02-27;parcelas_0bfe523b-d632-4224-a2b0-98780c63db38.csv
1;2490;2020-07-21;parcelas_0c03506c-5e60-444d-860a-4329abf73df1.csv
1;381.3;2020-11-05;parcelas_0c101bf0-a777-4b5b-8254-ee914cc2c716.csv
1;875;2020-05-27;parcelas_0c13d885-f37c-4c69-b62b-b6a51d3ee4d4.csv
1;2800;2020-02-26;parcelas_0c13d9a9-2fbf-4a61-9694-db14c61c20d1.csv
1;5346.32;2020-09-28;parcelas_0c14000d-2d94-4a95-84ec-a261eeb086bc.csv
1;112933.94;2020-07-30;parcelas_0c18cd54-2f0b-4f0a-8ef7-3c251c859736.csv
1;5394;2020-02-26;parcelas_0c209970-e832-4560-a549-1595520a75a6.csv
1;70.8;2020-09-17;parcelas_0c22b21c-c2bd-429e-99ca-742c14eddaca.csv
1;54558.92;2020-08-27;parcelas_0c2cba6b-ab1f-4e9f-af51-0d20c8f0bd1f.csv
1;33798.31;2020-01-28;parcelas_0c32de0d-e235-4e64-b8e6-9ddba8c041ea.csv
1;145;2020-09-24;parcelas_0c3b9fb4-d435-47d0-acb5-6be73832dc2f.csv
1;100000;2020-02-06;parcelas_0c4281c2-bb10-4a06-9b9d-b4acfa81afe0.csv
1;2464.96;2020-02-10;parcelas_0c499ead-3782-4e0c-abb4-2c473a2dea2c.csv
1;29.49;2020-07-28;parcelas_0c4bbd92-9c8d-4270-90ff-b9b312d3bbab.csv
1;215.95;2020-07-03;parcelas_0c51bfcc-d17c-419f-b497-d02248dd3b75.csv
1;3504.98;2020-09-29;parcelas_0c59085f-84d4-420f-9e90-2da7d2e46a07.csv
1;1400;2020-05-27;parcelas_0c6c4009-86ce-4c1f-a48f-5e7f2a5ce5ab.csv
1;1190.64;2020-09-08;parcelas_0c6ed5b2-693c-499f-a334-100ee95561dc.csv
1;266.59;2020-12-16;parcelas_0c71545a-f41e-4ae5-997b-8321d3103810.csv
1;40000;2020-03-16;parcelas_0c72cda7-0779-43ac-a0b1-ece47eb73f4c.csv
1;35375.25;2020-07-30;parcelas_0c7810dd-e13a-4537-9497-7258b3b1ead6.csv
1;25000;2020-06-01;parcelas_0c7b7955-46e9-4d76-98f2-bc4a1e5b6db9.csv
1;150;2020-02-26;parcelas_0c7ca552-ec94-483c-a18e-186c46ce4b82.csv
1;26336.78;2020-06-26;parcelas_0c7dba88-87dc-4122-9b01-dc34a05a55ef.csv
1;704.52;2020-01-31;parcelas_0c7e8d70-0546-444b-89b7-a052534d53d9.csv
1;500000;2020-09-14;parcelas_0c7e8e55-907b-4435-b244-b90f4c699c6d.csv
1;3051750;2020-02-26;parcelas_0c834032-822f-4c86-987b-70b456578ba8.csv
1;245;2020-09-24;parcelas_0c845a65-379a-4e6d-8073-ef0c6b58bce9.csv
1;27584.37;2020-02-05;parcelas_0c93ded7-f5d5-4839-a3b1-95bfc9216d49.csv
1;58.5;2020-06-09;parcelas_0c97fd9e-3535-4398-a35b-d141d0a3b9b8.csv
1;1117.08;2020-10-29;parcelas_0ca1da3b-492f-4c5e-82e6-2616fe0048f5.csv
1;562;2020-05-29;parcelas_0ca6e43b-7649-478c-94a0-87f90861bad8.csv
1;98.04;2020-10-28;parcelas_0cadbeb6-7570-4fdc-ae9e-6db0879bae68.csv
1;10639.65;2019-12-30;parcelas_0cb6ff18-5d6c-48e6-b45a-e49a52752b1d.csv
1;2887.5;2020-09-28;parcelas_0cba0de0-77ae-4843-9e70-a5b1fc87cc79.csv
1;3500;2020-06-24;parcelas_0cbacde2-ca3d-41dc-be77-a23fba428539.csv
1;16485.6;2020-07-01;parcelas_0cbb34f0-9413-471a-92bf-c992a86df628.csv
1;41760.79;2020-12-30;parcelas_0cbfa002-e542-4b83-8440-82e4398e0755.csv
1;79.79;2020-12-08;parcelas_0cc2a8d0-663a-4c80-9367-411fa21c0f83.csv
1;14560;2020-09-23;parcelas_0cc3a067-5a02-442f-9841-ccb2bf438001.csv
1;5670.9;2020-02-05;parcelas_0cc3d329-6e80-429c-80fd-6e0b4a88be07.csv
1;105000;2020-07-30;parcelas_0cc95b97-cfe3-46c2-b72c-e587a65dc5f0.csv
1;31554;2020-08-07;parcelas_0cd956ee-4b4c-457d-9f00-234cbc7ace8c.csv
1;241.8;2020-12-30;parcelas_0cdc22a6-b1f1-4caa-9ebd-2428ec4dd4f2.csv
1;921.01;2020-10-30;parcelas_0ce3a35e-bb49-477c-a226-3b733b848db8.csv
1;4180;2020-02-28;parcelas_0cef7be2-a7cb-46e4-a811-52ab94d5dd30.csv
1;1353367.38;2020-05-06;parcelas_0cf211b5-c538-4328-a381-995c1601a656.csv
1;500000;2020-01-02;parcelas_0cf4f840-cbb6-42a5-b250-6fb2801b9b1b.csv
1;91333.32;2020-01-02;parcelas_0cff42b2-ec4c-4a16-a591-8f6bbdbf9fb3.csv
1;1501.38;2020-01-22;parcelas_0d08e9cb-2027-4104-b652-8fa796d3797b.csv
1;981583.55;2020-01-28;parcelas_0d136d56-c363-42ab-acea-150c176aa7a7.csv
1;207.34;2020-02-05;parcelas_0d1466de-f188-4343-9d30-889086d1c235.csv
1;207.4;2020-01-29;parcelas_0d1482a2-907a-4093-bfbc-1e2f45ca26e3.csv
1;850;2020-01-02;parcelas_0d1673e6-16eb-473a-bb7a-b0bfa915410f.csv
1;15703.24;2020-01-31;parcelas_0d2442b9-2f14-4bc5-8e72-a296ad7ee756.csv
1;5775;2020-06-26;parcelas_0d26a35b-6704-41d0-a9d8-d0dd2b4d62d3.csv
1;45290;2020-06-26;parcelas_0d2a3a99-d808-4792-b9f5-151761b317a3.csv
1;144;2020-10-05;parcelas_0d2f932d-1eb9-4468-a45a-0356166d90c0.csv
1;117899.23;2020-07-13;parcelas_0d3659c2-bc53-4dc4-8164-cdd0c8331fce.csv
1;1415;2020-10-21;parcelas_0d375f18-f927-4914-8a7f-d2d59c57eaaa.csv
1;183368.74;2019-12-30;parcelas_0d46bddc-e987-4eae-9e5f-cd1c65714dc6.csv
1;4349.47;2019-12-30;parcelas_0d46bddc-e987-4eae-9e5f-cd1c65714dc6.csv
1;2374.32;2020-11-05;parcelas_0d4748ab-4696-4b7e-8921-3073c6e402f7.csv
1;90036.49;2020-02-28;parcelas_0d47f911-4dd7-4987-b020-94c44f931e19.csv
1;300000;2020-06-01;parcelas_0d4bf445-c488-4465-b3e9-1d71af2414f3.csv
1;500;2020-01-27;parcelas_0d54f7a7-ac31-42ca-bbc2-fadf2f2d724f.csv
1;72168.73;2020-03-16;parcelas_0d62f8ab-c0ba-4525-b0ae-e42738ea35e6.csv
1;29.49;2020-12-09;parcelas_0d64120e-15da-4e22-8848-9fec5f4bcf7b.csv
1;5508;2020-08-13;parcelas_0d685595-5da5-4017-ae7a-bf524db483ff.csv
1;187;2020-09-29;parcelas_0d68f10d-3a55-432b-a297-c6a0a5578bf0.csv
1;30000;2020-01-09;parcelas_0d6b6a09-6cc4-4dcc-980b-5fbe0cfff7ca.csv
1;8403.72;2020-04-14;parcelas_0d6d44f9-1d72-4016-ab7d-22375234f799.csv
1;216;2020-11-03;parcelas_0d710124-b4d4-4e63-8d56-59cf26511078.csv
1;776;2020-03-09;parcelas_0d735ee0-5a1d-45b9-8511-1f37281ccc4a.csv
1;15540;2020-09-30;parcelas_0d78040c-bac6-4119-9f1f-b9f4abf4ea0b.csv
1;12676.2;2020-03-02;parcelas_0d806a41-9814-4717-be9e-c3259a88a389.csv
1;29.49;2020-07-13;parcelas_0d824958-cb71-496f-86c8-36274c391460.csv
1;79.79;2020-11-25;parcelas_0d8681c2-6cdc-416a-b5f1-d057ffe258dd.csv
1;1506.1;2020-07-13;parcelas_0d874cb6-8a28-4c13-a504-b65e5712b5a4.csv
1;7561.8;2020-02-17;parcelas_0d9c911a-c4be-4715-8e1f-12927a8ae72d.csv
1;5093.5;2020-06-08;parcelas_0da2dd1b-2227-4ffc-a762-641fca9d296c.csv
1;413.93;2020-08-28;parcelas_0daad9b5-caff-437c-8e86-2582a595ea7d.csv
1;29.49;2020-07-31;parcelas_0db4ec1a-59a2-4d41-bd86-1bbb7d2026cc.csv
1;1350;2020-09-09;parcelas_0db8da9d-e7f1-4ce1-a224-34e5743d4c31.csv
1;70.18;2020-03-06;parcelas_0dc0f542-b293-4156-b15e-d608f58ca281.csv
1;46374.97;2020-09-28;parcelas_0dc1dc80-9d86-4fb0-a915-97bbe9a299eb.csv
1;1697.7;2020-09-08;parcelas_0dc342a5-a3c6-4670-a65f-683e89a60723.csv
1;19500;2020-04-29;parcelas_0dc6a6bc-11eb-4b1a-a13c-b2c95bd842d9.csv
1;2109.87;2020-11-30;parcelas_0dc772d9-b92c-4b4b-aafd-d55ff17cb47f.csv
1;32677.02;2020-09-28;parcelas_0dd3c27a-20c3-43b0-a798-f1bc67dacaf3.csv
1;84342.85;2020-10-30;parcelas_0dd55b62-2b65-4d90-b4f9-9682b65ebc4a.csv
1;2616;2020-01-27;parcelas_0ddbc8e5-2843-418a-8bad-d21dd98887f4.csv
1;120;2020-09-28;parcelas_0debb856-e940-4b80-813b-842f68399f4e.csv
1;1757549.43;2020-10-28;parcelas_0def9fd8-ac4c-4fda-8af1-8a80820aa2c8.csv
1;55962.73;2020-04-27;parcelas_0e046560-eecb-4ca0-9db8-f65dd4115c63.csv
1;66.7;2020-04-06;parcelas_0e06f76a-759a-4661-ad49-908135f11dff.csv
1;52482.86;2020-11-27;parcelas_0e1673c2-1950-4826-bafe-61d216091ca1.csv
1;88.78;2020-06-19;parcelas_0e1768a0-b7b2-4070-a3be-6520a4d89307.csv
1;1096.47;2020-07-28;parcelas_0e18f107-110b-4b76-b922-fb405bbaa385.csv
1;1225;2020-05-27;parcelas_0e1c7871-38ad-4fa7-bed1-dda374fd3af6.csv
1;8067.39;2020-01-02;parcelas_0e202f10-fbaf-4575-98d4-2808850bfd38.csv
1;11570;2020-05-19;parcelas_0e21354a-4208-466d-99ce-085ee65f1270.csv
1;733.99;2020-05-29;parcelas_0e24070f-c7a3-4baa-84b4-2f9ee4df3da6.csv
1;5000;2020-01-28;parcelas_0e2499f7-86f0-4bd2-bf4b-7fe3b87e29bb.csv
1;22782.19;2020-06-16;parcelas_0e259489-7da5-468c-b94d-b58a0ef118fc.csv
1;77.7;2020-08-17;parcelas_0e277067-145f-4792-bcd0-c90ec2168d08.csv
1;21328.86;2020-02-26;parcelas_0e27b423-fa75-42c4-bb95-e50b9da753a2.csv
1;500000;2020-02-21;parcelas_0e299e91-e771-4967-b6b0-087296a55fa0.csv
1;71759.57;2020-10-30;parcelas_0e2b89f1-f31e-4481-af0d-8d72fd18884b.csv
1;447825.65;2020-11-06;parcelas_0e2cd2e4-c7c1-408f-b05e-a17a91514708.csv
1;9630;2020-01-02;parcelas_0e30509a-9db0-437e-aa2e-05767d39c15d.csv
1;40000;2020-06-03;parcelas_0e341ad2-a78a-48a8-91b5-ea3fab6904ab.csv
1;345;2020-09-24;parcelas_0e3d77cd-e706-4500-9eb1-3c1a2a2ce50a.csv
1;66294.69;2020-04-08;parcelas_0e3ebfdc-f0e5-410d-88e4-e1a2eb0e8660.csv
1;360;2020-09-21;parcelas_0e446bc2-5378-427a-9199-f461fac5136c.csv
1;240;2020-10-16;parcelas_0e4695fd-a70d-4e98-9379-6f27aef0a318.csv
1;24223.74;2020-07-13;parcelas_0e481f92-ad74-4aeb-8240-bbe249235afd.csv
1;29.49;2020-10-20;parcelas_0e48c5f7-e2f5-4141-bb09-bc7147f748c4.csv
1;2080;2020-04-22;parcelas_0e49610d-3833-4dde-90ba-79d3111111a1.csv
1;2320;2020-04-06;parcelas_0e560ac0-4572-448f-a58f-f569dd889521.csv
1;136.33;2020-10-06;parcelas_0e597dda-65d6-4c6d-b8c1-c4a537fc675d.csv
1;29.49;2020-12-16;parcelas_0e5e612e-d8a6-4c53-a2d7-858b8ab938a2.csv
1;755;2020-12-21;parcelas_0e672fad-2ee4-48cc-9379-89c86af2840d.csv
1;6075.37;2020-08-19;parcelas_0e6c221c-e260-4408-a36d-bf79cb89d2d8.csv
1;23982.02;2020-09-23;parcelas_0e74d5cb-24b5-4d40-9acc-e7d875ea3839.csv
1;29.49;2020-12-17;parcelas_0e76dbb5-6882-4178-a2fa-991825caea82.csv
1;1000;2020-07-06;parcelas_0e7e29fe-2e2d-4dc5-8b17-25a9208fcab3.csv
1;17522.1;2020-03-12;parcelas_0e7e37fc-6794-454e-aec4-e867ea1ab18f.csv
1;9115.54;2020-04-27;parcelas_0e8d1ba0-103c-4ea7-b7f5-0f4fe9178886.csv
1;81;2020-03-30;parcelas_0e907bf9-51ac-4509-9ac6-975d688343b4.csv
1;5020.9;2020-05-18;parcelas_0e941521-b457-4d11-9f0f-d855560a93ae.csv
1;1552873.4;2020-12-30;parcelas_0e9a2307-4db3-49ad-8d71-9485db1a4bb8.csv
1;642.69;2020-02-26;parcelas_0e9a5382-d06f-4766-991d-7445e38cda9f.csv
1;368098.21;2020-03-30;parcelas_0e9e7c92-9cbd-4795-bbb9-1f82bdbaa729.csv
1;970.94;2020-10-05;parcelas_0ea552cf-f450-456f-a57d-2ff1b599fe3b.csv
1;3256.2;2020-08-31;parcelas_0eb6741b-f327-4cc8-8db6-4c365139c5dd.csv
1;6456.74;2019-12-30;parcelas_0eb94a67-4ba3-4ffa-8e71-d4600d0e4de4.csv
1;1817.96;2020-07-31;parcelas_0eb9d291-7f61-4b47-b119-774369aadd07.csv
1;974.32;2020-07-16;parcelas_0ebafbef-040b-49e8-ba69-b0f28fec01fb.csv
1;8949.48;2020-01-31;parcelas_0ec0f6cf-bc08-4c64-a34f-0a5e6b9d60f1.csv
1;2065.2;2020-07-13;parcelas_0ec67aeb-f0aa-4923-8e89-2057bea208c9.csv
1;58173;2020-01-03;parcelas_0ecbb35d-3128-4d69-ad3a-822b23148f86.csv
1;7488.8;2020-03-06;parcelas_0ecd315d-db73-4eec-b3f3-ef921761beae.csv
1;3080;2020-01-23;parcelas_0ed2349b-adde-4afd-8e48-e37d124062b5.csv
1;117369.55;2020-09-28;parcelas_0edb2a94-b5c8-4e33-8fd4-35bb468d0792.csv
1;79.79;2020-01-13;parcelas_0ee06dd7-2af4-4611-8f58-788c7d8221ea.csv
1;29732.5;2020-11-27;parcelas_0eea9d2d-b144-4629-bd68-ceef20a127ef.csv
1;248.4;2020-09-29;parcelas_0eeb992e-dae3-4347-b006-fa168aa29c90.csv
1;29.49;2020-07-20;parcelas_0eec9b62-f62c-4ff3-adbb-066dbea697a6.csv
1;1375.34;2020-02-28;parcelas_0ef0647f-729d-4c61-b69f-9608667810ac.csv
1;58408;2020-03-23;parcelas_0ef3202b-7fbb-4a84-b0b2-966dc6e41427.csv
1;1536;2020-09-29;parcelas_0ef34ae7-0071-4dee-b79c-d15d24590b54.csv
1;4526.4;2020-03-27;parcelas_0ef8db67-68e4-47e3-bea2-e021194a3db9.csv
1;1590.49;2020-08-31;parcelas_0f02e409-30de-4177-90e9-39f9ad994a69.csv
1;1181.89;2020-10-14;parcelas_0f048dde-ceac-4401-b5f5-7e3cee5de3f5.csv
1;2660;2020-06-26;parcelas_0f07bad4-80d8-4ac0-baab-cb22a866767f.csv
1;3550;2020-11-09;parcelas_0f1524e2-3c5f-4b2e-a489-e06ab8d5c564.csv
1;556.5;2020-07-31;parcelas_0f1d1ad9-b885-45f4-959e-387c7e34219b.csv
1;423130.56;2020-10-02;parcelas_0f24c43f-67d3-4116-989d-48292a5572d6.csv
1;4425;2020-06-26;parcelas_0f2ad809-56e1-495d-be8c-dd71a4f54864.csv
1;3494.47;2020-08-31;parcelas_0f2c29c5-0abb-4bc6-b9ee-d1b2b7c2dc27.csv
1;143641.4;2020-06-16;parcelas_0f2ffd54-504d-4fd6-bf12-77ff6ef30e38.csv
1;90450;2020-06-17;parcelas_0f32ee4a-f563-4f76-9dba-44ab72de85e4.csv
1;74473.67;2020-11-13;parcelas_0f37c22c-002f-41ca-a9a6-5f76a03c6af7.csv
1;156434.66;2020-06-29;parcelas_0f395090-a967-4c2d-9d2d-050b3f025a7a.csv
1;1505.29;2020-10-01;parcelas_0f40ad62-d17d-4360-a3b6-91406b11f5ee.csv
1;1184.61;2020-06-30;parcelas_0f41c333-6877-407c-a433-c736bed3fb43.csv
1;102.58;2020-09-16;parcelas_0f420e5b-e86e-4fa6-be15-4a18946ebff2.csv
1;36849.99;2020-06-23;parcelas_0f42d1d8-0183-41b8-8946-2be133ea1737.csv
1;2770;2020-08-07;parcelas_0f456e2e-58ee-44de-be12-676dd74053e6.csv
1;29017.76;2020-09-28;parcelas_0f459d8c-c498-4731-9ed8-4217acfb8070.csv
1;286.99;2020-09-29;parcelas_0f48af91-6f1d-4ce7-80a5-09623e20846b.csv
1;350;2020-06-26;parcelas_0f4aa2d2-7ddc-445e-9e84-0fe13cf5659d.csv
1;203.41;2019-11-29;parcelas_0f51d9a9-3662-4b29-9457-756a4131f689.csv
1;167400;2020-04-27;parcelas_0f534c5e-47d6-4fc6-8cdf-0a1d69e2917e.csv
1;4021.81;2019-02-01;parcelas_0f53a44b-0c94-4826-bd8c-99075802df30.csv
1;1282.35;2020-09-09;parcelas_0f53cb2c-8ddf-479c-80f1-1ff0f1fe8e15.csv
1;77.12;2020-09-21;parcelas_0f5c3f97-edfd-4405-9b58-15b841d8e382.csv
1;1089.54;2020-06-08;parcelas_0f762ef4-1331-461c-8c00-96e4d4773137.csv
1;5842.02;2020-04-27;parcelas_0f7ab8c6-78e4-4b3c-9c38-39a02b51d88f.csv
1;66.7;2020-04-01;parcelas_0f7b4cf2-7552-469d-b894-ce9ea923d47c.csv
1;11360;2020-02-28;parcelas_0f7c4a81-1cbb-43d0-ad35-c4011b433923.csv
1;6319.2;2020-05-27;parcelas_0f7e4569-760f-4271-b5c2-fd96b73473fe.csv
1;52619.51;2020-11-27;parcelas_0f815e03-dcc6-4e95-86f7-123c0c611707.csv
1;2099.47;2020-11-30;parcelas_0f8298a1-1aaf-46a1-9f86-a48cde9db94a.csv
1;175;2020-09-28;parcelas_0f84ac50-18b5-4aa1-a494-1b05dba64d3b.csv
1;120538.76;2020-01-02;parcelas_0f8714cc-694f-4c56-9287-bf8f6dc3b1b2.csv
1;3412.5;2020-03-30;parcelas_0f8b5778-a270-4ba6-9308-21de631be495.csv
1;7740.83;2020-10-28;parcelas_0f8d545e-3d47-44f9-9688-6609d65a6eab.csv
1;26790;2020-09-14;parcelas_0f8f56b0-af00-4cd1-a4d8-3e992d7ce2ef.csv
1;1146.4;2020-10-05;parcelas_0f8ffc64-7279-416f-89d7-ed3f8686acb1.csv
1;2368.81;2020-11-23;parcelas_0f9499d2-7f11-456a-890d-2e8d1182c3c6.csv
1;690;2020-03-06;parcelas_0f95389a-6a5e-4160-8224-46b57b43f883.csv
1;29.49;2020-08-31;parcelas_0f987a75-b4d8-4c42-9738-f9659409c918.csv
1;4575.02;2020-02-14;parcelas_0f99965c-a20c-447d-b203-1425f2f249bc.csv
1;9017.76;2020-03-26;parcelas_0f9cbc3b-2905-493e-b235-f13fbe586558.csv
1;129881.41;2020-11-27;parcelas_0fa87102-7d1e-4aee-a118-670c247b5a5f.csv
1;79.79;2020-11-09;parcelas_0fb23524-6807-4017-9fdf-e07b5d9cf54c.csv
1;49483.23;2020-09-28;parcelas_0fbbeb4a-4d2c-4c1a-a255-ca689eb2e44e.csv
1;57060.29;2020-10-28;parcelas_0fc07603-660d-4f83-8964-d0f848b57f5b.csv
1;4373.6;2020-02-20;parcelas_0fc18c3e-e2ba-4275-9adb-2661797fa3c8.csv
1;953.92;2020-08-19;parcelas_0fca853d-b46a-4e1d-ba49-68338e20cd99.csv
1;14708;2020-02-26;parcelas_0fcd1d1d-113a-44ca-b5ea-3f34a86acbbf.csv
1;3712.01;2020-01-29;parcelas_0fcff121-8928-477f-9376-f090b496a850.csv
1;1006;2020-12-14;parcelas_0fd33c2c-d2d7-48fc-9c90-f02339769715.csv
1;1634.8;2020-03-06;parcelas_0fdbc4ad-0741-4b65-adc7-499bd3802879.csv
1;175;2020-12-21;parcelas_0fe164d5-3985-48f3-98ab-1ec1d4ffdd30.csv
1;170.97;2020-01-09;parcelas_0fe1a1a9-6e27-4270-9291-e4564580bc38.csv
1;739.65;2020-10-05;parcelas_0febb2ee-540e-4016-a4d2-dd0a72c6087b.csv
1;338689.2;2020-01-02;parcelas_0febb811-b7d7-41a9-bda9-b51b4e25a169.csv
1;26385.12;2020-01-02;parcelas_0fee0ef9-2445-4f3f-88d7-26f95cc3ee47.csv
1;25000;2020-01-02;parcelas_0ff26a61-8e73-4240-925e-b7d8fd85e4ea.csv
1;304236.24;2020-11-27;parcelas_0ff62f0b-d43b-464b-891d-3f64f1c43f6d.csv
1;32.19;2020-07-13;parcelas_0ffb3535-8056-402a-8cd7-b8ab4c5cce06.csv
1;62764.47;2020-02-26;parcelas_1000ba6f-07f8-4caf-a320-b3b7e54a35b0.csv
1;33417.19;2020-04-29;parcelas_100f08aa-2fd9-4d8a-b565-ff97b5c7782e.csv
1;52500;2020-08-18;parcelas_1010808a-2461-4da9-b0b2-5b1885fc468d.csv
1;2998;2020-04-14;parcelas_1017c98a-0acc-44ae-b5f7-e4158de18c58.csv
1;59850;2020-03-02;parcelas_102a41a9-aef4-4d62-84de-9bb5a52c3f00.csv
1;1396.5;2020-05-05;parcelas_102ee3b7-647c-48bb-bfed-323bd5f3c890.csv
1;10000;2020-10-02;parcelas_10321ce9-2290-4bbb-9938-89b493f797aa.csv
1;2088.33;2020-10-28;parcelas_103612ca-3df4-41b5-be66-cad13b6ce396.csv
1;28000;2020-02-14;parcelas_103a2571-fb93-4042-bfff-70651193bbbe.csv
1;1751.12;2020-01-02;parcelas_103c4f3e-ca56-4ad3-b483-9fe8baf34cf8.csv
1;125.84;2020-02-05;parcelas_1042528e-07c4-41a8-9dbb-55607144c876.csv
1;100000;2020-05-27;parcelas_1045aaf8-7deb-452b-abdc-55d443d6035e.csv
1;670;2020-05-12;parcelas_1062b62a-59b9-456d-ac7b-819d3be1db37.csv
1;34950;2020-07-23;parcelas_1067f5d4-7744-4bf5-be5b-1a6e08ad7c9a.csv
1;192296.76;2020-01-02;parcelas_10685237-8d51-4f85-a2b5-b68ea175547a.csv
1;33069.7;2020-01-02;parcelas_106e7cf3-27bb-4601-98e3-45ea3b4282d4.csv
1;79.79;2020-11-17;parcelas_10719552-fbf4-4270-aa1b-8b361e6cd16c.csv
1;4300000;2020-01-02;parcelas_1073a6e3-0c6b-4581-9657-5623fdd8c827.csv
1;1172.5;2020-06-22;parcelas_10749b50-df25-45ca-a90a-16d587637aad.csv
1;5420;2020-11-17;parcelas_1079d607-704f-4211-86f3-f79933f37315.csv
1;3925.38;2020-10-16;parcelas_107eca64-ad5c-42f1-872e-7cf99f21f787.csv
1;81900;2020-01-02;parcelas_1088b595-0575-4dfa-92ca-ed2ca969906e.csv
1;131179.75;2020-01-28;parcelas_10961a4b-a8b4-429c-959f-fcee1889bc78.csv
1;2606.9;2020-01-10;parcelas_109973f3-7960-4dbc-858e-1270a4c2784a.csv
1;6070.65;2020-02-21;parcelas_109a8367-e0db-4bff-98f8-86fc2ad4a08b.csv
1;73.65;2020-10-05;parcelas_10a2342d-3e87-4ae9-b242-1f96922f9a46.csv
1;273937.25;2019-12-31;parcelas_10a43a4d-869d-4bce-b238-742b516908c4.csv
1;50877.5;2020-02-26;parcelas_10a78bd6-e17b-4471-97d5-ca33e051d5fd.csv
1;51520;2020-10-26;parcelas_10a9b1b8-851e-4e63-9ef0-592ce9f0fe06.csv
1;5192.48;2020-04-30;parcelas_10b66d16-f526-4ce3-8399-02605f87102e.csv
1;18504.17;2019-12-30;parcelas_10c61109-d093-4ae1-85ef-d6b9282146e2.csv
1;1102.27;2020-06-29;parcelas_10c836df-2519-4b2f-b419-65c205636057.csv
1;18695.95;2020-11-17;parcelas_10c8eabf-4948-47d3-acf3-32c5b0e82245.csv
1;500;2020-08-28;parcelas_10c8f4b5-21a6-4b61-b712-9ddb65288e76.csv
1;1825.31;2020-04-27;parcelas_10cdff06-c3fd-46d7-a782-ec8388fc007f.csv
1;194.91;2020-08-27;parcelas_10d3d232-0afc-43dc-ac72-16ad44e1362a.csv
1;66.7;2020-01-24;parcelas_10d95db1-851b-4abf-a336-5ef3bd169d8c.csv
1;66.7;2020-01-30;parcelas_10d9b91a-7837-421d-a30e-770885e9cab3.csv
1;10301;2020-01-23;parcelas_10dfc642-3903-4d89-bc3e-d52240c626ce.csv
1;9038.4;2020-08-07;parcelas_10e48f42-ce42-4b4c-ab07-ab51e0525185.csv
1;815.29;2020-12-21;parcelas_10e91971-047d-44f5-a510-49678727f66c.csv
1;300;2020-09-23;parcelas_10f2aa03-c600-4a4f-9633-366090493f9f.csv
1;551.67;2020-11-27;parcelas_10f877a4-3079-4d00-a971-df8b5ebec4c6.csv
1;105000;2020-11-04;parcelas_10f96089-c62e-423f-a384-ae049579bea1.csv
1;2018;2020-05-14;parcelas_10fdc499-7c78-4331-9a9a-3221c54aea2e.csv
1;21576.51;2020-01-29;parcelas_1102a777-047e-4875-b455-ac8bbaf7ef7b.csv
1;262.4;2020-11-30;parcelas_1108321d-fea2-4159-875c-41711739a4fc.csv
1;37697.72;2020-05-27;parcelas_1113c8fb-25ff-4a75-8020-24ae759cca9b.csv
1;37125.17;2020-04-29;parcelas_1116c2ec-a54d-4f4c-ad9d-004552aac40b.csv
1;29.49;2020-12-14;parcelas_1117430e-b09d-49bc-a872-e473287c9190.csv
1;332.8;2020-09-17;parcelas_112253c6-89c5-4259-b2ce-a83d41928f92.csv
1;5295;2020-03-12;parcelas_113d6955-5d49-4632-8a19-a8284a35d1c8.csv
1;782;2020-11-04;parcelas_1140b8fa-58d3-41a7-855e-b7e025d5695e.csv
1;5110.34;2020-02-26;parcelas_1148c09a-a287-4a8c-90b6-fbe5fe814726.csv
1;88744.66;2020-10-06;parcelas_114b27d0-c0e4-4a4d-a222-ca49c810394b.csv
1;22304.24;2019-12-30;parcelas_114f169f-4f28-472a-9829-4957519b9540.csv
1;4607.46;2019-12-30;parcelas_114f169f-4f28-472a-9829-4957519b9540.csv
1;60915.25;2020-01-28;parcelas_11571a72-1e29-4875-81ae-a37c39d97c14.csv
1;2100;2020-11-27;parcelas_1157cac7-9245-4d9a-9ea5-f02715cdebb9.csv
1;18616.93;2020-05-27;parcelas_1157e5d9-1f4d-4870-a9cc-8bacb6ec3cb7.csv
1;47603.63;2020-03-02;parcelas_1159fb75-593f-4e7e-80f8-2a0bcd5b5e10.csv
1;2198.14;2020-02-05;parcelas_115ccfe4-4764-4beb-b1ed-a2bf7359be69.csv
1;134.59;2020-09-03;parcelas_11614340-f13b-4860-a8bd-325917487285.csv
1;6260.98;2020-04-17;parcelas_11627e1a-4443-4d95-9fa2-253994d31af6.csv
1;28175.01;2020-12-21;parcelas_11628d7d-5214-4d09-aeb5-b052483b8610.csv
1;13450.86;2020-12-30;parcelas_1164b5ea-5d7b-4324-8e28-b045c788dca6.csv
1;2090;2020-04-29;parcelas_116648f0-d67a-4425-ae17-d8c5f28ea849.csv
1;3447.96;2020-11-27;parcelas_11666ed1-afa9-437a-b7e2-977aca148d81.csv
1;77255.57;2020-05-27;parcelas_116937e6-b493-43ac-993c-db78b21610f7.csv
1;79.79;2020-12-03;parcelas_116cf0c8-cc51-4726-a502-4325ed3498ed.csv
1;959.52;2020-10-07;parcelas_116d450b-401b-4717-ae4a-b49d498ea0a8.csv
1;24624;2020-12-16;parcelas_1177a7cf-eaf4-4561-a686-dac95855b73b.csv
1;2012.5;2020-01-28;parcelas_117adc2a-44f2-4d15-92f2-5d767a1838a4.csv
1;66.91;2020-12-14;parcelas_11847c0a-92a9-4758-90ba-81d3d04ce161.csv
1;15904.02;2020-03-26;parcelas_11886ec5-64e1-43ec-898f-2c4bf4d16314.csv
1;6676.38;2020-09-28;parcelas_118a6ed5-a32f-4670-9566-295055a9157d.csv
1;314.7;2020-03-09;parcelas_118cb10a-aadf-415e-8276-8063bfff005e.csv
1;56562.94;2020-03-26;parcelas_11996be9-ca48-47c5-a493-84420a12d07e.csv
1;7308.32;2020-01-02;parcelas_119ae056-a0c0-4a8b-b051-ad93855f0276.csv
1;78782.9;2020-02-17;parcelas_11a4496b-fe91-4758-b8f3-d0527f8e1e2c.csv
1;69654;2020-06-25;parcelas_11ae8f1d-f176-44f2-a7a2-1e0532f54870.csv
1;2022;2020-11-20;parcelas_11afb222-4b4f-46f9-97ac-07194b7f9193.csv
1;29906.4;2020-02-14;parcelas_11b3ca63-99f9-429e-9f9c-24ae40815aff.csv
1;108654.09;2020-10-28;parcelas_11c19daf-c3e8-4b41-b5f6-a1583d539742.csv
1;647148.04;2020-02-13;parcelas_11c46a44-fcc8-484a-af3e-69e67e41cddb.csv
1;1360;2020-10-07;parcelas_11c5bb86-93f7-4cc6-8f58-7b75c3329f6f.csv
1;301.25;2020-11-16;parcelas_11c9428e-63ab-426f-b921-9d5cfc7fc5b8.csv
1;135.39;2020-11-03;parcelas_11c95578-9da4-4094-8170-7b23927c0c8c.csv
1;2499.92;2020-07-08;parcelas_11ca601c-1c5c-415c-9d61-e1e68317df8f.csv
1;263.78;2020-07-02;parcelas_11ccf067-69fe-4353-9a87-82d9f6e8dbb1.csv
1;16126.68;2020-06-03;parcelas_11ce29e2-9302-4691-a759-477085f7b86a.csv
1;1941.97;2020-01-16;parcelas_11d1aac7-bedf-4823-b596-9dcda9a2e4b0.csv
1;79.79;2020-11-23;parcelas_11dc6f51-89d4-4d78-86ed-1aca79413861.csv
1;141487.77;2020-01-28;parcelas_11defe3c-7a83-4bce-8719-be71cde07d2c.csv
1;849706.55;2020-08-11;parcelas_11e20583-3144-4472-8f5a-0109b8b4f04f.csv
1;1069.59;2020-07-13;parcelas_11e85cdd-841a-4e45-b242-6b9c5b2a3ad0.csv
1;21065.42;2020-04-29;parcelas_11e9d5f1-4549-4012-afca-da2f1300efaa.csv
1;10022.66;2020-09-23;parcelas_11ecddcc-9e4e-416a-85eb-0d2ad8716b1c.csv
1;8749.43;2020-11-17;parcelas_11ece869-b170-4d61-832b-402c423fc47b.csv
1;2759.17;2020-04-29;parcelas_11f167cc-e127-4d47-8277-e203b6979f38.csv
1;5000;2020-01-02;parcelas_11f48119-2a20-477f-9d25-00346d610ceb.csv
1;114.43;2020-02-14;parcelas_11f8543b-6671-4dc8-96ae-e9477a50c93d.csv
1;2520;2020-12-15;parcelas_11fd5c7e-6df8-46b7-9d05-5449bb6e4b59.csv
1;102.38;2020-05-27;parcelas_12062ade-83ce-428d-8610-32d7253fd766.csv
1;12580;2020-02-13;parcelas_121480f6-293b-4c24-8746-5b54f862cc21.csv
1;11757.75;2020-05-11;parcelas_12156589-3732-47a5-bd5a-546324a7c439.csv
1;7516.25;2020-04-29;parcelas_121febd8-fa17-4473-883a-952576722d1f.csv
1;29.49;2020-09-18;parcelas_1222b0a4-13dc-40d8-b1fe-409edc563278.csv
1;2192.72;2020-02-26;parcelas_1227ae4d-f9bf-49a0-8fb3-603ff2ff5c5e.csv
1;50000;2020-10-01;parcelas_1227dd7f-fb62-442f-8ced-43b61eb0c497.csv
1;17733.76;2020-07-07;parcelas_122ab461-d321-43d4-82cb-7b0bb4e190df.csv
1;21958;2020-05-11;parcelas_122c4b68-db4e-4131-bfe7-91d9789db875.csv
1;483.41;2020-10-08;parcelas_122c9b84-385c-451b-b7cc-81a8def6e844.csv
1;1176.1;2020-09-08;parcelas_1234fb60-526c-4a9a-bcd9-e4dca1a4b44f.csv
1;1925;2020-09-28;parcelas_1235c339-59b7-4162-87b0-ff8f5076d33c.csv
1;434164.61;2020-01-02;parcelas_12376341-a148-46e6-8efa-292595ea8b28.csv
1;15302.4;2020-02-05;parcelas_124473d2-5615-4fa5-b1c3-c0f7eae2d841.csv
1;776.15;2020-07-06;parcelas_12521782-3a42-4ea4-a833-dcab559ff549.csv
1;29.49;2020-09-15;parcelas_12755c50-b3cf-4ca5-9c01-91961be08ba0.csv
1;53678.33;2020-02-26;parcelas_1278693d-fdc6-4fa4-9cef-ace1e570daac.csv
1;79.79;2020-12-07;parcelas_127c960c-795a-42c4-abfc-d243705e3303.csv
1;127.5;2020-10-23;parcelas_127d4943-2342-4c55-bca8-521fb83d94ec.csv
1;91.8;2020-08-04;parcelas_12827a14-7a55-4e57-8537-63cc28d926d5.csv
1;3659.37;2020-08-14;parcelas_128e5636-b6dd-4034-935c-0433f833ea41.csv
1;85641.38;2020-06-30;parcelas_128ec8b4-0c5d-4c2c-8c00-247db5801d7a.csv
1;21175;2020-12-07;parcelas_129313ff-777d-4860-8161-7acc7192c86e.csv
1;2167.08;2020-12-21;parcelas_12975d2f-36e1-4dd0-91f5-dc88bb2241bc.csv
1;18538.67;2020-02-28;parcelas_129a1d6e-36ce-4f57-85fb-a69821cb8e15.csv
1;3424700.31;2020-01-02;parcelas_129fca4e-757b-40b6-a74b-d86b7d5d9ec9.csv
1;834.17;2020-03-26;parcelas_12a22385-9170-43a4-bc03-7caa8b725fcc.csv
1;307.75;2020-01-24;parcelas_12a8ba4f-62e0-48ad-b66f-fb5feb32713b.csv
1;5.22;2020-12-30;parcelas_12a9d5aa-600f-42ba-9dea-de44d2884315.csv
1;249.78;2020-08-03;parcelas_12b5d9ed-79fe-460d-b407-91a8efdb4cb7.csv
1;125000;2020-02-26;parcelas_12c12279-e07e-48ff-8c62-3c91187fb4f3.csv
1;1000;2020-02-26;parcelas_12c1b989-e8dd-4884-826e-3a0f1a73a86d.csv
1;97.15;2020-08-28;parcelas_12c284fd-770b-4c6f-83c9-bc72abed7704.csv
1;2652.93;2020-08-19;parcelas_12e0e412-f21d-4eac-98da-382bfe5b4abe.csv
1;5854.58;2020-11-27;parcelas_12e24082-2595-4dca-a54a-6315ae5f7a1a.csv
1;987840;2020-09-14;parcelas_12e71ca0-fe90-4a50-ab13-0d609d92f0b5.csv
1;1954.45;2020-12-21;parcelas_12e9f005-7ff6-4453-bd0e-4833bfc281ac.csv
1;8808.88;2020-09-17;parcelas_12ead6bf-8e49-4f3f-a609-dd403fead8c3.csv
1;10000;2020-01-02;parcelas_12f3955d-74b4-421c-9b4b-933b090723a0.csv
1;529.1;2020-02-18;parcelas_12f469f5-9e32-4d72-b5f7-49fdcd5eed95.csv
1;128;2020-09-29;parcelas_12fc5aeb-f192-4267-ac9e-7a41307b0762.csv
1;10000;2020-09-11;parcelas_1301b1ec-e4d2-4f89-9a57-d3eeec1a7820.csv
1;12510;2020-10-07;parcelas_13027e70-80f1-47e2-9686-7b8d4b8448fc.csv
1;29.49;2020-10-01;parcelas_1307c5e9-3d83-43ae-a6c4-42c38c0a4cf1.csv
1;1042.95;2020-05-26;parcelas_130f673c-e88a-4bb4-9e3c-765f373fd253.csv
1;175;2020-07-30;parcelas_130fd023-e6e7-407d-a6ea-7b9dc7575bc6.csv
1;18616.93;2020-04-29;parcelas_13113303-0b17-4f95-8711-9b00fd7465d2.csv
1;1176.38;2020-10-21;parcelas_131ba313-4a3d-4bdb-a57a-635e47621c5c.csv
1;130;2020-02-26;parcelas_1325cd11-b263-453a-b0f3-9d118ad7e684.csv
1;1102.27;2020-10-30;parcelas_1328e2e5-1b4a-4e2e-8025-81001e78317b.csv
1;133.4;2020-03-30;parcelas_13311a91-6873-449b-bc8b-bcf2121a051d.csv
1;985014.91;2020-09-02;parcelas_13389437-edc5-41db-ae5d-1e14087334c8.csv
1;685.45;2020-10-29;parcelas_133a0700-3f62-437d-985c-5e8452ac7d12.csv
1;21328.86;2020-04-29;parcelas_133df95b-21e7-4b09-bdf2-aa683a7dbb06.csv
1;18551.87;2020-11-26;parcelas_1340b84b-fa82-4172-9654-21afabf48dad.csv
1;32940.66;2020-06-26;parcelas_13447306-701e-41c1-8f10-a7d1c775315d.csv
1;1347;2020-09-30;parcelas_13488db9-3c97-4ad3-95ad-d8276b62afbe.csv
1;367000;2020-01-02;parcelas_134b11af-4fc7-4050-ab63-440e1f64a288.csv
1;1786.57;2019-12-30;parcelas_135117f5-8150-408c-bb7a-8e605573ef8a.csv
1;29.49;2020-09-21;parcelas_135df85b-55b3-4c99-8437-5782bf6c6a1f.csv
1;360.38;2020-02-06;parcelas_13633cb8-616b-4958-a3ca-7168dff18a65.csv
1;340.09;2020-02-07;parcelas_1363ed2c-dce0-43ec-be1b-b9eb5504829b.csv
1;53266.26;2020-11-04;parcelas_1366cbeb-ca9a-4c0d-984e-9d61b31681ef.csv
1;6043.34;2020-08-27;parcelas_1366f7fd-51aa-4a9b-9504-4cea18625d08.csv
1;12012.16;2020-08-27;parcelas_136768ed-93f4-4874-95be-8285e3dbf709.csv
1;29.49;2020-09-23;parcelas_13713bb4-650c-4480-bde5-989591d5316f.csv
1;25000;2020-09-16;parcelas_137864d1-8429-42f3-8230-b5600db73426.csv
1;440566.11;2020-11-27;parcelas_137f7a24-dcc5-444c-9d4e-3b3971d21c44.csv
1;50.4;2020-05-05;parcelas_138504ef-6b2a-4c3b-b1bf-f395bc8a5c32.csv
1;9029.21;2020-08-24;parcelas_13859bf2-b297-4a21-a3cc-5c175f155fc4.csv
1;400;2020-08-19;parcelas_1388eff4-36fe-4b36-b085-4fbc612740ca.csv
1;1000.03;2020-11-30;parcelas_138be135-37b8-40a6-8e26-d7b2055bb47d.csv
1;12912.9;2020-01-29;parcelas_138dee8c-c010-433c-bf83-4a6badb4e08f.csv
1;1348;2020-06-09;parcelas_13913d1b-829c-427e-b5a0-25b650262231.csv
1;442013.35;2020-08-03;parcelas_13937737-7c09-463f-80bb-45b23b156063.csv
1;29.49;2020-06-01;parcelas_139a16a0-f5b7-485a-b479-e99baabc32eb.csv
1;23054.4;2020-01-08;parcelas_139a8391-6249-45c8-aad3-2251b7e26047.csv
1;177200;2020-08-19;parcelas_139c2306-ceb2-4150-833f-3a36b33995c7.csv
1;588.29;2020-02-17;parcelas_13a16548-d8e6-4bf0-9e36-9e5ba326c6cb.csv
1;43277.4;2020-03-27;parcelas_13a519e8-dffa-4f54-b975-a09414039960.csv
1;50700;2020-01-10;parcelas_13a6cc04-ca5f-4acf-a78e-4742ab516414.csv
1;308.96;2020-07-06;parcelas_13accb97-4b9d-4c69-bf7d-dd91ecf9b87b.csv
1;26611.02;2019-12-30;parcelas_13af7c65-9b25-4f06-a432-cf92fdbec421.csv
1;12690;2020-11-18;parcelas_13c06a3c-90b2-467a-9a31-da7bed445553.csv
1;2090;2020-10-30;parcelas_13c0f4a2-8182-4348-ab4a-94d7f8397971.csv
1;38615.91;2020-02-26;parcelas_13c28a4b-1ddb-4f43-be50-8bc63a9fed38.csv
1;117728.29;2020-08-27;parcelas_13c37549-7487-48b9-80f6-bc485e8a1bb0.csv
1;127.67;2020-09-28;parcelas_13c6af28-8ff5-42b4-9e70-3f1682b460e6.csv
1;1239.39;2020-08-31;parcelas_13d51998-6564-4def-9426-473c590b05f8.csv
1;41814.66;2020-06-30;parcelas_13da4058-7bb7-44da-9e1f-a85d1770d60f.csv
1;3613.5;2020-08-27;parcelas_13e19654-af48-49b2-a617-a7b3ef0425f4.csv
1;82007.2;2020-11-04;parcelas_13eada72-aa4d-4cea-9855-9af22d715993.csv
1;138920.78;2020-04-29;parcelas_13ec8b4e-6d15-427c-a6a7-81213a27d717.csv
1;13546.62;2020-11-19;parcelas_13edbdfe-303b-4a45-a964-19c7c516cbb1.csv
1;122.44;2020-08-17;parcelas_13f82e0c-5899-4cc4-997f-5983bad61494.csv
1;5530;2020-11-17;parcelas_13fe9163-7937-48d3-9163-06457a417e32.csv
1;9836.15;2020-03-26;parcelas_140281a6-16d3-4d78-a7fe-69e907e7b76e.csv
1;45654.47;2019-12-30;parcelas_1403ffdc-5e02-41a5-b1b4-8ec47eef798c.csv
1;13524;2019-12-30;parcelas_1403ffdc-5e02-41a5-b1b4-8ec47eef798c.csv
1;2418.6;2020-01-23;parcelas_14045dd0-9423-4a84-b7da-2fae78512974.csv
1;2058.26;2020-11-30;parcelas_140abe51-81c1-4c45-befd-ddf03b371e7f.csv
1;808.26;2020-01-10;parcelas_140de839-faa4-440f-b283-49610c949e75.csv
1;442.7;2020-02-03;parcelas_140e872a-5be5-4017-917e-e1ed343988e9.csv
1;4500;2020-08-07;parcelas_140f332d-d0d1-41d3-b4bf-b4da09ea0a92.csv
1;2788.3;2020-01-28;parcelas_141b46d8-8cfc-4c27-9447-ff389e8ff937.csv
1;2385.29;2020-09-28;parcelas_141bfa2d-5750-4011-b324-3cf0978db917.csv
1;30607.5;2020-08-05;parcelas_141c3d77-331a-4da5-ae9b-a423a4fe85a1.csv
1;31384.33;2020-05-05;parcelas_14200792-4e06-4708-bdb8-d22a5de4858a.csv
1;88.78;2020-12-14;parcelas_14210e9a-e9f5-42e7-b7ee-2d63c5a028a2.csv
1;2088;2020-02-28;parcelas_142159b6-95a8-4460-b004-5455da5aeb1f.csv
1;4429.35;2020-01-08;parcelas_1424fb3f-7030-4d0d-9dac-e8ab207cf78e.csv
1;20652;2020-02-18;parcelas_142687d0-d110-4234-a5c0-282c6768c7ec.csv
1;299951.16;2020-10-28;parcelas_142f4b93-b3ce-4bf4-bd06-fd8e0861d9ce.csv
1;1500;2020-01-02;parcelas_142f7e69-8173-4bd0-a546-ac319531e560.csv
1;192.93;2020-10-16;parcelas_14320be2-41d0-46e6-afb6-5543eeed3340.csv
1;2498.9;2020-10-07;parcelas_143408f5-6b3e-4290-a215-58274001901a.csv
1;25852.04;2020-02-26;parcelas_1439bc3d-bc1f-4724-bdfd-b671ea92e508.csv
1;4189.86;2020-02-18;parcelas_143ba7ff-135d-4e5f-ba19-a7a818e574cc.csv
1;79.79;2020-12-15;parcelas_143c0c2b-65ff-4989-b23d-776507d989f6.csv
1;22300;2020-02-26;parcelas_14480d6f-7f88-4965-b693-a6d136b6e9b1.csv
1;39.89;2020-10-28;parcelas_144c3a29-7344-4c7a-b26b-74a9a3dd998a.csv
1;416475.55;2020-02-26;parcelas_144d586f-e460-4211-9c61-5000ce5c0767.csv
1;2000000;2020-02-05;parcelas_14502711-b154-4b44-beb4-0a8e33553b82.csv
1;43;2020-09-01;parcelas_14538e4e-1711-4727-8e61-2b45766e742d.csv
1;55600;2020-08-18;parcelas_145493e6-c2e2-4e3e-bac1-395638653f06.csv
1;5938;2019-12-20;parcelas_14586dff-9291-4a27-ae79-d6165a0a3635.csv
1;2124.11;2020-03-02;parcelas_145a65a2-ceec-4bd3-ab70-2dfdd456bdeb.csv
1;9000;2020-11-30;parcelas_145c3fe1-7a6f-4cd0-ba5d-db0a41e96028.csv
1;6699;2019-12-30;parcelas_145c6cd2-50bc-44bc-b2de-936d1b457e7d.csv
1;29.49;2020-06-08;parcelas_14748370-fd21-4ecc-9815-38f33021e713.csv
1;132.13;2020-11-25;parcelas_1475dc61-58c4-483e-86a4-aa84d7696ef6.csv
1;802;2020-10-07;parcelas_1478512c-f04f-4e22-bc6c-c1da7f23136f.csv
1;79.79;2019-11-13;parcelas_14813c64-e508-4fb3-b664-b7504d8beb18.csv
1;2654.07;2020-05-22;parcelas_14814a52-3d08-4079-b79e-5bf7e0e69587.csv
1;12600;2020-11-19;parcelas_14878726-e0f9-4c84-ba8d-52eb8f89d326.csv
1;239700;2020-09-01;parcelas_1489e713-86f7-4fef-852e-3d9812aafb09.csv
1;23411;2020-09-23;parcelas_14945e48-9673-4713-b8f8-1c54cf78d252.csv
1;2127.06;2020-11-18;parcelas_149d7b50-f2d1-4d24-8910-5752d200a8f3.csv
1;279586.11;2020-01-29;parcelas_14a0c607-9c86-4ab7-8255-df5181d2c9cc.csv
1;3508.91;2020-11-24;parcelas_14a2fa68-6715-40a3-8988-b30af163dd3a.csv
1;4880;2020-02-11;parcelas_14a55314-9150-4bbf-9cd1-0584f4d9ab05.csv
1;16102.09;2020-02-26;parcelas_14aaa9d4-745c-47d9-8ded-7c490002e3b8.csv
1;2192.37;2020-12-30;parcelas_14b1246a-5d46-4bfd-971d-184af450962d.csv
1;85467.98;2020-02-28;parcelas_14b193df-43a0-4ac3-8eca-ed23fd651f82.csv
1;575.45;2020-09-08;parcelas_14b5a40d-528d-47ed-8d3f-bca79a341f1d.csv
1;3300;2020-11-18;parcelas_14be4eeb-2da1-42a2-9b9c-20d958f48851.csv
1;1220;2020-08-18;parcelas_14c03262-14ab-4fd5-8c25-34c8d6335923.csv
1;700;2020-09-28;parcelas_14c15912-4010-4030-8f14-f40b8d03dfbb.csv
1;365.96;2020-10-26;parcelas_14d1ce09-c27f-4919-ba1b-93635a4b2e9f.csv
1;11127.42;2020-11-27;parcelas_14d36be9-143c-4ab6-b19d-5e4cc64e0794.csv
1;200000;2020-12-01;parcelas_14d4492f-ff3c-4f94-abfd-f2e933d0be84.csv
1;1348;2020-10-01;parcelas_14d5c400-6efa-4ddb-bd5b-b10155c3f713.csv
1;73787.91;2020-03-30;parcelas_14db6082-78b0-4d62-bf4f-128ecadce89f.csv
1;79.79;2020-11-20;parcelas_14dc7439-8d1f-461c-b1f1-e9d5215789c2.csv
1;469;2020-09-21;parcelas_14dcfbc6-14d1-43a2-bb2f-add51e8b1bbf.csv
1;4056.27;2020-11-25;parcelas_14e4cd26-dc08-47c2-b7dd-2b2ae2162315.csv
1;1225;2020-01-28;parcelas_14f0eb1b-53d9-4506-8627-1483550e0fd2.csv
1;83633.91;2020-09-28;parcelas_14f54e2f-f1a3-4150-bc6a-0c3bcd311221.csv
1;59711.47;2019-12-30;parcelas_14fc23bf-1693-470a-bed3-5222c1052105.csv
1;29.49;2020-09-30;parcelas_14fcd73c-7566-4d08-be80-c7478a3ca340.csv
1;276.99;2020-05-14;parcelas_150706ae-b341-410a-9bc0-3e5da83dcd7c.csv
1;88154.56;2020-01-29;parcelas_15099899-89f1-46d3-a639-e30a1c0c90a6.csv
1;1199.47;2020-07-01;parcelas_151042c4-f48a-4290-93ab-b74df419bf07.csv
1;31055.59;2019-12-30;parcelas_1511ac76-0eb1-48a9-b536-1b7cf5c59441.csv
1;4118;2020-08-19;parcelas_1511e609-6bfd-4e9c-9371-9529bbc43a20.csv
1;1268.78;2020-10-07;parcelas_15138762-2cb4-4bc2-a27a-3a77954772bb.csv
1;13459.17;2020-05-22;parcelas_15144847-b4cb-42ef-ae1b-5a4b26fe1d52.csv
1;350;2020-08-27;parcelas_152021a4-9883-49d8-8852-db3b5ce1e6b7.csv
1;998;2019-12-31;parcelas_152b4114-b130-4036-8c84-1814fbf9df10.csv
1;8285.84;2020-08-28;parcelas_15300dfa-2330-477b-bc78-57a0d4f2a42c.csv
1;4556.19;2020-10-30;parcelas_1535d6c8-739d-49aa-a2a2-36a244451292.csv
1;66.7;2020-02-12;parcelas_1537ee62-1d5d-4747-9812-6c8ae558e819.csv
1;4820.79;2020-06-29;parcelas_1543a0da-3ac0-4503-b33f-d43e97114f97.csv
1;54500;2020-07-20;parcelas_15489667-1c3e-4cc0-85e6-01520600aad5.csv
1;1552873.4;2020-03-24;parcelas_154dbc74-8636-4709-abea-5b25762014a8.csv
1;29.49;2020-09-25;parcelas_15561ced-b1ee-453d-a7c7-ec1e0427fe12.csv
1;24827.1;2020-12-30;parcelas_15595f8b-9a9e-44bc-b4e8-68a85fd9beb6.csv
1;1944330.24;2020-12-21;parcelas_155bfc3f-2401-406b-8849-005358d4d5f9.csv
1;158.55;2020-05-04;parcelas_155d5ad3-5bcd-493b-871d-e70939f6acdb.csv
1;5747.5;2020-01-24;parcelas_1562019a-dd43-406a-955c-ed4cd8b5af88.csv
1;792;2020-09-24;parcelas_156c45f8-4195-4dc4-a9ee-eaa1ccc3d17d.csv
1;65867.62;2020-11-13;parcelas_1571bcfc-e2fc-4f21-b403-76bdc875df49.csv
1;13020.6;2020-10-01;parcelas_157691eb-67fc-4857-b729-a892354d2b40.csv
1;1509.94;2020-09-28;parcelas_1577c978-a66a-4fb7-904d-a37db888a3fb.csv
1;30000;2020-03-16;parcelas_157f62b5-74d4-4f38-9731-f9405d3ef57f.csv
1;99725.04;2020-01-02;parcelas_157fe3ad-2051-4862-978a-abe6ff95f16d.csv
1;13371.55;2020-08-18;parcelas_15826849-13e0-4485-b04e-38796c4f818d.csv
1;85.96;2020-01-21;parcelas_158701bc-30fc-4c99-ab86-3d76820093bd.csv
1;42039.4;2020-12-21;parcelas_15946905-0f71-412c-ae83-8bb5c186fc31.csv
1;202.5;2020-10-19;parcelas_15975ca9-9adc-4571-8609-7b5bc5f5dc87.csv
1;14640;2020-06-26;parcelas_15a6c6d1-ebb2-40f9-bb1f-0429aff4d988.csv
1;1200;2020-10-26;parcelas_15afe99b-c642-4894-8af2-43a9a253fd6c.csv
1;60;2020-02-03;parcelas_15b016ac-f595-48f5-9149-acc36832eaaa.csv
1;37700;2020-07-23;parcelas_15b5402b-831d-4d93-a70a-7006ef156b4d.csv
1;647.58;2020-05-21;parcelas_15bec870-b6d2-4db1-8fc0-b5a8c93ab32b.csv
1;77.14;2020-10-16;parcelas_15bfc0d8-4ac7-4b09-9aa2-cbe0f11c4c52.csv
1;30000;2020-06-03;parcelas_15c1def6-779c-4a0d-a0e6-b3aee89e1252.csv
1;88.78;2020-08-03;parcelas_15c4aa4e-993d-4ee3-9f64-d0b4124750ad.csv
1;93358.13;2020-11-27;parcelas_15c57b1f-09c5-4c52-a466-15f1e4ba1d95.csv
1;5632;2020-03-06;parcelas_15d1634c-9883-4a67-9848-86d3e5df70fb.csv
1;658.6;2020-09-29;parcelas_15d35c5a-b0f1-450d-b719-d4351d985ef2.csv
1;5675.94;2020-01-24;parcelas_15d7ab50-1221-4fdb-9daf-10562f2aadbb.csv
1;3587.9;2020-05-26;parcelas_15d98c65-b617-4da9-9a16-8e127b54682f.csv
1;1186.7;2020-11-03;parcelas_15dd279e-17f1-4131-8f3d-3812ecf32323.csv
1;717.15;2020-03-17;parcelas_15dfc4ee-5d5d-44c3-9cda-8e8016205174.csv
1;6600;2020-06-30;parcelas_15e686d9-9adc-47a1-92c1-7eedea3d848b.csv
1;2597.5;2020-02-14;parcelas_15e72fe1-c384-4a6d-9168-35aefaf3c2d6.csv
1;5680;2020-07-01;parcelas_15e7808d-29fc-43c8-8695-b2a8873c9831.csv
1;2479.52;2020-07-31;parcelas_15f24bcb-5635-4f8c-9a6d-02bd79e3edd8.csv
1;283892.4;2020-04-09;parcelas_15fbc123-f52d-48e1-a91c-84551fb7d483.csv
1;1009.2;2020-09-25;parcelas_15fdda15-08de-4402-9e87-cdc16a10d7f6.csv
1;42000;2020-11-27;parcelas_16019095-8259-43f4-a07a-42c4fb2944a6.csv
1;29.49;2020-06-30;parcelas_1607be66-1cf5-474b-a1a0-8da0bdceedb9.csv
1;426.11;2020-05-29;parcelas_160cacc2-05dc-473c-b045-e76d6f25e755.csv
1;66.7;2020-03-16;parcelas_16117b55-1f8a-4326-9d74-1b6d31e5fa8d.csv
1;314.6;2020-02-19;parcelas_1615c5a4-987a-4072-b82b-1f08e44aab66.csv
1;552023.32;2018-12-27;parcelas_16195caf-f98b-41c0-a141-817da873f4d2.csv
1;13860;2020-07-13;parcelas_162e1269-79cf-4b47-a9f1-a1893ed254fe.csv
1;25918.56;2020-03-30;parcelas_16392ab8-899b-4d67-bfbd-7d9b85fe9f53.csv
1;8140;2020-10-01;parcelas_1644f9fd-7732-449a-a3e7-77bc2368c6c8.csv
1;1279379.6;2020-05-06;parcelas_1648eef6-4966-4925-8599-6033ae8477ef.csv
1;4701.67;2020-10-28;parcelas_164a94cf-38f7-4aa2-8d9e-7003e1ec439b.csv
1;66.7;2020-01-31;parcelas_165162a0-29e5-4e3b-ba12-674544919298.csv
1;1408;2020-06-09;parcelas_1652bbd7-758b-46ac-b801-85b52a6bb41e.csv
1;3469.32;2020-11-25;parcelas_16555bb2-a413-409c-b668-93442b0ebfa7.csv
1;1221.6;2020-08-19;parcelas_1656a8e0-3aa6-4d17-a278-17c8a2c5bed9.csv
1;4151320.88;2020-06-26;parcelas_165bfd45-92de-46b0-8fdf-4475d83ed767.csv
1;29000;2020-12-08;parcelas_1663b1e5-737a-4901-9271-09775f102015.csv
1;2834;2020-11-24;parcelas_16695f18-0978-45c5-9cce-af6dd1b997a8.csv
1;49867.77;2020-03-06;parcelas_166b1aa9-e5b5-485b-aa1b-fe709d6b33e5.csv
1;532.68;2020-09-30;parcelas_166b4bc7-391c-4f83-a33c-179003a677c5.csv
1;175;2020-06-26;parcelas_166b7128-a9b7-446e-9b6a-e622c1a8a160.csv
1;9352.39;2020-06-26;parcelas_166bb76e-ae4a-4e55-8b4a-fe58d48ad721.csv
1;333519.49;2020-02-26;parcelas_166e1e1f-a437-4273-9ba4-e6bca02051ab.csv
1;40000;2020-12-21;parcelas_16702fdd-f00a-46cc-bf5f-97e7491ec1df.csv
1;5445.19;2020-01-02;parcelas_16710517-2fe5-4832-88ac-7e5fbd070ab0.csv
1;25246.52;2020-05-27;parcelas_1675aebe-f612-43b8-ada3-2fe870f7f294.csv
1;77646.74;2020-06-04;parcelas_1675d60c-597d-40b6-9d5d-651f6cde3957.csv
1;520.49;2020-03-26;parcelas_167fad8f-2122-43a9-ac77-36b75a285bfb.csv
1;560.6;2020-08-31;parcelas_1689611a-3f8c-4046-b8b8-fa93a25f1026.csv
1;110;2020-03-31;parcelas_169a6e2d-e3c6-47f5-a259-6459d6a25555.csv
1;1769.25;2020-01-16;parcelas_169c9252-5823-4003-ad43-ae37f22d461b.csv
1;2853.35;2020-04-01;parcelas_16a442e3-6f1a-46f7-b64f-8c414290c165.csv
1;50000;2020-09-14;parcelas_16ab4091-c406-400c-b9b9-fb0798273687.csv
1;4250;2020-03-06;parcelas_16ae44ad-2e76-46f3-be0c-63ee313be85b.csv
1;3513.89;2020-04-23;parcelas_16ae9c81-5ef6-49a2-a6a1-900bb2727602.csv
1;444.09;2020-06-15;parcelas_16b64cab-b74e-4ddb-94dc-bda7f8e3089d.csv
1;9192;2020-11-16;parcelas_16bada17-d4b0-41e7-ab9f-1d9c2bfc38be.csv
1;37258.5;2020-08-07;parcelas_16baf3f3-0c08-4e60-908f-5e0783716087.csv
1;1045;2020-12-21;parcelas_16c06896-0f36-4056-949b-72785b1075ed.csv
1;2305.27;2020-10-28;parcelas_16c8a077-2e50-44e1-99fb-263368486791.csv
1;956.66;2020-11-30;parcelas_16cf19df-12ed-40c6-856c-285439268738.csv
1;29.49;2020-11-16;parcelas_16d4370e-e84f-4ec6-9ba3-533bdfa40dc4.csv
1;23233.8;2020-04-24;parcelas_16dcd274-88eb-4066-ab7f-9ffdc819246f.csv
1;66.5;2018-12-31;parcelas_16dd2ce2-771a-4ee5-aa15-60d38e037952.csv
1;19;2018-12-31;parcelas_16dd2ce2-771a-4ee5-aa15-60d38e037952.csv
1;66.7;2020-01-21;parcelas_16e6e97c-ed26-47c5-ade3-e690f6b00577.csv
1;14495;2020-08-07;parcelas_16ec428f-65f9-4345-8d31-91f043866312.csv
1;30180.95;2020-02-28;parcelas_16f45ea2-bb93-49a2-857f-3f6170561555.csv
1;262.5;2020-07-14;parcelas_16f4635c-6066-43e9-8850-f8cd160fb0aa.csv
1;7972;2020-01-29;parcelas_16f487ac-15f5-4fbb-af78-68099e48453e.csv
1;5974.94;2020-06-22;parcelas_16f9392a-8aaf-4abd-bd39-f443a8ed685d.csv
1;2078.79;2020-09-23;parcelas_16fa384c-4f1c-4227-ad49-a8e82120b823.csv
1;1314.6;2020-07-22;parcelas_17039899-6719-47fb-89ef-2a43bfee5f52.csv
1;76259.17;2020-08-27;parcelas_17097f23-1da1-4236-b699-0c2c734d479c.csv
1;19260;2020-03-27;parcelas_170aa8bb-09b7-4a73-af7e-b81d47cc184b.csv
1;119.74;2020-11-26;parcelas_1710e15b-7358-4c85-9f1e-42752eda4bf1.csv
1;130.09;2020-04-14;parcelas_17198d09-1e94-4ebf-ad95-779e82d64d4d.csv
1;9837.34;2020-08-12;parcelas_1719e460-4bfd-45ea-8794-a3b52f4f8d16.csv
1;879029.73;2020-09-28;parcelas_171a371a-698b-45fa-8af2-39bb76159ea7.csv
1;21420.11;2020-10-08;parcelas_171d1d59-bc94-412d-a5ef-7c5c0ffb0d93.csv
1;4475.16;2020-04-16;parcelas_171e24c9-7641-4ff6-905d-7dc0993103ab.csv
1;3200;2020-11-27;parcelas_17217f4c-c833-4ee9-9ae6-afebda0d232d.csv
1;3260000;2020-01-02;parcelas_172bac94-b271-44c8-b62e-a19e616e9e4b.csv
1;4180;2020-04-30;parcelas_172c5eb0-4a6f-4cfb-871a-257f27177bf2.csv
1;120000;2020-06-19;parcelas_17341bd3-8ce1-4450-b5d2-f54875c324c9.csv
1;2139.18;2020-03-26;parcelas_174182b7-b944-4f35-939e-6eba94e76249.csv
1;32000;2020-01-02;parcelas_1747ff95-9592-4dd0-8ee5-c1c23f4f9f5f.csv
1;720;2020-05-14;parcelas_17489dc3-68e8-46ac-9761-4d24b0a32501.csv
1;55784;2020-01-02;parcelas_174eee59-5c84-46ef-b413-4c7ad8d6f9f1.csv
1;67855.32;2020-07-06;parcelas_17501256-e736-46a5-9854-6f971825918f.csv
1;25.88;2020-01-24;parcelas_1757c30a-1ebd-4d77-b0d0-04a4ff5df77d.csv
1;110225.02;2020-03-04;parcelas_17593e42-f71b-42b4-ae39-b2b923320a34.csv
1;5891.67;2020-07-30;parcelas_17594ae0-a049-4e30-9c2f-b8915240937f.csv
1;1055.83;2020-02-26;parcelas_175b7479-d64d-442c-bbb3-6a5292a9382d.csv
1;216;2020-10-05;parcelas_176ad5b8-7a94-4062-9f37-26060a8f8763.csv
1;71759.57;2019-12-31;parcelas_176e26ac-2e35-448b-8528-09a710aba420.csv
1;327;2020-01-23;parcelas_177a0931-44e0-425f-bd2b-ac1f6b6e4dd6.csv
1;20142.7;2020-03-02;parcelas_17803e3d-bce2-4dfc-810b-7daa0d0fbce2.csv
1;458545.53;2020-03-06;parcelas_178a46ea-10c3-4cdc-a886-9a38b5623491.csv
1;324299.73;2020-03-30;parcelas_17937259-c6fc-464e-b0ac-c045eff97fee.csv
1;759584.27;2020-02-26;parcelas_1796f10e-31b1-4c20-8d49-d32c8f2a8b18.csv
1;59312.21;2020-04-29;parcelas_179b6fbe-5fa0-47c6-88bd-59a3bb2b518e.csv
1;4600.8;2020-06-16;parcelas_179d4aec-72e3-4712-b330-a6a62d107a50.csv
1;32945.22;2020-04-07;parcelas_179f425f-9440-426e-a55b-80152ad68506.csv
1;2500000;2020-01-02;parcelas_17a40dcf-d572-4f2a-bb1a-126a08b11a54.csv
1;52132.5;2020-04-07;parcelas_17ac82c5-9265-4fad-9074-e9f0a77ca2f5.csv
1;79.5;2020-10-27;parcelas_17afa7b2-ad17-4a2a-b78f-eac083fbb3b4.csv
1;513.06;2020-09-29;parcelas_17b2c78b-c736-4800-9bd0-069b8efbeb36.csv
1;30000;2020-06-17;parcelas_17b3ec4f-080b-4982-a510-cf138c98e7bd.csv
1;425;2020-06-05;parcelas_17b713d8-e501-4181-8ea4-cee4ef627747.csv
1;8740.75;2020-06-24;parcelas_17b7c837-b875-4bcc-923e-e28e8ba9d214.csv
1;33511.5;2020-10-07;parcelas_17bbce19-f460-4cd6-9ca9-fbc2f9eee3ea.csv
1;21290.62;2020-09-23;parcelas_17bdfd0e-b1a0-4dc5-9a67-0fd3920ba8ba.csv
1;79.79;2020-12-10;parcelas_17d468f5-0af0-45d3-9f32-e78f38b65a9f.csv
1;8978.59;2020-01-23;parcelas_17d51348-5e8e-4c92-bd48-710addd96b17.csv
1;2657.21;2020-02-17;parcelas_17d5e823-d6c6-4fb3-aa72-d69ac8bb75b8.csv
1;6306.5;2020-04-13;parcelas_17dcfc39-06cb-432a-b0ed-96c093c02458.csv
1;170000;2020-01-02;parcelas_17ddfe41-064e-44c8-8375-6ee922587829.csv
1;593.54;2020-11-03;parcelas_17e3cdcd-5adb-4af6-9e62-6024196bd646.csv
1;45685.83;2020-02-26;parcelas_17e47073-5204-4776-8ea6-a0c5fe94e90a.csv
1;1035.66;2019-12-30;parcelas_17e598b5-c47e-4ab3-a8d9-77611cff4782.csv
1;36899.6;2020-03-27;parcelas_17e628f3-75c5-43f5-8326-634bda1f6be4.csv
1;183.93;2020-01-13;parcelas_17eb2017-dee8-498f-9e4f-38f0e80fb12d.csv
1;585.36;2020-10-30;parcelas_17eb3050-4082-4e54-851d-4b613571e0d0.csv
1;1264.88;2020-06-23;parcelas_17ee923a-f487-471f-8099-a4f890409980.csv
1;133.4;2020-01-10;parcelas_17f0ebcf-891b-4e49-893f-a0514a68d948.csv
1;27411.53;2020-06-23;parcelas_17f6e66d-e982-4a5c-964c-a3a3f842b3a8.csv
1;1650.42;2020-01-28;parcelas_17f89b51-8dd7-4d57-b2cb-824a84aa6db4.csv
1;49.26;2020-08-31;parcelas_17fe8e91-6c1b-4d09-9108-a49dd5b41406.csv
1;47810;2020-10-26;parcelas_180aada5-5cd4-44a7-8b7d-178e68681799.csv
1;66.7;2020-05-19;parcelas_180fbad1-ec6f-482c-af78-b229aeeee850.csv
1;2193.06;2019-12-30;parcelas_181254e2-6fb6-4342-b9af-6df6dd04cf3a.csv
1;2193.06;2019-12-09;parcelas_181254e2-6fb6-4342-b9af-6df6dd04cf3a.csv
1;252.8;2020-10-21;parcelas_181eea62-6196-4ffe-a876-122d9dabc5d1.csv
1;2279672.19;2020-04-29;parcelas_1824affa-f293-45b6-98f2-a2a3c0ef7bd0.csv
1;1215.24;2020-09-23;parcelas_1825c783-b2c2-422e-ae9a-bd7ac194c827.csv
1;79.79;2020-09-29;parcelas_18369fdd-ec28-4b77-86b0-5ddc32406966.csv
1;1142.27;2020-11-09;parcelas_183f64a4-a050-46c9-8d0f-641fb02ee988.csv
1;20900.48;2016-10-27;parcelas_184195ab-0a01-4672-8c82-9df59295a634.csv
1;12482.74;2020-08-11;parcelas_18420f30-25c2-4046-8c86-39b91b29901b.csv
1;810;2020-07-07;parcelas_18421a4b-fc6a-4110-9d12-4a979c786ba8.csv
1;4089.06;2020-06-04;parcelas_18450d94-9eac-4593-a39e-561ac542787a.csv
1;8000;2020-01-02;parcelas_1867f772-5726-4e33-9103-4cfa15fe1e95.csv
1;377.6;2020-10-07;parcelas_186a33a2-742e-4301-a603-acc33ec7a87b.csv
1;24466;2020-06-29;parcelas_1884298b-d9fa-44dc-be57-710badb62506.csv
1;3500;2020-05-26;parcelas_188afda5-8ee2-4df2-b3fd-4bd1a544250d.csv
1;857.02;2020-05-05;parcelas_1890bf2a-58a1-42d7-b519-c01306f91bde.csv
1;1424.26;2020-03-12;parcelas_18983e95-8787-4740-a6ce-ffb396bd3258.csv
1;586.23;2020-11-27;parcelas_189d1f12-6c8d-4dcf-94aa-d811b070ea99.csv
1;29.1;2020-11-03;parcelas_189d4411-2162-4a5c-a9f9-953853f1d878.csv
1;150;2020-01-22;parcelas_189ea79d-4a86-48a3-b4eb-5a00c5eb4120.csv
1;658537.91;2020-01-02;parcelas_18a22e03-5c35-4bb0-9595-9cfda71b73b7.csv
1;587.48;2020-09-08;parcelas_18a34ae1-a73a-4f15-90f2-70b19c44a719.csv
1;2800;2020-11-27;parcelas_18a39c97-8532-4350-9101-21b5ab0df192.csv
1;2193.33;2020-10-28;parcelas_18a87bad-a149-4b9e-aaab-69d16108eaf3.csv
1;29750;2019-12-30;parcelas_18b3b713-0ec0-404b-a664-67df034da8ab.csv
1;55096.07;2020-09-28;parcelas_18b3b9a4-33b7-4a8d-a2a9-3cdba15692e1.csv
1;3081.05;2020-05-27;parcelas_18b6406a-0749-4fd4-afd4-5660d184092d.csv
1;100000;2020-09-18;parcelas_18b8a7b4-da20-4ccc-8a2e-30505fe4b3ba.csv
1;21133.7;2020-04-30;parcelas_18bd83a7-6b57-4fbe-8ebe-309bdadeb4ff.csv
1;726.19;2020-01-29;parcelas_18bdd2cd-2aba-4f41-bd7a-15222518edaf.csv
1;66.7;2020-02-07;parcelas_18c4c552-a555-4741-9ff8-21d7ae9aa8f7.csv
1;1080;2020-05-28;parcelas_18c7aa78-00d6-4f18-bc60-455f45547706.csv
1;380;2020-06-16;parcelas_18cbdc4c-0d00-497e-bb35-7de9c6258779.csv
1;45431.26;2020-02-26;parcelas_18d96711-578f-4597-a999-2089efe343bf.csv
1;29.49;2020-07-15;parcelas_18deef5f-bfc6-4916-92d8-9021082b2aa4.csv
1;556;2020-02-10;parcelas_18e0f3cc-677a-4c22-a50d-df2efd8c5b4a.csv
1;5931;2020-07-13;parcelas_18e4cae1-96bd-4898-a0ad-efbb2e19a68b.csv
1;286.18;2020-01-20;parcelas_18ee3499-afaf-42c2-8235-56056c0fe80a.csv
1;45380.88;2020-07-10;parcelas_18f1a366-6a0f-4b5f-b6eb-27be5c3c767d.csv
1;1113.47;2020-08-17;parcelas_18f1e587-33f2-4ddc-ab16-0552cf117bce.csv
1;1750;2020-11-27;parcelas_18f315cb-3a62-4857-8297-533fe684cb19.csv
1;4136.95;2019-12-30;parcelas_18f3f940-1a1e-4425-92f8-f4e38735414a.csv
1;4520.96;2020-09-30;parcelas_18f76efd-7a91-40cb-b4a1-227754eca8e4.csv
1;7657.96;2020-11-26;parcelas_18f8520c-a6f2-42f0-b265-747e6330e0bc.csv
1;50000;2020-03-16;parcelas_18f9934a-cb47-4abf-a6a1-6b1a59a6e3d6.csv
1;10070;2020-01-31;parcelas_18fe60c5-8523-4f05-9bb3-13b2f07114aa.csv
1;82.94;2020-02-19;parcelas_1900d933-5086-4d1d-a1a1-59fdfd49a828.csv
1;198;2020-02-27;parcelas_1908ee02-6918-4d2a-a6cd-c42a939c8ed1.csv
1;114000;2020-07-17;parcelas_190e8a75-0cb3-477d-8da9-9b1f35df2e80.csv
1;940;2020-07-13;parcelas_191adbc2-c4a0-470a-9cc9-10208cd1db5d.csv
1;15495;2020-01-28;parcelas_191e12a0-486f-434c-95e9-84a6c1d1680d.csv
1;5274.22;2020-02-24;parcelas_191fd506-05ac-4fe2-aa51-a511da255f10.csv
1;1537.9;2020-10-21;parcelas_19261cda-0175-4109-a6a7-13b6c27ca667.csv
1;9429.23;2020-03-02;parcelas_1926ff5c-7ceb-462c-bb84-0119b99a417a.csv
1;307.75;2020-02-03;parcelas_1936ef64-8cb1-437c-a468-84904bf9f3d6.csv
1;3621;2020-07-09;parcelas_1937ad4d-30e5-4980-aa8a-2b99bd3b44da.csv
1;506.76;2020-11-04;parcelas_1939e0e7-4d14-424d-b6b0-30cfd29b6ec4.csv
1;70;2020-11-05;parcelas_193e96c1-c060-4386-b7cb-aa2d376869d3.csv
1;79.79;2020-09-17;parcelas_193f4d10-2bc8-4308-b61d-d7cf8650741a.csv
1;1051.2;2020-05-14;parcelas_1944c57d-e16b-491a-8b8f-b67425ed0adb.csv
1;500;2020-01-13;parcelas_194600bc-29e9-418e-be02-9d9fb94e7b82.csv
1;41606.68;2020-04-15;parcelas_1948b8c6-4825-473d-918c-cbeb1130de31.csv
1;2090;2020-04-30;parcelas_194b2dde-cc50-4529-93f0-6ac2ef8eb58d.csv
1;468.6;2020-05-08;parcelas_194b76ac-d67c-46fd-9fd7-9cdfa4be6163.csv
1;10367.38;2020-01-28;parcelas_194d59b8-e1f8-460e-a38e-5fde9fefe0bb.csv
1;233314.24;2020-09-28;parcelas_194ded20-2a82-4140-b924-ea00b43469e8.csv
1;24399.39;2020-11-27;parcelas_194f644f-9db4-4e3e-adcf-eb066796c3aa.csv
1;4180;2020-11-30;parcelas_19527003-2dd1-4f46-aec2-dcefe13bd3c3.csv
1;358960.36;2020-12-21;parcelas_195b8804-2585-4bb2-8703-7ccedf8fe371.csv
1;16867;2020-05-29;parcelas_195c1a41-bf50-4b32-9ef1-df5e02598af1.csv
1;38817.6;2020-10-26;parcelas_195ea7a8-eed4-46a3-9735-71f2341cc427.csv
1;277.37;2020-09-29;parcelas_1960d2b6-2cac-49cc-b1c7-fecd6a67b227.csv
1;890;2020-11-09;parcelas_19656f8d-8a66-4300-b064-74e112d8d905.csv
1;695.27;2020-07-30;parcelas_1967c8d6-44e4-4789-980b-de7feccd8695.csv
1;40000;2020-08-31;parcelas_19687024-bda7-40fc-86c4-e5c8bebd5438.csv
1;693029.7;2019-12-31;parcelas_1968c23a-a346-4f82-a3fd-68762e585c7e.csv
1;7035;2020-07-30;parcelas_196e8aa1-772d-47de-9bbb-20baec64d73e.csv
1;4425.3;2020-05-05;parcelas_196f9262-018f-4004-aeac-ce050ec03ce2.csv
1;66.7;2020-02-03;parcelas_19778ff8-ce6c-4ba5-ac00-7eecb9b1dfae.csv
1;1624.47;2020-11-04;parcelas_19807fdc-fc03-40d1-a7c7-5e48ece900bb.csv
1;5225;2020-12-21;parcelas_1983ccbc-f5ce-4857-bdea-4d6c8ba28f64.csv
1;86318.05;2020-02-13;parcelas_19883455-3a35-4d5f-93c6-e019606d970e.csv
1;189072;2020-01-02;parcelas_19918ade-1d32-4879-8edc-507adf693ef4.csv
1;793.36;2020-06-15;parcelas_19923e8e-72a2-41cd-bcd9-15afc9651ac7.csv
1;133.34;2020-04-06;parcelas_199a132a-4a82-4cc1-8790-4fd97020dd78.csv
1;36636;2020-04-15;parcelas_19a9fc9c-549d-4ff8-94d5-3584623a7be7.csv
1;50000;2020-12-01;parcelas_19ac6ca5-3e5a-43e8-8843-5486425b4a41.csv
1;100000;2020-09-11;parcelas_19b47d28-5ed2-4b54-a3a9-8f3fa80dd0da.csv
1;200000;2020-09-18;parcelas_19c0d901-d4e1-47b2-a0a2-abef28c43193.csv
1;88.78;2020-07-29;parcelas_19c35163-7d05-4cf0-b5f8-c774481263f4.csv
1;1209.11;2020-07-10;parcelas_19c72a6f-05ad-4db2-8c2e-6d3862dc12dd.csv
1;18835;2020-06-30;parcelas_19c92e42-eec6-45d9-95da-b93293a06dcb.csv
1;1384.17;2020-03-06;parcelas_19cb8509-d3b0-4501-9484-bf189f70a45a.csv
1;167.2;2020-11-04;parcelas_19cd04fb-ebbe-4d77-a8a2-898dc8023b59.csv
1;206.45;2020-07-31;parcelas_19d0bf08-6232-4999-97ac-181b062e4e84.csv
1;776693.78;2020-06-23;parcelas_19d4e54e-df74-4745-b555-7d65b5037aa8.csv
1;750000;2020-03-30;parcelas_19d588ef-ed98-4899-ab0b-d6a56f5ececb.csv
1;400680;2020-04-17;parcelas_19da16fc-2dba-429a-b1d9-b06f4dbfecba.csv
1;122824.96;2020-11-11;parcelas_19e7b7de-4c05-42a9-b657-0b14801e3988.csv
1;683.18;2019-12-30;parcelas_19e92c88-4dba-4ada-82a7-30720c4806dc.csv
1;22500;2020-08-10;parcelas_19e93e05-1bbe-4471-9b1d-b54b803d182e.csv
1;380460.37;2020-03-26;parcelas_19ea0d5a-ce0b-4095-8ea9-7090b92009d1.csv
1;9500;2020-01-29;parcelas_19ecfb69-92b6-416a-a446-7308edccf75f.csv
1;423130.56;2020-10-15;parcelas_19eef438-443b-4ab4-8568-115767464aa8.csv
1;29.49;2020-07-22;parcelas_19f5cf8c-0a17-47cb-9bec-9d8ae15f6c4c.csv
1;10206.72;2020-11-27;parcelas_19f82b5e-f936-485a-9bfe-7f241ebf50e9.csv
1;2086.2;2020-06-30;parcelas_1a01bd6a-306f-4175-9128-2cdd369a3fff.csv
1;5157.4;2020-01-08;parcelas_1a107a95-2234-48f1-9633-011f552c7b79.csv
1;59940;2020-09-14;parcelas_1a1ab4c6-4059-42d5-a2d0-987ab2103729.csv
1;733.5;2020-10-20;parcelas_1a1de8f1-d123-4d11-9f9e-445231b68ab5.csv
1;24804.9;2020-01-28;parcelas_1a1feefc-080e-4c82-8c6f-34e91d62c992.csv
1;6125;2020-05-27;parcelas_1a213230-9de3-4608-afe0-1b0447814d48.csv
1;4180;2020-05-21;parcelas_1a242645-d9b3-4741-8715-47f962dc0d4a.csv
1;66.7;2020-04-14;parcelas_1a2aa5b1-9aad-41d4-a686-56bd552be404.csv
1;8596.57;2020-01-28;parcelas_1a30debd-f3ff-402f-9bc4-5cb22e02340d.csv
1;2400;2020-08-31;parcelas_1a3a450f-1d60-4d9e-bd7b-b18101dcd130.csv
1;66.7;2020-03-09;parcelas_1a4019fa-6bb1-4d0d-bacb-f88ce8567c22.csv
1;65566.13;2020-10-28;parcelas_1a41b636-fdb2-4fd1-988e-3d0e53075706.csv
1;29.49;2020-12-08;parcelas_1a46edd0-7006-4941-8993-ad448ae88f2e.csv
1;88993.5;2020-05-27;parcelas_1a4a190b-a42f-4e5f-b068-7a42d5b8628b.csv
1;79.79;2020-11-30;parcelas_1a4d0acf-8e6f-4f7e-9ded-4421fad98519.csv
1;7270;2020-09-14;parcelas_1a4dc0f6-711f-44b6-87e1-bc79157b74d9.csv
1;575.45;2020-09-15;parcelas_1a5937d0-3135-41dd-a2eb-f42aef3bab6a.csv
1;13442.25;2020-08-18;parcelas_1a5f5ce0-29f7-4409-89bb-0340ec38374e.csv
1;79.79;2020-10-15;parcelas_1a6058c2-5caf-4a93-977a-bfc559e3e565.csv
1;2140.2;2020-10-30;parcelas_1a60f8ea-af7a-4181-9f54-496341547fc4.csv
1;25920.79;2020-11-30;parcelas_1a733a9f-96d8-4597-83cd-216ae4d3b55a.csv
1;114295.59;2020-04-08;parcelas_1a78b30f-d54c-4b38-84b6-32e079e93bcf.csv
1;695;2020-06-08;parcelas_1a7ab89c-2734-432f-a7fa-46db2d6cc11b.csv
1;70285.81;2020-12-21;parcelas_1a7c26af-2fd2-4bba-bc25-cd1a386b6663.csv
1;4939.2;2020-11-23;parcelas_1a7e9b40-9c58-475f-b89b-21ebb6504a2b.csv
1;1890;2020-03-27;parcelas_1a8a2ade-0662-4a36-8e27-b0d49c999645.csv
1;405;2020-07-13;parcelas_1a8c3336-b395-4287-82fe-6a100008ef5f.csv
1;2117.5;2020-03-26;parcelas_1a93f0d5-5907-45fa-b5be-ba6f26764ff9.csv
1;66.7;2020-02-14;parcelas_1a98dccc-2832-4342-9657-562aadf3df47.csv
1;200163.4;2020-08-27;parcelas_1a9a97da-6681-40c9-9160-4e487c9ca34d.csv
1;5155.67;2020-10-21;parcelas_1aa7ecf3-0c9e-4662-af5f-9c631d92b687.csv
1;236.33;2020-12-30;parcelas_1aa93ae4-1931-4111-b6ee-4fe93d240338.csv
1;1888.57;2020-08-14;parcelas_1aabe935-57eb-46de-911e-6d69d17376ae.csv
1;40710;2020-05-05;parcelas_1ab1b376-4e14-466d-af55-0cbba4da3a72.csv
1;27024.86;2020-07-13;parcelas_1ab4591f-f894-4348-8bdb-b9c269a1d64a.csv
1;43128.54;2020-05-22;parcelas_1ab86796-8ba3-45a7-8607-841e0c9acbbf.csv
1;79.79;2020-08-24;parcelas_1ac48c30-c740-43a1-b633-c009bbf8524c.csv
1;50791.5;2020-09-23;parcelas_1acc2948-c726-4473-a41e-16d0ae41d4c9.csv
1;1522;2020-11-16;parcelas_1acc7cfa-7795-4a86-b137-e7da9f518eef.csv
1;2305.38;2020-03-02;parcelas_1ad5812d-af26-45f6-a2ab-b13b5eaecd9f.csv
1;6332.1;2020-10-01;parcelas_1ad70681-e1df-4e73-a231-aade8fd496dd.csv
1;5573.9;2020-08-04;parcelas_1ae1d799-9ba8-4203-ad0c-212fd015e32a.csv
1;300000;2020-07-08;parcelas_1aeb1a20-5c91-4f8f-842c-49e18c4a0b50.csv
1;54.5;2020-07-01;parcelas_1aef8534-5d07-48f6-92bf-8e10f0be6c66.csv
1;254.75;2020-04-22;parcelas_1b061ca3-1b70-458d-b00c-4ba3dcfa1b2c.csv
1;5459.48;2020-12-21;parcelas_1b07902d-71e2-4a27-a8d8-88a62069cd5b.csv
1;1240;2020-03-11;parcelas_1b0ac103-e9a3-4191-b3f9-59f39e2fa703.csv
1;21065.42;2020-05-27;parcelas_1b121ae3-d993-4756-aad0-376d3731d5d5.csv
1;10028.95;2020-03-30;parcelas_1b1408b2-5335-49f0-b410-db9eb88c42e9.csv
1;533643.61;2020-07-30;parcelas_1b182bed-25bc-4c4c-8a2b-480a5195868a.csv
1;2130;2020-11-06;parcelas_1b1dee2c-f740-4872-868b-67a450414b6c.csv
1;11008;2020-08-04;parcelas_1b2bbd78-b0aa-460f-9764-5868dd7ddb8f.csv
1;613.72;2020-08-27;parcelas_1b2e39d7-2c5c-4e86-8279-bdca6c9476c6.csv
1;160.42;2020-12-21;parcelas_1b2ec545-db70-4e65-8cb7-1c615f8f9c3a.csv
1;439.21;2020-10-07;parcelas_1b3da9d3-27c6-4f1b-975f-ababe1866456.csv
1;2791.63;2020-02-06;parcelas_1b407896-1d15-48c7-aeab-73b289853610.csv
1;984.84;2020-08-19;parcelas_1b40bea0-28e0-4a4b-b334-27986c29c2e5.csv
1;440.8;2020-09-29;parcelas_1b485565-ee15-4a84-87b8-4c95240881f0.csv
1;15882.75;2020-02-05;parcelas_1b4ac997-237d-4472-a613-961d3d614abf.csv
1;5740;2020-05-27;parcelas_1b4bd542-0012-4fb6-81f5-a0d0d4dee2aa.csv
1;21922.5;2020-06-29;parcelas_1b524ebb-e9e7-4047-a463-b636af1cf191.csv
1;31609.72;2020-02-07;parcelas_1b53d166-bc97-4959-a6c5-f636539f26a5.csv
1;66.7;2020-03-03;parcelas_1b544d06-1cbd-4c85-a599-355c80ccb541.csv
1;275.5;2020-10-30;parcelas_1b55b940-03ba-4b3b-b8d7-b2af7637fba4.csv
1;74088.7;2020-10-28;parcelas_1b5ac51f-9c8e-4c3e-bdce-71a0d72d81a9.csv
1;199297.3;2020-12-15;parcelas_1b5e67a2-cd8a-427f-8fe7-3e3625e09134.csv
1;4246.9;2020-04-29;parcelas_1b686cd0-50ca-476a-b46f-e3a69b0cb6fe.csv
1;4375;2020-12-21;parcelas_1b698512-5112-4e3d-8763-652380825ad0.csv
1;3997;2020-01-14;parcelas_1b6c88b2-c7fb-4aea-89e3-b87f6410d2d9.csv
1;5075;2020-07-30;parcelas_1b705888-b526-4e5b-929a-5b82794f9df3.csv
1;650000;2020-08-27;parcelas_1b705f5d-88b2-4b61-b2dd-fe7061f4dfaa.csv
1;1000;2020-11-04;parcelas_1b7dfec6-f5ce-4463-8f04-9f9829f516dc.csv
1;38535.52;2020-02-26;parcelas_1b8684e2-f3e3-4370-a92b-721915545787.csv
1;6210;2020-03-27;parcelas_1b8909c6-bf2c-4a64-a571-6d3ad324d3c1.csv
1;29.49;2020-09-08;parcelas_1b898c41-f404-491e-b296-c49de041711e.csv
1;796383.44;2020-04-30;parcelas_1b8c608e-bddd-4c9d-a9d8-60839db5f7e3.csv
1;499.7;2020-07-13;parcelas_1b93f897-bf73-4c97-9a90-e068450a5c54.csv
1;224.91;2020-11-03;parcelas_1b94b7cf-8ff4-4d09-b35e-cadaaeaae77f.csv
1;7455.8;2020-10-01;parcelas_1b98489f-566d-47e3-b498-7f0f51ef8d53.csv
1;7140;2020-04-15;parcelas_1b9e6821-150c-4db0-ab18-ba9b96f797e1.csv
1;347.12;2020-04-15;parcelas_1ba11420-b1e5-4b06-8aad-e2acf62150a0.csv
1;40738.65;2020-07-13;parcelas_1ba5302f-0eab-40c8-95ad-b9283e0e3a31.csv
1;5010;2020-07-01;parcelas_1ba9c9d7-f8cd-4558-933b-5d3c3c18c060.csv
1;79.79;2020-11-16;parcelas_1bb56fc8-f205-4fc7-a11d-fec51329b388.csv
1;1225;2020-02-26;parcelas_1bbaea92-d475-4919-aa71-15ea1027c140.csv
1;645;2020-06-08;parcelas_1bbc7a38-f765-45d9-87bb-9938ea50a5b1.csv
1;28430.47;2020-03-25;parcelas_1bc62f9d-90c5-484a-935f-a538c73643d7.csv
1;1841;2020-07-13;parcelas_1bc66ab9-dd46-4a4f-8e93-c944e2e34117.csv
1;593.3;2020-06-10;parcelas_1bc77adb-581c-4201-a372-f0bbfa31e8a7.csv
1;1224;2020-07-29;parcelas_1bc904cb-4f01-4a27-b175-c8af7e1f7f05.csv
1;14133.17;2020-08-17;parcelas_1bcc4969-44fc-4d5a-b252-08ae20c63692.csv
1;4937.92;2020-07-30;parcelas_1bce44e5-0f3e-4a93-ade0-00c81d8184e6.csv
1;1860;2020-11-10;parcelas_1bd0cfd6-188c-4172-a969-5792b44a1e86.csv
1;15193.28;2020-08-19;parcelas_1bd3328d-1d2f-43a1-bc67-d37b7ca7e9cb.csv
1;25000;2020-10-16;parcelas_1bdeee22-9e4e-4e67-883d-cb18ab7b2c0f.csv
1;350;2020-02-26;parcelas_1be87f27-fb30-4a8b-ad46-b08611eeda7e.csv
1;66.7;2020-04-22;parcelas_1bef471c-19cf-4774-adc7-359a0105598a.csv
1;90450;2020-10-20;parcelas_1bf27377-95ba-4f93-a856-61b51612c03b.csv
1;2335.6;2020-03-30;parcelas_1bf68b8b-8b6d-4c02-875f-0e8b5819bb64.csv
1;115024.31;2019-12-31;parcelas_1bf908d0-49aa-43b4-947c-139924bcd685.csv
1;79913.23;2019-12-31;parcelas_1bf908d0-49aa-43b4-947c-139924bcd685.csv
1;288474.26;2019-12-31;parcelas_1bf908d0-49aa-43b4-947c-139924bcd685.csv
1;71704.33;2019-12-31;parcelas_1bf908d0-49aa-43b4-947c-139924bcd685.csv
1;3536.69;2020-06-22;parcelas_1bfab2c6-68b9-4f6e-90af-226cd179e4a8.csv
1;1068.08;2020-07-14;parcelas_1bfacfe8-453c-4f61-8aff-7a1781c7dd0f.csv
1;3083.8;2020-10-06;parcelas_1c0c64c6-0827-4f7b-8a23-07bada28504e.csv
1;15210;2020-01-02;parcelas_1c118ef2-42e7-447f-aad8-18234f07fb6e.csv
1;2170.43;2020-01-29;parcelas_1c12817a-a511-4c4e-bc96-ecd8f065b415.csv
1;228.3;2020-06-15;parcelas_1c1c445a-ca43-431f-ad81-8f67a858b274.csv
1;30000;2020-05-26;parcelas_1c286970-0735-4ff5-892e-130f58892482.csv
1;6940.5;2020-10-26;parcelas_1c2da8a1-8531-47c9-89f3-4a279bb5e44e.csv
1;32060.9;2020-06-05;parcelas_1c323769-a2bf-42fd-9894-045b1241ad95.csv
1;116014.31;2020-01-02;parcelas_1c3682ae-19f1-44ce-862d-af457d5e6444.csv
1;2140.83;2020-01-28;parcelas_1c3f5c9f-4c5a-4ea0-a38d-ac873f255e37.csv
1;30706.04;2020-06-16;parcelas_1c41049a-42a1-4d1b-aeab-841fe9777995.csv
1;88.78;2020-12-15;parcelas_1c484785-ae97-4c4b-b8b7-5a15d2b4b385.csv
1;11140;2020-03-12;parcelas_1c4c093d-582a-44b0-bee6-cc2543c8a31e.csv
1;9916.17;2020-10-30;parcelas_1c4cea2c-26bf-4c7c-8436-e8969842fa6b.csv
1;102.29;2017-12-29;parcelas_1c4fe364-249f-41a2-af89-717ba1766a08.csv
1;2742.73;2017-12-29;parcelas_1c4fe364-249f-41a2-af89-717ba1766a08.csv
1;269.04;2017-12-29;parcelas_1c4fe364-249f-41a2-af89-717ba1766a08.csv
1;201.59;2017-12-29;parcelas_1c4fe364-249f-41a2-af89-717ba1766a08.csv
1;498.22;2017-12-29;parcelas_1c4fe364-249f-41a2-af89-717ba1766a08.csv
1;509.44;2017-12-29;parcelas_1c4fe364-249f-41a2-af89-717ba1766a08.csv
1;1434.46;2020-12-02;parcelas_1c5703ff-1e0d-48af-aeb1-ab7f954aa719.csv
1;10864.05;2020-03-30;parcelas_1c69398b-0d92-4149-a267-56b9ed6e7a81.csv
1;6271.97;2020-10-28;parcelas_1c6ba878-1932-454e-8504-34a2a1b16d40.csv
1;4269.1;2020-05-05;parcelas_1c74fb73-61f0-4289-aa59-75922cab3e80.csv
1;7983.21;2020-09-17;parcelas_1c7b8346-a19f-4252-9bb3-c42e28ca7619.csv
1;8856.55;2020-04-27;parcelas_1c89f087-f2ce-4eb2-a91f-4824695b2c16.csv
1;79.79;2020-01-15;parcelas_1c8b0fab-36cc-4abd-aa2d-e1b3a52729fa.csv
1;8949.48;2020-02-26;parcelas_1c8c3cba-68e7-4ce1-9f71-626bdc02cf3c.csv
1;79.79;2020-09-21;parcelas_1c8dff05-87c6-4feb-9ea2-9d89ac4df27a.csv
1;236.28;2020-11-03;parcelas_1c9895c2-2310-47a2-b63e-53bc33e2d356.csv
1;66.7;2020-05-07;parcelas_1c990256-b5c7-4133-8cc2-17bae555f1be.csv
1;1000;2020-07-30;parcelas_1c9eb723-a3f3-4628-8cf3-76fea1f78a18.csv
1;6480;2020-11-04;parcelas_1ca15026-7eea-4323-b994-d7a3f5546da1.csv
1;100000;2020-02-05;parcelas_1ca5a747-fc14-40c8-a4a8-9529735aab88.csv
1;348.78;2020-10-30;parcelas_1caa0826-d137-4686-8ce1-d012a0960f84.csv
1;6755.76;2020-12-21;parcelas_1cad7a40-380c-456a-ba10-815e108d408f.csv
1;1553.76;2020-11-30;parcelas_1cb7fee1-f701-4e0d-8d5b-bdf54b595456.csv
1;3420000;2020-01-02;parcelas_1cc4e78a-9cc2-4dc3-95eb-32d0854f864f.csv
1;29.49;2020-10-14;parcelas_1cc5195d-024f-40df-8480-27157c191131.csv
1;11480;2020-01-02;parcelas_1cc771f2-8b5b-4ea1-bb44-9547db33a3db.csv
1;96.57;2020-10-14;parcelas_1cc9e07e-b8b4-43df-bd8f-8d9c51097f31.csv
1;34000;2020-10-30;parcelas_1cd26825-cef6-45df-a541-301b573b4da1.csv
1;5268;2020-08-18;parcelas_1cd7250f-25fc-408d-9f31-954a1655fc6e.csv
1;88.92;2020-09-30;parcelas_1cda4e7f-614c-4cf6-a311-4a974c0e512f.csv
1;459.65;2020-06-26;parcelas_1cdf6111-e343-4178-879d-d52daa658218.csv
1;1172.76;2020-01-02;parcelas_1ce4fdd9-e1e2-464a-a8a6-d482b4ac5d0b.csv
1;291.42;2020-07-09;parcelas_1cecf541-3dad-438b-92a6-1ce7182b59f0.csv
1;50000;2020-01-31;parcelas_1cf1e700-64e8-4444-8a6a-bb59976447b4.csv
1;3552.46;2020-11-24;parcelas_1d03b7e0-7e57-4011-b35b-747a202840ef.csv
1;308000;2020-07-28;parcelas_1d043d1f-824e-4920-b267-b5fec758e412.csv
1;397.8;2020-01-29;parcelas_1d09b5cf-2154-4bbb-bc68-a1cfd82238ad.csv
1;47841.9;2020-07-30;parcelas_1d10adc5-1e43-41e3-9deb-e73a08f79d2d.csv
1;56731.69;2020-04-29;parcelas_1d134ab1-2d6a-4bb3-ab64-b44febc6730d.csv
1;1018.6;2020-06-17;parcelas_1d16e650-6ba1-41cf-bdc8-a0b9c4f5bfec.csv
1;2090;2020-11-30;parcelas_1d1846ff-efd8-44dd-b533-0d9fd84bdf55.csv
1;16913.09;2020-09-23;parcelas_1d2500c1-b51d-4611-8780-febb38615cba.csv
1;6369.6;2020-09-01;parcelas_1d282580-4661-43af-9792-df16f3a4328e.csv
1;167400;2020-09-25;parcelas_1d311b8c-c93e-4ece-a8d4-38a28e04aa67.csv
1;61750.4;2020-11-27;parcelas_1d330ca1-13c8-498c-b2ab-6cebf4ec466d.csv
1;955449.22;2020-03-31;parcelas_1d34032b-8461-4e98-9fda-f2e009b10c7f.csv
1;1833.07;2018-12-31;parcelas_1d36e841-85b1-4595-a8d2-cd26e56ca192.csv
1;66.7;2020-03-25;parcelas_1d377dfc-1cd5-4c15-9442-03b3a523b1a0.csv
1;213754.52;2020-10-28;parcelas_1d3a2478-b2cf-443e-b5e2-e1ece1a5abf4.csv
1;79.79;2020-03-11;parcelas_1d404274-b8d1-4c0e-815f-31e4df91aab9.csv
1;246.4;2020-09-29;parcelas_1d4518f0-c81d-41c5-8464-b9d3c9398c19.csv
1;70000;2020-01-13;parcelas_1d45f338-a56a-4427-960f-551cc2812a42.csv
1;29.49;2020-10-06;parcelas_1d4b505b-4568-44bf-8bf4-e7fced6a29a0.csv
1;10884.86;2020-07-28;parcelas_1d51be71-6110-44f3-b5a5-25e33f3b814b.csv
1;66.7;2020-02-18;parcelas_1d583697-9df3-4559-a3be-66e86ae3b7eb.csv
1;9340.78;2020-09-28;parcelas_1d758d67-491e-4da6-9430-a35eef528ed9.csv
1;37356.25;2020-04-07;parcelas_1d792031-d32f-435d-8dee-3e686fd8a8be.csv
1;482.85;2020-11-10;parcelas_1d7c5be9-494c-415d-b5ce-ae4e50f73cc8.csv
1;13936;2020-11-12;parcelas_1d7d0e75-514f-40cb-8666-283b4934de6e.csv
1;39328.22;2020-05-29;parcelas_1d7f397b-a21c-4652-9ed7-248db963c9f6.csv
1;2537.5;2020-04-29;parcelas_1d837b35-475d-4253-a0db-e880204a81d9.csv
1;1472.96;2020-10-21;parcelas_1d8b2b6f-a801-4933-8e2e-b710804e93ec.csv
1;68.03;2020-03-26;parcelas_1d8f09ed-a8c9-4325-b3ce-7fa64d3a569e.csv
1;2969;2020-11-05;parcelas_1d92c226-8407-4119-b19a-3636bcd35d7f.csv
1;60000;2020-03-02;parcelas_1d96eb96-e2c5-4f7e-80fd-c574e7f828be.csv
1;47319.88;2020-10-02;parcelas_1d984455-1db5-4fd0-a049-5196498a4147.csv
1;44697.66;2020-11-03;parcelas_1da58d87-55d7-4fe9-9cbb-2ffc4c8a7a5c.csv
1;29.49;2020-08-03;parcelas_1da61627-e151-4fa6-a384-7aa13872e7e5.csv
1;500;2020-10-02;parcelas_1dab2265-d945-4939-a9ff-7223ca44d1d3.csv
1;122824.96;2020-01-02;parcelas_1dc0b655-698e-45fc-a137-fa245501a80f.csv
1;1552873.4;2020-05-05;parcelas_1dc0f2d1-8d99-4c11-aa00-12ecc640023e.csv
1;990;2020-11-17;parcelas_1dc3ab0a-f040-4f63-acc1-29481540b804.csv
1;92534.46;2020-11-27;parcelas_1dc5744f-9466-4313-92d9-3f974b3380f7.csv
1;3538.41;2020-08-27;parcelas_1dcf618c-5d42-42c7-8b8b-fc754653c318.csv
1;22285.65;2020-01-02;parcelas_1ddaf7ac-35ba-4f88-917e-88e44b554ada.csv
1;3228.51;2020-01-28;parcelas_1dde34e0-1396-4599-8b32-7602e4f4c62d.csv
1;9920;2020-09-23;parcelas_1de5c446-434d-4342-b00e-3aeb14a5cb7d.csv
1;535.71;2020-02-28;parcelas_1de6ae2c-4e0f-428d-99da-4ffc16323ec2.csv
1;4050;2020-03-13;parcelas_1deb2e38-0d12-4a8c-ac21-a1934efaeba7.csv
1;168000;2020-03-02;parcelas_1df28c12-3930-48e4-abc6-6c050446d7f1.csv
1;322300;2020-04-09;parcelas_1df9efc4-644a-4eae-9b1f-8d800d51eda1.csv
1;2000;2020-08-27;parcelas_1e0875e0-ebf3-4eeb-8e62-584130b90515.csv
1;80000;2020-07-15;parcelas_1e0b083a-a3ee-4f6b-975d-ef14907db2e3.csv
1;66600;2020-09-25;parcelas_1e103bc6-de6b-43a3-84ec-c67cf25c879c.csv
1;3555;2020-02-18;parcelas_1e18e9c0-b871-4115-8093-86b6b9978208.csv
1;1925;2020-03-26;parcelas_1e1ca883-6c52-4f0e-8dcf-da0db6e18f4d.csv
1;102309.3;2020-04-15;parcelas_1e21a698-30bd-47d5-ae0e-2e1b75085d0a.csv
1;510.4;2020-08-19;parcelas_1e2e96ac-6655-4ff0-a779-1379e6ff54ef.csv
1;6700;2020-11-16;parcelas_1e2ec498-29fd-4c11-bd6c-c6d1efdeefff.csv
1;14400;2020-11-04;parcelas_1e389242-496e-4a8f-b19d-44c8e55ee093.csv
1;30000;2020-06-12;parcelas_1e40f525-97b2-4abc-9981-62d35236b686.csv
1;357181.81;2020-04-08;parcelas_1e441e8d-d380-4a09-9797-fc5601357306.csv
1;7301.97;2020-08-27;parcelas_1e45c726-e55e-4208-acd8-9575f32bb743.csv
1;1133.6;2020-09-09;parcelas_1e466f9f-e90e-426f-bf1a-f573bcce89de.csv
1;48000;2020-04-09;parcelas_1e490d95-2045-4fc3-b2d4-4948290a9afd.csv
1;6680;2020-09-10;parcelas_1e4d113d-bae8-4de3-a8b6-2d19883ab710.csv
1;42883.26;2020-05-11;parcelas_1e56f144-b3c5-4644-ad3d-73f1cc271d8a.csv
1;79.79;2020-12-18;parcelas_1e5ebfc7-d5a5-410c-b872-34ff992bf6ed.csv
1;659.17;2020-11-27;parcelas_1e5ef667-2d87-4e28-9b4e-ed9ecfbd643d.csv
1;560.6;2020-09-30;parcelas_1e5f0f2b-abf8-4eb1-81c0-5e7bcb967be3.csv
1;1909.32;2020-10-30;parcelas_1e672b8b-3820-4bd9-a5c5-724fbeb15610.csv
1;39424.57;2020-11-20;parcelas_1e6df54e-ae9f-457a-8a71-80413ea4f98c.csv
1;172;2020-01-14;parcelas_1e748edd-8e08-49f2-bf2c-7185a02cb9df.csv
1;228312;2020-07-02;parcelas_1e7775fc-bb30-4608-84a5-b609b5d021b7.csv
1;849709.55;2020-01-02;parcelas_1e866110-64e0-4390-9d66-4a9dd2ddf523.csv
1;5482.26;2020-09-28;parcelas_1e872123-52b0-4020-b8dd-689160d98d2a.csv
1;579.28;2020-09-15;parcelas_1e898745-9b21-42c3-babb-b9ef4e61eaab.csv
1;288;2020-02-07;parcelas_1e8ad72d-31a5-4fe1-88be-bf2bb8e9660e.csv
1;233314.24;2020-10-28;parcelas_1e8cc8f9-a934-4ee5-bc09-93c749006aef.csv
1;42000;2020-05-05;parcelas_1e8d743c-2cac-4b32-86e3-384648704517.csv
1;503.33;2020-08-27;parcelas_1e9ecb38-0f20-4bfa-a852-5712bed0a120.csv
1;1193.03;2020-11-27;parcelas_1e9fba06-4827-4049-bef4-f561ab19f004.csv
1;18760;2020-02-18;parcelas_1eb0673f-8a4d-4fe7-b97f-8225022dbd28.csv
1;893.37;2020-10-07;parcelas_1eb27f77-4e47-4b2c-beca-748185b0ef50.csv
1;12178.92;2020-11-09;parcelas_1eb6ec07-ef2f-4339-9fef-623a3d043389.csv
1;92500;2020-05-27;parcelas_1eb70ccd-5f92-4d99-a95d-85d6ac972128.csv
1;675;2020-01-16;parcelas_1ebc0ee2-15ec-40e1-b987-da9fbf818ec0.csv
1;91244.61;2020-07-13;parcelas_1ebdb111-227b-4ac1-8895-1d3f10d98365.csv
1;33089.81;2020-06-23;parcelas_1ec18843-e63d-44e4-ba43-a076c81a2b00.csv
1;735.66;2020-06-22;parcelas_1ec23bc2-b03f-4789-9949-74982f5cf41b.csv
1;30378.15;2020-08-11;parcelas_1ec9f718-bd17-4688-bcfc-3c3a151ef0bd.csv
1;31445.82;2020-08-21;parcelas_1ed327da-eaf7-40be-9be9-039a9f48633f.csv
1;419566.74;2020-02-21;parcelas_1ed5df0c-ac7f-46c7-b164-2ccce4e7a9bd.csv
1;11520;2020-10-08;parcelas_1eedf483-3aa6-48ea-97ab-ced4b95cdbee.csv
1;22698.5;2020-03-27;parcelas_1ef24c2a-fb83-4cb6-83f4-f3c79cc3d5b8.csv
1;5184;2020-03-06;parcelas_1ef8f998-fdfc-4b0b-bca3-c92a495fc75f.csv
1;52134.92;2020-05-27;parcelas_1eff8eed-3186-46a3-ac4c-afa44addcff0.csv
1;725.37;2020-11-16;parcelas_1f0316ca-116a-4c10-80de-d8633987d777.csv
1;2320.2;2020-06-12;parcelas_1f082b87-e4d9-46f3-be85-3a1f880d3b10.csv
1;1552873.4;2020-06-12;parcelas_1f0cb4a1-4558-4e9c-b2e5-54038f07f8f7.csv
1;144;2020-10-21;parcelas_1f0d6bcc-c067-4e23-964a-cafcedec9f87.csv
1;1870;2020-01-29;parcelas_1f129415-969c-4c2e-9687-34e9a42a6e48.csv
1;5437.28;2020-06-08;parcelas_1f22596b-4129-469a-abde-435a61786874.csv
1;7758.33;2020-11-27;parcelas_1f2264e4-54af-4f6b-9bee-dd0c7889af1e.csv
1;2604;2020-07-28;parcelas_1f26fa51-9f81-4796-bcb1-e766c0bf2739.csv
1;520;2020-01-02;parcelas_1f2ce5fc-0353-4964-9f06-7e5af6ce7145.csv
1;41197.4;2020-01-28;parcelas_1f306c9c-5c95-4073-8b5f-8648a3bf6385.csv
1;13745;2020-09-28;parcelas_1f314381-1190-43b0-a111-ef5b8a992408.csv
1;12037.83;2020-04-07;parcelas_1f3512aa-4bce-49f4-9d02-eb2ff10ddc68.csv
1;746.67;2020-11-27;parcelas_1f40362d-46d2-47ea-9347-3f17a22ab5f8.csv
1;1375.99;2019-12-30;parcelas_1f5bb1cf-b2df-4684-acab-e512396bccf0.csv
1;101492.41;2019-12-30;parcelas_1f5bb1cf-b2df-4684-acab-e512396bccf0.csv
1;261.9;2020-02-07;parcelas_1f60b6ce-5994-422e-902b-c52ccdc06fb8.csv
1;19281.86;2020-09-28;parcelas_1f61c6f7-2db2-4fe5-bb57-0b5f2ae0d539.csv
1;4353.33;2020-08-27;parcelas_1f65af21-b63a-4f7f-b356-2e59112a2181.csv
1;14981.66;2020-04-15;parcelas_1f68aeaf-577a-4c04-8731-d5d59a501b3d.csv
1;81.83;2020-11-09;parcelas_1f6ae766-8c09-4e39-aa12-c26e369c474a.csv
1;88.78;2020-03-18;parcelas_1f6bcb74-0b87-46b5-aa23-b9cc177d7613.csv
1;7372;2020-10-20;parcelas_1f7540f2-8478-49d2-876a-ede6be3e0334.csv
1;79.79;2020-02-19;parcelas_1f7b05d3-949c-402a-97fa-9e227805c592.csv
1;16880;2020-05-05;parcelas_1f7d67d0-753d-4b1f-9811-14801cc11646.csv
1;2100000;2020-02-28;parcelas_1f88ed0b-8730-42aa-b5f6-dc1607fbeb61.csv
1;8530;2020-01-23;parcelas_1f89b259-726f-4f39-9efb-4029b794e38f.csv
1;25190;2020-07-21;parcelas_1f8c5b80-e41d-4c01-8b29-8468f7fc74fc.csv
1;74356.08;2020-07-21;parcelas_1f909c4b-ba7e-40bd-853d-ca90d178bba9.csv
1;15000;2020-10-07;parcelas_1fa76709-b103-48ac-8ec3-790b9173596a.csv
1;5000;2020-01-09;parcelas_1faae00e-6401-4237-ad8f-029a7f0b9c8c.csv
1;8217.77;2020-09-28;parcelas_1fb5e171-d0c3-43f4-b918-ff535240c346.csv
1;390808;2020-10-13;parcelas_1fbdea9d-9f01-458b-b753-c96867c43910.csv
1;11.67;2020-08-10;parcelas_1fc6ee14-93da-4e20-aa00-964c6021916c.csv
1;2625;2020-07-30;parcelas_1fd1c859-1d3b-4915-9ef6-6f37985be7c8.csv
1;503.33;2020-02-26;parcelas_1fd25923-6624-4266-82d7-5e8faba2daff.csv
1;24600;2020-05-19;parcelas_1fd47a03-7cc0-45b7-8353-2dbfe405454a.csv
1;3310.16;2019-12-30;parcelas_1fd90d67-fcce-4499-a8e0-20b6fc7461bf.csv
1;95.19;2020-06-15;parcelas_1fdb5fd0-2d1c-4757-88e1-07f99173fc60.csv
1;34255.8;2018-12-31;parcelas_1fdcf1fd-dd40-49af-ae42-8c322e3f1e8f.csv
1;30000;2020-07-17;parcelas_1fe02152-ad7f-4b1d-8252-474071ad6299.csv
1;6450;2020-10-28;parcelas_1fe17a1f-25ef-480c-b31f-b53426fd01bd.csv
1;18813.73;2020-08-27;parcelas_1fe43ddf-8dcb-46d3-99e6-627a3f2524ed.csv
1;16310;2020-05-20;parcelas_1fed75be-d213-4a5f-ac72-997ef54fff44.csv
1;557.56;2020-09-15;parcelas_1ff339a4-3e73-44c3-b083-f5fe3b9dae27.csv
1;108.5;2020-05-28;parcelas_1ff4d3e9-3f81-42b9-837c-5f263cbb8e33.csv
1;1575;2020-09-28;parcelas_2001522e-9a12-4dfd-baa5-cf65a1b104cd.csv
1;616.91;2020-11-03;parcelas_200aab88-32d4-488e-9e4a-ed5afb0f3734.csv
1;318.82;2020-07-02;parcelas_200ecf4b-a3a5-434d-877e-1ae591f2e292.csv
1;60000;2020-01-14;parcelas_20134a83-029d-42d5-8a68-422d3376a372.csv
1;2263.6;2020-03-03;parcelas_20211fef-d8d2-4d75-9d2e-e192c60e5e20.csv
1;6842.5;2020-01-28;parcelas_202324bf-f0b8-46f4-915c-34f454cde22f.csv
1;200;2020-03-30;parcelas_20308b8a-ef7d-4f10-ad48-d512991a04ec.csv
1;280500;2020-11-20;parcelas_20353b93-08dd-4090-b5f6-c2a47201e4e0.csv
1;2526;2020-11-04;parcelas_2037103f-8587-49c9-b91d-00a629140b95.csv
1;98235.12;2020-09-28;parcelas_20373730-2bf1-436a-a32a-6611e116d114.csv
1;9900;2020-04-30;parcelas_204b2d04-4a09-4275-984b-b5db210c54bb.csv
1;314375.88;2020-01-02;parcelas_20505117-b276-471d-9f57-f10d691a32b0.csv
1;5998;2020-08-07;parcelas_2064cdd1-0411-4021-98fa-03ffaed3881c.csv
1;2267;2020-01-08;parcelas_206911d8-921e-44f6-98b7-28317109d54a.csv
1;1882997.12;2020-09-28;parcelas_206b8933-02ef-4400-9518-1a149252d86e.csv
1;910.27;2020-08-19;parcelas_206e24f5-7e4c-4afe-ba00-be25abefdb27.csv
1;78318.1;2020-10-16;parcelas_20710029-a2a6-4f5b-847f-f48679ed7c31.csv
1;3738.98;2020-09-28;parcelas_2075f560-891b-4c5a-93cf-3409fe1b704a.csv
1;3764.9;2020-09-24;parcelas_207b6ac4-1e1e-464f-aafd-2535d82944e7.csv
1;15600;2020-08-03;parcelas_208a63cf-7599-4245-be3d-467d3abe314b.csv
1;23642.72;2020-02-27;parcelas_208ed668-c577-4cb9-bf8b-a80651170bbd.csv
1;76762.35;2020-11-27;parcelas_208f0b7e-866c-4be9-ad4a-5aaf75ea6ee2.csv
1;318272.53;2020-09-28;parcelas_2090561c-6ce6-4156-af8e-ae4c288105a6.csv
1;1987.11;2020-06-08;parcelas_2091d952-39bd-478a-a930-24064380f747.csv
1;30304.14;2020-07-30;parcelas_2096bb63-d55a-4f08-86ba-f78058fe815d.csv
1;29050;2020-07-30;parcelas_209a31fa-86f5-41f6-9c68-16b32fb3889e.csv
1;800.46;2020-02-20;parcelas_209ec3c2-6b02-4ad6-9853-ca732db88241.csv
1;1008.86;2020-07-27;parcelas_20a0aaa1-f39d-4e71-8555-23213f52f055.csv
1;13344;2020-07-27;parcelas_20a39ae4-235a-426c-8311-8f0646307486.csv
1;106.61;2020-04-24;parcelas_20a4d7e1-dadb-4509-9f76-29110d8b1c1a.csv
1;608.37;2020-08-17;parcelas_20a65fea-e63e-4afd-8a8f-542e6f120409.csv
1;246847.24;2020-07-28;parcelas_20af2d52-bd5d-4ab8-a51f-9759e283ea87.csv
1;36136.14;2020-11-23;parcelas_20b0d020-14a5-44ae-924e-b98bd039425a.csv
1;25460;2019-12-30;parcelas_20b3ebd3-0092-4cbf-afc5-e24dd4255782.csv
1;774;2020-11-16;parcelas_20b53a14-54cc-4cf4-acb8-eabb062d653f.csv
1;29.49;2020-08-24;parcelas_20bfa69d-05ff-47e6-89fb-e5db05ba43f8.csv
1;40000;2020-01-02;parcelas_20c0f878-0ffb-4a44-b69b-b81b77cf5d48.csv
1;76991.33;2020-11-27;parcelas_20d6793d-2f0e-4fd7-8d47-633b1a3482a4.csv
1;4800;2020-02-07;parcelas_20d6ebcb-6b08-4a1e-889b-ab1a906509e4.csv
1;32483.27;2020-10-16;parcelas_20d838ab-f0e4-40db-bf6b-2af9d68d3941.csv
1;2219.79;2020-11-27;parcelas_20d91427-9485-47a5-bb80-30f31d8a7972.csv
1;1876.12;2020-01-31;parcelas_20dad031-488f-44cb-9c60-2bedf4c09552.csv
1;1131;2020-08-28;parcelas_20deb59f-bb68-4b90-8f55-d9e4281d30e7.csv
1;1601.06;2020-03-06;parcelas_20e497e9-7463-4d86-889f-f1e538028f04.csv
1;51448.52;2020-09-28;parcelas_20e4e883-567d-473b-9e3d-5801f5bb6a02.csv
1;2753.95;2017-12-29;parcelas_20ec694c-6d8e-4f91-8e50-ce0041ab5c49.csv
1;39.89;2020-10-15;parcelas_20ed3a27-a91f-4b21-ab4c-253338847882.csv
1;867.24;2020-04-30;parcelas_20f6f968-5f81-4809-a623-425c62ddb777.csv
1;875;2020-12-21;parcelas_20f80074-7f71-4671-8603-e9dbed15de69.csv
1;7036.8;2020-06-12;parcelas_20f90715-9f87-4197-9666-7976d805f584.csv
1;35435.7;2020-05-11;parcelas_20f98ea6-179f-4146-b355-ed0dbbc03dde.csv
1;29.49;2020-11-03;parcelas_20fcc49e-88e6-4cb4-a30d-fb4824f4d9b7.csv
1;66.7;2020-05-08;parcelas_210215b5-7183-42f0-8ac4-13a7d8c65a47.csv
1;2162.54;2020-01-02;parcelas_210829b1-e2ac-40ee-9bee-b2c0f45ce464.csv
1;2088.33;2020-06-26;parcelas_2108d40b-0db2-4ce7-a698-72121bdbf6ba.csv
1;1302;2020-07-17;parcelas_210a08ba-47a0-49cd-ad8a-44a0be8127e4.csv
1;3456;2020-09-09;parcelas_2116bfb8-0011-4b5b-a107-c91465032fe5.csv
1;97000;2020-06-05;parcelas_211bc55c-7200-49cc-b48e-b0ba5cdeca27.csv
1;58680;2020-07-15;parcelas_211cc153-39f3-49c9-8a56-44be15d5e1f7.csv
1;491.22;2020-07-13;parcelas_2126772e-c89c-4039-a348-9f486a8e2bd2.csv
1;4105.59;2020-07-21;parcelas_21295200-71cd-4b20-8a4b-9da94647046c.csv
1;104.13;2020-02-06;parcelas_212f25ee-85f2-430e-b505-395cb74d0123.csv
1;122980.82;2020-06-26;parcelas_212ffd50-5746-4cdd-8bd6-cab377a69d7b.csv
1;412.87;2020-06-15;parcelas_21314510-4b95-4fbe-8584-56b1bcfb1558.csv
1;600;2020-05-07;parcelas_2132e984-559d-4a82-b0fb-481893fec3a2.csv
1;184900;2020-05-19;parcelas_213de8c7-1573-4e8e-bb77-a07c7b477430.csv
1;1740;2020-03-06;parcelas_214187b1-7d5f-4715-8bf0-a3188a535fe1.csv
1;1502.69;2020-02-27;parcelas_21444f41-844b-4227-b33d-a62846375c14.csv
1;6950;2020-11-05;parcelas_214905af-be62-405f-b443-6585f366fe06.csv
1;163.33;2020-01-28;parcelas_214b023e-e956-44ea-8f64-366592191b68.csv
1;27696.5;2020-01-28;parcelas_214ba939-5dc8-4fa4-88bb-2ed4866c0374.csv
1;1700.84;2020-08-21;parcelas_214cd967-7bfc-4536-bb11-e65fc28a80b7.csv
1;36000;2020-10-13;parcelas_21544c32-5607-4bd8-b9d6-65f4eed3f5da.csv
1;1079712;2020-09-28;parcelas_2163df1d-c1b4-49fc-a564-dc6e1223532c.csv
1;1280;2020-01-17;parcelas_21667dc9-737d-40cf-b4a3-e98beb8fd37f.csv
1;29017.76;2020-04-29;parcelas_216b0f03-80f8-4b87-b00a-82495a9b2101.csv
1;273910;2020-09-03;parcelas_216eb29b-e774-4187-b9df-39b8b287b772.csv
1;2780;2020-03-27;parcelas_2191b218-dfea-4954-b97e-6be675eca6ba.csv
1;12666.74;2020-04-22;parcelas_219d3335-c031-48bd-8033-fec8ab2a8d05.csv
1;253.55;2020-03-30;parcelas_21a2ca56-2db0-40a6-a30e-aed5b3c78507.csv
1;102759.28;2020-01-28;parcelas_21a3271d-65a6-4c6b-9c12-6f1705b814a0.csv
1;1503.68;2020-09-23;parcelas_21a5ee24-ab56-400c-b9c0-cd36bbaeb725.csv
1;79.79;2020-11-12;parcelas_21aed5eb-b93c-45c5-9ce4-88dacfe3154b.csv
1;1486.74;2020-04-20;parcelas_21b05a55-5ca6-4fec-99f5-b2ddd01577c0.csv
1;80000;2020-01-02;parcelas_21b1f924-ca79-425c-96b3-d5831300e259.csv
1;271.56;2020-09-04;parcelas_21b2cecc-8f12-463b-84b3-19392950ac6e.csv
1;6105;2020-10-07;parcelas_21ba9197-2a0d-4326-ba21-dbe9ace64a03.csv
1;66.7;2020-05-01;parcelas_21bb94fb-50d5-4a49-a836-5ac109b52cb8.csv
1;144;2020-11-03;parcelas_21bc0834-9af3-41cb-8ae0-95422b65e2a2.csv
1;19300;2020-03-18;parcelas_21bdd5af-dc2b-4aaf-8fd3-646842246df1.csv
1;10850;2020-04-14;parcelas_21c78d69-c1f7-425f-a9c0-8daab379717a.csv
1;695.27;2019-12-20;parcelas_21c7fb58-901f-477e-90db-a55bdd0c7788.csv
1;26790;2020-11-13;parcelas_21d132a3-2998-4356-87a8-ffe425abe40c.csv
1;1450.53;2020-08-28;parcelas_21d1e990-71c1-414b-b499-741042c9c5f7.csv
1;300;2020-09-02;parcelas_21d2c1d7-6827-480f-b888-58dd1b09a4cd.csv
1;24832;2020-02-10;parcelas_21d3953c-2823-4d54-b919-07708d0e1ab9.csv
1;1978.2;2020-11-25;parcelas_21e1f6f1-dce9-4b2c-a823-f93c559ef48f.csv
1;3790.87;2020-01-24;parcelas_21ec7a73-3590-4234-922e-a6b7759d2362.csv
1;2117.46;2020-10-30;parcelas_21fb2425-5d3e-4ee9-9aec-098d1ec69faa.csv
1;150;2020-04-20;parcelas_21fd46f2-b7bc-49dd-89cd-862293b5b75d.csv
1;43656;2020-08-27;parcelas_2204b8af-bcfe-4a7b-87cb-9f65904222bf.csv
1;2000;2020-10-28;parcelas_220cf61d-31f7-4d1b-8496-1606be21d43a.csv
1;34374.5;2020-05-11;parcelas_22157036-3026-4e8b-9a28-60df088baca2.csv
1;12.41;2020-09-21;parcelas_221d8ed8-8b53-4268-a8d2-93a3a8d9637a.csv
1;231673.06;2020-05-27;parcelas_22236bf4-3308-48fa-88e8-08738d93fa68.csv
1;805.46;2020-06-26;parcelas_2228ed80-ce63-42dc-bf78-34f920b4728a.csv
1;89.86;2020-08-28;parcelas_223555a1-bcff-4009-84b8-3685d073fa8a.csv
1;2314.01;2020-10-28;parcelas_2236d635-cb9c-451e-a6d9-987dbe36bb23.csv
1;2165149.5;2020-12-30;parcelas_22392bd2-b115-49be-9172-e00c0a29fc99.csv
1;96914.35;2020-07-13;parcelas_224e07b1-b386-455c-a7d6-5c42e07497cf.csv
1;751.84;2020-10-21;parcelas_22519206-163f-4321-b208-bfc282c1e1a9.csv
1;690.88;2020-03-09;parcelas_22539d78-7ca7-4b2f-a822-af0d09109d5a.csv
1;3428.16;2020-11-25;parcelas_22560610-076a-4601-ac93-d561d465196a.csv
1;6167.55;2020-01-02;parcelas_22562c73-c9d4-4cfd-92d8-b55d8c42c353.csv
1;78863.76;2020-11-27;parcelas_22594334-9e4d-4417-adc8-28c765f07ccd.csv
1;1384.96;2020-11-03;parcelas_226653d5-c695-4ca3-8033-ddd80649c419.csv
1;1347.83;2020-03-06;parcelas_2274106a-08ca-4717-83bd-5930119fae64.csv
1;5955.56;2019-12-30;parcelas_2275eb38-70ce-4725-96b8-3d4629795c58.csv
1;3673749.53;2020-03-02;parcelas_227894e6-7d65-40f6-b4fe-fa7f0893a0e8.csv
1;551.43;2020-01-13;parcelas_2278c64c-67a2-414c-9fcf-ac4c4ec46884.csv
1;642.13;2020-11-05;parcelas_228a210e-2915-410a-bf44-eac8ad3a1ca6.csv
1;15230.17;2020-03-31;parcelas_228cd008-de67-4cf5-8ad6-4f36095c30e6.csv
1;13520;2020-01-08;parcelas_229f5379-741d-4291-ac18-007fbfa2aa75.csv
1;0.04;2020-03-30;parcelas_22a47912-ce5a-4378-b0f1-361a3eede58c.csv
1;744.03;2020-01-10;parcelas_22a96506-3353-4203-aa19-078e3b82de08.csv
1;130000;2020-11-27;parcelas_22abd5e2-ce5e-4fba-8835-8146f2b2a498.csv
1;852.8;2020-02-05;parcelas_22aec5f1-a7d2-48f4-8a6c-53dfc4081a40.csv
1;691.28;2020-03-09;parcelas_22bde53b-08d7-4f01-8461-9ee1ab3d73e4.csv
1;52946.74;2020-12-21;parcelas_22be349c-d38d-4b50-8f97-d7d7f280de9b.csv
1;9448;2020-10-23;parcelas_22bffa51-8e62-4440-81b9-52163b0ed1b5.csv
1;307.31;2020-09-29;parcelas_22c30f7c-c2b3-4f9d-9281-e43166c2ab7d.csv
1;17;2020-09-29;parcelas_22c961a0-bd7b-40bb-93e8-4a32a79b3821.csv
1;104.13;2020-01-09;parcelas_22cc9798-aa9d-4de9-9e4d-4226b1a22093.csv
1;8977.99;2020-02-07;parcelas_22d09794-32f6-4367-a927-b39919c3e582.csv
1;6773.36;2020-04-14;parcelas_22d09e8e-2ce7-4390-a8dc-8fa650541f18.csv
1;510.67;2020-08-28;parcelas_22d0addf-f915-4465-99a2-f19cfd903292.csv
1;2584.16;2020-10-28;parcelas_22d10534-678f-422b-9c44-27121f5d38f4.csv
1;282.31;2020-10-07;parcelas_22d56002-a378-4714-92df-6d8c83429bf6.csv
1;15600;2020-05-11;parcelas_22d5c517-add2-4fa5-9daa-f68ef059f83b.csv
1;629.72;2020-10-07;parcelas_22e636a7-a5e1-4363-936b-079e780c49b3.csv
1;620.11;2020-02-21;parcelas_22e788e3-d2c3-409f-bad1-6a695df03df2.csv
1;45812.08;2020-04-29;parcelas_22f60303-e439-4952-a667-a487ed667c44.csv
1;66.7;2020-04-02;parcelas_22fd76a7-5b02-4aec-ba82-725898a39a64.csv
1;1645.97;2020-09-29;parcelas_22fefc86-f897-4780-889f-2d43d29c4c6f.csv
1;133.53;2020-10-21;parcelas_23004ae9-7295-4226-9b0b-ad181e68192a.csv
1;23273.69;2020-11-30;parcelas_23134b42-96d7-49d4-b704-4e172ccd62d5.csv
1;3941.6;2020-09-30;parcelas_2313b970-d346-40cc-9424-9053b0d3feb8.csv
1;1071.25;2019-12-30;parcelas_2318e789-bbff-4657-bded-8e397789aa13.csv
1;1928.03;2019-12-30;parcelas_2318e789-bbff-4657-bded-8e397789aa13.csv
1;6306.75;2020-01-24;parcelas_233387b4-ecba-4f79-b003-ddfa1a9b9760.csv
1;10000;2020-07-15;parcelas_2335757f-461d-4be3-bd36-1a2a332e15ca.csv
1;540.7;2018-09-28;parcelas_2335786a-9bc7-40b1-9f55-7b5bcb212ba0.csv
1;934990.03;2020-02-13;parcelas_23370421-3721-4bcf-acbc-85d56ccadf94.csv
1;18866.6;2020-12-30;parcelas_233ba5a2-931c-4226-ae28-022bdffc7cf6.csv
1;25298.8;2020-11-17;parcelas_234113ce-421b-40ec-ac72-f16fc9d2add5.csv
1;350000;2020-02-28;parcelas_2343449b-bc52-48df-89b5-8f617db8fe92.csv
1;149.21;2020-08-17;parcelas_2347038a-f067-4b04-898d-56c76bcb8294.csv
1;1409;2020-07-17;parcelas_234a7f0b-9d5f-42cd-84bb-d2f283cc5f29.csv
1;29.49;2020-08-19;parcelas_2352be0b-fb44-410a-8f17-7d9322728799.csv
1;36474.6;2020-12-14;parcelas_23534cd9-a685-4a62-b3b4-7844ab5a5f13.csv
1;422.16;2020-12-21;parcelas_23634f48-293b-4e38-89e6-41d8a47343a0.csv
1;66.7;2020-05-11;parcelas_2364a1bb-e1a0-4f43-9aa7-f0f944749f6e.csv
1;2480.6;2020-09-30;parcelas_2366f1f7-6505-4f41-b8c9-20bcabe986ad.csv
1;92125.2;2020-01-02;parcelas_236b0e6a-33dc-489b-91ea-9adeeb1d77ca.csv
1;7137.74;2020-11-12;parcelas_236e5f34-f100-4597-9e00-1e06a0231ff6.csv
1;271.89;2020-09-29;parcelas_236f5cc9-28ab-4bc9-8451-e53638a6622d.csv
1;4590.57;2020-02-06;parcelas_2379f1f9-1ba2-49ad-b8ce-99bf61c5bcb8.csv
1;3181.66;2020-12-30;parcelas_23825d7a-0bfc-46c7-9650-2beef94d5108.csv
1;15918;2020-10-28;parcelas_23856039-ed0c-45ff-8e78-56194f337014.csv
1;4037.01;2020-05-13;parcelas_238ea1e2-4025-4134-91eb-e90381beef4b.csv
1;180.4;2020-07-13;parcelas_23948425-2e86-45a3-8a59-b1eb7dd6b4ab.csv
1;60;2020-11-23;parcelas_23af7c42-cfe3-4c72-9f36-9af4b90705b9.csv
1;2675.5;2020-07-27;parcelas_23beb31b-816e-4ab2-88a8-3dbcaaede1a6.csv
1;9203.61;2020-11-19;parcelas_23bf426d-055e-4663-ac48-a347f01d4cc4.csv
1;1639.22;2020-10-06;parcelas_23c08c94-0902-4799-905b-1822ece5254f.csv
1;4553.35;2020-11-19;parcelas_23c4b181-9d39-4c2a-a6b2-d8d51cea4994.csv
1;1200;2020-03-12;parcelas_23c89d67-2b35-4544-b542-d8b7940c026b.csv
1;59.95;2020-08-19;parcelas_23ca0e6b-8723-4410-8983-d90b8e6afda9.csv
1;200000;2020-01-02;parcelas_23cc7646-231f-4911-a677-88e7a3dbd808.csv
1;1814;2020-02-10;parcelas_23d2ad8c-4d78-4dd4-a771-6f785cae72bd.csv
1;799.06;2020-06-04;parcelas_23d2ed93-725f-44a3-85ee-981d0c905105.csv
1;5448.33;2020-02-26;parcelas_23d3a7cd-d7f4-428f-95d5-949bc3ac8a90.csv
1;5351;2020-11-03;parcelas_23d47739-82bb-4040-b654-bc34e687e699.csv
1;2100;2020-02-17;parcelas_23df54d0-e843-4306-a2ad-108443e9d006.csv
1;9330.46;2020-11-04;parcelas_23e3334c-1456-4848-84d3-2593f9fae2e0.csv
1;20000;2020-05-26;parcelas_23ebc9d7-d94b-4d6a-9259-651e255585e8.csv
1;6940;2020-08-19;parcelas_23ffaf87-977b-4e09-84af-9ef72194209d.csv
1;514571.7;2020-12-21;parcelas_23ffc2e6-2e80-48f4-9d18-4ca1a734c29c.csv
1;1519.55;2020-10-07;parcelas_24012ed8-2850-4a6f-9420-904b693dfbd2.csv
1;175;2020-04-29;parcelas_2409077b-f240-479c-a8ff-7e8b08fcfd37.csv
1;122;2020-10-07;parcelas_240c2a90-ef19-4d4a-a794-249a61b026f9.csv
1;321500;2020-06-18;parcelas_240d9e83-78e1-4d85-93d1-1524355e035f.csv
1;35902.66;2020-05-27;parcelas_240df825-694f-4e8a-b5c2-72fe5c14df49.csv
1;4246.69;2020-01-02;parcelas_241eed32-2a6b-4d99-965a-493fa76b6310.csv
1;70561.9;2020-09-09;parcelas_2427c265-1b8e-40a2-9eda-3b5d7584b619.csv
1;16563.6;2020-02-05;parcelas_242b7341-3a86-4160-bf74-f9d16edf6fcb.csv
1;19900;2020-01-29;parcelas_242e468d-a4c6-4cd1-bc72-40e6bfd66d16.csv
1;29.49;2020-06-02;parcelas_24314c71-351c-4f92-bee3-7d093cd18a20.csv
1;5431.5;2020-07-31;parcelas_243bd80a-8b20-42f1-b743-b9044caee4cd.csv
1;328441.66;2020-08-27;parcelas_24500386-1e13-4e77-9b41-3f70c309cc0b.csv
1;66.7;2020-04-16;parcelas_245088fd-ba5c-4242-8e76-82fbc5069641.csv
1;4180;2020-08-31;parcelas_24579ed2-8a70-453a-844d-bb07ed89c334.csv
1;2517.12;2020-11-24;parcelas_245a33d1-270f-462c-ad1a-d2fd49e4a5a3.csv
1;6048.43;2020-09-30;parcelas_245b12ba-b17f-4c2a-b39b-54f56d3ac3ba.csv
1;73558.55;2020-07-31;parcelas_245ca123-2ff5-4ba6-ae50-fa85436763cb.csv
1;11235;2020-06-04;parcelas_246fabd5-123d-4bdb-85eb-2aa8e7ab5fed.csv
1;10146.89;2020-04-27;parcelas_24723643-7062-4c9f-bada-125ab1aa073f.csv
1;43628.43;2016-08-19;parcelas_2472e74a-5098-4aaa-bd45-3762f12ca5df.csv
1;1050;2020-05-27;parcelas_247956ff-db3b-416f-9016-21906db08d78.csv
1;5669.45;2020-06-26;parcelas_247d4fa1-2580-4e2f-b4e4-6546f2ea2fa8.csv
1;21065.08;2020-11-26;parcelas_247f107d-a8a3-49cd-9dba-cb50881d41ad.csv
1;1127.98;2020-09-08;parcelas_248e1e59-549e-4562-91cd-4d437ce637c3.csv
1;711.28;2020-03-12;parcelas_2491167d-0636-4d18-8257-c26516d337ff.csv
1;44625;2020-07-20;parcelas_2493168c-6919-4cfe-97cf-e10ab5fecab9.csv
1;924.14;2020-11-27;parcelas_24939d79-7a57-45c7-b2cb-ba51d04bc743.csv
1;88.78;2020-10-21;parcelas_24979721-a335-4f97-b393-b4244fb1cf35.csv
1;457.76;2020-10-06;parcelas_249a745d-8e2c-449e-b41f-607c5bd889d7.csv
1;269;2020-06-05;parcelas_24adc267-87e8-47d5-ac39-7cdfd9ceb83b.csv
1;72.3;2020-03-31;parcelas_24b4c476-f734-43cc-81d2-ba91f7533159.csv
1;9252;2020-01-08;parcelas_24bd6c06-9ac1-44d2-bec2-05ca6c89faa0.csv
1;7661.47;2020-11-04;parcelas_24c0d7f9-dcc2-42b3-9dd7-bd58503831d3.csv
1;3666.69;2020-01-16;parcelas_24c229d1-e712-436f-b19c-506ce7b30e79.csv
1;4218.93;2020-12-30;parcelas_24c6ad57-14d4-432c-adba-c4d4dfb7d4b5.csv
1;1778.62;2020-02-05;parcelas_24ce0128-fbe1-429e-9412-994b4b0d6831.csv
1;1557.06;2020-10-21;parcelas_24d16b75-bf05-4249-ba93-909d981b4afd.csv
1;539103.14;2020-06-26;parcelas_24d82872-8d90-4708-b2fb-23e2c64d10ff.csv
1;1119974.49;2020-06-26;parcelas_24dd5ec5-d980-4e55-aeca-aaa7f90bd8f1.csv
1;357181.81;2020-02-03;parcelas_24dde2f1-a68a-4e57-9eb7-c69f7c55ba84.csv
1;2331.54;2020-03-31;parcelas_24e25700-5e54-4e4e-8554-c5bec770d7bc.csv
1;291.44;2020-08-19;parcelas_24e82f56-c324-4ef9-8339-505fbdc2cb9f.csv
1;20105.92;2020-10-28;parcelas_24ec77a0-5559-4a25-bf06-c1bac6a4830e.csv
1;7966.9;2020-09-28;parcelas_24ef0d01-0012-4650-b84f-17a927bd30cb.csv
1;350;2020-04-29;parcelas_24f1d9ae-82f2-4944-9276-f839a5c21419.csv
1;5225;2020-06-30;parcelas_24f2a6fa-767a-47b5-918f-d9b5f6b53670.csv
1;189.61;2020-04-20;parcelas_24f4d9b8-6fbe-46e7-997d-9fca2c4d42c2.csv
1;4518.36;2020-11-09;parcelas_24fd7c0e-2481-4080-b3a3-661a0cd46c6d.csv
1;2969.56;2020-08-18;parcelas_250543bd-1539-4926-8edf-d2bbb7f8e4c3.csv
1;416.33;2020-11-05;parcelas_25057b5f-22b3-429d-914d-4e89258e1352.csv
1;200;2020-09-28;parcelas_250b74b6-f123-436a-8a87-daa7cd8f2905.csv
1;500;2020-03-31;parcelas_2512acfd-9278-4a0e-97f0-d235e42baa6c.csv
1;68636.18;2020-05-04;parcelas_25249cab-702d-4359-a96f-1d8f7654ded0.csv
1;13521.9;2020-01-02;parcelas_2524d0b3-124d-48f2-8bc6-d557846268eb.csv
1;29.49;2020-06-23;parcelas_252b889d-1663-4bcc-a46a-5e4cfed07d14.csv
1;97.95;2020-05-25;parcelas_252e1084-a5cb-4532-b571-331051ccd908.csv
1;160656.14;2020-11-27;parcelas_25322daf-62b9-4b11-a0c5-b0a3121ef2fa.csv
1;39.89;2020-09-29;parcelas_25430275-b23d-4c3c-a543-fd2e66b32401.csv
1;90.46;2020-11-09;parcelas_254a6861-9646-4791-81c6-ecfe20e843b5.csv
1;14250;2020-10-16;parcelas_254b8d0a-825f-4537-bdc0-d046c4ab3075.csv
1;1517.03;2020-01-20;parcelas_254d8231-a8b5-46b6-b986-e0eb2d9cc0ed.csv
1;21507.74;2020-02-28;parcelas_254eec7c-9322-4ee7-9273-6db33ae8dce9.csv
1;145.76;2020-11-25;parcelas_2554ef6a-c0be-4d09-8cf9-2cdd3338328f.csv
1;134000;2020-02-14;parcelas_2559380e-280e-4f47-82ac-c38b2bc857cb.csv
1;1415;2019-12-30;parcelas_255afd09-7398-4d11-b0dd-1a3fc27bd6dc.csv
1;66.7;2020-05-06;parcelas_256d658e-6756-421e-9a40-11f3070b1003.csv
1;134000;2020-06-25;parcelas_256eb2fa-aa91-4987-8182-0f59ecdc983f.csv
1;204577.38;2020-01-02;parcelas_256fa6c5-865d-4702-b1ac-e91371d6fd19.csv
1;45951.94;2020-03-26;parcelas_2573bc76-2016-4876-86cf-ab5372c93f15.csv
1;11915.86;2020-03-02;parcelas_2574fc04-85db-460f-a1d3-3501f640511d.csv
1;30339.6;2020-01-28;parcelas_257ba00f-925a-460c-b9c4-ff28da979382.csv
1;22868.01;2020-01-28;parcelas_257bbc13-a627-4f09-adae-f30c8e0004e8.csv
1;382.52;2020-12-30;parcelas_25811c34-4692-4bf6-b472-f760b7d0d622.csv
1;175923.96;2020-11-18;parcelas_2582f311-0646-4abb-b484-0f75654cd434.csv
1;6101.06;2020-07-09;parcelas_2585e6d8-c684-4f37-bfb8-8a4f1df22822.csv
1;4032.39;2020-09-28;parcelas_25875993-a95d-4077-a9c7-9543eefb0966.csv
1;79.79;2020-12-11;parcelas_25941f52-4a36-4975-9a89-842bf1c25fd3.csv
1;4562.93;2020-10-14;parcelas_2595518a-df37-4e0c-8fcb-1138cf8daa88.csv
1;3148.86;2020-02-05;parcelas_2599b462-dffc-4029-854b-241bf83e1a17.csv
1;66.7;2020-03-27;parcelas_25a4f8a7-a3be-44b4-bceb-65471cb54b36.csv
1;10620.7;2020-08-28;parcelas_25a61a23-84dc-4d1e-8afe-a81aed5a94d2.csv
1;173.55;2020-10-19;parcelas_25a7b089-5534-4225-971d-14c2c53d83c3.csv
1;5735;2020-01-02;parcelas_25b187e2-4e25-4f0b-9036-12c301dfdcd7.csv
1;2360;2020-08-25;parcelas_25bca550-8454-4d88-b9ff-d3639bf58d83.csv
1;11054.36;2020-09-28;parcelas_25bfb65f-2c12-49b4-86f3-eddace3ed424.csv
1;15424.5;2020-11-03;parcelas_25c7024c-64f5-402c-b711-55ad41ec0522.csv
1;106253.45;2020-02-03;parcelas_25cc9f98-ce16-4796-a6ce-e886b22a52b9.csv
1;1260.66;2020-01-22;parcelas_25d2fdc7-a450-4323-92b8-5bdf45f7795f.csv
1;16000;2020-04-29;parcelas_25d80e76-b282-49ce-8237-0b6a0bf6855a.csv
1;1668.04;2020-11-16;parcelas_25d94f84-96b5-4925-bcd1-d91d2bdc9886.csv
1;30653.33;2020-04-07;parcelas_25ddaa88-1ae2-4faa-9e5d-d3febe6684cf.csv
1;874.9;2020-08-28;parcelas_25eba967-4d78-4501-b509-9c91713cd97f.csv
1;34495.02;2020-09-28;parcelas_25ebda64-431e-4077-8726-e6d86e1a27d8.csv
1;3500;2020-01-29;parcelas_25ec470e-3e46-4ebd-8e24-7f0866cbe162.csv
1;1304.18;2020-09-24;parcelas_25f25f30-161c-4a36-98b9-70ef6bec4f9d.csv
1;1486.74;2020-02-17;parcelas_25fd0492-0508-4c03-8dba-0f867eb64c3f.csv
1;1018.6;2020-05-06;parcelas_260552ea-455a-4efe-bc85-57f3154bd3e2.csv
1;447825.65;2020-07-08;parcelas_2606e996-1cf1-49d1-9078-f868c1c01e2f.csv
1;10059.07;2020-11-06;parcelas_260eed47-0144-4b1f-bcf6-95aba3dd7711.csv
1;1200;2020-05-13;parcelas_26113295-78f2-4214-942a-def1c75b15e0.csv
1;70000;2020-02-26;parcelas_261908bf-0cb5-4b79-9c78-9d98c9fa5d9a.csv
1;102.58;2020-12-14;parcelas_261a1cfc-e4f6-4781-98bd-39f1fca30084.csv
1;183082.72;2020-04-29;parcelas_261be3ac-b9f1-4c60-88c7-c087c7dd1193.csv
1;1582.77;2020-11-30;parcelas_262525fc-b0d7-4341-b0e2-d7c9ea99a49f.csv
1;180000;2020-01-02;parcelas_2628efc9-bbc4-42e8-9f61-9a999bd66647.csv
1;600000;2020-01-02;parcelas_262910a5-de5c-4e29-b7c1-74e70daf1934.csv
1;58847;2020-07-13;parcelas_262c53e8-c903-4343-93d1-db21fc0ad6f9.csv
1;4308.08;2020-03-06;parcelas_263611f9-a7aa-4d4d-8cdd-fc7e8e606442.csv
1;1478;2020-10-07;parcelas_2638066a-d1d3-4976-a178-ed00b0c6887a.csv
1;700000;2020-01-02;parcelas_263b0fa2-95ed-4275-ab7e-d44b72039886.csv
1;1172.67;2020-11-27;parcelas_263f8e66-fe0c-443d-962b-a3ad91369305.csv
1;4216.44;2020-11-19;parcelas_26491221-f1a8-4044-ae39-5c15d8fabdba.csv
1;29.49;2020-08-25;parcelas_26521613-abdc-410e-b4de-82e02ad13e43.csv
1;87.67;2020-03-31;parcelas_26593829-e796-45fc-8489-d218a5cde3c4.csv
1;1171.89;2020-11-19;parcelas_265b4f59-6ab3-4858-b120-13c23dd808fd.csv
1;62502.37;2020-09-08;parcelas_265c9a8f-7317-4363-8e58-b66a5a9ac84d.csv
1;5050;2020-04-29;parcelas_2662079d-91af-475e-a327-2fedd1332806.csv
1;21670.74;2020-05-18;parcelas_2662cff1-12dc-4d4a-9d73-0eca72746c78.csv
1;25793;2020-11-27;parcelas_266e4ddb-ba73-41cf-a2d8-b5340967575d.csv
1;7752.5;2020-09-28;parcelas_266eb1d8-a093-45d8-847a-a1aea1b2732c.csv
1;2400;2020-02-03;parcelas_2678239d-4388-4987-8bb3-7a56b33dae84.csv
1;4343.6;2019-12-30;parcelas_267d8453-f40a-48ae-a793-a21280ee5109.csv
1;6062;2020-11-09;parcelas_26807fd5-975f-42f9-a9d4-6f87ddbd224d.csv
1;10290;2020-11-24;parcelas_268a2edb-2336-49a8-bff8-13d8f6292237.csv
1;100000;2020-07-30;parcelas_268e4aae-ee0d-408b-9544-9b169aab8533.csv
1;94353.12;2020-08-14;parcelas_268f2100-7cd1-4a4d-bf8a-74c029f8835e.csv
1;122450;2020-09-25;parcelas_2692ca64-7476-4fd6-a32a-7eccc8c94f40.csv
1;27843.68;2020-05-29;parcelas_26957a16-56c7-40cb-a983-d476dfa75f42.csv
1;2365.09;2020-09-23;parcelas_26a2b3e3-442e-4a23-a771-26e0664b6dae.csv
1;106215;2020-09-01;parcelas_26a2c0fe-cbd7-4900-930c-b75bf3dd10ed.csv
1;4044;2020-10-13;parcelas_26a2d0ca-da65-4d23-b1a5-4eb995a6691d.csv
1;5971.77;2020-09-28;parcelas_26a500f4-dc3a-42d7-a1c7-1b72a2c534d3.csv
1;810;2020-03-16;parcelas_26a80e07-39d2-409e-9262-12c256cb38c2.csv
1;20370;2020-08-21;parcelas_26a86313-6c5e-4fd5-9351-8ecaf8f91f70.csv
1;3000;2020-04-27;parcelas_26a8aa4b-1cc4-471f-80dd-8df2c73b79f6.csv
1;1848;2020-05-11;parcelas_26a9af85-aa1c-47bd-b1d8-a944cc3ad66e.csv
1;6525;2020-09-03;parcelas_26a9beb5-6971-48c3-b3af-73f97f7ff63d.csv
1;32900;2020-06-19;parcelas_26abcc61-989f-497b-bfd2-396a1d61f79b.csv
1;750;2020-08-18;parcelas_26abcc7d-0d93-470e-973a-4dc9fac13cd2.csv
1;2520;2020-07-13;parcelas_26b506b8-899e-4590-af2b-dd0cb02726cc.csv
1;109648.52;2020-12-21;parcelas_26b7206d-1aa1-409d-b270-370de3af32ab.csv
1;1200;2020-08-19;parcelas_26bbb3ae-97b9-42bb-b411-58385f32a0dc.csv
1;125126.95;2020-10-28;parcelas_26bc2efa-cd05-47e5-adfb-94407873e593.csv
1;3018.75;2020-10-28;parcelas_26bc96f2-9226-440d-b79a-d0fcf8f8d5b1.csv
1;487658.9;2020-08-27;parcelas_26c351ba-a502-4b3a-b80c-3f07a58657c3.csv
1;19098.56;2020-07-13;parcelas_26d0f4fa-3817-451a-bb81-e74d3a8c441c.csv
1;100000;2020-02-28;parcelas_26da1b7b-1d42-4191-811a-e4527ddb4289.csv
1;2196.49;2019-12-31;parcelas_26ebf89e-6a23-4598-b2b9-c7ef1f3e8dbc.csv
1;5336.17;2020-09-28;parcelas_26f08d7f-1a30-45ec-8220-eff9634ed716.csv
1;503.33;2020-06-26;parcelas_26f7ab3d-18bc-4e1d-984f-73c7b45cd81e.csv
1;16625;2020-10-30;parcelas_26f9b731-48b7-46da-8fce-48c80e34682f.csv
1;568.39;2020-09-29;parcelas_26fa2d39-7ba2-44f2-b4b3-1ec8f0dadde4.csv
1;3000;2020-04-09;parcelas_26fb3058-e1c7-4d03-9568-f4d828eab82b.csv
1;58008;2020-07-21;parcelas_26fd306a-1426-4e71-9815-4921d408816c.csv
1;142749.02;2020-02-10;parcelas_26fd5fa3-e5b5-410d-9b80-7d91e073532c.csv
1;4650;2020-07-01;parcelas_2704ba0f-f6b6-42af-b603-42e2ba6f8333.csv
1;68900;2020-01-02;parcelas_270ae5ad-9c70-4a0d-9776-34d32367329e.csv
1;70;2020-12-10;parcelas_270becab-cba6-4f07-acb6-51e7db23578c.csv
1;5256;2020-09-08;parcelas_27109eb4-f347-4ca1-83db-30d483a69c9e.csv
1;3189.03;2020-04-30;parcelas_271142a4-dbc0-4ccc-a6d9-ec679928e1d7.csv
1;763;2020-03-06;parcelas_27125d4e-8cd1-401d-9a70-27f6f76a72a3.csv
1;3672.24;2020-08-19;parcelas_2718e821-3b35-498d-bb82-97988d4c6487.csv
1;1719.54;2020-01-22;parcelas_27233c46-64c2-459d-8a7f-63bc12629bed.csv
1;3474;2020-03-06;parcelas_27249c84-9e8f-429d-9574-c49e29c00f5d.csv
1;7245.36;2020-08-19;parcelas_27410847-5445-4155-92fd-78cdab9400bb.csv
1;6288.33;2020-03-26;parcelas_2746286f-7ec1-4d05-b39c-351a2f0e7c72.csv
1;49100.68;2020-10-28;parcelas_274b7177-b692-4353-8917-3ba1fede6d88.csv
1;1887.51;2020-11-20;parcelas_27515d16-d813-4122-adf7-a776ab305b21.csv
1;88.92;2020-12-30;parcelas_27522caf-f01b-40bb-9a49-d631b5720872.csv
1;69007.18;2020-04-29;parcelas_2753223a-a772-4ac9-b26f-7d9bc09ccf01.csv
1;976.33;2020-10-05;parcelas_2757ba26-48eb-4a71-8db6-42fb716eeb28.csv
1;1235;2020-09-23;parcelas_275948cb-f9cc-4d26-9880-d1f2ab83d303.csv
1;29.49;2020-06-22;parcelas_276287f0-629f-439e-bd4a-06d62c960cdf.csv
1;332367.55;2020-02-26;parcelas_276f1994-9c2c-4b9d-9eb4-7c3a1f69ef18.csv
1;1100;2020-11-03;parcelas_277407bc-c839-4d52-b4fc-ddc72075f7b9.csv
1;1890;2020-11-12;parcelas_2779b82e-13ac-4cda-a1ee-3006d719fd20.csv
1;1674.84;2020-02-05;parcelas_27826fdc-47d3-43c9-b174-633b9c47c7fc.csv
1;79.79;2020-10-20;parcelas_278272dc-412b-40ac-985d-d3217564b8a6.csv
1;1254;2020-05-27;parcelas_278c4f5f-167e-45f6-ba59-37c504d49df8.csv
1;446.75;2020-01-23;parcelas_2790f6f6-6a1c-4f59-b053-c0656b9085c9.csv
1;11385.36;2020-03-06;parcelas_2795706e-2e3e-4398-8b32-c66ce52226f7.csv
1;118392.89;2020-12-01;parcelas_279e65ad-769b-42e3-91e3-53745798bf82.csv
1;22078.7;2020-01-08;parcelas_27a0d50b-1113-4c6a-8aad-5a73f4d1b531.csv
1;5475;2020-06-08;parcelas_27a491e6-b3cb-446d-b8e5-570b5135e080.csv
1;1201.35;2020-10-21;parcelas_27bb585b-263e-4877-b807-375eb429d304.csv
1;550;2020-10-21;parcelas_27d6410b-c8f6-43fa-98ea-71bb4ed67c81.csv
1;1633.33;2020-10-28;parcelas_27dc5205-4831-4980-85ba-908316a95cbe.csv
1;100000;2020-08-31;parcelas_27df8cc0-e490-4a3e-9e63-d25960e41b71.csv
1;66.7;2020-05-13;parcelas_27e72cf0-1c55-496f-80cf-4b4456196b71.csv
1;21.66;2020-10-20;parcelas_27f4b7a1-4697-4435-b645-ba5c60e82576.csv
1;4410;2020-11-16;parcelas_27f4b8ce-fa76-487b-9f31-7da94d7f9610.csv
1;28709.47;2020-03-26;parcelas_27faa1e3-1f38-4188-b7e9-911420843164.csv
1;1209;2020-12-30;parcelas_27feaebf-909a-4c55-8d47-358b2664e78d.csv
1;1266.22;2020-08-19;parcelas_27fed7e5-e00b-4eb6-8c1e-0e5e834a3756.csv
1;13795;2020-07-31;parcelas_280df81c-a9a5-4742-a2c9-65a43a49fcd9.csv
1;29.49;2020-07-17;parcelas_28101ce2-2eae-495b-9c75-6ce5755dfeb3.csv
1;153.3;2020-12-30;parcelas_2812b84c-7824-4009-b540-1b7dff2016ce.csv
1;66.7;2020-01-17;parcelas_28140a5b-63dd-4424-92e6-431835b70f37.csv
1;10337.3;2020-02-17;parcelas_2818954e-000f-480b-a291-f261901a20df.csv
1;16200;2020-07-13;parcelas_281bbae7-4387-4e66-a932-9abd6841a373.csv
1;8872.57;2020-05-18;parcelas_28236795-0cff-44da-add6-be8dd8864181.csv
1;10884.86;2020-06-23;parcelas_282470a5-c60c-4129-850b-62b8471a37e8.csv
1;61.2;2020-11-03;parcelas_28296f4f-777f-48b5-9bae-4fd360560bac.csv
1;3538.41;2020-05-27;parcelas_2831888b-ed45-45f8-a211-8c8b18fbe120.csv
1;660866.25;2020-12-15;parcelas_283499b5-552b-437e-9220-cab94f8dc772.csv
1;3357.26;2020-04-24;parcelas_2835727e-5e24-4515-a115-8c6d0ba681e1.csv
1;1192.89;2020-10-14;parcelas_283f478b-30ca-4089-a7c3-033ce9b97b9d.csv
1;158865.76;2020-01-03;parcelas_28496fe9-8dba-41ae-8e8c-a6fc1b322dd3.csv
1;604.45;2020-11-03;parcelas_284d8338-d2ea-44ce-8f35-4d86ee2c7f63.csv
1;7588.47;2020-11-24;parcelas_284eda48-c148-40fc-b7ff-5c5d9fcbe6de.csv
1;1039040.53;2020-04-17;parcelas_2851b0da-e394-4e9e-aa53-bfa458096b3e.csv
1;800000;2020-06-15;parcelas_285777ae-c4a4-40a7-8f71-6f85bf08a4a7.csv
1;302071.46;2020-01-02;parcelas_2861040d-fa46-4f3b-84d2-3644b09e304b.csv
1;718.64;2020-06-24;parcelas_2861aff7-7d92-4d25-ab0e-20272d1a5a3d.csv
1;1552873.4;2020-01-02;parcelas_2861f62a-e863-4da3-97ac-89207fd92183.csv
1;3990;2020-09-23;parcelas_28691abb-6dee-4b0f-a305-76e746bdaf56.csv
1;2155;2020-03-17;parcelas_2876537e-dd67-4942-a4f7-e869ee8d0200.csv
1;215665.69;2020-02-26;parcelas_2876d3db-cf80-4c69-afe8-534bf6aee7a0.csv
1;15377;2020-02-18;parcelas_287992c0-517d-414e-b077-e2993547e52c.csv
1;12186;2020-11-11;parcelas_2879a243-70fd-43cd-8566-584ba641b85b.csv
1;3420;2020-12-16;parcelas_287d2834-f59e-47ee-a010-a8ae67a69b0a.csv
1;87565.14;2020-09-30;parcelas_288241f1-0476-4cfb-a861-50a620897422.csv
1;723769.15;2020-12-30;parcelas_28873ea4-9b2d-400b-af47-5627d5994deb.csv
1;2667.32;2020-03-03;parcelas_2887b694-dba3-4403-b2f2-e2ce10169215.csv
1;1729.18;2020-12-30;parcelas_2889ab90-d331-4f20-ac2f-33803fb2ba56.csv
1;542.2;2020-09-28;parcelas_288dbea8-99a3-4d0f-acbd-ec04d3e85574.csv
1;380000;2020-01-02;parcelas_288f0140-0353-46cc-8254-b58050a0c085.csv
1;62000;2020-04-09;parcelas_28911d8a-2a67-4dd4-a58a-0aef3c6bc5ae.csv
1;742.34;2020-06-22;parcelas_289b5be3-263d-494e-8209-4db8e99d9f80.csv
1;80002.28;2020-10-28;parcelas_28a31b0c-b19a-41ba-9304-f97cd6badd85.csv
1;357181.81;2020-05-04;parcelas_28a8cf1d-822e-41b2-91cd-4556deb6dda8.csv
1;3210.6;2020-06-16;parcelas_28ab7905-0ccb-4725-a020-db0384272d11.csv
1;735.39;2020-09-29;parcelas_28b72e27-dc78-4dff-b42b-ed681ab3958e.csv
1;1389.72;2020-12-21;parcelas_28be6f68-b392-44d0-bca7-db3c37c5dd5b.csv
1;10584.57;2020-06-26;parcelas_28c5c14f-72c5-4e37-85b3-0d7d201b1b66.csv
1;2014.34;2020-06-30;parcelas_28c83b5d-7d4d-4c1b-a11f-bfff823694a6.csv
1;1245.48;2020-11-03;parcelas_28cdbe87-b354-48bf-bfb7-dc1d65ee0447.csv
1;15000;2020-12-15;parcelas_28d2e3ac-d99f-4ce4-bfce-4248b1c1c995.csv
1;2012.5;2020-12-21;parcelas_28d3fadf-47fc-4fb2-b9f0-322c6b7c247d.csv
1;70;2020-12-09;parcelas_28d8b82a-3a0b-4efe-a8db-f99942761666.csv
1;31057.64;2020-05-27;parcelas_28ec1850-f9eb-495e-8845-cd4f6554d006.csv
1;5189.98;2020-01-29;parcelas_28ef9a13-8f19-421e-9cc3-16598ce2f68c.csv
1;1712;2020-02-11;parcelas_28f521c7-e0b3-4f5f-9b7c-c3c162115ad6.csv
1;66.7;2020-02-27;parcelas_28fb488c-6a69-486a-a24c-269a78863680.csv
1;38384.5;2020-03-30;parcelas_28fbb508-8c07-4813-8a7b-5794a43c7243.csv
1;50;2020-06-15;parcelas_29020d42-8ebd-4a18-9b87-1d39840fe0a9.csv
1;75634.93;2020-07-13;parcelas_2906225d-477b-43ff-aee9-d9923322703c.csv
1;2881.15;2019-12-30;parcelas_290f5428-419b-48af-ac83-442fbcdedb4a.csv
1;1343.56;2020-10-30;parcelas_29114082-cd3e-4686-b7d6-2b962fa87e65.csv
1;313895.33;2020-01-29;parcelas_29141981-1031-4be4-99f3-100b525074f3.csv
1;4214.52;2020-02-27;parcelas_2919a45c-68c6-4216-9a76-9ac4817ad164.csv
1;2525.75;2020-01-08;parcelas_291ff9b6-3873-48a0-9c50-3fce07b3c6c5.csv
1;200;2020-01-29;parcelas_29258964-8af7-4ee1-8146-f21e9b848d49.csv
1;2833.56;2020-11-27;parcelas_292d1f6c-6d74-4de8-9590-ac7408fd69a8.csv
1;107.3;2020-07-13;parcelas_293b8bdc-d35a-4fa3-8bc5-4cc9c84a5135.csv
1;228.35;2020-09-23;parcelas_293c9a37-6fca-42cc-b2ac-6e7d0dd504b6.csv
1;116;2020-09-29;parcelas_293d43b9-c9c8-42de-8443-e3340cc5aa9f.csv
1;79.79;2020-11-11;parcelas_2940a0c2-8218-457d-a086-0a920e3f3ab2.csv
1;4765.84;2020-12-21;parcelas_29460490-be5d-4103-b1b7-58b6627a24d2.csv
1;8731.87;2020-08-31;parcelas_29475d5f-eba8-4d93-b43c-73177840a851.csv
1;78.47;2020-09-30;parcelas_294bf9a3-8d7f-40a6-bb77-6bde02baeef7.csv
1;50573.28;2020-08-27;parcelas_29570603-deea-4a72-af92-2579e75f8553.csv
1;1508.62;2020-06-03;parcelas_2957623e-e9c9-4eb8-bb21-292e7636f9d1.csv
1;2102.53;2020-01-31;parcelas_295e8fd4-0076-48ef-bd1a-e2cedce6cb1a.csv
1;60000;2020-01-02;parcelas_2961d511-b384-4875-88df-aa7764829d1b.csv
1;42000;2020-09-15;parcelas_29630047-c157-409c-9c9c-06166d88fe84.csv
1;4400;2020-09-01;parcelas_296842ce-1084-439e-8b5b-94cd287a5476.csv
1;1970.8;2020-10-30;parcelas_296899a6-a417-4c02-9056-6233bb72461e.csv
1;66.7;2020-05-05;parcelas_297043f1-c608-4bcb-8ea1-9e41bfed0281.csv
1;66.7;2020-04-20;parcelas_2970d69d-c891-490b-a160-8897d0fafefc.csv
1;1203;2020-01-02;parcelas_2976f788-7644-4699-b964-638f4cabaf9d.csv
1;6928.6;2020-03-06;parcelas_2981e1d2-1485-4c94-aa62-4011f9155eea.csv
1;365;2020-09-24;parcelas_29827aa2-f3ce-4d81-9150-4c6335268b9b.csv
1;503.33;2020-01-28;parcelas_2989d9a7-1879-4b47-bf21-e4754d7589d1.csv
1;44414.69;2020-06-10;parcelas_29903087-bdeb-44a1-a8f4-e5ff866f5b09.csv
1;5196.66;2020-03-30;parcelas_2991778a-aedd-415b-ab3c-25db985e1dab.csv
1;967.34;2020-11-03;parcelas_2997ff74-5716-4241-b6a3-a954b7709ea1.csv
1;16976.95;2020-10-30;parcelas_299cb531-497e-4db0-9873-6930bcb55b66.csv
1;66.67;2020-02-18;parcelas_29a9e688-7068-4fd4-9961-8321365fdc59.csv
1;48083.1;2020-03-26;parcelas_29bb78fa-f932-4f14-8d7b-3ce6a6f6e800.csv
1;45000;2020-09-15;parcelas_29bc2842-2c34-4b63-b98d-04814eee30ae.csv
1;350;2020-03-26;parcelas_29bdf966-d1c9-4956-8990-c3b15649e032.csv
1;7.42;2020-09-17;parcelas_29c98a28-0edc-4e73-ad5d-03ed7d8cacbe.csv
1;275;2020-02-03;parcelas_29d972d3-cb7a-4349-af66-5396d3e1d630.csv
1;4080;2020-10-16;parcelas_29dc0640-0de6-482a-83e9-b1c895f0d80f.csv
1;10950.55;2020-01-08;parcelas_29e04c5b-8329-4b1c-b159-60b0a6dd1ed6.csv
1;3281.16;2020-02-26;parcelas_29e661a4-8278-4a94-98c1-be5808a527af.csv
1;286.99;2020-11-27;parcelas_29f003a6-a37f-4f38-b852-37724e78ef97.csv
1;2607;2020-09-11;parcelas_29f15f2d-2e33-4367-ab70-d8805833837d.csv
1;1039447.59;2020-01-02;parcelas_29f781d2-9f25-40c3-b238-89f177658062.csv
1;1415.58;2020-08-17;parcelas_29f98063-24de-4a26-9e28-dc531b1f370d.csv
1;1395;2020-10-29;parcelas_29fd190b-db75-49c3-a068-14b68a242d0e.csv
1;40296.95;2020-06-03;parcelas_2a09b1bd-ddc9-453f-a5ce-0cc3bc509552.csv
1;1160.9;2020-05-05;parcelas_2a0bb889-b0b4-407e-b495-22317509020e.csv
1;2899;2020-02-21;parcelas_2a0f2f70-9db5-4cf5-a7d9-becbe85fd263.csv
1;66.7;2020-04-08;parcelas_2a117542-f617-4486-b44e-988a0bab71f3.csv
1;386;2020-05-19;parcelas_2a1256c7-c3ec-40a4-a9ed-80398d392901.csv
1;507.98;2020-10-21;parcelas_2a1a4c5d-9ca4-429d-88ce-2b6e5cd057e5.csv
1;1522.77;2020-10-30;parcelas_2a1d26d2-52a2-414f-9dd0-21a1060fb486.csv
1;24998.89;2019-12-30;parcelas_2a1f987e-bcc4-4de2-9eb5-9df90220a5cf.csv
1;3978.37;2019-12-30;parcelas_2a1f987e-bcc4-4de2-9eb5-9df90220a5cf.csv
1;541459.46;2018-12-31;parcelas_2a234b42-3d30-4ea6-acb0-09b6f97da7fe.csv
1;88.78;2020-06-04;parcelas_2a2667c7-e53a-47c2-afcc-fc093609fd5a.csv
1;154;2020-02-27;parcelas_2a27aa9c-19ff-44d7-8028-dd9d64033c19.csv
1;1439.44;2020-04-30;parcelas_2a2ba8f1-a15d-4830-b260-92ba7078ac40.csv
1;66.7;2020-04-23;parcelas_2a338a87-6845-4289-9f92-37e08eed1efe.csv
1;148939.2;2020-01-24;parcelas_2a33e1c4-a5cb-477f-8330-7b38091c50fe.csv
1;90248.27;2020-05-14;parcelas_2a35aed6-15c7-4d33-b715-56e3391d82c9.csv
1;638;2020-10-26;parcelas_2a379b3d-d5e5-4d6b-a19b-4313d68d08e1.csv
1;7270;2020-06-15;parcelas_2a38169e-3545-4005-a148-28bac8d9af3f.csv
1;400;2020-11-04;parcelas_2a3c0c3b-639e-486c-8987-ad61d7f96a27.csv
1;61528;2020-09-23;parcelas_2a43ced7-a2b6-41b4-bffd-73bc37a040d2.csv
1;36059;2020-04-09;parcelas_2a450c51-449a-4c5a-90c8-0f9b7611de90.csv
1;262.5;2020-04-29;parcelas_2a475546-0228-4066-833f-bef3beba3293.csv
1;6387.5;2020-05-27;parcelas_2a48699f-47f0-4f68-9d7d-570a7ed94ec4.csv
1;1748591.01;2020-01-02;parcelas_2a4a017c-3661-4137-91c1-21a682f73c22.csv
1;56;2020-10-13;parcelas_2a543082-6bea-4ce5-8dbb-a34a2004b28d.csv
1;128.74;2020-02-12;parcelas_2a558124-3511-4044-8ed3-eb4c7441c497.csv
1;4312.41;2020-11-11;parcelas_2a5581e8-6e7e-46eb-a3d9-ddf86cec72ce.csv
1;70000;2020-01-27;parcelas_2a599844-c25e-4358-b516-c54cf43933d7.csv
1;1476.45;2020-04-15;parcelas_2a5d0acf-1014-43fd-8547-0029042b7628.csv
1;635.13;2020-08-17;parcelas_2a61c86b-69bb-49ec-aee7-35a928077524.csv
1;12500;2020-07-13;parcelas_2a6a61da-a73f-4428-a0a8-4c98fd7d5ec3.csv
1;71759.57;2020-08-31;parcelas_2a6a8bef-d90d-4762-b7c2-473a963b046d.csv
1;1102.5;2020-10-13;parcelas_2a74a12c-e666-49b7-b05d-194be2f7f2a6.csv
1;512230.62;2020-06-26;parcelas_2a771865-7772-48a7-b18b-73a4e5aec05f.csv
1;4781.71;2020-09-08;parcelas_2a7840cf-1366-4371-a3e8-e68767a4897d.csv
1;540.75;2020-02-05;parcelas_2a7e5606-9863-4377-8c5f-5be7e6fdb178.csv
1;655144.61;2020-09-28;parcelas_2a8c459d-daa3-45bf-bd18-0d3aff065bcf.csv
1;6969.74;2020-11-25;parcelas_2a96e3ec-1034-4938-9237-505726297424.csv
1;71384.62;2020-11-23;parcelas_2a99299f-a5e1-4cdd-b46e-525f607428aa.csv
1;86735.92;2020-12-21;parcelas_2a99f1d3-0755-46ef-b6ee-b894f6a26a35.csv
1;34123.3;2020-07-02;parcelas_2a9b70de-7d3a-4d10-a41a-81889160ea68.csv
1;12450;2020-01-08;parcelas_2a9ef9bd-990d-49f5-b580-e0093d5be995.csv
1;9450;2020-10-01;parcelas_2a9f70b9-521a-44e7-9bc6-15bab198b81d.csv
1;331372.92;2020-11-19;parcelas_2aa69de9-f94a-453f-8722-96e87267095a.csv
1;44.71;2020-01-31;parcelas_2ab00fa5-7ac3-470a-af32-bc43f3de4d1c.csv
1;95166.04;2020-02-06;parcelas_2ab0e22c-8ce4-4b3e-82ac-38d93545edca.csv
1;20808.39;2020-09-28;parcelas_2ab1e334-69fe-4a42-8576-0a317bb19a2e.csv
1;4080.86;2020-05-11;parcelas_2ab366dc-aa40-4c1b-b07f-46451a32e06a.csv
1;687;2020-08-13;parcelas_2aba4bcb-e694-4aad-add5-70dd2db09107.csv
1;1945.93;2020-02-06;parcelas_2ac01036-69e1-4091-ad76-a02db22c609d.csv
1;2076.67;2020-11-27;parcelas_2ac0855a-2df4-4db3-8e5a-57e83814d502.csv
1;22538.13;2020-08-27;parcelas_2acfb0cc-a896-4f75-8ba2-4c227d5db2a1.csv
1;739.67;2020-09-30;parcelas_2ad46e1d-a8ec-4845-bd3d-a427717336f5.csv
1;41557.54;2020-07-31;parcelas_2ad4ecb2-08fb-4cbc-a976-be5a76844d01.csv
1;165;2020-08-19;parcelas_2ad9db46-af6a-40a3-9f66-bc1ee5cb6ce6.csv
1;1366.1;2020-05-19;parcelas_2add2ba6-786c-45a2-bcc6-2865d8f8fefb.csv
1;42515.28;2020-09-28;parcelas_2adf5561-0974-40b2-9b18-5bd3c776dd97.csv
1;7466.66;2020-08-27;parcelas_2ae6c41e-b78a-48b7-b695-f172c2086110.csv
1;718.79;2020-06-30;parcelas_2af1043e-04ef-4a3c-8428-038398aa6bc1.csv
1;133.71;2020-06-26;parcelas_2af1dc7c-baa4-4462-b936-faf6385b72ad.csv
1;380;2020-05-05;parcelas_2af557c4-cda7-4db5-8c95-3b16b0de8c28.csv
1;200;2020-10-21;parcelas_2af7dd97-0065-4db1-9983-970c272b4ffa.csv
1;97.15;2020-10-28;parcelas_2b054dda-0378-4dc0-bc5a-ee93c6489235.csv
1;3210.6;2020-11-06;parcelas_2b05924f-f5ad-47b9-8391-bb13de158962.csv
1;1879.59;2020-07-31;parcelas_2b05c8de-883b-4b0d-8859-c7323533c262.csv
1;39792.2;2020-10-07;parcelas_2b077ba6-680a-4187-921b-02bc4da3dd06.csv
1;195.04;2020-09-08;parcelas_2b158da9-f3b4-48f4-882b-9e633fb77fa1.csv
1;1159.96;2020-03-17;parcelas_2b191155-efbc-41cd-ae18-9f530302e376.csv
1;2331.98;2020-03-02;parcelas_2b1990c6-c453-4cc7-8e54-e855a1cae6c9.csv
1;3677.95;2020-07-10;parcelas_2b199a8a-85ec-4bc8-9ff3-756b6a9f6855.csv
1;2881.06;2020-03-10;parcelas_2b22a120-4025-4137-8e4c-a7737eba169e.csv
1;2391.12;2020-02-20;parcelas_2b267d24-b9e0-49a5-b1f2-59008edd14ab.csv
1;32188.11;2019-12-31;parcelas_2b267d24-b9e0-49a5-b1f2-59008edd14ab.csv
1;918.6;2020-04-29;parcelas_2b39095e-f621-4fba-b576-639d459a52f1.csv
1;608.13;2020-03-10;parcelas_2b3c4836-fb52-49a5-bba2-44454d52a1e8.csv
1;3744.24;2020-10-01;parcelas_2b555861-81f7-4d15-a955-3782801c71fb.csv
1;25.94;2020-09-29;parcelas_2b5eb094-b8b8-4ce8-9f43-5237284a4fff.csv
1;103362.64;2020-01-02;parcelas_2b63ef4b-1f8a-49b2-ad74-cbacfc58e2b9.csv
1;31185;2020-01-02;parcelas_2b63f256-f1b7-4d14-8eff-4e0b872b752b.csv
1;6540;2020-03-02;parcelas_2b6a38fe-f937-400d-a9c0-5b1636380891.csv
1;1811.15;2020-12-21;parcelas_2b6cb370-98af-4129-8b2a-01729f20eb6d.csv
1;9635;2020-10-02;parcelas_2b6cc6f8-9f97-49bf-9f8d-37088c7bf603.csv
1;1560.51;2020-01-24;parcelas_2b7c55ac-c9da-4fb4-8cb2-8f7fa543ec28.csv
1;6440;2020-07-13;parcelas_2b7da113-033d-41d7-8c59-54afe50edd0c.csv
1;954;2020-07-13;parcelas_2b7f6613-a794-4983-a25c-3315a4676a0a.csv
1;395306.11;2020-05-26;parcelas_2b8824c3-3a66-4ca0-b117-7b8bd53316c5.csv
1;1245.72;2020-07-14;parcelas_2b917711-38ea-4312-8a80-4b02a65a9c00.csv
1;72;2020-10-05;parcelas_2b933952-5c17-4dac-8ca6-0f8f10dd8cea.csv
1;22166.16;2020-11-27;parcelas_2b95f0bd-18a4-412e-9ed5-051f9c704a33.csv
1;3000;2020-01-02;parcelas_2b9a8e08-d6a8-4390-8b3d-e78dfe1a367b.csv
1;63810.27;2020-07-13;parcelas_2ba65de4-1b22-4fd3-9411-d77205ff9a3c.csv
1;1543.6;2020-10-30;parcelas_2ba9c226-bd7c-4433-a5e4-19a0264b357a.csv
1;7312.08;2020-01-29;parcelas_2bae5137-22a3-4ac3-a030-730641941c79.csv
1;36682.29;2020-08-05;parcelas_2bb2a6d9-bd17-41fe-a13c-c40dd37d7f85.csv
1;331410.38;2020-01-17;parcelas_2bb46edc-a60d-40a7-aa21-cfb225645b23.csv
1;384;2020-09-29;parcelas_2bb6bdd7-befa-4ed4-b8ca-2c7a49e5385b.csv
1;755.84;2020-09-28;parcelas_2bc5cd26-02a8-4f6b-9d76-80cd5a8f286a.csv
1;418661.42;2020-03-10;parcelas_2bc8958b-f4d8-4bd1-a6e0-82556040d63d.csv
1;1102.27;2020-09-30;parcelas_2bc90f23-d7ff-40a5-b702-62c03b793c15.csv
1;710.67;2020-11-09;parcelas_2bd4c73e-ce90-4fe5-8eda-aedd9d3e731a.csv
1;2100;2020-05-27;parcelas_2bda978a-1d27-447d-bfb2-22f5f113f773.csv
1;242297.71;2020-08-05;parcelas_2be0d9e6-21c6-4a07-9beb-879ba3761770.csv
1;82506.78;2020-01-28;parcelas_2be33b31-9c15-4ce6-b386-4305ed84fe3c.csv
1;3850;2020-09-28;parcelas_2be62ba5-fc3d-4733-a843-7b69ccca2ae6.csv
1;2139.18;2020-09-28;parcelas_2c10b6c3-e234-4b49-b9b1-b47a10f0ea44.csv
1;45367.68;2020-07-13;parcelas_2c1e9400-9444-4e9c-bca2-5fc92ec960ce.csv
1;75462.25;2020-06-26;parcelas_2c271c87-87fc-4be6-bf23-938f71baf32a.csv
1;100000;2020-08-28;parcelas_2c27409f-6adc-41dc-b27b-d3bd40fc479d.csv
1;1169.37;2020-10-28;parcelas_2c27afd4-24eb-49d7-a9be-5f6a012a9488.csv
1;56873.88;2020-09-30;parcelas_2c30173a-20c9-4338-b44d-48f2422424a4.csv
1;307843.39;2020-03-30;parcelas_2c36357e-5a85-41bb-83f1-2a3c4e602bae.csv
1;17604.95;2020-08-27;parcelas_2c37f84c-e9a2-4052-8864-6a1c56a8afc5.csv
1;30000;2020-04-27;parcelas_2c399f8e-6361-4766-becd-7bd0feb9b35a.csv
1;73349;2020-03-06;parcelas_2c3a8f29-7e06-41a9-b629-fd24e76fd596.csv
1;20411.5;2020-09-08;parcelas_2c3cabdc-9590-4b2a-892b-926639a00906.csv
1;10000;2020-04-09;parcelas_2c4b0941-b52c-46e0-b19b-fe016944afa5.csv
1;691.6;2020-08-17;parcelas_2c51e01f-5e9e-452c-b66b-1b4cc332ac77.csv
1;38089.37;2020-07-27;parcelas_2c51e962-2078-42e7-83d8-91d78766e1e7.csv
1;1000;2020-06-01;parcelas_2c549d62-f75a-478d-b2a8-a7b2577548c2.csv
1;1964.04;2020-02-18;parcelas_2c5f55e2-2072-4713-bf17-42757e32f25f.csv
1;120;2020-11-05;parcelas_2c6a23a2-c669-4ed0-9187-b150551949d6.csv
1;420536.33;2020-11-25;parcelas_2c6f236b-2dcf-48ba-80d7-30ae063c322d.csv
1;7329.86;2020-06-08;parcelas_2c6f2829-2b3f-4c0b-af05-6f61f58442f1.csv
1;1045;2020-03-31;parcelas_2c7c0f30-a497-4f0e-962c-c6fb861e44ce.csv
1;57896.57;2020-02-17;parcelas_2c7c657b-cfa1-415c-b3e6-03c58606a79d.csv
1;218.67;2020-08-17;parcelas_2c7ddeaf-2d80-410d-b84b-7ea70de231c7.csv
1;11194.18;2020-10-30;parcelas_2c82c733-3237-4f0b-b9fd-f07c77ccf757.csv
1;2608;2020-05-11;parcelas_2c87e0a7-321d-441b-9d1e-f196b136ee34.csv
1;450;2020-09-25;parcelas_2c893de4-430a-4b9c-b07d-315557ec61ea.csv
1;2537.5;2020-07-30;parcelas_2c8ba1ce-2091-4ccc-a08a-11eae08e3627.csv
1;8400;2020-07-17;parcelas_2c8fb76f-14af-4df7-a318-32d48395c29a.csv
1;29.49;2020-06-19;parcelas_2c9af6aa-bea3-4447-9e68-89885fbba4bd.csv
1;270924.47;2020-11-30;parcelas_2c9cb248-d5e5-4071-900f-4ffe3f9efcc5.csv
1;76.34;2020-08-28;parcelas_2c9db943-5dd5-485d-be55-a70a62ee761a.csv
1;56608.56;2020-02-17;parcelas_2caaaec3-fd1a-4cf4-ab8a-95b0c4a26668.csv
1;49886.03;2020-12-30;parcelas_2cb0277f-baff-4c0f-989a-daf4d18fd322.csv
1;254192.53;2020-05-27;parcelas_2cb2d863-f7c3-4a46-80bf-d364555eaa83.csv
1;68.55;2020-04-27;parcelas_2cc13f66-3c9a-4733-bac8-0d57aed643bf.csv
1;12468;2020-01-02;parcelas_2cc8d21e-da7b-4663-9318-d912e9dbed16.csv
1;73000;2020-03-16;parcelas_2cd17e56-d08d-44a6-81f2-20148f70d329.csv
1;1609.54;2020-06-30;parcelas_2cd4aaf1-635d-4762-b840-f264e7d348ef.csv
1;40000;2020-01-31;parcelas_2ce832c9-e763-49ec-bda1-2570b155afaa.csv
1;452.78;2020-09-24;parcelas_2cf5e689-c41a-4120-897e-9db034adc9a3.csv
1;9679.55;2020-04-14;parcelas_2cf73aee-e266-47b0-b625-00f558501e7c.csv
1;32628;2020-03-02;parcelas_2cf75b96-9c54-4033-a7f5-13e1b5be84f9.csv
1;2400;2020-02-11;parcelas_2cf9cea7-7798-495c-a5e4-a7bf148eb95b.csv
1;1611.7;2020-07-31;parcelas_2cfb26f9-cc33-45ad-88ff-33399520e9a4.csv
1;12718.51;2019-12-30;parcelas_2cff0d5a-6bb3-480c-bda5-89d19293aa17.csv
1;22000;2020-01-02;parcelas_2d017abe-264a-4c51-9660-db5edc4f3730.csv
1;111.22;2020-01-24;parcelas_2d0a446d-5dea-4e05-8234-fc48209abc66.csv
1;12870;2020-07-15;parcelas_2d0aa846-3330-4287-80e1-b40e163ffecd.csv
1;79.79;2020-11-19;parcelas_2d18e3ff-7188-48af-8261-a9f168322d0a.csv
1;29.49;2020-06-04;parcelas_2d1dde74-d0fe-4f10-b1b8-757b9e4abd16.csv
1;156.18;2020-02-11;parcelas_2d2338a6-d629-4767-b973-079624ee2ce1.csv
1;5000;2020-03-05;parcelas_2d29df16-7e66-48c4-9ca0-44fecbd88f82.csv
1;286.99;2020-10-28;parcelas_2d368323-f725-4b67-9639-bb90a12e35a4.csv
1;428.6;2020-10-28;parcelas_2d385c51-449a-4d85-99dd-522846a857b7.csv
1;6856.3;2020-08-13;parcelas_2d38e8cd-36c9-49be-b808-ed373f828988.csv
1;524.16;2020-05-26;parcelas_2d3ce725-12da-4a65-9554-4714ad1df948.csv
1;29.49;2020-09-01;parcelas_2d4010cc-d5a1-4070-9919-6524867f7593.csv
1;21780;2020-01-23;parcelas_2d418f6a-5941-4c3b-8fed-ab6e30c8ec9e.csv
1;208477.57;2020-02-04;parcelas_2d47e998-05d8-44f4-96e0-a1b8e9e8f1f6.csv
1;33813;2020-07-22;parcelas_2d48095e-923b-41cc-9316-6382813cc920.csv
1;76642.43;2020-05-27;parcelas_2d497c72-06ac-423d-b586-a658ab20f344.csv
1;19200;2020-07-06;parcelas_2d4b33e4-19cd-42ae-9b0a-ab51b76d8b27.csv
1;53020.91;2020-08-31;parcelas_2d4be856-8dec-451f-aeca-2c1d43b328d2.csv
1;115540;2020-03-18;parcelas_2d559e5d-96c9-4127-9fc1-c5b94896734d.csv
1;6440;2020-09-09;parcelas_2d5d05af-0966-44f8-9be9-d7ddfdda7b5a.csv
1;1517.39;2020-09-30;parcelas_2d5fc352-1873-4463-91bb-a9715bb875c5.csv
1;30464.22;2019-09-24;parcelas_2d60191b-cc27-4cfb-ba53-db0b14126f06.csv
1;30906.56;2020-05-28;parcelas_2d6a32c6-fdb1-417e-ba5f-a9ba638769d1.csv
1;66.7;2020-04-17;parcelas_2d6e55e3-d7ef-4db0-b0b3-862775597fd8.csv
1;20000;2020-05-11;parcelas_2d76d635-bd0a-4e50-b496-2189ce88bcdc.csv
1;1078.46;2020-06-29;parcelas_2d774fe0-0172-4431-a831-670ac5ce462a.csv
1;30000;2020-01-14;parcelas_2d784320-8f0b-46b2-acc9-a1eed81e08b6.csv
1;8506.33;2020-07-31;parcelas_2d8138bd-1e3e-4bb6-a236-04a16a7199b2.csv
1;1601.06;2020-04-07;parcelas_2d84143d-0530-4f9c-b31d-ae9d81f703b7.csv
1;665;2020-10-21;parcelas_2d8c9cde-3b88-469a-bb09-a0b9a66c81eb.csv
1;1192.91;2020-05-13;parcelas_2d8fa88f-1412-452d-bcc2-771be34bc5d5.csv
1;1400;2020-11-27;parcelas_2d9073f6-b518-43e7-bd3d-8de666d30b1e.csv
1;866336.84;2020-07-28;parcelas_2d9180d6-9903-490c-aacb-cb84ba63ddeb.csv
1;1774.02;2020-06-26;parcelas_2d9401f7-7d4c-408a-9869-2ba7f2b0aa64.csv
1;600.83;2020-08-27;parcelas_2d9c955c-e3d5-431f-afa2-b2418f4ac42f.csv
1;6972.25;2020-05-25;parcelas_2daecd44-6856-40d7-b08e-533ecd0088ea.csv
1;252;2020-10-05;parcelas_2db213f4-7150-461b-aa5d-705b9589ac68.csv
1;66.7;2020-02-28;parcelas_2db5e90d-49a5-4df6-a8ee-5dfbf8c64094.csv
1;496.3;2020-03-16;parcelas_2db75037-97d9-41ed-ba4a-779ab93a4886.csv
1;55500;2020-11-23;parcelas_2dc65eb5-da6d-43b3-abdb-4cb56f8a9f5f.csv
1;18955.23;2020-06-30;parcelas_2dca3980-d6ab-4a0f-b7d8-19160e5c1138.csv
1;521.79;2020-11-04;parcelas_2dca9f55-f076-49a3-a4c9-9890fbea9735.csv
1;431.21;2020-03-13;parcelas_2dd2342e-c153-4542-86c1-99c8791b2801.csv
1;6162.8;2020-12-14;parcelas_2dd24efc-3fa3-4549-bb18-5f86504ff14e.csv
1;564.13;2020-09-08;parcelas_2dd322ab-180b-4199-802f-acbc5437e113.csv
1;14625;2020-10-20;parcelas_2dd65533-60a6-4bb5-b12a-07ce7f3709fe.csv
1;408452.17;2020-02-26;parcelas_2de06f1e-19e2-44ee-8b19-82ffa40bfd68.csv
1;885;2020-11-23;parcelas_2de1b73c-3bc5-4ee8-96b5-0c237f3ab5bf.csv
1;5950;2020-09-28;parcelas_2deb0cc7-61e0-4e52-ba48-84e6d5b9f8ec.csv
1;1249749.44;2020-01-02;parcelas_2debdd1d-030a-4809-9b5d-ff77a2125027.csv
1;715436.94;2020-02-26;parcelas_2dfae28a-63eb-44ce-bd11-4a0163957fa9.csv
1;5639.6;2020-11-19;parcelas_2dfc959c-4075-4e59-ab74-7f87fd17e004.csv
1;393;2019-12-30;parcelas_2dfd9317-287c-4677-a9f1-5bc442b4a849.csv
1;29.49;2020-11-30;parcelas_2dfd97ee-a070-4ce7-985b-ba72945b418d.csv
1;20000;2020-12-15;parcelas_2dfdb8a9-200c-4925-8536-0c97cbc87b3c.csv
1;1568;2020-03-06;parcelas_2e01265b-6fe0-4782-967b-2a4aa1ad355f.csv
1;1916.35;2020-02-28;parcelas_2e05c62f-1b83-412f-875b-6700f375ca25.csv
1;29.49;2020-06-03;parcelas_2e08f2ee-c37d-4d09-ab49-69f21de41fa5.csv
1;8270;2020-02-10;parcelas_2e0cb09c-06c0-4782-8af2-f639f9785b0a.csv
1;59953.27;2020-01-02;parcelas_2e0cd3e2-bda9-4d8d-93f7-95de445921b6.csv
1;29013.56;2020-08-27;parcelas_2e0d50cc-79bb-4576-b3c5-1c6d43b9651a.csv
1;146967.02;2020-01-08;parcelas_2e1b378c-85ea-467c-9013-8f9eb1aebc2f.csv
1;740;2020-01-08;parcelas_2e25ea59-654a-4ad8-90e5-3fe53fcf11c6.csv
1;3158;2020-02-05;parcelas_2e274312-d2a1-4ae4-8fad-64736e3bf03a.csv
1;105.29;2020-09-22;parcelas_2e322811-d4e4-432a-9f39-dd22c6fe8c8a.csv
1;2483193.4;2020-03-26;parcelas_2e377119-cfdb-4849-a5ec-830b60c295e1.csv
1;112562.94;2020-01-31;parcelas_2e385234-d3a6-4b65-b451-0c90d784aa34.csv
1;29564.24;2020-08-27;parcelas_2e3b8506-ceb9-49eb-b78e-3e59f43b8783.csv
1;63.58;2020-04-20;parcelas_2e3b983a-c8fd-446c-be90-c6d3cf3f3647.csv
1;918;2020-02-05;parcelas_2e5697fe-a0d1-4399-a76e-71886f4a611c.csv
1;792;2020-09-29;parcelas_2e57fad9-6ddf-43ef-a3ca-7fcabde8e1ea.csv
1;75.6;2020-09-29;parcelas_2e634796-fcc5-46a4-9c0b-a362f1dddeda.csv
1;84874.5;2020-10-30;parcelas_2e63fee9-ec4c-4f20-9c93-6437878201ba.csv
1;1900;2020-06-05;parcelas_2e65d461-f8b8-446a-90ab-4031514e78f3.csv
1;32804.9;2020-05-27;parcelas_2e669253-5e0b-4dbd-aeda-0e02d30825c7.csv
1;134.42;2020-02-05;parcelas_2e697488-30bb-4ad9-aae6-c92828120db7.csv
1;232.74;2020-11-03;parcelas_2e778343-27de-4d64-ad74-8d5cdfe164bd.csv
1;2087.16;2020-03-02;parcelas_2e8bceee-0434-44f0-b7f0-e7927b6baa63.csv
1;36952.5;2020-08-12;parcelas_2e905f67-82d4-4c4f-bc7b-94f8429c40dc.csv
1;373256.62;2020-11-30;parcelas_2e96792d-f48d-40f1-8377-399538802764.csv
1;69600;2020-04-06;parcelas_2e996cc6-c33a-4cc1-b979-bb42c446be00.csv
1;26069.13;2020-01-28;parcelas_2ea205f6-1889-46da-8321-c2206b3db650.csv
1;185261.6;2020-08-27;parcelas_2ea4dace-2702-4aa1-b866-05377d80de9f.csv
1;63483.22;2019-12-31;parcelas_2ea5a4eb-91d0-4565-b7ac-624e7126d149.csv
1;640;2020-09-02;parcelas_2ea6a6bb-f878-4ecd-ac37-9bd7c46871f8.csv
1;337568.38;2020-07-30;parcelas_2ea71dd7-673b-4979-829d-d306f8498186.csv
1;2393.58;2020-02-28;parcelas_2eb06e09-2253-4788-a960-72865ad70e64.csv
1;17894.94;2020-12-30;parcelas_2eb6fcbd-abb1-4fe9-b712-ff86a811ee88.csv
1;39068.75;2020-02-26;parcelas_2eb76af1-6e43-4271-be64-bae0fe52aeae.csv
1;41135;2020-10-20;parcelas_2eb93c36-1f6b-4130-909f-0af5e6bcac0f.csv
1;872.22;2020-09-29;parcelas_2ebe4e93-2eee-4713-8bbd-39d000128c21.csv
1;42459.61;2020-03-26;parcelas_2eca4abd-b145-4bb1-8031-7da1c2319a77.csv
1;64070.57;2020-06-26;parcelas_2ecc1a0a-110f-447b-9dbc-44ed76a37b47.csv
1;80000;2020-01-09;parcelas_2ecfa534-6986-4d47-99ba-7ac77323d408.csv
1;4235;2020-08-27;parcelas_2ed12280-bf32-409d-a454-f7be183dc11c.csv
1;858.81;2020-06-29;parcelas_2ed29bbb-6730-452e-9bff-07dc67cfdea9.csv
1;660;2020-07-27;parcelas_2ed34423-3e47-4f6f-86c5-8ad1aa2679f3.csv
1;165922.15;2020-10-09;parcelas_2ed77e97-5ec6-45da-bd52-a4215f824e9c.csv
1;1114.44;2020-05-14;parcelas_2ed874b6-c324-41c2-8971-081a5b6041e9.csv
1;44197.15;2020-12-30;parcelas_2edfb9af-7567-42cc-bca0-dd753054fa24.csv
1;2352.84;2020-12-21;parcelas_2ee196fd-f736-43cb-9dfe-fe48e09a0a88.csv
1;3024;2020-08-18;parcelas_2ef4b515-0256-4162-9704-b3e37f97a36c.csv
1;102.58;2020-12-02;parcelas_2ef4e59b-cd49-4469-af13-409ce1557b01.csv
1;634058.25;2020-10-28;parcelas_2ef6a498-89aa-4e6c-ab30-7fbe9053c95c.csv
1;561.07;2020-11-03;parcelas_2ef8223d-28a5-4f74-9f0a-fa5fa08cfa1f.csv
1;10613.02;2020-07-21;parcelas_2efa3854-b852-4c06-9038-6450ba20a7c2.csv
1;2387;2016-11-30;parcelas_2efb14b4-3837-4e47-83af-34a0012e6991.csv
1;79.79;2020-10-05;parcelas_2efe22cf-3ff2-4aaa-bcb5-bf6c06d3d980.csv
1;2060.16;2020-09-24;parcelas_2f089c9e-4a72-46dc-977a-4ede4d36fc4c.csv
1;2572;2020-06-08;parcelas_2f09dc3a-da2f-402d-abde-84e3d916bf48.csv
1;2906.66;2019-12-31;parcelas_2f1015fb-0089-4e7c-a580-9812f695d78b.csv
1;79.79;2020-02-05;parcelas_2f10e34b-1c10-4bbc-b397-a4a263a6dd20.csv
1;1548;2020-11-16;parcelas_2f116b11-05d3-43ef-bd21-aaa6aa310330.csv
1;1097141.27;2020-05-28;parcelas_2f11ab8c-ee4f-4340-9812-1435ada46ae3.csv
1;217160.77;2020-08-27;parcelas_2f12c75b-9042-498a-a052-f6e208b8a6a4.csv
1;34006.46;2020-08-27;parcelas_2f188106-c43b-44da-b535-fc3fa2a12fc1.csv
1;773.89;2020-03-12;parcelas_2f18d967-2beb-4913-82e0-cee0a9d4f054.csv
1;54672.14;2020-08-27;parcelas_2f214ab2-515f-424f-b069-7cae5d1a14f2.csv
1;632;2020-01-14;parcelas_2f222c4d-9590-4d4f-b367-b0d97c9db6ed.csv
1;11987.5;2020-01-29;parcelas_2f25de6f-4443-4b36-8eb3-2d65c151f814.csv
1;2185;2019-12-05;parcelas_2f26e07d-cea4-47ee-af8b-ede309ae5f72.csv
1;54353;2019-12-05;parcelas_2f26e07d-cea4-47ee-af8b-ede309ae5f72.csv
1;33172;2019-12-05;parcelas_2f26e07d-cea4-47ee-af8b-ede309ae5f72.csv
1;6273.75;2020-08-27;parcelas_2f28e38c-fee7-4c16-bd6c-586ab9552f9b.csv
1;756.18;2020-03-31;parcelas_2f2987c3-634f-4e22-903f-51f43c301399.csv
1;439.2;2020-08-07;parcelas_2f2bd99e-33a0-4bbb-9a58-7f972ae21d90.csv
1;5071.96;2020-10-27;parcelas_2f35980d-f313-446e-8fdc-0c4f4cfeb062.csv
1;104.13;2020-05-06;parcelas_2f3b2ff7-c0b7-418a-aae1-e94f1021f389.csv
1;23400;2020-12-21;parcelas_2f3cd67b-34df-40cb-a163-352555b52fe7.csv
1;39538.51;2020-07-31;parcelas_2f44c7a8-30cd-4207-8ca7-5118b56095e9.csv
1;46783.32;2020-06-26;parcelas_2f541c01-96a1-45f6-a91d-e896850dcc30.csv
1;26144;2020-08-18;parcelas_2f603b44-a2ee-489a-977f-ecaac0bf0698.csv
1;2359.65;2020-05-14;parcelas_2f60749b-c0dc-4b95-807a-17f2850c0f2a.csv
1;1464.69;2020-07-14;parcelas_2f693d88-1d53-4ada-88f0-4aff51d56971.csv
1;445.66;2020-01-29;parcelas_2f6c54e1-c540-4394-b1da-8d951c0747a1.csv
1;9109.54;2019-12-30;parcelas_2f7095f5-d7c6-49dd-ac35-bf592b4e4f45.csv
1;175;2020-01-28;parcelas_2f7660a4-425a-466d-ba50-33d31aa6535e.csv
1;647.11;2020-07-31;parcelas_2f84221c-0d35-4a0b-bf36-9c560660df16.csv
1;4525.85;2020-10-30;parcelas_2f871a2a-7fd1-4b38-9717-1b4617845420.csv
1;2420234.6;2020-01-24;parcelas_2f89f605-b43c-41e1-bf88-9100a4e6d805.csv
1;120.81;2020-04-29;parcelas_2f8b6cb6-5461-4a1b-a9a3-c9a2e436858f.csv
1;2000;2020-09-16;parcelas_2f9ad082-b856-4773-b683-b646df02b006.csv
1;871.77;2020-02-10;parcelas_2fa50dff-ea2e-4118-85ef-42d95b115a38.csv
1;0.02;2020-11-26;parcelas_2faadb6a-a693-410a-a89b-1a39f232af3e.csv
1;2817.5;2020-08-27;parcelas_2fae6514-6344-4dad-8089-523043552ceb.csv
1;65424.06;2020-08-26;parcelas_2fb22d36-15b0-43e0-8c82-5e90af50ce50.csv
1;236591.28;2020-01-03;parcelas_2fb38a6e-83b5-49c6-8df1-35665fc8f6a7.csv
1;286;2020-11-04;parcelas_2fd0d3ac-0198-4acf-aa47-b99f28185d4a.csv
1;2221;2020-03-30;parcelas_2fd434a0-29e2-4176-8385-c9f31c7e99e2.csv
1;3012.31;2020-05-29;parcelas_2fd43bc1-0b24-4054-bef0-2a2b5340116f.csv
1;3283.92;2020-12-16;parcelas_2fdd1b3c-af03-4279-9432-6d15add44db0.csv
1;1369.59;2020-01-29;parcelas_2fe0d2e8-4175-47bd-b848-72e532723180.csv
1;747.84;2020-09-29;parcelas_2fe10587-f6c1-4cb3-aa67-1d7c58c695f1.csv
1;60706.79;2020-04-14;parcelas_2fe7111a-face-4d91-be81-0d63dcc06a0e.csv
1;42160.27;2020-05-27;parcelas_2fee72d1-97f9-4c53-ae59-788888e62195.csv
1;3690.07;2020-09-30;parcelas_2ff3b8b6-cf29-4cc9-9f4f-02f90f8f9e97.csv
1;329.56;2020-08-24;parcelas_2ff89e21-b5dc-48c6-8b3a-4707e91e7c57.csv
1;5337.5;2020-08-27;parcelas_2ffa2bd8-31aa-437f-83e0-b8ed805a03db.csv
1;34519.83;2020-03-06;parcelas_2ffd8610-44dc-4c7a-acb2-d2259c119edd.csv
1;568.72;2020-10-07;parcelas_3007fdbc-c276-4eb8-8495-39411615037a.csv
1;16110;2020-03-20;parcelas_30085d84-2405-4e26-8f53-0f37292963ac.csv
1;120264.67;2020-03-26;parcelas_300aec5c-2e46-4424-a46a-5feb1550415d.csv
1;71759.57;2020-09-30;parcelas_301562ac-dbc8-457c-867a-0f6e787777d6.csv
1;8015.36;2020-07-13;parcelas_3016abcd-3564-423f-8f75-aa6f475c9f78.csv
1;150000;2020-10-22;parcelas_301dc379-fce4-4f09-81aa-66f63133dbdf.csv
1;423360;2020-10-28;parcelas_3023f3cf-a05a-4e1d-b34e-75cc082fc6e7.csv
1;1258.34;2020-06-09;parcelas_302b04aa-ca40-48b3-b276-d5b830717c65.csv
1;2090;2020-09-30;parcelas_303041cb-4728-46ce-89d7-ee444f6b23d2.csv
1;8077.61;2019-12-31;parcelas_3032e9da-fbce-4318-b8d1-8d6a59c9fda3.csv
1;51999.94;2020-09-03;parcelas_303f1c52-6217-48a7-928e-28a8b0726764.csv
1;3050;2020-07-30;parcelas_3048c6fc-da18-472c-bc07-510d56ebefbf.csv
1;257.96;2020-09-08;parcelas_30491944-c4fc-4c3d-9aa6-b0c03ba6f4ff.csv
1;2038.75;2020-05-27;parcelas_3055debc-a08f-4370-901a-241450aca8b0.csv
1;40340.06;2020-07-31;parcelas_30580cd3-42be-413c-a1f1-f4edcbd735ab.csv
1;823.25;2020-12-21;parcelas_3062ca02-1f94-47f9-a6a4-0cb3127b72bd.csv
1;42000;2020-04-08;parcelas_30689d45-41ac-4dd2-b861-a0b412e6cb4e.csv
1;13286.67;2020-07-21;parcelas_306c3b07-873b-4bf7-840f-03150ee546b6.csv
1;1492.76;2020-05-14;parcelas_306c94b0-8bb7-42a8-8549-672186219603.csv
1;1468;2020-09-17;parcelas_3080948c-9a34-4296-bec7-da4f07cd6073.csv
1;7140;2020-11-04;parcelas_3094bc9f-55e9-45a3-92f6-03b5cb4d94b4.csv
1;1562.5;2020-05-11;parcelas_3095c2b3-3725-495a-b90f-250506e77f55.csv
1;3354.17;2020-05-27;parcelas_30996592-7416-4265-aa2a-07c932e6d096.csv
1;21349.8;2020-01-02;parcelas_309bd1a3-a103-44ef-b507-0990dbb06505.csv
1;66.7;2020-04-29;parcelas_30a3e747-4027-46a1-8a15-011803c47ed8.csv
1;100;2020-09-01;parcelas_30a4bb14-e919-41ab-a6ee-9b1dfbbf73bb.csv
1;2222.7;2020-10-01;parcelas_30a5c50e-c7af-405f-8de7-17ff51ae3b63.csv
1;2275;2020-06-26;parcelas_30b2e284-e71b-42df-96eb-1fd4328ab683.csv
1;79.79;2020-12-21;parcelas_30b31d39-5e83-4133-b2ae-e6f93b46ef0f.csv
1;48197.54;2020-02-26;parcelas_30b910ad-f60f-47d6-9194-2f2cffbc4b9d.csv
1;894.54;2020-10-05;parcelas_30d1a4b3-8f04-463a-bbb5-6e9f10ff8237.csv
1;93800;2020-05-29;parcelas_30d4514a-10c2-4aa6-b3ba-4632fb5db9e5.csv
1;26676;2020-09-22;parcelas_30d46f66-f305-4fc6-882d-139766d3a40c.csv
1;88928.35;2020-04-08;parcelas_30da94b8-e249-4860-ac28-95d211eb65cc.csv
1;4572.96;2020-06-29;parcelas_30e69e27-9c16-47d2-abc3-b6f3e6a73c07.csv
1;2024.21;2020-05-04;parcelas_30e9ed05-617c-4c23-8824-0bdf34502a63.csv
1;575.33;2020-09-08;parcelas_30efafd4-0d0d-4e91-8748-8285537a0e65.csv
1;140;2020-11-04;parcelas_30efc11e-16f8-4bbb-aebf-1da54fa50e41.csv
1;6300;2020-09-07;parcelas_30f4ba41-276f-4dac-a758-ed7f23dea4de.csv
1;10143.85;2020-01-31;parcelas_30f6428b-b5e9-470a-a821-c307b9165dd4.csv
1;188091.09;2020-07-13;parcelas_30f67d37-d8e3-4fe9-9d36-fa5945065c91.csv
1;660;2020-03-02;parcelas_310447c3-4363-4781-97c2-a4bf5916a593.csv
1;17500;2020-03-09;parcelas_310ea569-bd36-4549-9bf5-2d1a86a6727d.csv
1;18146.3;2020-02-27;parcelas_311a69a7-9dff-4c7f-b07e-b909512dc337.csv
1;288;2020-10-21;parcelas_311ea369-041a-49cb-9b4b-20718f8a05f1.csv
1;976.5;2020-08-19;parcelas_311ef512-746f-4189-b7fa-2612653d65c8.csv
1;6704.53;2020-03-27;parcelas_3120018d-23cd-4eca-bd2c-5f80a29f9918.csv
1;31250;2020-08-18;parcelas_312189e3-60c2-47a8-821f-a31028f3abe0.csv
1;60;2020-09-22;parcelas_31246efe-76ee-42da-b45a-0005c8efac5d.csv
1;60706.79;2020-03-06;parcelas_3132825d-9490-43da-8f73-d0dd51cff38c.csv
1;58291.43;2020-03-27;parcelas_314a6b7e-1050-4395-87c9-d2f35d25bc3c.csv
1;8870.43;2020-02-26;parcelas_314ffa7b-d973-49a0-b009-585e119aca90.csv
1;17947.3;2020-10-28;parcelas_31508e05-693c-4d8a-a39d-7e161c9e9aa5.csv
1;2270.3;2019-12-30;parcelas_3153ed9c-a1a8-45ae-a587-00ecf99e17c4.csv
1;28638.75;2020-08-03;parcelas_315c820e-0844-4d51-adb2-89a97e30269e.csv
1;10950;2020-02-10;parcelas_316856cb-3e24-41b6-aae1-f604f73ad5f7.csv
1;4909.58;2020-09-28;parcelas_31747f54-f878-481e-a6e9-679c43bb3b0c.csv
1;6258.8;2020-11-16;parcelas_3177224b-dfde-4145-a65f-07fb320dcac9.csv
1;22923.5;2020-02-05;parcelas_317bd782-0d1f-459e-b769-5cfa4e842982.csv
1;542.71;2020-10-30;parcelas_31814699-5d53-48f0-a425-f59fa4ac3f6a.csv
1;12745.14;2020-11-06;parcelas_318d65fb-9cf7-4319-a281-87fea05b3716.csv
1;42000.45;2020-02-03;parcelas_318eaf74-1788-4f97-9a91-fc30402cc660.csv
1;6165.67;2020-07-20;parcelas_319c2ebc-64db-4df5-bfde-ef4f4f022858.csv
1;9835.52;2020-04-07;parcelas_319c3fa3-8ede-4a17-8bb6-2a7ef9e8b321.csv
1;1120;2020-11-06;parcelas_319da88b-6dae-47ee-9e08-f2c9e4f7f373.csv
1;66.7;2020-03-19;parcelas_319f044b-1b2c-49bb-a913-c8e8dc69d26f.csv
1;7600.83;2020-12-21;parcelas_319f47a8-f539-40df-850b-e4d605d7c704.csv
1;3000;2020-11-27;parcelas_31a2979f-5345-4db4-b955-29db22b50214.csv
1;731.57;2020-11-03;parcelas_31b03d0a-4a36-4599-a91e-617006088929.csv
1;1295.08;2020-09-29;parcelas_31b36481-1cac-4b5c-a2e8-94d510fd41d0.csv
1;4872.82;2020-08-17;parcelas_31b3e9e8-446b-4cfc-9c1e-a1d140b3fefe.csv
1;3182.87;2020-05-13;parcelas_31b95994-0796-48c0-b66e-218e5a1d9849.csv
1;635.85;2020-11-04;parcelas_31c20b01-f610-4ee4-812b-5779b5ae5147.csv
1;4292;2020-07-13;parcelas_31cbe520-d049-4264-b46b-fd07bf492bf5.csv
1;1339.85;2020-11-30;parcelas_31cf3a97-cfb7-4a03-bcc3-b0dcb7dac88d.csv
1;100;2020-09-16;parcelas_31d8a053-81cb-47e4-88d0-656258a4e1fe.csv
1;791.96;2020-10-21;parcelas_31e7880f-68bd-499f-a7b1-a8202135e47a.csv
1;42000;2020-06-12;parcelas_31e8c78d-7c16-49ce-a1ac-ed828eef7a48.csv
1;439;2020-09-18;parcelas_31f996b0-b4d0-408c-b2ca-5131b322e495.csv
1;5251.6;2020-09-14;parcelas_31fae209-8703-4bd4-9a8d-c842eac1d335.csv
1;22986.94;2020-11-27;parcelas_31fbbbab-f50a-42ce-a2d7-0341baee53f2.csv
1;16250;2019-12-30;parcelas_31fd2db2-e8b0-4622-a9ed-8daf95f31021.csv
1;43.6;2020-03-09;parcelas_3201af78-46ef-4c72-a7e5-d7f7ebd7a4c0.csv
1;1231.18;2020-09-14;parcelas_32043eb6-05f8-41f6-8d54-6857bb2070f3.csv
1;65.98;2020-11-27;parcelas_3205dc1b-e802-4365-97fc-1b0523ce5ff3.csv
1;348.3;2020-09-30;parcelas_32116693-3b2a-47eb-bafe-ed4ff4b4412d.csv
1;1306.7;2020-09-24;parcelas_321a4d42-7f43-4c10-b37c-4eba136afe6a.csv
1;1044.99;2020-09-14;parcelas_321bb196-b35c-441e-8a63-04e5dbda7b52.csv
1;2187.5;2020-06-26;parcelas_32278a16-7fa6-4bbe-9c5b-25772bcd0e32.csv
1;11531.77;2019-12-30;parcelas_322a5769-a6cb-4304-9979-e012ae911d11.csv
1;329.07;2019-12-30;parcelas_322a5769-a6cb-4304-9979-e012ae911d11.csv
1;109000;2020-01-02;parcelas_322b29c3-6b34-47cc-a0a0-e85cdda84083.csv
1;6250;2020-04-20;parcelas_3230ca87-77d5-4f24-bbbb-056cc71e313e.csv
1;273.93;2020-09-21;parcelas_32329bbc-2c94-4f9b-a19f-0a2c60b9bced.csv
1;1760.61;2020-02-19;parcelas_32381222-d6ab-435e-a785-880c84461471.csv
1;21479.09;2020-01-02;parcelas_323c3820-0c51-4689-9451-0558192c9deb.csv
1;382.8;2020-09-25;parcelas_323ee2f1-4814-4606-ab29-dc6cb54a4181.csv
1;116;2020-10-21;parcelas_3240a4a1-0589-4f9f-b6cd-a33f54d48a7b.csv
1;2112;2020-07-01;parcelas_324c4ac1-dc5d-4545-bfa2-ed3c6dcb0597.csv
1;2800;2020-05-27;parcelas_325b9d2b-beff-43d6-8581-a0e42200b2f4.csv
1;48839.51;2020-11-27;parcelas_325fc20b-f817-4e4a-af9c-a25ca429c7fa.csv
1;39202.04;2020-04-30;parcelas_32683beb-2ba9-4313-a001-de2b4c290436.csv
1;734.63;2020-11-30;parcelas_326ae6a8-1231-4cf7-af90-e6e602c0e20a.csv
1;32;2020-10-07;parcelas_32703e28-c86a-43ad-87f7-61d99b495726.csv
1;6000;2020-01-10;parcelas_32761ee2-b430-4664-9d35-6fb153839abf.csv
1;875;2020-06-26;parcelas_32809823-6fde-4fff-aad6-f87549a75c6d.csv
1;4593.13;2020-05-27;parcelas_32854fcd-56e0-4412-a4c6-b834d91e7f5d.csv
1;57858.22;2020-02-26;parcelas_328ce1a0-3c76-4fe1-b242-84bd1e6c945f.csv
1;78599.68;2020-07-13;parcelas_329b09c4-95d9-429a-9ece-b5ec68afd878.csv
1;4092.87;2020-02-26;parcelas_329c7572-ec2f-46f1-92eb-a296e1a8ff05.csv
1;12500;2020-02-05;parcelas_329f3312-f106-40f7-b70d-f239c377e2c1.csv
1;27950;2016-08-19;parcelas_32a44267-50a4-4c4a-8993-7b7f3e60ac5c.csv
1;53000;2020-07-30;parcelas_32ac8347-38e7-453a-b425-1965cadc80c0.csv
1;500;2020-05-08;parcelas_32b8e375-71c6-4608-9528-7cf5374c3a73.csv
1;59911.65;2020-08-27;parcelas_32ba9002-81f9-4ecb-9735-48bcb84fda06.csv
1;10014.68;2020-07-01;parcelas_32c15eb6-2b34-467f-a21d-914c03b92460.csv
1;108032.08;2020-01-02;parcelas_32c2ac11-3712-4dc5-ad54-80ae39adc7b8.csv
1;5270;2020-09-09;parcelas_32c50240-57b1-45e6-8d11-3ed7148bf7b0.csv
1;2100;2020-12-21;parcelas_32c6c32b-a0b7-493a-8e81-96a4f7a40838.csv
1;347335;2020-06-23;parcelas_32c896d8-e34d-485e-aabe-a2beee9ef015.csv
1;40000;2020-07-28;parcelas_32cd9f33-a8f2-4359-bf98-ad5cb7ab67df.csv
1;8949.48;2020-11-30;parcelas_32cdbd62-9835-4e2e-8156-24577dce6dd4.csv
1;100113.34;2020-04-29;parcelas_32e06181-429e-4888-846e-d1b958641bb2.csv
1;584.75;2020-01-08;parcelas_32e2feb0-c28a-4447-aef0-d937a16cc319.csv
1;102.58;2020-10-16;parcelas_32ed6d8a-4123-417a-be4f-514b215a1026.csv
1;12107.5;2020-03-18;parcelas_32eed4da-3fc9-4abd-9ce3-7cb4cd52d504.csv
1;32996.3;2020-06-08;parcelas_32fc91f3-649f-4289-bd25-299dca3369de.csv
1;148610.07;2020-08-14;parcelas_32fee237-2801-4916-8713-2b2d3d356a11.csv
1;567670.78;2020-10-30;parcelas_33009c8a-6d3e-4917-80d9-b941a7119336.csv
1;220.34;2020-05-28;parcelas_330bd7be-eba0-450b-92e6-837656e74c22.csv
1;525;2020-04-29;parcelas_33115f15-1c0e-40ec-b0fe-95ff1bb05643.csv
1;1000;2020-07-02;parcelas_3317ce5c-9b3e-4e93-8aee-01ea61436299.csv
1;7355.8;2020-10-30;parcelas_331aaa87-54f4-4305-b5b2-250c3463886a.csv
1;10535.04;2020-05-05;parcelas_331dda9d-8aea-481c-b738-9eff0541f403.csv
1;16350;2020-01-02;parcelas_33226e66-a17e-45ae-9071-c6516946160a.csv
1;447.62;2020-04-14;parcelas_332a4a76-6e07-4601-968c-f4f9e9154c35.csv
1;13651;2020-07-21;parcelas_332ba63c-d9d4-4156-aa6f-a35b53014bbf.csv
1;35244.28;2019-12-30;parcelas_332fa7f5-88d7-44ee-b07a-03305eba9b4e.csv
1;228.15;2020-10-05;parcelas_333467e3-f24b-4a00-b8f5-e63b7454f2a4.csv
1;8880;2020-10-05;parcelas_3337c73d-fe03-4d04-b3a7-5c0c411f15b1.csv
1;663565.78;2020-03-31;parcelas_33393c50-1167-499a-99ea-e16fab932476.csv
1;79.79;2020-02-17;parcelas_33438622-2673-4e78-b780-cd05e5fa0cad.csv
1;2572.5;2020-03-26;parcelas_334502d0-b94c-494c-b04e-5d0c035c2bbd.csv
1;449483.7;2020-09-30;parcelas_3349e66f-16d5-4385-a98a-5f8557907a22.csv
1;203.04;2020-04-28;parcelas_334ce527-0320-45ea-85be-390016cce871.csv
1;25391.68;2020-03-26;parcelas_335f65ff-9344-4757-bbed-552d3ad7ae6b.csv
1;236.23;2020-01-10;parcelas_33620735-a840-4217-bcb2-76cf514faff5.csv
1;7206.75;2020-07-13;parcelas_336de84c-02fd-4782-9ba9-336249446e4d.csv
1;9529.78;2020-09-23;parcelas_33741c73-d314-419e-8a4c-2c855b9d3cff.csv
1;52527;2020-04-03;parcelas_33842fb3-6679-4ab9-a664-64a6d94af6f3.csv
1;26271.31;2020-11-27;parcelas_3384d202-53c9-42df-bb9e-8c8cd0e813c8.csv
1;6218.33;2020-09-28;parcelas_3387148d-d49d-4426-8f5a-b18a31266dc5.csv
1;566.74;2020-10-07;parcelas_3388a473-8930-465e-83fc-92e477573252.csv
1;3611.5;2020-05-11;parcelas_338c4c96-00ae-4896-b811-44d1e47c5977.csv
1;8274.06;2020-01-31;parcelas_338eb130-3469-41b3-a0ab-5416300ec321.csv
1;66.7;2020-03-23;parcelas_3390a068-c6fa-4b6b-9bf9-a2e94fbdeb85.csv
1;350;2020-08-19;parcelas_339c3185-f4a1-47dd-8a96-881e002f8a9c.csv
1;63755.2;2020-06-08;parcelas_339ecb77-8ee0-462b-99bb-ecfa88aa4472.csv
1;4260;2020-02-10;parcelas_33aad91a-d131-4dfe-8db6-8358f5e28e82.csv
1;4246.9;2020-11-27;parcelas_33ad338f-4da2-470f-825b-386c9b41f2c2.csv
1;8899.18;2020-10-30;parcelas_33b1f588-dcde-4a33-b33c-dbb8f084275f.csv
1;1750;2020-01-28;parcelas_33b2da7a-ed8e-4253-8a1a-4d8509861900.csv
1;150000;2020-09-14;parcelas_33b5e30d-2145-424e-ad2a-7928090ec5e0.csv
1;40665.61;2020-08-27;parcelas_33b60f83-d1d5-44a7-9898-a6eb9d932d06.csv
1;3427.61;2020-04-16;parcelas_33b6cbdf-55b4-4519-8abd-88f848bb62d7.csv
1;180;2020-09-28;parcelas_33baef4b-cff8-4707-9640-efe9543271db.csv
1;1274.34;2020-09-29;parcelas_33bc160d-7725-4ed8-9f90-b10da72955f0.csv
1;31425.07;2020-03-31;parcelas_33c3644c-c630-4b3f-9487-5a9f5f8ce32f.csv
1;776551.6;2020-01-02;parcelas_33c387c0-28cb-413b-8dff-b87fecf05e8d.csv
1;80000;2020-11-03;parcelas_33c770ed-e7cf-43a2-8123-2802a8ed6c45.csv
1;6210;2020-05-11;parcelas_33c8d9fd-3e18-47b5-896f-cd6a079cac70.csv
1;50317.01;2020-11-30;parcelas_33c99e9e-f21c-414a-b3e2-7f07e771791e.csv
1;19249.63;2017-08-08;parcelas_33cd1075-68dd-47ed-aa72-875bad504b98.csv
1;4307.28;2020-10-07;parcelas_33ce47b9-87be-4072-b3d4-1e674360157a.csv
1;3352.45;2020-03-02;parcelas_33d29507-a002-4c12-babc-9555fe30c61d.csv
1;51.97;2020-12-30;parcelas_33d9e5b1-2d6d-48e8-bf16-3ef7fbb6504e.csv
1;19549;2020-04-16;parcelas_33da495d-9835-4ddb-8f0c-37fc5d5529e7.csv
1;1168359.87;2020-05-27;parcelas_33dcb08f-5b85-4d0f-be1d-b937dd103dbc.csv
1;2552785.7;2020-12-21;parcelas_33deab6b-d621-4c65-a9fc-a8be85032865.csv
1;1680;2020-03-02;parcelas_33f2d6a1-0365-4a38-b2ce-c77f420ac2d0.csv
1;67846.75;2020-08-07;parcelas_33f6993d-04c1-41b7-9df3-0683881fba45.csv
1;7800;2020-12-21;parcelas_33fb2305-0448-41ce-832a-79df4d7ed3f7.csv
1;443.52;2020-08-06;parcelas_33ff74ad-d147-42f2-8b03-2b2f11459ecb.csv
1;250000;2020-07-09;parcelas_3401b85d-b078-4caa-85f9-e55fefda4604.csv
1;1247.15;2020-09-30;parcelas_3407ba01-0597-4c9f-a8ad-af7f89c10547.csv
1;71759.57;2020-03-31;parcelas_3408e3e5-b262-4f2e-9cca-f9825c7e2666.csv
1;834300;2020-10-15;parcelas_34095cb8-3647-42fa-ade7-53c117d7d108.csv
1;411.91;2020-06-25;parcelas_34098839-1c2a-4ba8-8c59-a551f5c6ef59.csv
1;1966.75;2020-07-21;parcelas_340b1b9d-0879-49f1-8353-0906e6c04667.csv
1;4326.08;2020-04-30;parcelas_340cdb2e-d95f-4262-adef-f4ba949d3bbf.csv
1;15000;2020-10-08;parcelas_340fcd58-cb23-44c4-b1c7-19a56a52b8e0.csv
1;7625;2020-01-24;parcelas_3416c00d-0c32-40d5-85e6-a0e501975e65.csv
1;6260.77;2020-11-04;parcelas_3417773b-a0e6-4f66-bd04-bbaec8753add.csv
1;5604;2020-09-28;parcelas_34177b9f-cf6e-4a31-bcd4-e9350aa70a33.csv
1;2632.43;2020-02-28;parcelas_341ae4d1-dfa2-4232-ad92-caf45e590400.csv
1;88.78;2020-08-05;parcelas_3427307f-a902-466b-be51-3b029033b57c.csv
1;70409.04;2020-11-27;parcelas_3431f5fe-a119-446f-8ec6-241bea172fb4.csv
1;178.46;2020-10-07;parcelas_3433e94f-70ba-4c47-a048-f5a3dab72a4b.csv
1;280;2020-03-27;parcelas_34381933-34bb-4ed2-8792-4cdeb010ef66.csv
1;6738.95;2020-02-26;parcelas_344ff002-c26c-4c98-bc31-d06db8d2eed3.csv
1;32160;2020-09-08;parcelas_34541ef3-788a-437a-b634-a18eb478d14a.csv
1;40062.8;2020-05-05;parcelas_34548b31-db14-4d6e-acb0-841f3679ffad.csv
1;2250;2020-02-17;parcelas_345da32d-cc16-4bb7-bb32-69f03a14ac9a.csv
1;1045;2020-10-30;parcelas_346f79fd-4db2-4815-bcce-ecfef30fd656.csv
1;117436.39;2020-10-20;parcelas_34722366-3359-47ee-8df8-54065f1880c4.csv
1;29.49;2020-10-22;parcelas_34759c0f-6c73-4344-ac1b-a42f0bbce6c2.csv
1;200;2020-02-26;parcelas_3482232a-1771-45e0-89c1-e766aea327f8.csv
1;10213.76;2020-04-16;parcelas_3484b0f0-fdf3-44b1-af4c-9d457237b694.csv
1;79501.18;2020-04-27;parcelas_348f01df-2576-41ef-95be-827fd815fb42.csv
1;7000;2020-06-22;parcelas_349082e2-47c5-4293-a419-cfed02f5c312.csv
1;4000000;2020-01-02;parcelas_34915d76-4154-419d-a741-a71d8095b615.csv
1;200;2020-02-14;parcelas_3497abe9-da44-4701-b8d1-41d46e854d72.csv
1;29969.72;2020-11-27;parcelas_34983023-ab68-4cf1-96fd-6d3c46225774.csv
1;1063684.58;2020-07-13;parcelas_349de3aa-3b44-4b32-a2c9-95f3923628fb.csv
1;9263.58;2020-04-30;parcelas_34a0db05-d06c-4eb7-977d-2cc01a26aedd.csv
1;36400;2020-03-27;parcelas_34a282d0-ad22-49c9-b64a-ed20063085c7.csv
1;603374.22;2020-01-20;parcelas_34a45ce4-d42e-4f9e-aa0b-2e8e12836727.csv
1;10122.7;2020-02-20;parcelas_34a45ce4-d42e-4f9e-aa0b-2e8e12836727.csv
1;19872.96;2020-07-30;parcelas_34a6c358-f406-4efc-9210-97ab5fd41302.csv
1;2450;2020-11-27;parcelas_34ba70ed-b150-4dd7-8bfc-f79cfdcd2b44.csv
1;84000;2020-11-09;parcelas_34bd878f-1ec1-45c2-be11-cf7881529ca4.csv
1;996;2020-07-08;parcelas_34c9d315-0ff3-4389-af9a-e12f1a6d59b7.csv
1;160.42;2020-07-30;parcelas_34ca04ed-44fe-48e2-9016-82099fe1f089.csv
1;960.11;2020-05-29;parcelas_34ca77cf-fdb3-4d6e-93c1-003f84427fd2.csv
1;6380;2020-05-20;parcelas_34cf6d79-7f33-4247-a029-1bc2662b4ba7.csv
1;6371;2020-11-24;parcelas_34e47960-b0bb-471c-9a5d-50a2cdfd7c16.csv
1;714.38;2020-03-02;parcelas_34e491f9-f39e-41f2-9dd0-a77530ed167c.csv
1;526.11;2020-02-20;parcelas_34ea643a-66e5-49bb-8678-f3f8cab7fcb0.csv
1;8872.19;2019-12-31;parcelas_34ea643a-66e5-49bb-8678-f3f8cab7fcb0.csv
1;4140;2020-02-07;parcelas_34f06dcf-ffa4-462f-bb56-8a02673f937f.csv
1;286.99;2020-07-30;parcelas_34f1ef81-8fb7-4917-af05-069c347a8c79.csv
1;13508.49;2020-06-03;parcelas_34f45c10-dc10-47f5-805b-be2fc6cd5174.csv
1;7116.69;2020-03-26;parcelas_34f4f45e-f0c7-4ec5-a177-929818b7191a.csv
1;5054.15;2020-09-08;parcelas_34f52eff-f117-410c-9f38-7f906333f3f7.csv
1;5440;2020-08-07;parcelas_34f62f07-b8c6-4433-b57c-05fa4c915a54.csv
1;39622.62;2020-08-31;parcelas_34f769f1-04a6-41e8-b23a-528b78e29344.csv
1;59312.21;2020-10-28;parcelas_34f94242-0b41-424e-86bb-782ac0f78333.csv
1;661.44;2020-01-23;parcelas_34ffb093-5f0e-4747-a242-6aa84e6b964e.csv
1;3447.39;2020-01-02;parcelas_3502ac53-79e9-47a1-a09d-2182a6b28a12.csv
1;595.95;2020-03-30;parcelas_35056602-9939-4797-a0c6-e70653c762b8.csv
1;19135.8;2020-07-02;parcelas_3509225d-23e8-4459-85c6-a2af1a979e49.csv
1;4411.44;2020-11-03;parcelas_350a0d8b-7d5b-4c8d-8929-f714f8dc009e.csv
1;511.61;2020-11-27;parcelas_350cd75e-390f-49cc-b51e-a5caff98722e.csv
1;72.8;2020-02-05;parcelas_35104cb7-1b7a-4507-b90e-3c8ed777511b.csv
1;565.98;2020-02-27;parcelas_351e6cfb-0afa-4ac8-9902-115b7335d941.csv
1;72.2;2020-10-21;parcelas_35220530-137b-463b-80ad-31cc10474166.csv
1;6800;2020-11-16;parcelas_352629d6-18af-40f0-bc96-f6fb05611191.csv
1;20967.79;2020-11-27;parcelas_352d2f93-7b31-4247-b691-11e782928a94.csv
1;34089.99;2020-01-29;parcelas_352e4bca-cad9-4560-9f85-9093054d6a65.csv
1;4580;2020-11-06;parcelas_35382ce6-b447-4328-8357-ef42bf54061f.csv
1;48901.3;2020-08-27;parcelas_353a4fa2-7cb9-424b-9a03-44b394fef589.csv
1;1200;2020-01-14;parcelas_353f102e-8fc9-4b95-b4e3-068325f0226b.csv
1;100000;2020-08-21;parcelas_354b3b90-a9fd-464f-9392-5c3c8b8dc73b.csv
1;53189.44;2020-12-21;parcelas_355480b0-38b0-444a-a53c-3bfabb47b92d.csv
1;7000;2020-09-23;parcelas_35564409-f31c-44a4-bf3a-268551de8bde.csv
1;6430;2020-11-04;parcelas_3556fa66-ac86-4046-9695-c9dd0a192ce7.csv
1;2880;2020-08-04;parcelas_3558a7e4-46cf-4740-a73e-7b093dc3f1bc.csv
1;47481.12;2020-01-28;parcelas_3559efba-b6eb-4395-8e67-cf4e8f22b23c.csv
1;294102.6;2020-11-27;parcelas_355a0a1d-8cef-4151-81f5-b93fd4913d7e.csv
1;420;2020-07-20;parcelas_355ac099-0fdc-4955-8dd0-a0329977aac1.csv
1;2060.78;2020-11-27;parcelas_355ed677-43ca-426e-bfb1-847b87a7460c.csv
1;29.49;2020-12-23;parcelas_3563d10c-438c-4c63-a9ab-6af4d99ff93c.csv
1;531.2;2020-06-30;parcelas_35657f7b-789f-48ca-9989-8c620770d6f4.csv
1;938654.28;2020-06-23;parcelas_3567d4a5-09f3-470a-aa3a-797beff6782a.csv
1;532427.93;2020-08-27;parcelas_35713ee7-581c-4027-9c8b-28ed96da893a.csv
1;1259573.45;2020-05-26;parcelas_3572f9f8-ebec-4ee8-a74f-949da9685249.csv
1;599.12;2020-11-30;parcelas_3573d6b3-8ed3-473b-91c7-68f37da7b6ec.csv
1;79.79;2020-06-15;parcelas_3579b9b9-ed23-46fe-af84-bc984eff51f4.csv
1;2500;2020-06-29;parcelas_357ab6bd-b14c-4444-8990-65655726bfe2.csv
1;834927.68;2020-01-02;parcelas_35827e73-aec2-45eb-b20b-838e314634d0.csv
1;2012.67;2020-01-31;parcelas_358680e8-a859-446d-9df8-bad29dfb6798.csv
1;10392.43;2020-11-18;parcelas_3588e9d3-1894-4a48-bf70-b4bf3af7df59.csv
1;79.79;2020-06-03;parcelas_3590f3e0-5fbf-4784-9379-8fd86975b7f5.csv
1;875;2020-11-27;parcelas_35917bee-ef00-4b8e-85e5-d791102e68a5.csv
1;199.6;2020-10-06;parcelas_35918eea-320a-486b-b992-9d755373dbc4.csv
1;365.3;2020-06-09;parcelas_3597c6d4-01f6-4f54-a0b5-af5fe6e8fcfd.csv
1;700;2020-04-29;parcelas_359c10f7-645c-4744-88aa-13b5592be5c6.csv
1;6121.5;2020-09-09;parcelas_359f4dd6-9b52-463b-aa63-5a1f4a37f46e.csv
1;3589;2020-01-08;parcelas_35a34fbc-704a-4d7a-a977-6876efc591f5.csv
1;15446;2020-10-23;parcelas_35a8fe41-64d6-4b85-b992-f23e20e73e78.csv
1;3109.17;2020-03-30;parcelas_35ad7fa9-49fe-4cb4-a1b8-df44523b3f70.csv
1;2000;2020-01-02;parcelas_35b85e07-7334-41e6-a884-4bcac7ae2c20.csv
1;1764;2020-03-05;parcelas_35c15ed8-d1ea-4862-b1f7-7ff51547283b.csv
1;228312;2020-06-26;parcelas_35c6ab05-965f-4b0b-8b6f-8168f1dc39c1.csv
1;88.78;2020-06-18;parcelas_35cd287a-be04-4c24-95bf-bc3516bb3c01.csv
1;1150;2020-08-19;parcelas_35d6c3f9-60a7-4aa2-b0e8-62e9cfcc9474.csv
1;216;2020-05-14;parcelas_35e03857-b847-44d0-9755-fdf660bace4f.csv
1;1410412.35;2020-05-27;parcelas_35e05c03-9c78-4711-9ae6-9e63806586a0.csv
1;3166.1;2020-03-06;parcelas_35e34cae-0703-4a0a-b909-7302e37b36e8.csv
1;183.6;2020-11-03;parcelas_35e8b041-5eda-471d-a79e-e222aba79ec3.csv
1;39.89;2020-11-03;parcelas_35eeb0fa-e329-48da-9de5-140c5e5152d3.csv
1;141815.47;2020-06-15;parcelas_35f7364d-1c06-46d9-8d31-5a0e29234922.csv
1;350;2020-07-30;parcelas_35f75cb5-96ce-423a-bef6-b4e5ad26c382.csv
1;60932.13;2020-03-30;parcelas_360a6413-0851-45fa-ad9c-30611f4d18c2.csv
1;11035;2020-07-21;parcelas_360e2fac-42d5-45af-85d1-cc1e72dd4f76.csv
1;15595.58;2020-09-23;parcelas_36197f93-cba4-45f4-a45a-ae1f3f41f0d5.csv
1;154;2020-04-30;parcelas_361f2bdd-dd7c-4ec8-bf41-a035b757ada0.csv
1;223200;2020-05-29;parcelas_362aa4c0-ebc3-4d94-a55b-5053a15d8810.csv
1;480;2020-02-10;parcelas_3631de25-9450-41e3-a728-3419e92d1b6f.csv
1;164673.1;2020-09-28;parcelas_36370762-4ea8-4037-b987-336237e944ba.csv
1;28000;2020-07-03;parcelas_364640fa-8c17-4fb1-b57d-c0b40df7a17e.csv
1;4486.63;2020-11-04;parcelas_3648ed1e-7026-487d-a1c1-b59af33035d9.csv
1;6558.4;2020-09-08;parcelas_364a067e-1f56-40fc-b085-a41f2f89540f.csv
1;1075874.2;2020-08-18;parcelas_364ff06b-43de-489a-95e3-50d4ee27f6a6.csv
1;5912.06;2020-11-27;parcelas_3651c872-6e34-4e79-bc29-8ed5d71b998c.csv
1;8704.71;2020-09-28;parcelas_3655f2b4-b62e-48b5-a4b4-5f4db8149ea2.csv
1;1313.16;2020-11-25;parcelas_36597660-540b-4ff4-8645-d6f8c6139610.csv
1;53819.84;2020-12-16;parcelas_36598297-a6d8-430d-bb0d-e89e4582b512.csv
1;1153.51;2020-06-30;parcelas_365e5a65-4f1d-4626-8669-bc9b245baf57.csv
1;96077.38;2020-06-26;parcelas_365fafe6-0e60-4c49-956d-5f43d2cb239d.csv
1;66.7;2020-01-06;parcelas_36638968-f3bb-49b7-bc35-f7b2141fd505.csv
1;5655.7;2020-03-27;parcelas_366dfbd3-f365-4f04-9230-075b68382912.csv
1;21010.09;2020-02-27;parcelas_366e0b08-63db-425e-a92b-9559e8fc8534.csv
1;79.79;2020-10-06;parcelas_366e454c-dd25-4c57-ba0d-929bd3516ffa.csv
1;14642.18;2020-07-21;parcelas_367795d9-ad07-41e6-bdbb-cfad8eb1f7fa.csv
1;56.89;2020-05-29;parcelas_367e2fdf-f751-47f6-8cdb-b79a2749c41d.csv
1;1475.41;2020-01-24;parcelas_367e8d14-ff8b-461f-b45c-cc5213edb864.csv
1;87037;2020-02-11;parcelas_36812d70-974b-4241-b5a3-c71bdb1b95bf.csv
1;130632.69;2020-03-30;parcelas_368137cf-4157-46ed-9033-3f5c436bb822.csv
1;6023.6;2020-05-13;parcelas_368c09d7-3b66-4d6c-925e-1d767b37eea3.csv
1;69970.29;2020-10-22;parcelas_3692a8d5-22a2-4728-a136-a9fe846b22d8.csv
1;54749.08;2020-11-16;parcelas_3694901c-9b32-4963-a985-c27f00f3734d.csv
1;856;2020-02-10;parcelas_3696a9c9-cbcc-4f2b-9142-9dc0d67d95ca.csv
1;7538.33;2020-09-23;parcelas_3697c0be-ac64-4b75-af49-25f8405de163.csv
1;797204.97;2020-11-27;parcelas_36a219fe-4f58-49a5-a08e-393c52be6d54.csv
1;8638.81;2020-11-27;parcelas_36a7a65b-38e1-490f-9a35-c0d46a1f46f1.csv
1;41006.97;2020-01-02;parcelas_36aa9595-3a17-40fe-bd05-d849061474a6.csv
1;11967.9;2020-03-30;parcelas_36aa9a1e-b172-41b8-a028-1d996e12ad68.csv
1;3619.82;2020-03-31;parcelas_36aad4f9-828a-4c47-a8e5-8b26818e2aae.csv
1;50000;2020-11-12;parcelas_36ab5414-b7b3-4761-94e3-59b37b0bd5b6.csv
1;948600;2020-05-25;parcelas_36ab7918-635d-4a33-a8ce-856af99968c5.csv
1;88.78;2020-06-25;parcelas_36abac6a-20e8-4c69-9ff9-fff64398eaa3.csv
1;8091.7;2020-01-23;parcelas_36b37176-5b07-4208-8f34-9527b15978fd.csv
1;545;2020-04-30;parcelas_36b82611-d93a-48d1-9d2a-37fa3126f244.csv
1;349.2;2020-02-03;parcelas_36b9a576-13ba-4908-91ae-c47b532870ce.csv
1;865.24;2020-12-30;parcelas_36ba0035-2b6e-4c2e-9882-bde3714dd936.csv
1;915.75;2019-12-30;parcelas_36ba2b79-f272-45c5-9865-33c3df3d9a72.csv
1;115.92;2019-12-30;parcelas_36ba2b79-f272-45c5-9865-33c3df3d9a72.csv
1;50000;2020-01-13;parcelas_36c2b558-db41-4614-ae07-96dfeabd67a3.csv
1;476.92;2020-09-28;parcelas_36d39ab7-0ab5-4979-98e5-ef9ad5c56657.csv
1;18148.38;2020-07-27;parcelas_36d7b81e-edaf-4b22-82d6-ad4ea1e18a68.csv
1;13576.46;2020-07-09;parcelas_36d9e610-bdcd-45be-8576-fef8cb995b53.csv
1;929.97;2020-06-18;parcelas_36ea2e14-9c62-4ffb-bb27-8810c0f8ea30.csv
1;47955.12;2020-02-19;parcelas_36edc228-2e97-4cd3-828a-963bc3e3f1b4.csv
1;102.58;2020-01-14;parcelas_36eefa4c-6420-4944-b704-a1040145cc17.csv
1;2419.5;2020-10-21;parcelas_36f39af7-e9d4-4832-9814-ffcec550d188.csv
1;1650;2020-08-18;parcelas_36f93625-d8f2-4b4f-886f-6111c77e1da0.csv
1;2196;2020-05-28;parcelas_36fd733a-e910-4ff7-962a-bb106b54fb57.csv
1;2617.86;2020-07-02;parcelas_37049ae5-3252-494d-8e8a-56298cd2cf18.csv
1;2088.33;2020-09-28;parcelas_371051f8-90cd-4beb-b963-9499e9ee4d09.csv
1;72503.48;2020-09-16;parcelas_3712c65e-dea2-4b8b-99c5-6a23ded62e46.csv
1;350;2020-03-10;parcelas_37168f97-7aeb-4857-8430-8bd1843cdbb8.csv
1;477.09;2019-12-30;parcelas_371b90ff-bcd6-4be6-bd7d-231ef49a4894.csv
1;79110.16;2020-12-30;parcelas_37208478-827f-434d-8211-a2a1c3f5c9f1.csv
1;55199.9;2020-06-26;parcelas_3728a7ad-4220-4075-8dce-eb1a5a8e6ac3.csv
1;785;2020-06-16;parcelas_372e2fdd-fb29-48ba-9ec3-7882e4be3530.csv
1;16265.55;2020-11-10;parcelas_373004cb-2525-4688-bc51-1159479de534.csv
1;1373.29;2020-08-17;parcelas_3730fd2a-4d63-4c16-b97f-2c52169c919c.csv
1;4092.82;2020-11-27;parcelas_373136a1-1c95-4275-b680-319b6d24c3fc.csv
1;33850;2020-09-09;parcelas_3734d72c-f33d-4d6a-9e2c-ee1593feb489.csv
1;290.16;2020-01-14;parcelas_37376091-333e-4edd-87c9-c20613dbb6ff.csv
1;4180;2020-05-29;parcelas_373b7378-0b95-47f9-a227-f26c35ee2753.csv
1;509.72;2019-12-30;parcelas_373c0cdd-3046-4153-af07-8b5db56abc25.csv
1;180;2020-10-02;parcelas_373f5f6c-0f72-4e48-8d3c-9364afb6e2cc.csv
1;4859.88;2020-08-14;parcelas_374ce679-f47f-4ae6-87d3-9056031623d3.csv
1;261.91;2020-11-27;parcelas_374d6004-bb2e-4df0-b8b6-54884e833f01.csv
1;2159.96;2020-06-24;parcelas_3751b7c6-5afb-42eb-9ab2-77436bc6cd5e.csv
1;51;2020-09-29;parcelas_3752a12b-24a3-48c2-8275-70d12803433d.csv
1;736.06;2020-05-18;parcelas_3758ab70-3ba1-4623-93f8-b67d82f6f103.csv
1;931.49;2020-06-25;parcelas_37594a20-8517-4a45-9be4-89e05a19ca91.csv
1;287.6;2020-04-27;parcelas_375ab51a-bead-43d4-b281-c19bf094e17b.csv
1;46500.89;2020-08-31;parcelas_376000d5-fa88-47d7-922b-81e951d9b451.csv
1;236;2020-10-06;parcelas_377851c4-339b-4b47-a69b-6eeaa63e7911.csv
1;855.66;2020-09-18;parcelas_377b1330-74f0-441d-862a-c067a6f2ee2c.csv
1;261800;2020-09-28;parcelas_3785d114-ee61-4122-966c-acd34bfcb3be.csv
1;3736.13;2019-12-30;parcelas_378b3fd4-9a47-44e1-abe7-89c8f1b8602e.csv
1;97.68;2020-04-30;parcelas_37912b34-4236-4aaa-bd93-37dda789987d.csv
1;5327.69;2019-12-30;parcelas_37949260-74f3-46af-8a57-46a620dc39bc.csv
1;8932;2020-01-29;parcelas_3795dc16-3511-43cc-a28f-b0670796c143.csv
1;98088.54;2020-03-26;parcelas_379edb91-6e19-4621-9a67-9d3778271f30.csv
1;70;2020-12-02;parcelas_37a59cf4-20d1-4e33-b041-fd9e5cf9775b.csv
1;2022.28;2020-09-08;parcelas_37a6d863-103c-4554-9866-2e94e7326796.csv
1;36412.8;2020-03-27;parcelas_37a73660-ab3e-4c11-bcef-89351c4aee45.csv
1;143255.89;2020-02-26;parcelas_37a9d91a-ea41-4225-8bf0-35e5df200db7.csv
1;254.86;2020-02-26;parcelas_37b6b295-4781-4be6-b663-a734973c256c.csv
1;5425;2020-03-30;parcelas_37bb38c7-4885-416e-9c3f-f7ecd3e8a3d9.csv
1;1920;2019-12-30;parcelas_37c415af-7636-46b7-bfab-1d20de193ecf.csv
1;180000;2020-03-02;parcelas_37c5e0cc-957a-4e01-ad3c-973ec77c456d.csv
1;13200;2020-03-06;parcelas_37cdd468-f528-44b6-8608-bf6e7af21050.csv
1;34;2020-11-03;parcelas_37ce9f30-7c3f-4498-8454-cd4259a10c22.csv
1;210.45;2020-11-09;parcelas_37d3dded-4c4b-4436-b75c-d53096f49514.csv
1;245.85;2020-09-29;parcelas_37da4ef3-5b40-4925-9e28-f85154c0b9de.csv
1;535463.54;2020-01-28;parcelas_37db7a79-08eb-42e4-9261-f6249ae5b31e.csv
1;25948.2;2020-01-17;parcelas_37e375f5-78be-4b8d-8655-85798fe1a788.csv
1;82000;2020-09-28;parcelas_37e8a9b7-17f3-4657-b6d6-ab0554868529.csv
1;188936.71;2020-05-27;parcelas_37f02c0c-9193-4a51-98a1-6e1d3be876ea.csv
1;200.36;2020-01-22;parcelas_37f10630-1920-47fb-957b-29577cee03fd.csv
1;12206.85;2020-03-02;parcelas_38027f89-5a7c-46ad-9191-0e6db7bb4b2c.csv
1;17000;2020-02-18;parcelas_38037ed0-773d-45f8-913c-23d9893360b2.csv
1;152;2020-05-22;parcelas_380acdf4-2248-45bd-8345-697036cceedc.csv
1;1521.35;2020-03-31;parcelas_38169645-3340-4a4f-b133-0d7033567fcc.csv
1;115715.48;2020-01-02;parcelas_381dd928-c1e8-44a3-9cfb-5ce35b4ff455.csv
1;59575.68;2020-01-31;parcelas_382b3b80-7891-4f22-a5ed-e738d92ae690.csv
1;88.78;2020-10-09;parcelas_3832830c-3b6c-49d4-8c6b-3ae957371041.csv
1;4205439.67;2020-09-28;parcelas_3836faf8-cbed-49dc-b6dc-b3b5d4696af2.csv
1;1210.09;2020-10-05;parcelas_383cd9f9-7afd-4208-ab9c-f7496aa816de.csv
1;221.67;2020-07-21;parcelas_38430b73-c954-422a-8e28-de2bf2a1c711.csv
1;18613.88;2020-12-21;parcelas_3844d4e2-6d6a-46fd-90cf-2bc447da5201.csv
1;40000;2020-04-03;parcelas_384f3347-5cf2-4237-9bfe-2e8b17e6c1c9.csv
1;22848.51;2020-04-27;parcelas_38554342-7d80-45bc-96e1-97931e5c8283.csv
1;61.08;2020-01-14;parcelas_3855fbc5-ea89-4048-8b77-047db1174ed6.csv
1;2165.78;2020-06-25;parcelas_385eb36d-ce26-46ae-9f2d-659ce37990b3.csv
1;140098.68;2020-10-28;parcelas_386bd88a-9d43-439e-8a0e-020f4b8085e1.csv
1;4650;2020-03-27;parcelas_386d3c76-8cc6-4541-8ead-3471da5b8725.csv
1;273.47;2020-12-30;parcelas_38715cff-9ba0-4234-bf36-7a1a0a426844.csv
1;4110;2020-02-10;parcelas_3872952d-156c-4b26-860a-dc8d373e4abd.csv
1;32020.5;2020-01-30;parcelas_38776e77-b9f3-4ac6-acab-1dfd10e22139.csv
1;79.79;2020-10-16;parcelas_38777163-9b2c-4d1d-a48c-26c4807993f0.csv
1;231107.1;2020-01-31;parcelas_387e29d6-6ce6-445f-8baf-3fa12004669f.csv
1;964.2;2020-08-17;parcelas_38846e9e-66ec-482f-aff3-cff585f030e1.csv
1;23250;2020-01-31;parcelas_3884b765-428c-4402-acf5-6b7d8085e580.csv
1;2889.73;2020-07-31;parcelas_3886df7b-33a4-4ef6-a633-4c000552cf39.csv
1;9350.32;2020-09-29;parcelas_388ac4a6-9475-4ec8-8221-e13885c28873.csv
1;9228.37;2019-12-30;parcelas_388b579b-5eff-41f8-8461-71f0ae8905af.csv
1;2973;2020-11-04;parcelas_3894aeac-d2b7-4d5e-bb97-c3388dc7d5ea.csv
1;31460;2020-03-30;parcelas_389b89f3-0e3d-4e02-8970-52d3543a3e7d.csv
1;2373.38;2020-01-29;parcelas_389e7897-9cb6-4111-9802-bfb6061e662d.csv
1;0.04;2020-12-23;parcelas_389ffe56-82c4-44fe-870a-0776ae756db6.csv
1;66.7;2020-05-28;parcelas_38a4f47b-9a37-4105-a578-fe157d9cdeb6.csv
1;12580;2020-10-21;parcelas_38a8364b-c442-46c8-9dce-2dc681f32649.csv
1;2963.96;2020-10-20;parcelas_38ae0f50-140b-4868-9304-881d57745fac.csv
1;289.42;2020-11-04;parcelas_38b1d1ac-5ddc-410d-bf0f-dee7d162438d.csv
1;50.87;2020-11-03;parcelas_38b24544-3b30-4ed1-b1ac-0fffd241a749.csv
1;524836.44;2020-04-29;parcelas_38b2849d-8551-4a93-a41b-adff82dd43d4.csv
1;168;2020-11-05;parcelas_38b997b1-0e5b-42cc-a71e-fb7f712fb16d.csv
1;2904.04;2020-04-09;parcelas_38caa1c6-41db-4884-8560-b0018d383e8f.csv
1;1666.66;2020-10-07;parcelas_38cb90c0-8a2a-4d98-8f84-2f948199c398.csv
1;14867.24;2020-09-08;parcelas_38d1fc81-eada-4f21-be67-f865369363e0.csv
1;630;2020-05-05;parcelas_38d32c19-41d5-4374-af5b-6b59bb7e459e.csv
1;1175.34;2020-09-24;parcelas_38eb234a-d6ce-4d2f-aba6-80cf1bc91ff3.csv
1;2000;2020-03-30;parcelas_38eeb07f-2eea-4bb6-b729-b0e1ae308035.csv
1;4340.57;2019-12-30;parcelas_38eefe5e-d8ca-41f6-acee-4c3b9363dbc4.csv
1;38672;2020-07-21;parcelas_38f1ce90-1980-42a0-ab9d-f73b8cbb3c1a.csv
1;14376.18;2020-01-02;parcelas_38f3256f-534d-4506-b789-f9f243e974b4.csv
1;117498.49;2020-07-30;parcelas_38f6ceb2-5d68-4142-98e0-7548779630dc.csv
1;8250;2020-09-28;parcelas_3908b84b-9c83-4ce8-b99a-b6b2dbd4215b.csv
1;66.7;2020-02-17;parcelas_390ef3f5-03bd-4855-a95b-786887ed430c.csv
1;147.6;2020-04-15;parcelas_391ae068-c4a2-4821-aa05-300edc62365b.csv
1;240.3;2020-09-30;parcelas_392b5ad1-832e-49ba-a8ac-2515db341dab.csv
1;423130.56;2020-07-02;parcelas_39349077-64ca-4b03-b30d-979a3e428062.csv
1;10502.81;2020-02-26;parcelas_3938a7c5-641d-47ac-a622-1ca30beb7fc4.csv
1;39790.85;2020-10-30;parcelas_393c9f2f-c1a8-4570-85ea-e71227ca7d35.csv
1;4568.75;2020-06-23;parcelas_394ba61d-ddc2-4a32-a208-66f25631e2a0.csv
1;3700;2020-10-15;parcelas_394d63b1-f493-4ceb-8ca6-da9b6e4bceb6.csv
1;30000;2020-01-24;parcelas_3950724e-c379-47ee-ad9b-f1709e156462.csv
1;553.22;2020-11-27;parcelas_3953a266-7bb9-40ee-b9be-8b75e39e9207.csv
1;48.74;2020-11-06;parcelas_39586eb8-4e3c-4901-946b-85055bbe3077.csv
1;2100;2020-01-28;parcelas_395c9792-6916-4417-ba23-fbf95eb644cd.csv
1;163.5;2020-03-09;parcelas_3965f643-b852-4884-8bf1-7cefec9d1c3a.csv
1;2149;2020-01-31;parcelas_39690766-5a6a-46fc-803c-7218ad4e7e28.csv
1;4937183.84;2020-06-17;parcelas_396da684-b748-4010-8970-d7c5e2eb1280.csv
1;22500;2020-02-10;parcelas_396de6c9-b427-4bdf-a054-e6b1941d6a0d.csv
1;30670;2020-09-17;parcelas_3970c6c3-e3f0-4a40-a89b-833117625ec0.csv
1;650.57;2020-11-27;parcelas_397124bf-8b3a-4931-bcc6-9c373f2ee17b.csv
1;2975;2020-06-26;parcelas_3973acaa-dd1b-40b0-b36a-a08d1099c7dd.csv
1;7868;2020-12-21;parcelas_3975f2bb-15fb-4095-81b3-481ae26ea476.csv
1;2331.66;2020-09-15;parcelas_3979e44b-0f4c-42d2-92cb-b62e1b9cb371.csv
1;360;2020-09-29;parcelas_397ca3d6-05d7-4d1b-9936-9a9862c1a7fc.csv
1;103180;2020-01-02;parcelas_39899dd4-3c01-4021-983c-36b2f123f578.csv
1;5242.5;2020-03-27;parcelas_399a3600-8c49-4131-b0a8-a7c869f0abf8.csv
1;560.59;2020-06-29;parcelas_39a15a08-98cd-416e-891d-6fc362b0c4dc.csv
1;15233.4;2019-12-30;parcelas_39a376f5-ba91-4853-8b88-c848be27a3d3.csv
1;2018.89;2019-12-30;parcelas_39a376f5-ba91-4853-8b88-c848be27a3d3.csv
1;28086.64;2020-05-27;parcelas_39a7a773-318e-4657-9b35-e2a913978261.csv
1;11803.08;2020-01-24;parcelas_39aabbde-a245-41c6-8c2d-8c008cd80aab.csv
1;694000.43;2020-01-02;parcelas_39af1d0b-dca9-45cc-9c43-0438aa0e5339.csv
1;147221.48;2020-01-02;parcelas_39af7e9d-6bc4-4e3a-831a-cb97f045fbe0.csv
1;27331.5;2020-08-31;parcelas_39b18c01-24e4-4416-b863-69393369147a.csv
1;2525;2020-08-07;parcelas_39bb3763-8f68-4619-807e-4a875fc88384.csv
1;1046219.14;2020-07-13;parcelas_39c56422-43b5-445c-a850-a4f8f379ce73.csv
1;426096.14;2020-09-09;parcelas_39c99d47-c2e5-40ea-8112-7f5620a3fdcc.csv
1;58.66;2020-04-23;parcelas_39d4373b-e4c0-47e3-970a-f1f1c639d2ab.csv
1;7000;2020-03-26;parcelas_39e358be-9d2f-4648-8d17-45e24800639e.csv
1;79.79;2020-06-09;parcelas_39e51bcb-d961-4519-80d5-65f643dc7754.csv
1;14877.9;2020-04-30;parcelas_39e740c8-d255-442b-885d-d9978a4c5045.csv
1;242297.71;2020-01-31;parcelas_39e8a57c-fcc1-47dd-9ff8-2ae3edf79946.csv
1;4000;2020-03-30;parcelas_39e8ccb6-c689-4785-84ab-d58b51ec8227.csv
1;7551.84;2020-04-20;parcelas_39f8a94b-d7f7-4cc3-afa2-9934cd77c4c3.csv
1;1004.66;2020-10-21;parcelas_3a005d82-a586-45cf-83d7-6531ce71a3dd.csv
1;29.49;2020-10-21;parcelas_3a0839da-e30e-4502-a887-bbdfba8fbd8b.csv
1;3080;2020-02-11;parcelas_3a08faae-52a6-47a2-ac07-32f9b97c7bda.csv
1;3237.5;2020-07-30;parcelas_3a0af552-8f12-405d-8750-9ea3bf5ba112.csv
1;1020;2020-11-18;parcelas_3a0b7f66-1755-4505-a8b0-202f2f284885.csv
1;2527.89;2020-03-18;parcelas_3a120af4-d92a-4c4b-8f99-d7eb2e0c54ce.csv
1;13900;2020-10-07;parcelas_3a137217-1501-462c-9901-8ec443db6154.csv
1;116780.24;2020-02-28;parcelas_3a17f592-3696-44d4-b357-4c3e5a5a1748.csv
1;1720.21;2020-05-26;parcelas_3a193d43-003a-4696-b2a0-55a638e10cc6.csv
1;79.79;2020-11-03;parcelas_3a1ab6bc-a410-496e-ab40-d500018427f8.csv
1;1130;2020-11-03;parcelas_3a252749-5a10-4e89-9cc4-4d2bd1ffcd81.csv
1;120240;2020-09-23;parcelas_3a25c8b8-675e-4d14-a3ea-e87d4c779918.csv
1;652.35;2020-01-20;parcelas_3a2aa31f-c560-4782-9f2a-1db6270a5488.csv
1;1440.61;2020-03-31;parcelas_3a2ba82c-cf95-461e-80ac-66aa70a80b3a.csv
1;1589.95;2020-10-02;parcelas_3a3d083d-c6c5-4733-94f8-55341268c593.csv
1;266750.39;2020-10-01;parcelas_3a4628f0-812d-4347-80af-6c81e6179647.csv
1;2675.5;2020-08-24;parcelas_3a4b1723-e163-4830-a3d6-8612734e18c7.csv
1;2252.9;2020-05-28;parcelas_3a5a1ecb-b04e-454a-b2db-7af9c21d91f5.csv
1;133.71;2020-05-28;parcelas_3a5e8bdb-e616-47b3-9383-93fd0c799a61.csv
1;447825.65;2020-10-07;parcelas_3a6141b9-f28d-473c-b88d-9843d2cb4ef9.csv
1;18120.58;2020-12-21;parcelas_3a6ebaa5-bc3e-47ca-853c-fe1a22c2e42f.csv
1;59312.21;2020-09-28;parcelas_3a71fb3c-9c3b-409b-bc07-fb5cc82cfad8.csv
1;46500.89;2020-10-30;parcelas_3a761970-1b47-4b1d-81f2-c9fff0b3cf8c.csv
1;1333.71;2020-10-02;parcelas_3a7c4a00-5f58-4b2c-9762-e1067b1a802b.csv
1;67.64;2020-05-18;parcelas_3a7d7c31-5be8-4f52-b47f-78eaccb23b89.csv
1;36.06;2020-05-18;parcelas_3a86abbe-06f3-46ca-9c23-373211d0741c.csv
1;6480;2020-02-26;parcelas_3a877f1c-9a76-412d-be3f-98bfdb8a46bd.csv
1;1160.42;2020-10-21;parcelas_3a87ba58-0d93-4fcf-b129-4af2427b2d20.csv
1;1530;2020-05-11;parcelas_3a88a126-b39d-425e-aa01-a1866578fb7b.csv
1;3850;2020-08-27;parcelas_3aa5a283-5ef1-4612-be20-39901707115c.csv
1;180.2;2020-02-19;parcelas_3aaa0e0f-1d0f-4aef-87ba-3a681b24c5d9.csv
1;100;2020-08-19;parcelas_3abbff7c-8a39-4001-ac1a-1a972b008dbe.csv
1;3368;2020-07-13;parcelas_3abc0a4c-4ba4-4028-9791-08123c05e6f8.csv
1;36;2020-06-12;parcelas_3ac2f563-aed3-4de9-941b-593400292664.csv
1;2709.26;2020-02-27;parcelas_3ac51e5a-a6e6-4fcf-8e7c-3786406e96bb.csv
1;3806.1;2020-02-05;parcelas_3ac6fd8d-72c7-45db-8473-dd503ca5fce3.csv
1;7309.7;2020-06-16;parcelas_3ac77a64-5a8d-4ddd-98ce-f08e878bf0f2.csv
1;86.16;2020-01-02;parcelas_3acafb0a-a5c2-4c60-8d41-bdde7773c56d.csv
1;129;2020-06-08;parcelas_3acafb7e-f521-4403-ac52-867252984420.csv
1;1800000;2020-06-23;parcelas_3acb558f-760b-4ae9-b61c-8353ca59312b.csv
1;904069.77;2020-11-27;parcelas_3adcbfc1-53a5-4769-a061-a90a7e618313.csv
1;16981.83;2020-04-01;parcelas_3ade7f9f-879b-49d8-9960-6dccabb1ca47.csv
1;803280.55;2020-02-26;parcelas_3aedd4ba-5a27-4ad3-890b-cb23e6ccfb16.csv
1;72851.82;2020-01-28;parcelas_3aedd66b-c0d7-4ad2-9060-41f124ee40c2.csv
1;61.04;2020-01-20;parcelas_3af3768b-e068-4c99-a50a-cd01b378565c.csv
1;16079.13;2020-04-30;parcelas_3afc0437-d176-4033-9e89-0587b43e1586.csv
1;80.54;2020-10-06;parcelas_3b024448-1fb9-4c26-b896-7ebf33368088.csv
1;11826;2020-05-14;parcelas_3b0b29c1-dc3e-49dd-8ac5-1b0b5204ac9c.csv
1;1282.34;2020-05-14;parcelas_3b0db67e-ae2c-453a-af1e-88def72fe36a.csv
1;16103;2020-01-02;parcelas_3b18207b-1d6a-42bf-865f-ea753bd1692b.csv
1;87650.61;2020-03-10;parcelas_3b182557-3679-48bf-b493-f7f73560bd14.csv
1;79.79;2020-10-30;parcelas_3b1a1b7e-707d-4477-a732-084cf6b59b1f.csv
1;586.9;2020-01-10;parcelas_3b1ce13f-53e3-4256-b451-57c6df981821.csv
1;5660;2020-09-23;parcelas_3b1d725d-7660-45ad-b889-8090d5295568.csv
1;1230.34;2020-12-30;parcelas_3b1fc2dd-3938-4899-870a-7938acc9e292.csv
1;1232.08;2020-05-11;parcelas_3b2bed2d-74be-4ce9-b3a2-a8062804c7a9.csv
1;1040.21;2020-09-24;parcelas_3b2cc4de-85bc-4497-8ea2-9239b6ac11a2.csv
1;9684;2020-07-13;parcelas_3b357ac2-71a5-4908-b05e-8726d306ef09.csv
1;13232.83;2020-06-15;parcelas_3b3ddc48-e9ca-418e-a38e-9b764106dac9.csv
1;4487.11;2020-01-24;parcelas_3b3f0dbf-b2a2-4641-aca6-4155b157958e.csv
1;362.1;2020-11-16;parcelas_3b3f8ab0-652f-4360-ba44-4ee29ce7ea3b.csv
1;4000000;2020-06-01;parcelas_3b402511-1951-42ba-9acd-8f69a9496389.csv
1;25008.17;2020-12-21;parcelas_3b47cc84-4709-48d0-b888-cc01890e3cbb.csv
1;14850;2020-06-05;parcelas_3b4b4ed3-6060-4e58-bd52-a63f88680b9d.csv
1;10000;2020-09-08;parcelas_3b558036-2985-48ba-bae4-f14fdb6d936b.csv
1;2100;2020-08-27;parcelas_3b590524-d103-403b-bc30-e060024195a9.csv
1;1324.26;2020-11-03;parcelas_3b5a6c9f-340f-4e37-b9c0-f03aba9d8a0f.csv
1;12608.76;2020-09-28;parcelas_3b5d293b-deb7-47c6-a1ea-d87efef5afaf.csv
1;341196.8;2020-01-02;parcelas_3b61898d-839e-4fe5-b975-0167d90fa167.csv
1;1289.6;2020-11-04;parcelas_3b619c12-2bfd-4350-af26-a4dee901c1c0.csv
1;172980;2020-01-31;parcelas_3b633000-4863-4f5a-a015-413b8f0f7886.csv
1;2877.83;2020-02-07;parcelas_3b654724-5e3e-4426-8503-594de1cd3960.csv
1;3000;2020-09-08;parcelas_3b716a2c-70f6-44ee-a011-917ed757bec2.csv
1;21328.86;2020-06-26;parcelas_3b73343c-56d6-4924-9d5c-ef2b7cb93b5f.csv
1;2788.33;2020-11-27;parcelas_3b7af281-68c1-40f2-8af8-5b7015ad0c83.csv
1;574.8;2020-08-24;parcelas_3b7df4f4-c09c-4b7c-b88e-24dcd65207bb.csv
1;50171.36;2020-10-06;parcelas_3b7e7719-d87a-481f-b598-1b19dad5b697.csv
1;1335.78;2020-10-21;parcelas_3b91632a-c8f9-4b2f-b880-c712cd7131f0.csv
1;1024;2020-09-29;parcelas_3b96c0b0-4436-4243-a35a-956ef5dd4905.csv
1;1822.66;2020-07-30;parcelas_3b96cb20-0889-47f2-8492-9a3642d4393b.csv
1;554;2018-06-29;parcelas_3b9af228-6d00-4d2c-aa16-eb3899d7b0f7.csv
1;282.96;2020-05-11;parcelas_3b9b33b7-970c-4f4c-be7f-a7510ff7631b.csv
1;2217331.48;2020-07-30;parcelas_3ba0272a-40d1-4d6a-848c-6614e3f7d3dc.csv
1;19500;2020-07-30;parcelas_3ba6e990-ab59-41e1-bdce-55b04a087b12.csv
1;111000;2020-11-03;parcelas_3ba7483d-6750-4a41-879f-b1e1ba5e63f4.csv
1;9000;2020-04-15;parcelas_3ba96ecd-09f6-4f7d-be9e-d3952b02b276.csv
1;11843.4;2020-01-02;parcelas_3bafcdd4-2c39-4ed1-bbe0-0769c1467016.csv
1;100000;2020-07-15;parcelas_3bb013e4-bb35-4923-8ccd-c5f033852f3d.csv
1;3539;2020-01-08;parcelas_3bb2d514-d260-4d3a-a0cc-0c892bd17ef7.csv
1;28387.46;2016-12-09;parcelas_3bb75ebd-ed71-4540-8692-791f19fc6249.csv
1;22245.52;2020-10-26;parcelas_3bb9fcc4-3d9c-417e-bffd-1f08e7a8b186.csv
1;79.79;2020-09-11;parcelas_3bba6f2f-0399-4bc0-8f6d-b46c30b47c26.csv
1;45338.4;2020-01-02;parcelas_3bc57c2c-34fb-42f7-b236-df4e82155a32.csv
1;11128.91;2020-01-10;parcelas_3bcdf626-b493-4302-8486-f06cda4c38d8.csv
1;2618973.26;2020-06-15;parcelas_3bd29720-b0ad-488e-a22f-8aea3d3c4c21.csv
1;89.41;2017-12-31;parcelas_3bd56f74-1921-4b96-940f-59b241e026b7.csv
1;2903.94;2020-02-17;parcelas_3bd628aa-86f6-4d55-a1b9-03123b715e0c.csv
1;576;2020-10-02;parcelas_3bdac916-4c0e-460d-a3b6-27e5b93b1389.csv
1;22400;2020-11-04;parcelas_3be2e0f8-720c-4942-9b8b-c2bd2794a172.csv
1;22918;2020-01-10;parcelas_3be38583-d711-4dd3-ae85-3ba0812a9f4d.csv
1;469.73;2020-07-13;parcelas_3be3c1d7-438b-4ce4-9711-e2b0d81bc7b3.csv
1;508286.91;2020-12-21;parcelas_3be7bb7a-e2ce-4d99-9f9c-3ebb8b90f3b0.csv
1;10000;2020-06-09;parcelas_3be9ce23-a5c0-4368-a0df-da23f142bb3c.csv
1;695.27;2020-08-27;parcelas_3bf0b8eb-2ca9-4d89-a504-d2f3599233c7.csv
1;7244.33;2020-11-18;parcelas_3c027ba5-3a6c-4c97-86b4-ca43fb806966.csv
1;3880;2020-11-03;parcelas_3c0550c4-e99e-4686-9d9e-eb3a9ab24f2a.csv
1;35824.27;2020-08-27;parcelas_3c07c468-103f-4c27-b082-e597edba8f06.csv
1;4550;2020-04-29;parcelas_3c07cb6e-9ebb-4b9a-9fe0-41490f26b466.csv
1;212181.3;2020-07-23;parcelas_3c0a09a0-1f91-4316-8e45-e35af162c17c.csv
1;79.79;2020-12-23;parcelas_3c0f6cb7-1ac2-499d-8e4f-49097c2629f4.csv
1;34035.86;2020-02-18;parcelas_3c1e6de2-610e-4d05-9cab-3bd9547727a2.csv
1;3775.01;2020-08-27;parcelas_3c1ea059-f30f-4fda-92e7-b963b2bffa55.csv
1;232.74;2020-05-28;parcelas_3c219fff-7d89-4eb4-836a-e7e8d10e9649.csv
1;2625;2020-05-27;parcelas_3c2591e8-68a2-488c-926d-3f8b5eb2d324.csv
1;2022.06;2020-10-21;parcelas_3c2a08ca-b003-4958-985e-bae9ff0862b7.csv
1;79.79;2020-03-02;parcelas_3c337ac2-06d4-4b67-a07d-1c9d8d791eea.csv
1;300000;2020-07-30;parcelas_3c33a478-fd7e-4c52-8877-1957debacc4f.csv
1;17349.41;2020-04-22;parcelas_3c38847d-7d45-48ee-87c3-07308548045f.csv
1;17280;2020-12-21;parcelas_3c39c1af-b105-4f3f-bec4-6acafc3b8778.csv
1;400;2020-05-05;parcelas_3c3b9c84-8261-4847-9971-11d0e0fc5513.csv
1;1196.29;2020-10-07;parcelas_3c48ac48-eef4-4c7d-81fc-bf799c3e5930.csv
1;56000;2017-01-10;parcelas_3c4e282c-288c-4cc2-92f0-4355b38c3226.csv
1;3803.13;2019-12-30;parcelas_3c5406a2-f7b6-4bb0-9046-a5e915dcc914.csv
1;88.78;2020-06-08;parcelas_3c6a3a36-e4e8-4398-a86d-fb9dd1778566.csv
1;910;2020-07-03;parcelas_3c71edc4-39c3-43c2-92ba-b81de55b1c4d.csv
1;1240;2020-11-26;parcelas_3c752f4b-8972-4115-992c-e389bc0450e2.csv
1;92500;2020-05-28;parcelas_3c7f1a1a-5970-472f-b420-11c69a317f61.csv
1;5225;2020-03-31;parcelas_3c91281e-2543-41f2-a950-656f215f2e54.csv
1;580.7;2020-10-26;parcelas_3c99493e-96a1-42cd-b358-2739ac5a67e4.csv
1;5628;2020-03-06;parcelas_3c9ea040-b0fd-48db-8e89-f6225a7f54a3.csv
1;411441.25;2020-07-13;parcelas_3c9ea2c0-658d-45bd-8b26-ef39b44cac0e.csv
1;29.49;2020-07-08;parcelas_3ca147d0-8b2d-467d-8823-ca2d4aa8ec36.csv
1;2075.76;2020-10-15;parcelas_3ca38b28-1dbd-4436-a004-cefd875aad43.csv
1;57436.05;2020-09-03;parcelas_3cabdd22-ef53-4002-a824-704523990146.csv
1;7793.75;2020-03-16;parcelas_3cad4784-ac2a-451a-a00e-d655c4f0d223.csv
1;13982;2020-01-02;parcelas_3cadac4a-0a65-4a84-a5f2-2f2b87c64051.csv
1;525;2020-01-28;parcelas_3cb380ed-04f7-4ece-af30-4ed7a5b0ed00.csv
1;29524.91;2020-08-14;parcelas_3cc10f4a-0242-4e3e-b916-484861ad5958.csv
1;2223101.33;2020-06-26;parcelas_3ccd0abd-cf0f-4787-96d8-8fcc60a63e62.csv
1;56108.98;2020-11-03;parcelas_3ccda98e-47b5-4a05-bb9d-68790959d54d.csv
1;245;2020-11-04;parcelas_3cd1c643-3796-41df-b719-d326f73a8f1a.csv
1;42000;2020-08-07;parcelas_3cd47bef-b727-428e-af23-9990e3e3d768.csv
1;5950;2020-04-29;parcelas_3cd581c5-9d8a-4a54-a851-c734922b99b0.csv
1;5000;2020-04-15;parcelas_3cd9b02b-3cfb-41f7-875b-8aeee653186b.csv
1;290.2;2020-05-04;parcelas_3cdccc19-e648-4c4e-9f33-c743c6641b33.csv
1;1400;2020-12-21;parcelas_3cf2cca9-6bd7-429f-8106-ef2a86b22e28.csv
1;383.1;2020-04-06;parcelas_3cf708cf-8dcd-4f31-bd32-b7fafa390c02.csv
1;454460;2020-04-29;parcelas_3cffbb8e-1df6-4539-a4e8-6449d00cf722.csv
1;540;2020-01-23;parcelas_3d0efb59-aaa3-4453-b656-b8349b93331c.csv
1;28579.5;2020-08-10;parcelas_3d119a16-6154-45eb-beba-e05d026525d1.csv
1;1050;2020-03-26;parcelas_3d16f15e-b0a3-4ab5-825f-597e9e050519.csv
1;875;2020-03-26;parcelas_3d1af7e5-10fa-4341-bff0-02170a5e86b7.csv
1;2115.5;2020-02-05;parcelas_3d1bd393-1ebf-4fcc-9084-fec7eb4b4bf8.csv
1;3720;2020-10-07;parcelas_3d1f4497-5f0a-4558-92ff-e05c5c4b4dcd.csv
1;5098.33;2020-06-26;parcelas_3d2070dd-4950-44ab-9891-d4a0b3d5f6c2.csv
1;249.16;2020-01-14;parcelas_3d221876-caa3-47fc-9e80-5f20ab965b2a.csv
1;4546.32;2020-11-03;parcelas_3d233cd5-6a15-4fc1-b555-762e43b2b52a.csv
1;1434.67;2020-04-30;parcelas_3d26d862-4136-412c-8f57-35698213ddcd.csv
1;5675.95;2020-03-31;parcelas_3d30614f-125e-4c28-94ad-2af71287f68b.csv
1;695.27;2020-10-28;parcelas_3d34bddd-f0e2-4301-a892-a909416b121b.csv
1;66.7;2020-05-18;parcelas_3d3afe0f-31b6-4eff-a7e4-b953e9779dac.csv
1;8400;2020-07-01;parcelas_3d3c1f86-ee19-4c5c-9458-4dbfab5e1cc0.csv
1;1057.16;2020-09-29;parcelas_3d3fca5d-c37a-422a-b302-215688ad8557.csv
1;1411.29;2020-12-30;parcelas_3d43202f-ba77-4118-aea8-0178fb012464.csv
1;700;2020-02-03;parcelas_3d43de18-b804-484a-b9ac-742bf28537d9.csv
1;359.55;2020-05-04;parcelas_3d473645-0403-4b85-8a28-f0cabd1bac38.csv
1;1170;2020-03-06;parcelas_3d47e39c-087e-44ea-99c2-2451b882f1db.csv
1;6387.5;2020-02-26;parcelas_3d550dec-6518-4c64-8eb1-9b59746c2b16.csv
1;2090;2020-06-30;parcelas_3d5c4f9d-6305-4f97-8fb7-0dbc016d7043.csv
1;7200;2020-01-23;parcelas_3d60d930-3d2d-4fc2-a254-7f8a2e97b189.csv
1;216;2020-10-21;parcelas_3d6e9df1-a37b-4bf2-a317-318fbf24b36b.csv
1;91.97;2020-10-26;parcelas_3d72956e-35c3-42f4-8a4d-e49982c968e1.csv
1;228;2020-09-29;parcelas_3d7a0549-9ccf-46eb-9dee-8f828b39f60a.csv
1;748.71;2020-05-13;parcelas_3d7dea30-bdbf-4379-a687-2ad896ef82ef.csv
1;1546.5;2020-08-17;parcelas_3d80cd2d-1474-4ed1-93e3-062ac6a8afba.csv
1;71127.86;2020-11-27;parcelas_3d8128d3-9aa8-4597-98a0-6ef8b59e089b.csv
1;9403;2020-01-10;parcelas_3d8a5d63-27e9-425c-91d4-9b9a3ef21ba5.csv
1;2149;2020-06-08;parcelas_3d9107d6-e30f-436d-b5e2-8da38d6dc9af.csv
1;3236.82;2020-08-14;parcelas_3d94c3b5-61d0-4cf3-8a8f-1b59e2f78240.csv
1;21912;2020-07-13;parcelas_3d95f0c4-f3b5-4f9d-afc0-5800e4229d9c.csv
1;137.34;2020-11-03;parcelas_3d98cf34-3c27-40a2-b912-33e9bce944cc.csv
1;277133.06;2020-04-16;parcelas_3d9aa5fb-1488-4922-ac4b-d362c1d934b3.csv
1;5503.71;2020-02-27;parcelas_3d9adb2b-df57-4b8e-bed8-5459996a9228.csv
1;6851.18;2019-12-30;parcelas_3d9ade09-334e-4cea-a7c8-aa9c0145afd3.csv
1;439;2020-08-19;parcelas_3da0c9cf-0b50-4279-ad70-9ffc009f2eee.csv
1;565.44;2020-09-08;parcelas_3da12e67-f2b6-41e1-90a2-f8a18cb677ce.csv
1;654.34;2020-09-08;parcelas_3da34be2-0fdf-4593-b9ec-91b166a83b30.csv
1;23940.95;2020-07-13;parcelas_3da36cc0-f242-495e-9a53-9dcceb4138d2.csv
1;868.77;2020-11-03;parcelas_3da39bf4-4c6e-4468-80f6-f9c70855804a.csv
1;5005.93;2020-01-31;parcelas_3db2f100-a6e3-4f4c-ae60-b80ee0977831.csv
1;3351.16;2020-12-07;parcelas_3db3fad4-61c4-4e53-82ef-3cdd56b14e44.csv
1;416.52;2020-04-13;parcelas_3db49017-868a-4325-a3e9-ce2001fa592d.csv
1;1320;2020-01-27;parcelas_3dc511fe-a919-4a24-a290-c9811e1d2672.csv
1;75280.2;2020-06-29;parcelas_3dc63589-76c2-468e-8426-262141b4b0ea.csv
1;30341.31;2020-02-26;parcelas_3dcba20b-d2cf-46a4-942f-b0d0b39724ad.csv
1;4322.46;2020-01-10;parcelas_3dcdeebf-edd3-4e3f-a788-0edc6445a9d2.csv
1;660.41;2019-12-30;parcelas_3dceaaad-802d-48f7-b06d-afc01e3ffdd8.csv
1;5043.13;2019-12-30;parcelas_3dceaaad-802d-48f7-b06d-afc01e3ffdd8.csv
1;5156.66;2020-01-28;parcelas_3dda12bb-208e-4861-b610-3b5a66ea4393.csv
1;10000;2020-02-07;parcelas_3ddd77c8-ca88-462d-b14c-60e66436daa2.csv
1;44270.61;2020-12-21;parcelas_3de6118f-6ed3-40e0-80a3-0dae34c93256.csv
1;168;2020-09-29;parcelas_3def6e97-b484-4101-acc9-69cda7f7821a.csv
1;29.49;2020-06-05;parcelas_3df17de7-fdd6-46e6-83cf-4e7da5a9fa8c.csv
1;10180;2020-12-11;parcelas_3e01ffea-f993-43c9-bb5a-f0970393f72e.csv
1;1295;2020-11-24;parcelas_3e03650b-1014-41fb-bcde-c2e0d8f7eefa.csv
1;4735.3;2020-03-30;parcelas_3e0c9887-f066-46fc-98e0-4a15e4dbdf13.csv
1;7851.77;2020-02-03;parcelas_3e11abce-c042-40f5-abc2-02c799a6b2ab.csv
1;15.66;2020-12-30;parcelas_3e187d2d-8664-4812-8381-66d93f7081d2.csv
1;100000;2020-11-27;parcelas_3e19ed15-7204-4288-b1ec-e2b16bcddc1f.csv
1;138.72;2020-05-29;parcelas_3e1af602-c5b7-41b2-b791-3ef841bba79c.csv
1;6325.8;2020-06-30;parcelas_3e265162-592f-41eb-90e0-881f9f4466b0.csv
1;25307.85;2020-10-02;parcelas_3e29234f-79ec-4d09-9beb-997fcbb42aed.csv
1;29.49;2020-12-02;parcelas_3e2bae3d-296e-4b0b-b259-c5024cec2031.csv
1;88.78;2020-06-01;parcelas_3e340c73-da6e-4f0c-9812-84d866f13fdd.csv
1;29.49;2020-11-12;parcelas_3e3692a4-5e6b-449d-85ac-3d6301f8d18e.csv
1;3200;2020-07-30;parcelas_3e387173-091e-4ace-b89c-4fdbe3643219.csv
1;29.49;2020-12-07;parcelas_3e3de334-efee-44ff-aa18-1ef743f1806b.csv
1;36400;2020-06-08;parcelas_3e3e0f35-789d-46c1-aaf5-35e46f968eca.csv
1;26812.3;2020-01-31;parcelas_3e3e463e-118e-42aa-a385-fd3d22b37fd0.csv
1;58043.18;2020-06-15;parcelas_3e407c1b-aa09-4f24-bb1f-32e0e310d84f.csv
1;12400;2020-02-28;parcelas_3e42a067-cd59-4196-be1b-92916c72290a.csv
1;135990.94;2020-07-13;parcelas_3e59aa88-f863-4623-b6c2-290833d454f7.csv
1;570.66;2020-09-08;parcelas_3e5a0e9e-f3c9-4855-8c5b-62c95295d884.csv
1;7185;2020-01-29;parcelas_3e619e1f-1527-457f-9ec1-cf7c63e328af.csv
1;37720.37;2020-04-29;parcelas_3e6bb990-49d2-4b6d-8af3-5b08fdfc4b54.csv
1;79.79;2018-11-19;parcelas_3e6c0dbe-78c3-40f5-9f87-82d609a8e489.csv
1;61708.05;2018-08-13;parcelas_3e6c699d-fcd2-4975-affc-357eddd67116.csv
1;10240;2020-11-23;parcelas_3e6f7831-ab19-4e95-bb33-eecfe828c235.csv
1;1892.63;2020-08-31;parcelas_3e737396-4335-43d4-9532-f2197eb52c3b.csv
1;10870.79;2020-11-27;parcelas_3e744a3a-8754-4275-976a-760ddf934459.csv
1;119798.03;2020-06-08;parcelas_3e7aa3c3-8d9d-4828-b7fc-0685a3af1d54.csv
1;29.49;2020-12-30;parcelas_3e82c59b-d952-4b0b-8f57-46f21be59047.csv
1;568.37;2019-12-30;parcelas_3e83cedb-1e17-41aa-9dba-ca1f38dfb4e6.csv
1;4256.13;2020-10-30;parcelas_3e86b305-3ad4-4564-9779-addccc580255.csv
1;3221.64;2020-11-27;parcelas_3e88be51-c398-48c3-b0bb-50af3efc4df2.csv
1;700;2020-07-30;parcelas_3e94a52c-510b-4663-acc2-cd22187b8f6f.csv
1;690.03;2020-06-25;parcelas_3e97afd1-3151-4ff2-b7fd-6c00cb272faa.csv
1;1750;2020-02-26;parcelas_3e9845ab-a37c-4be6-b879-6002987c9404.csv
1;119.74;2020-10-28;parcelas_3e985512-85b4-4469-b5fb-7ddc71f5ce00.csv
1;1677.6;2020-02-07;parcelas_3ea15e1a-5ec4-4162-8d23-c39a7342b519.csv
1;66.7;2020-03-04;parcelas_3ea65d6c-ebb6-48a6-8e55-96fd56c2ad68.csv
1;1052.8;2020-07-31;parcelas_3eb10256-2594-419f-b803-c71f88b14ead.csv
1;2844.67;2020-11-24;parcelas_3eb343cd-e9d8-4c28-a75c-d565af7330b8.csv
1;33800;2020-01-24;parcelas_3eb7eb17-b236-4976-bad9-0418ee89413c.csv
1;40000;2020-06-15;parcelas_3eb87ad8-135c-4f19-b77d-80ff493fdd84.csv
1;550.36;2020-09-08;parcelas_3ebe0f28-c6a1-4b5a-8cc9-14bd3a65786b.csv
1;787.5;2020-08-27;parcelas_3ebfde2d-b1da-43e9-b1ec-7a7c087b83d4.csv
1;2345;2020-09-28;parcelas_3ecd8943-4f91-4b26-8344-cf46e2db8345.csv
1;2139.18;2020-06-26;parcelas_3ed1d606-68ce-44de-a35a-5eaad1cd8d8a.csv
1;1155900;2020-01-29;parcelas_3ede2308-dc7a-4edd-99e2-d8c8162ac390.csv
1;5305;2020-08-07;parcelas_3ede58d0-8397-452d-81f1-f19b776ad63a.csv
1;7501.81;2020-07-21;parcelas_3ee1b8c2-88e8-4ab0-84e7-798bd041346c.csv
1;88227.14;2020-02-26;parcelas_3ee56779-f284-476c-9d87-272d038a2b6d.csv
1;332784.96;2020-12-21;parcelas_3ef6aab4-0140-4fa0-b7c4-ba33e4897796.csv
1;1099.5;2020-05-28;parcelas_3ef6d576-1c1e-4c43-a90d-322ab182ab8e.csv
1;846.08;2020-03-30;parcelas_3ef9a63e-8d14-4dba-8ba1-782a5978a6c1.csv
1;720000;2020-07-21;parcelas_3efebfd3-e91a-4d9c-b271-283216cec136.csv
1;20447.44;2020-04-17;parcelas_3f01698e-f94b-4a6b-ae06-923848eda421.csv
1;5461.46;2020-03-26;parcelas_3f0bf253-be27-4768-9359-707999f70121.csv
1;991.19;2020-07-23;parcelas_3f1487e2-2751-46ed-8919-7c7c1d099926.csv
1;142.89;2020-10-20;parcelas_3f1937ab-75e5-4e74-a703-5089813a3209.csv
1;15290;2020-03-09;parcelas_3f194194-e7a6-4382-b39c-c996b0dc7cb4.csv
1;391.96;2020-02-05;parcelas_3f1e96cb-bd08-450f-a14a-21d6b538f231.csv
1;175.25;2020-10-06;parcelas_3f1eca5a-35a6-41cd-ab84-007323353693.csv
1;123310.21;2018-09-14;parcelas_3f2476ed-536d-437c-8d46-be917ada0c43.csv
1;3058.76;2020-05-27;parcelas_3f2b3cfb-ba73-40e4-87bc-f666eb54ec01.csv
1;150.17;2020-11-03;parcelas_3f2f4090-26e3-46b0-87ff-9ee691337ece.csv
1;2990;2020-08-31;parcelas_3f313952-4515-43c4-ac24-8ebdcaf67439.csv
1;1034.4;2020-11-06;parcelas_3f35b041-7420-470f-a3fb-319cf6248328.csv
1;92500;2020-11-27;parcelas_3f35c3fe-126d-4576-a8f3-93bd83d56469.csv
1;74.95;2020-02-12;parcelas_3f455c9d-010a-4396-9a31-d115cdc60e42.csv
1;39.89;2020-09-16;parcelas_3f473421-7130-4900-b166-e0350db16efc.csv
1;40000;2020-02-17;parcelas_3f4b8017-a191-4b09-aea8-b8a2f2a1c4eb.csv
1;302.08;2020-09-29;parcelas_3f6125eb-9df2-49df-84ec-e1f87c8a9505.csv
1;3500;2020-06-16;parcelas_3f677b77-4ee5-4500-b390-cf79b9712858.csv
1;4965.26;2020-06-08;parcelas_3f73ad77-8b9c-479a-ba74-855a51de1ce3.csv
1;78283.32;2020-04-29;parcelas_3f8b8a52-9db1-4053-a0ec-f262f09fb9f6.csv
1;26121.64;2020-06-26;parcelas_3f8c6cb6-2f9a-450c-a373-39d8130e6f64.csv
1;791.2;2020-06-08;parcelas_3f90d3b2-58f0-429e-9f2e-ce13525e6aa7.csv
1;47.5;2020-10-27;parcelas_3f92ff76-3869-48b4-8acf-099ecd4996bc.csv
1;175;2020-02-26;parcelas_3fa6f51c-81c8-4c1f-a891-006eae9468fd.csv
1;50190.7;2020-01-02;parcelas_3fa9bfc2-fe5e-4c85-ad78-5d408a97ee3d.csv
1;90687.61;2020-06-12;parcelas_3faad6be-81fa-4fc8-b530-357ca0941d5a.csv
1;716.78;2019-12-31;parcelas_3fb097c5-65f1-4055-bc59-fbe7fcffec41.csv
1;10925;2020-02-07;parcelas_3fb410dd-9947-4a81-9510-22c6fbdf01b0.csv
1;220;2020-09-09;parcelas_3fb6783a-563b-45e6-ab46-50a53fa1d122.csv
1;7100;2020-01-23;parcelas_3fbba238-dfeb-44e5-a8f1-9399e88fef87.csv
1;1262572.22;2020-12-21;parcelas_3fc0c532-03d7-44ee-8534-3174c3ee9454.csv
1;7509;2020-11-03;parcelas_3fc741fe-a25d-45f0-8aa2-c80519bcfa3f.csv
1;6240.55;2020-04-27;parcelas_3fc91b39-2ce4-4998-b52b-5efbc869e009.csv
1;1843642.94;2020-01-02;parcelas_3fcd4a19-bd19-4833-986d-d93ea0c3a028.csv
1;5730;2020-05-19;parcelas_3fd01c7d-c946-4fe2-8751-619134f79cb2.csv
1;1168.47;2020-06-30;parcelas_3fd0ccf4-51ae-4eb3-bae8-112a0fb09b12.csv
1;3795.98;2020-12-30;parcelas_3fd82d7f-d952-4d34-a275-3a2670a3de3c.csv
1;1011.82;2020-08-24;parcelas_3fe08468-9fd4-4b48-ae93-9cedf49ea7f9.csv
1;6970.83;2020-06-26;parcelas_3fe7af35-fc8b-4d50-9e64-905f47315669.csv
1;599.25;2020-05-26;parcelas_3fe80c6f-b6c3-4dd4-8d54-4fe3ad943dab.csv
1;1802.98;2020-09-15;parcelas_3fea6d4c-a730-4da3-accc-a18e1f6268ad.csv
1;4013.33;2020-06-26;parcelas_3fec307a-2be9-4fd1-9934-cf77f8a7e84c.csv
1;956.67;2020-08-27;parcelas_3fed06d7-1128-43d2-92bf-d0d88bbbe67e.csv
1;100000;2020-09-14;parcelas_3ff6d912-0d1e-4336-82aa-3a2e95706764.csv
1;21050;2020-11-10;parcelas_3ff6fb5a-caf7-4c60-8b07-28ae06658ff2.csv
1;28752.77;2020-12-21;parcelas_3ffa1b84-3570-4598-8452-79af4da6447d.csv
1;418304;2020-08-26;parcelas_3ffa38a8-a931-4393-82be-fa62100f3b79.csv
1;1053.65;2020-09-23;parcelas_3ffa924a-a92b-460c-af42-f036f501f718.csv
1;409700;2020-02-21;parcelas_3ffcfea5-3079-4b84-867c-bbdc105708c2.csv
1;5284.54;2020-07-13;parcelas_4000b840-3604-40d3-a27a-3eb8c877510b.csv
1;66.7;2020-01-28;parcelas_4000e008-fa2c-4a80-9c09-6ec4317070e8.csv
1;310882.59;2020-02-26;parcelas_400292da-b3b7-4e1e-8f35-d74c52823f77.csv
1;53.2;2020-02-05;parcelas_400405b6-04dd-4568-8261-592b3ff60170.csv
1;90000;2020-01-23;parcelas_4004560a-f855-4da0-8e1b-64d9b16ba40a.csv
1;230.13;2020-11-23;parcelas_40061b63-51ae-4996-9e63-6a31efeed608.csv
1;12789.53;2020-01-29;parcelas_4011212c-7d23-4671-bfb6-e8da1b3be247.csv
1;144;2020-05-28;parcelas_40193f5b-7c1e-42d6-9251-1bbdc8324c07.csv
1;16.8;2020-12-03;parcelas_4026f052-e4d4-4ac8-a3d5-0a0b88af79fc.csv
1;2139.18;2020-04-29;parcelas_402842d0-5676-4e0e-a7e0-6d94d1207695.csv
1;30938;2020-01-31;parcelas_402e9451-f5cf-4312-bbd7-96e5059738cf.csv
1;16129.91;2020-06-26;parcelas_40302ee9-71fa-4a94-95ce-dd48caab2a9c.csv
1;1213290.72;2020-01-02;parcelas_4039ad55-c3bf-4b47-8912-f80db1919a2d.csv
1;93550.28;2020-09-28;parcelas_4039e4dc-9a51-463d-bf70-ecffccbd4dd3.csv
1;365.44;2020-09-29;parcelas_403fef2d-0211-498b-ab8e-370996f80e6c.csv
1;175;2020-05-27;parcelas_4041f021-be5d-4886-bac2-c996331af098.csv
1;150000;2020-06-24;parcelas_4048506d-0897-4d32-9426-7386ec4ebafa.csv
1;1035.4;2020-12-21;parcelas_40556398-cefa-4a50-a85b-f5cbf56aa01f.csv
1;4089.55;2020-07-02;parcelas_405c016b-5429-4982-974e-fc272936c3a7.csv
1;39737.2;2020-02-28;parcelas_405e122c-876b-43a4-adce-a47538401ceb.csv
1;1317;2020-09-09;parcelas_40615c4d-0ea1-491b-90e1-8086f99b3fc8.csv
1;29.49;2020-11-04;parcelas_4061d420-e79d-496e-bbcb-563552a5a25e.csv
1;48395.88;2020-07-27;parcelas_4063a9fc-9c88-4caa-81e9-9f5c412fdb33.csv
1;1731.69;2020-03-03;parcelas_406782ae-5484-4fd8-8d5e-1bd12dfb0c92.csv
1;17356.22;2020-03-06;parcelas_406810b4-a336-4bf4-b466-1672cddf98e6.csv
1;630;2020-02-28;parcelas_406d6073-8e97-4a91-b7ef-ac31c4da2384.csv
1;2400;2020-03-02;parcelas_406dd86f-b23f-4911-be8a-2d0eb5df7606.csv
1;215.6;2020-10-07;parcelas_409869ab-1b67-4531-b8ba-d934af16c24b.csv
1;88.78;2020-06-17;parcelas_40a209c1-bd89-4ccf-903e-6bbbcae9aa05.csv
1;88.78;2020-11-30;parcelas_40a37a7c-200b-462b-9bbe-21af3827af23.csv
1;124866.3;2020-11-23;parcelas_40aa78ea-d4c6-4199-bb81-fe275ab710de.csv
1;1575;2020-09-09;parcelas_40ab0fc7-8fb0-4b5b-9468-90c2abe02f68.csv
1;30791.48;2020-09-28;parcelas_40b8f922-9244-4a85-acea-470b4bd6d909.csv
1;2066.67;2020-07-27;parcelas_40ba5308-6e73-4efc-877b-95423e3997e3.csv
1;245000;2020-09-25;parcelas_40bd3372-41e7-4c17-8fd1-b4b3069726ec.csv
1;4166.44;2020-11-26;parcelas_40bf5a38-e6ff-4af4-a0ed-c156f60bf95c.csv
1;8689.9;2020-04-30;parcelas_40c0706c-eb7d-4add-9b61-11155ac46437.csv
1;5766.83;2020-11-09;parcelas_40ccd0e8-9784-424d-81a5-e4cd8e128c64.csv
1;53068.28;2020-06-15;parcelas_40dc54ae-b7f8-4355-8374-eca69552c205.csv
1;180000;2020-05-20;parcelas_40eb8b19-9b4f-4a01-9306-828db30a8173.csv
1;70;2020-10-15;parcelas_40ec17f5-59bb-4e3f-9f11-972bb5d6b46d.csv
1;79496.55;2020-11-09;parcelas_40ecbf4c-3651-493c-9fff-1242a5e8df87.csv
1;17551.18;2020-12-21;parcelas_40faa7cc-6072-4708-98c5-b6f0a5e6555f.csv
1;70.23;2020-01-21;parcelas_40fc66d9-0d6d-4b13-9b8f-08163fcb0148.csv
1;18552.12;2020-05-27;parcelas_40ff748d-0836-478d-8f70-95d017b3f7bb.csv
1;5010.83;2020-06-26;parcelas_41037907-3415-47ee-9c4f-c3696e03fa30.csv
1;135;2019-12-23;parcelas_410a6508-bfc3-461d-9539-00caf57093ab.csv
1;280;2019-12-23;parcelas_410a6508-bfc3-461d-9539-00caf57093ab.csv
1;770;2019-12-23;parcelas_410a6508-bfc3-461d-9539-00caf57093ab.csv
1;1723.24;2019-12-23;parcelas_410a6508-bfc3-461d-9539-00caf57093ab.csv
1;150;2019-12-23;parcelas_410a6508-bfc3-461d-9539-00caf57093ab.csv
1;1248.89;2019-12-23;parcelas_410a6508-bfc3-461d-9539-00caf57093ab.csv
1;120;2019-12-23;parcelas_410a6508-bfc3-461d-9539-00caf57093ab.csv
1;360;2019-12-23;parcelas_410a6508-bfc3-461d-9539-00caf57093ab.csv
1;3974.44;2019-12-23;parcelas_410a6508-bfc3-461d-9539-00caf57093ab.csv
1;2815;2019-12-23;parcelas_410a6508-bfc3-461d-9539-00caf57093ab.csv
1;480;2019-12-23;parcelas_410a6508-bfc3-461d-9539-00caf57093ab.csv
1;240;2019-12-23;parcelas_410a6508-bfc3-461d-9539-00caf57093ab.csv
1;8316;2020-05-05;parcelas_410acf54-2f0e-4cfc-a300-0d793191217c.csv
1;34555.41;2016-11-30;parcelas_4110d319-16b1-4336-8a7f-6fab1e40a3b5.csv
1;431.67;2020-08-27;parcelas_41116810-10df-43d5-96e9-f1f63c0f6e81.csv
1;554012.76;2020-01-02;parcelas_41171bb1-7d4d-4403-9c89-d1d4fb573b3e.csv
1;8009.23;2020-06-25;parcelas_41179731-df70-47f1-9e09-5990abb85d2d.csv
1;239912.85;2020-01-02;parcelas_411a4d37-26e9-4acb-9c9b-a4ed67d79315.csv
1;10536.94;2020-11-27;parcelas_41282575-9a6e-4787-8938-41e71f2aab08.csv
1;2730;2020-03-06;parcelas_412f301a-0ab3-46a4-b539-bed03b4d94ae.csv
1;2639.9;2020-02-20;parcelas_4130449a-87f2-4283-b562-452b2eb7f135.csv
1;44518.38;2019-12-31;parcelas_4130449a-87f2-4283-b562-452b2eb7f135.csv
1;54085.9;2020-08-26;parcelas_41317eca-f909-40de-ab30-4984be0c614f.csv
1;656.29;2020-10-06;parcelas_41346106-2fab-4f90-9810-317e43cb5f39.csv
1;269.42;2020-09-29;parcelas_413d6750-5e66-4b5b-8801-6c1ea0f0af72.csv
1;34650;2020-02-21;parcelas_413f505e-a891-4c82-9ceb-9508d8b63005.csv
1;144.71;2020-09-08;parcelas_4149b79d-c34f-45ca-aa5f-6fce164a8aa0.csv
1;1276.05;2020-05-27;parcelas_414a2586-16cf-4048-b95a-6543b877c7dd.csv
1;150000;2020-10-30;parcelas_414a68b5-f131-44dc-a09e-1af0ca9b2839.csv
1;3466.73;2020-03-31;parcelas_414b7d76-db12-47ca-9e62-3aab614816d7.csv
1;8026.5;2020-05-11;parcelas_415634c3-5232-472a-9614-ddffd07e34a5.csv
1;1000000;2020-02-26;parcelas_41563f5d-c90c-462b-9d95-fef29acaa69c.csv
1;20000;2020-02-17;parcelas_415a7c68-f0c5-49ba-bc54-754f3552732c.csv
1;6533.14;2020-09-10;parcelas_415fc79d-49d3-4912-9850-f1b8eb5bd915.csv
1;50000;2020-07-15;parcelas_4160da30-bde2-4d05-b3ec-c0ce3657beb6.csv
1;7159;2020-09-14;parcelas_4161ad10-d3ce-47c9-bbc3-5101c19ed88f.csv
1;243145.46;2020-12-21;parcelas_4170f7d2-6be8-43cc-a3ad-d3fbf9d4cb9c.csv
1;790704.69;2020-03-30;parcelas_417238f1-bd80-47e0-a1da-753ee436865f.csv
1;58860.06;2020-01-28;parcelas_4173ab1a-4c09-4839-acde-7ecda3c47f22.csv
1;2584.17;2020-06-26;parcelas_41746203-6452-47bd-b23c-eb24eda13aa2.csv
1;10504;2020-11-17;parcelas_417d2f27-00cb-4371-b917-76614731113c.csv
1;2250;2020-06-16;parcelas_417f8053-5b41-47ab-b34f-39820a453f14.csv
1;20000;2020-11-06;parcelas_41816c87-0473-4b66-9054-a7493a76f223.csv
1;447825.65;2020-04-08;parcelas_4188b6f5-073c-477b-90d4-f85a7916e245.csv
1;8299.37;2020-02-26;parcelas_418cc345-baae-4c56-90d5-0e8dec3b66ea.csv
1;85;2020-10-26;parcelas_418ee505-fe46-4790-9b90-fa983afa52a5.csv
1;246.02;2020-05-27;parcelas_4190c609-6407-44e4-b698-7ba6dff41118.csv
1;10367.38;2020-03-26;parcelas_41949096-5e39-431c-acd2-a6f6f0687dac.csv
1;60000;2020-01-30;parcelas_4198bd48-c20c-4e6c-bbed-b2d3cfe007a9.csv
1;4445;2020-05-11;parcelas_41aabafe-ae5f-40d8-8287-7c1f5c98243a.csv
1;2301.12;2020-08-27;parcelas_41b88949-a6ec-460c-b7e9-30153a69d067.csv
1;942.63;2020-05-28;parcelas_41bfb266-8661-44db-a564-c0f47af8bb49.csv
1;82345.97;2020-07-30;parcelas_41c0c01e-cc55-4695-a4fb-c963df8b186a.csv
1;179793.75;2020-01-22;parcelas_41c33d50-9a08-4c33-a186-35847eabfc24.csv
1;1085;2020-10-07;parcelas_41c41243-5ea5-47b2-b86d-ba8dd47d8ddd.csv
1;623;2020-09-24;parcelas_41c4580a-c236-4a3d-b10c-cd2728b126e3.csv
1;119.9;2020-11-05;parcelas_41c4da0d-0594-42c1-bff4-11f367a94727.csv
1;742.4;2020-11-05;parcelas_41caf213-53b4-461d-80f0-dab030f94284.csv
1;7640;2020-03-11;parcelas_41cc1338-e46d-4a40-8f20-d75c37224030.csv
1;41988.82;2020-01-28;parcelas_41cd1ab6-bf01-4ea1-8bda-7f84dbbd0c28.csv
1;2891;2020-11-16;parcelas_41cd2bc8-3f67-46d2-bd86-b9d9d395aea5.csv
1;849709.55;2020-08-05;parcelas_41d1b4b7-ece4-4aac-83cc-080f7d5d9e3e.csv
1;85467.98;2020-10-30;parcelas_41d232bf-5c27-4e5f-a8a3-a28fcda12eb2.csv
1;22862.19;2020-11-27;parcelas_41d33fe1-34b6-49d7-988c-e9a889246279.csv
1;2275;2020-01-28;parcelas_41d4ebdd-cb5b-40aa-80d1-e55a392f7dd3.csv
1;1085;2020-10-21;parcelas_41d739c9-8709-4cd6-bd78-b9f26c4d3250.csv
1;4124.46;2020-05-28;parcelas_41deee39-6713-4b3c-83b0-0d281a5c8efb.csv
1;414.2;2020-05-18;parcelas_41efddd3-4178-4c37-9cef-f93a5d5c4407.csv
1;5116.5;2020-02-05;parcelas_41f49a26-2917-44ef-b295-2c6a7cb00f8a.csv
1;79.79;2020-12-02;parcelas_41fb29d8-23f1-4352-b4b6-9b41a2292d99.csv
1;27385;2020-04-22;parcelas_4209c8d3-2dac-4a44-ada8-778325bad160.csv
1;1933.63;2020-06-03;parcelas_420de163-9a49-415f-8edd-5e31b5827056.csv
1;11123.28;2020-04-24;parcelas_421428ef-1fb8-495c-af71-beb80df42a18.csv
1;7204.8;2020-03-02;parcelas_42165431-3d09-4ce5-9b82-954bb52cebfa.csv
1;7431.67;2020-11-27;parcelas_42167844-04b0-4264-b023-ba24d6b5d35d.csv
1;1045080.8;2020-02-03;parcelas_42192f5b-9c85-4586-be74-b8ef8e3fbe46.csv
1;170189.82;2020-10-26;parcelas_4220951e-70d9-45d9-a854-1fa7fc496cdc.csv
1;135;2020-08-19;parcelas_4220f8c1-5245-4909-96c9-22ecec8cedfa.csv
1;3441.66;2020-06-26;parcelas_42227240-8c2d-456e-b239-324a1999eb0d.csv
1;1692.1;2020-10-21;parcelas_422842a7-ed84-4370-91f4-09c2af044327.csv
1;2694.5;2020-02-06;parcelas_423828a4-0642-4e21-bf5b-f9952f545212.csv
1;980000;2020-01-02;parcelas_42397302-293b-48ea-bd6d-dd4f05338770.csv
1;11601.45;2020-02-05;parcelas_423b6013-1753-4c26-b0ad-3b7dfe37022b.csv
1;263773.78;2020-10-13;parcelas_424646e3-c896-42ec-a909-8663b97311c6.csv
1;197299.71;2020-11-27;parcelas_424ddf0f-6c29-4cd8-bf84-c5a53164aa08.csv
1;1543.2;2020-03-27;parcelas_424e2456-7eec-4378-a1d0-b38d58f96ad3.csv
1;832.53;2020-11-03;parcelas_425005b0-a50b-4f12-a878-8dd0347bec1a.csv
1;59000;2020-06-05;parcelas_42571693-89cd-4e29-808b-11b2a9ed9f0a.csv
1;1040;2020-08-18;parcelas_425849ce-654c-4a7b-8794-20777d7f0fc9.csv
1;43550;2020-11-05;parcelas_425a2803-c287-4576-8817-39e7f8667199.csv
1;105982.1;2020-11-27;parcelas_426a0407-cabd-424a-938b-37dad883f182.csv
1;16467;2020-03-09;parcelas_42714bd5-02ac-463d-8786-4470b0cfea61.csv
1;16137.04;2020-04-09;parcelas_42769437-c054-4b58-8755-8fc7fcd5597a.csv
1;29.49;2020-07-29;parcelas_4277cebb-fa52-45ae-af41-2c5bb6ee03e4.csv
1;360;2020-06-09;parcelas_4278d378-a11d-4177-adfb-945d1466e7a9.csv
1;7551.6;2020-07-28;parcelas_427a06d6-0a08-409f-a9f2-d0b3cd8ae223.csv
1;3759.56;2020-09-28;parcelas_427afff5-9ac9-4791-a44b-60b348851875.csv
1;356.98;2020-09-08;parcelas_427b313f-a1a8-40ff-ac52-7cb8d6dbf3e6.csv
1;734;2020-06-09;parcelas_42856000-589d-4762-824e-3cf9ece7470c.csv
1;215358;2020-09-28;parcelas_42881a2c-6d4b-4157-8e14-3c3d78881fe9.csv
1;675;2020-08-19;parcelas_4288cc7a-ad59-4327-b3de-57ae2d586632.csv
1;1266.7;2020-01-28;parcelas_428b59c9-0e38-466b-a082-f368d140f2aa.csv
1;19.63;2020-02-28;parcelas_429402ad-8f32-49b6-9525-0d22e38d2bd4.csv
1;14124.13;2020-03-31;parcelas_42943f62-41e5-448b-8a29-2171ee73d3ed.csv
1;7507.5;2020-09-28;parcelas_42ab13c8-6672-4493-931a-335e88f85324.csv
1;3.243312848E7;2020-01-02;parcelas_42ae4856-ffbb-4a60-bcc1-2038e9608a69.csv
1;405;2020-08-13;parcelas_42b5509c-196f-47e6-9122-08e5c4076f0c.csv
1;41347.23;2020-06-26;parcelas_42ce8fd5-bbd9-48c3-a084-4dc37c3a1476.csv
1;360;2020-07-21;parcelas_42d234ba-d3cc-42ee-8701-23243fb7690d.csv
1;13021.44;2020-12-21;parcelas_42d8fcbd-f6af-45a2-8b4f-ae041c2feeb1.csv
1;19.37;2020-04-30;parcelas_42ec94e8-f5a4-444e-b87b-d9ff718339bb.csv
1;80951.45;2020-03-26;parcelas_42f131a0-6c4c-400c-b8ce-b178ab668a91.csv
1;2090;2020-03-31;parcelas_42f7271a-5bf2-4092-8e98-27a6adcb575f.csv
1;50;2020-04-22;parcelas_431014b0-ed36-4a6f-9871-674b34977e84.csv
1;17040;2020-02-05;parcelas_43130751-e87c-4e7f-9e48-5d646484645c.csv
1;4475.52;2020-10-26;parcelas_431d4acb-16f4-4658-a6c1-01ba660b7ea7.csv
1;265;2020-06-25;parcelas_431e44da-12bd-49ef-b138-03ebb7ac2327.csv
1;95582.61;2020-12-21;parcelas_4323c66e-9af0-43ed-a604-db700a8c04ef.csv
1;44600.1;2020-01-28;parcelas_43294ebc-e321-4b22-a210-e957e4c747a8.csv
1;316.76;2020-09-29;parcelas_432c2efc-a36b-4d7c-9745-b8616634ce12.csv
1;14463.75;2020-01-02;parcelas_4332f377-29a0-486d-b7d7-12f0b62afde2.csv
1;1325.65;2020-01-24;parcelas_434f76d3-19bb-4c9b-8608-46990a6a64d4.csv
1;70;2020-09-16;parcelas_4355b3f0-b8d3-4f46-ab1c-8f3363748fbd.csv
1;9090;2020-03-06;parcelas_4358d97a-ca19-4fea-b5ef-46a4fb7cf35a.csv
1;934989;2020-02-13;parcelas_435b7cce-67c4-4f40-863c-926d59b9cfa8.csv
1;29.49;2020-07-14;parcelas_435cc712-a516-487e-8daa-ac61bd01c25e.csv
1;3628.8;2020-08-28;parcelas_436423d7-34d5-4f0e-8f8a-0d977ed67d92.csv
1;1050;2020-11-25;parcelas_436a77ff-9402-4ff9-9d57-e65585e4e0de.csv
1;1742.69;2020-10-07;parcelas_4383bd8f-4be3-42f4-8a1a-427f73fba11b.csv
1;565.09;2020-09-08;parcelas_438c5102-92ab-407f-b340-cacf68b8b4e9.csv
1;33335;2020-04-16;parcelas_43916860-afaa-4d98-a965-af65d5597232.csv
1;85392.65;2020-01-02;parcelas_4395c994-d590-47b1-8b6a-dba31d369171.csv
1;774;2020-06-23;parcelas_439b71dc-c4df-4e9a-bf6f-04b30fdd21bb.csv
1;87409.23;2020-06-26;parcelas_43ab0ca6-7710-447f-9b51-9113168739f7.csv
1;900;2019-12-30;parcelas_43b79a91-ea12-4a4b-b785-007d9497f3d7.csv
1;30449.1;2020-03-09;parcelas_43ca4e12-c802-4d76-98a9-ecca7abb34dc.csv
1;47034.53;2020-11-27;parcelas_43ca586f-fb04-4111-93c5-f7fc56741b54.csv
1;780;2020-03-23;parcelas_43d3b938-4b60-4e01-acd7-5a8de2a33abe.csv
1;5145;2020-11-27;parcelas_43d89d71-51f9-465f-b0eb-a42d48bc6633.csv
1;3404.13;2020-06-29;parcelas_43e3c0bb-5b3d-4ef5-aecf-4cc31a50b77e.csv
1;18421.1;2020-02-10;parcelas_43e60256-5a7a-484b-b2ed-e2875204f27c.csv
1;5560;2020-07-07;parcelas_43e75a78-ee1e-469d-bdd8-5fac11a694e7.csv
1;49113.78;2020-07-30;parcelas_43f212e0-fb9e-4fc2-af7b-bb7fb79e553e.csv
1;299.1;2020-08-27;parcelas_43f7e49c-16c2-4b94-a342-e09e1461a1a6.csv
1;73482.57;2020-08-27;parcelas_43fe7998-80c5-489d-a072-317584cb9be6.csv
1;3373.93;2020-11-30;parcelas_440267be-bf67-475a-91f3-487276cb6f94.csv
1;1924.56;2020-05-05;parcelas_4403ce44-f57a-4a33-a18b-1a987f6a45da.csv
1;5000;2020-11-05;parcelas_440750af-9d95-4067-867e-47e4807ae4b6.csv
1;74808;2020-02-10;parcelas_440c7a92-7377-4c39-bc80-9ce2cd096541.csv
1;852.78;2020-09-24;parcelas_4414a592-4387-4100-9650-170f772da1bd.csv
1;79795.81;2020-07-09;parcelas_44162802-bf67-475a-a6ac-1f527c0764f7.csv
1;244018.42;2020-12-21;parcelas_441aac4d-99f0-419c-bf05-94021675ca80.csv
1;617.4;2020-11-03;parcelas_441bdfe7-e327-4d65-9959-8490cea3da82.csv
1;234.08;2020-10-14;parcelas_441c9e85-b9be-497e-bf75-c6aeed63a443.csv
1;10282.65;2019-12-30;parcelas_442cea76-a3b4-43a5-8e8b-76526ebf14d3.csv
1;14148;2020-01-08;parcelas_442fb8ae-3d01-47ab-9f49-8ab20baac071.csv
1;1416.69;2020-04-23;parcelas_4436ca29-2b7b-424f-818c-98b359c227a2.csv
1;410.43;2020-11-09;parcelas_44387e94-f9e5-4e80-ab18-a62db668fc56.csv
1;11820.9;2020-04-09;parcelas_443b926e-df25-4315-b11e-d8d4c28a4a16.csv
1;6440;2020-06-08;parcelas_443c6fbd-8b9c-42e0-8751-77d6cc695303.csv
1;2072;2020-05-22;parcelas_4446cf2d-5d60-4629-9886-2f4614239dd9.csv
1;1821.51;2020-06-19;parcelas_44480b76-28c5-4c6a-8b98-3e16bb6299a4.csv
1;49352.5;2020-11-10;parcelas_4448fce5-0976-4b0d-b42a-9fcdad3d53e2.csv
1;875;2020-04-29;parcelas_44510072-fa63-4ce6-b465-114e70b81f99.csv
1;4198.23;2020-07-21;parcelas_44526859-6dac-4063-a42c-c736087abcb3.csv
1;19800;2020-01-30;parcelas_445d8d9b-57b9-4e4d-b343-062ecc9aaf05.csv
1;6649.5;2020-01-02;parcelas_446241f3-7a97-452d-b02d-ea8b0d1efc5f.csv
1;18166.64;2020-02-05;parcelas_44631b87-643a-4b14-abe6-a8d7f5c1d400.csv
1;5500;2020-06-08;parcelas_446998fb-f17b-47b5-996d-52bc52e575d9.csv
1;43200;2020-01-07;parcelas_4469b251-1ea9-42b3-9e93-569012e657f9.csv
1;9403.34;2020-07-30;parcelas_446a073d-cc6d-4139-9122-e7a7f4e411c1.csv
1;836;2020-01-02;parcelas_446c0bb3-f617-4c2b-aae6-9ee336fccba2.csv
1;273.95;2020-05-29;parcelas_446f173e-ddd8-4d18-8125-785521eef689.csv
1;125.68;2020-08-17;parcelas_446fe7a0-2549-4e48-8d5b-75dd003c96d9.csv
1;1818.07;2020-09-28;parcelas_4482d3f5-d266-44e2-9cda-94d6dfac5f46.csv
1;300715.6;2020-04-29;parcelas_4483727e-c9af-4dca-9d18-f6b397ac83f9.csv
1;196.33;2020-03-31;parcelas_4487659e-a043-4d71-8fdc-f2740d8e5fbb.csv
1;190.08;2020-09-28;parcelas_4487d1fd-8c04-4380-9b82-61112d0d63e9.csv
1;6471.2;2020-02-17;parcelas_448acd1c-f1c9-4bd6-add4-c8bf07898a15.csv
1;415485.87;2020-05-27;parcelas_448ea67a-065d-4c84-bbed-4e737131d53a.csv
1;3300;2020-03-12;parcelas_449facda-b42a-4657-a8e5-9bec9b58f5ae.csv
1;43911.39;2020-08-14;parcelas_44a66daa-775e-448a-a333-5d871f7833b2.csv
1;3976.69;2020-01-02;parcelas_44ad7fab-71dc-4eab-a032-a31669a8d936.csv
1;11312.46;2020-10-08;parcelas_44b4cecf-7e75-4262-a906-7a2091d45558.csv
1;502;2020-02-06;parcelas_44b77a01-2672-42cf-89af-7988ee09fb5c.csv
1;108;2020-11-03;parcelas_44bb52b4-0038-4cf2-bc64-94c128772ce5.csv
1;1417.35;2019-12-30;parcelas_44bcca76-c8fd-40ba-a03f-d7e6623cd5d6.csv
1;400;2020-08-28;parcelas_44c314b1-9be1-4546-beb3-f3f4e3980aa8.csv
1;54000;2020-01-10;parcelas_44c86c0a-3129-4ccb-85a6-06de093a2112.csv
1;339.5;2020-11-04;parcelas_44ca7679-1bdb-45aa-8735-93db1fe05088.csv
1;3884;2020-03-27;parcelas_44cd79f8-a8a4-43b2-b65b-55b4fa36ef1d.csv
1;29.49;2020-06-09;parcelas_44d71ae8-4523-4383-a45f-aeef8e3939b9.csv
1;8107.49;2020-10-28;parcelas_44db847a-aff4-40e8-b617-4ad1d4831c45.csv
1;216.61;2020-08-28;parcelas_44ea8de5-6cc2-42d1-b62f-ba61fece8b1d.csv
1;20000;2020-01-24;parcelas_44f140b4-f98e-426c-b142-922e195895cf.csv
1;1158.71;2020-11-19;parcelas_44f95ced-3181-46e8-8283-e629bd1a5ca5.csv
1;15600;2020-01-02;parcelas_44fb3565-6d64-45d6-866b-b1633ae92d77.csv
1;411.5;2020-08-24;parcelas_44fb9120-8223-4d8b-86f8-8d0062193a19.csv
1;60545.23;2020-09-29;parcelas_44fedfd9-2dea-4b18-b2ea-f3e8e7f40092.csv
1;9641.35;2020-12-30;parcelas_45018015-55dc-4e24-ba35-112d2e45a5cb.csv
1;5762.03;2020-11-05;parcelas_450395e0-8cb1-4d86-97ee-a16114282176.csv
1;84881.56;2020-09-04;parcelas_4504215a-cca1-47a2-a293-7aca8210a0f3.csv
1;16546.4;2020-07-22;parcelas_4505f0b6-d2e9-4e82-bc6e-960b5d776db6.csv
1;2800;2020-06-08;parcelas_45069ac3-99ee-430e-88eb-b1efd59ea6b7.csv
1;528;2020-10-21;parcelas_45146948-f25c-4009-b46a-b7ab5af1007c.csv
1;50.4;2020-09-29;parcelas_451e4ea1-7f7f-4e11-be6d-92e0724dd97f.csv
1;7102.24;2020-07-13;parcelas_45240c61-1e11-458c-827c-35b6eb8543e2.csv
1;1500973.78;2020-01-02;parcelas_4527f9fc-a9b7-4608-a0fa-da3670d99c9a.csv
1;5748.1;2020-02-28;parcelas_4528dc85-a496-4c30-a53f-8ac6ec924892.csv
1;1541.5;2020-11-18;parcelas_452cfeb8-6c67-488d-83a4-9425fe363d70.csv
1;2753.06;2020-02-27;parcelas_452ebe88-c16f-41fd-8ce4-0bd87ffff7c8.csv
1;15540;2020-03-20;parcelas_4533b6c8-9ee2-4ee4-adec-1db523c58f0a.csv
1;12278.04;2019-12-30;parcelas_4534f384-b6b4-46c8-b8b6-ad0114f7a6e9.csv
1;247734.86;2020-10-28;parcelas_45357931-8e41-43b9-b7b5-b3bb090442d8.csv
1;110748;2020-09-02;parcelas_453654b0-eafb-4637-9a8b-efe1b96537e3.csv
1;616;2020-10-13;parcelas_45452391-01e1-4b6a-a171-864775b9f9ed.csv
1;29.49;2020-08-07;parcelas_4548dfcd-8c3f-4ab1-b0fc-f2ca9428fc84.csv
1;62855.3;2020-11-27;parcelas_454a8f08-70fe-4820-97c6-fcd851446476.csv
1;2100;2020-04-29;parcelas_454d3e38-0868-48be-96fd-a7fc0b5df3c1.csv
1;59822.53;2020-06-26;parcelas_454e4487-be6e-4c18-8f56-203154af82ee.csv
1;175.71;2019-12-30;parcelas_4551ab20-7808-4ab0-8285-32cfce1edf5d.csv
1;1388.13;2019-12-30;parcelas_4551ab20-7808-4ab0-8285-32cfce1edf5d.csv
1;10508.48;2020-05-27;parcelas_4555ee10-bfbf-4153-9a93-b0cae23de287.csv
1;1045;2020-10-28;parcelas_456006dc-eeb8-4a84-9214-e23e984f3556.csv
1;8368.5;2020-10-16;parcelas_4560955a-2b68-4469-9073-58e4b73eea16.csv
1;1184.4;2020-02-27;parcelas_456992bf-3342-4050-9140-432e10d82954.csv
1;16555;2020-08-05;parcelas_4570c728-b4fd-485b-bb2a-05d529dbccaa.csv
1;300000;2020-01-29;parcelas_457a3d38-093f-4b2d-9d33-d12764d9327b.csv
1;17500;2020-01-02;parcelas_457d33a4-3446-4541-b235-7a4cae0d8715.csv
1;268.88;2020-01-20;parcelas_457f4a6f-b984-47ab-b5bc-3a54b59921e8.csv
1;2100;2020-07-30;parcelas_458211b8-62cc-46eb-b408-4820fd363b0b.csv
1;16740;2020-01-31;parcelas_45887f44-f4c2-4e33-8331-b071054fa057.csv
1;89.97;2020-09-28;parcelas_4589bc85-ac23-483d-af42-ee82e1407f0d.csv
1;682.32;2020-07-20;parcelas_4592ec1b-9878-4448-bfcd-15280f986718.csv
1;1505;2020-10-05;parcelas_45962937-c9c4-49a4-893a-c1f890fe8334.csv
1;428;2020-05-22;parcelas_45969167-6fd1-43a4-9c7d-865aae093166.csv
1;2000;2020-05-27;parcelas_45a263cc-d892-4e8b-90de-4012dfc738b2.csv
1;1114.93;2020-08-10;parcelas_45a97a88-8a20-4c13-bba8-3d6eeabcb9f3.csv
1;81.92;2020-10-06;parcelas_45aab3b8-4a7a-4600-9ac4-8a7cd14ba395.csv
1;58902;2020-10-01;parcelas_45b1601c-c7e1-4394-8029-e0bf0a916d1e.csv
1;30000;2020-01-23;parcelas_45b19a50-45d0-4c78-bf94-ecb2a8d8b344.csv
1;75868.33;2020-09-28;parcelas_45b1ad67-57d1-43ce-9dfd-681c0653f015.csv
1;8628;2020-07-01;parcelas_45b5e6b5-56f1-4e0c-aef3-0979dcdcb642.csv
1;438.08;2020-08-18;parcelas_45b74c14-d050-40e8-80e1-12e3cb75688c.csv
1;726.53;2020-03-06;parcelas_45b7e687-eff7-417f-92c3-1d1b25641d97.csv
1;56747.54;2020-07-21;parcelas_45b91c3e-7072-4a3c-9897-1d99413f995e.csv
1;291.17;2020-09-29;parcelas_45ba44cf-2b06-4148-89b8-2cb298f96712.csv
1;156;2020-07-22;parcelas_45c10b21-e54c-468e-8e70-61b4b98a27b7.csv
1;79.79;2020-10-07;parcelas_45c24275-c46a-4275-b1ac-be9df5e6e7cc.csv
1;1484.92;2020-05-27;parcelas_45c7d300-ee96-4fa9-8d2c-c3e3b7b45e40.csv
1;1963.01;2020-08-31;parcelas_45c92099-edf9-4e83-9dbf-f33d9f40f3be.csv
1;45.25;2020-11-03;parcelas_45cc8332-27f0-480d-bb8d-3a068652ce88.csv
1;29.7;2020-02-06;parcelas_45d7688d-4ba3-47ff-816d-2a9c366bbbbb.csv
1;1842.39;2020-10-07;parcelas_45e0beff-ac8f-42e5-bfeb-aac4d91af477.csv
1;2082.5;2020-02-26;parcelas_45e1784f-8725-4b4b-b889-7aa084a16f11.csv
1;380;2020-09-10;parcelas_45e6930e-7c88-4948-ba47-4a6f7b76c72d.csv
1;290000;2020-08-03;parcelas_45e77916-b83a-4a96-9163-245becf12d79.csv
1;29.49;2020-10-28;parcelas_45f0dbda-5163-47bc-bf95-98a99ee5213a.csv
1;17213.19;2020-10-28;parcelas_45f0ec3d-0d50-4905-a242-be28b0918b46.csv
1;7525;2020-09-08;parcelas_45f24c39-8dbb-4360-8fa0-74b226d1fa44.csv
1;388.25;2019-02-01;parcelas_4602c3c9-a09f-4dc4-a73e-113506726ef7.csv
1;2100;2020-06-26;parcelas_460bee5b-3e34-400a-bf64-f14803e22a1a.csv
1;742.09;2020-09-30;parcelas_460d6e18-f5f1-46a9-b115-6e469d7f8848.csv
1;8379.06;2019-12-30;parcelas_461965f6-5538-4f97-80de-44f9d40a7ad9.csv
1;1013.25;2019-12-30;parcelas_461965f6-5538-4f97-80de-44f9d40a7ad9.csv
1;218;2020-11-05;parcelas_4628be57-3ecb-487a-9330-9291328e6b6e.csv
1;1122.01;2020-07-13;parcelas_462d9953-1b47-4930-ab5a-3165ba668acb.csv
1;1062.11;2020-04-30;parcelas_462f9a24-e0b4-4bd0-8c0d-e23c3904a9a0.csv
1;3919.88;2020-02-05;parcelas_46326fc4-df71-46eb-ab63-8a0c8f6167ab.csv
1;19177.56;2020-04-27;parcelas_4633e6d3-243e-44e6-b5a1-9004332ee7af.csv
1;24064.8;2020-12-16;parcelas_463f896b-24ce-4ddd-b0cf-98f1fab827a4.csv
1;180;2020-05-14;parcelas_463fb8d2-4912-462b-85da-2e1c30c3bf80.csv
1;70000;2020-04-09;parcelas_46463d81-bc4a-42a1-b8d2-80d8851009c8.csv
1;265144.67;2020-01-10;parcelas_464ac16b-9bdc-4739-aaa2-99b9197f0572.csv
1;3351.51;2020-03-12;parcelas_464e0b0f-0ecd-4fbe-8d78-5580b0534341.csv
1;405642.47;2020-01-28;parcelas_465975da-c143-4ba4-9e5f-aebe97654d59.csv
1;323.9;2020-08-28;parcelas_465d17dc-9b2d-4e88-a48d-d59bea97d621.csv
1;252;2020-10-26;parcelas_465d50e2-c09c-491e-960a-94b657ad644d.csv
1;1188;2020-12-21;parcelas_46656ed0-8e52-43fe-814f-15d9bf950bbb.csv
1;38894.09;2020-06-26;parcelas_466f1968-d269-4e95-8a7b-f65fa40c6496.csv
1;265;2020-10-07;parcelas_467f8ccb-d774-4eaa-94d7-fc71dc1c50eb.csv
1;16542.5;2020-07-20;parcelas_4680c435-5876-439d-b63a-3d4c59ceeabe.csv
1;64361.34;2020-02-28;parcelas_46935224-32ac-4ebf-8ea9-0bf350437850.csv
1;138.39;2020-09-24;parcelas_469b2df6-11bf-4272-a1f4-883a1069096f.csv
1;6212.5;2020-11-27;parcelas_46a07f68-192c-4930-a43a-6469106cb7cc.csv
1;4136.86;2020-11-20;parcelas_46a8ca73-427d-4060-8dfe-8006cb68c639.csv
1;143163.81;2020-12-21;parcelas_46aa5ff8-ccc0-472d-b3e4-088433ad2d47.csv
1;2316;2020-02-10;parcelas_46ac201c-768a-4065-bacb-8e7c5202dba7.csv
1;4243.8;2020-08-27;parcelas_46b4c825-e8a6-40c6-844d-076139e55c5b.csv
1;115539.24;2020-11-27;parcelas_46bb32a6-4157-4c03-b873-1f2be5848a07.csv
1;70.02;2020-09-09;parcelas_46bc339e-8e92-4b71-9a6e-ddfb256db484.csv
1;2630.37;2020-07-30;parcelas_46c708af-a8de-4cdd-9560-7d87c16aecb7.csv
1;58680;2020-08-31;parcelas_46ca1721-ce44-4126-ad17-53f2535dc1ad.csv
1;44558.19;2020-01-02;parcelas_46e0ccb2-a31b-4eed-af90-9b05fd1eaa9f.csv
1;1500;2020-05-05;parcelas_46e12174-d91b-4e20-b81c-736ec5c43993.csv
1;8574.2;2020-03-31;parcelas_46e2a346-913e-40ad-88a1-74edf96e1c22.csv
1;4495.07;2019-12-30;parcelas_46e431a3-e033-432c-9a73-26b5a7f866f7.csv
1;475000;2020-10-08;parcelas_46f2300c-50a7-4ce2-b0b9-cb2fc0554f01.csv
1;7586.5;2020-01-16;parcelas_46ff2578-680a-4029-828d-5ebbdb7897cb.csv
1;232335.29;2020-05-06;parcelas_470184e4-a90d-4d8c-a2a2-2ffd123bef35.csv
1;3899.65;2020-12-30;parcelas_470ac5be-c148-4278-b36e-f1a0a97bb197.csv
1;476;2020-08-19;parcelas_470ceaf0-1d91-4498-8fc3-7b76b3ffa860.csv
1;157425;2020-05-28;parcelas_470d9e2b-5481-4007-8b4e-98f22fadc7ee.csv
1;49794.24;2020-03-30;parcelas_470fe46f-ba19-452c-947a-89235db698fe.csv
1;31053.65;2020-06-01;parcelas_470ff800-e002-4d7a-a039-e838fcd80793.csv
1;293.99;2020-04-30;parcelas_471eac89-a143-4173-bc05-df416563eb21.csv
1;54766.8;2020-01-02;parcelas_47266a4c-969c-42f8-b22e-42714cef162d.csv
1;66432.11;2020-09-30;parcelas_4726cb7c-ad11-490f-900c-0523caf7a88b.csv
1;82653.63;2020-03-26;parcelas_4732b600-f2d7-4898-b126-3090c902ab0c.csv
1;275.22;2020-10-06;parcelas_47368573-37a4-4e3f-aca6-0efd4483fa51.csv
1;39953.82;2020-12-30;parcelas_473872be-023a-4716-97c7-ffa25fe94772.csv
1;228;2020-10-01;parcelas_474554e6-9109-49f0-a0f1-90ee61f8a491.csv
1;9563.57;2020-11-24;parcelas_4749ce37-d424-4b2b-b6f7-4b0dd6453eca.csv
1;108182.53;2020-09-11;parcelas_474bdbc7-5eee-44e8-860a-a753f19676d8.csv
1;817.53;2020-05-05;parcelas_474f5508-aa8a-4b4c-8e8d-c0bc4bba511a.csv
1;11291.49;2020-05-25;parcelas_47513789-4ed1-4bfe-a889-ebf734ce8044.csv
1;56581.68;2019-12-31;parcelas_4757b739-caa2-4966-9369-cf7f38fa1fab.csv
1;26425;2020-01-28;parcelas_475c17ce-6bf0-4a3a-926c-4a97aae47f90.csv
1;1766.71;2020-09-08;parcelas_4765cb02-1c20-45d5-a7a1-3ff18a82a8e8.csv
1;870;2017-12-29;parcelas_47661a39-2c2c-4ffc-9e2f-72e0cf0e18ba.csv
1;4045.93;2020-12-02;parcelas_476aa6f0-0991-4696-b1e5-8e610ad4dd3c.csv
1;312;2020-09-29;parcelas_47742326-7efc-483e-833b-ff22c0cc8f3b.csv
1;8192;2020-06-23;parcelas_4778ea19-e4f3-4901-8673-113f4b5f65ed.csv
1;139966.2;2020-10-28;parcelas_4779ac94-f263-436a-b153-8dded7bf13a6.csv
1;29.49;2020-09-22;parcelas_477ab054-44d2-4b1f-b5d3-63f491e90e70.csv
1;1271.61;2020-08-31;parcelas_478f7e31-7893-43ca-99c9-18bb0a833ae2.csv
1;342.33;2020-11-27;parcelas_4790a3c9-2a40-497d-892d-0097db8632b2.csv
1;234.78;2020-01-16;parcelas_4796daaa-f2bd-4cde-baad-547303a96c18.csv
1;6440;2020-04-03;parcelas_47999918-f12f-44a5-aa86-5208398c0924.csv
1;19600;2020-10-07;parcelas_4799b300-3a0e-4834-8487-5a3257d7af20.csv
1;25847.44;2020-01-23;parcelas_47a05528-4627-4aae-9054-3fbcac0e5e95.csv
1;7868;2020-03-06;parcelas_47a166e3-2f04-44f0-afd5-06e99938d9fe.csv
1;5249.36;2020-09-08;parcelas_47a50800-e4a7-479b-943f-4bf1c6904c83.csv
1;433620.6;2020-02-28;parcelas_47a78d75-4ccd-4204-8e76-382b17d856f7.csv
1;126656.68;2020-07-30;parcelas_47a86810-8b2c-409b-a7a0-67c6a19169bc.csv
1;220;2020-09-23;parcelas_47ab169d-d157-43f1-b7b0-aa0cbd30ba0b.csv
1;6440;2020-05-05;parcelas_47be73d5-3b33-4e0b-ba9f-ba678106e62e.csv
1;336532.1;2020-09-14;parcelas_47ce2f27-6c96-4b84-ba2f-f0d43b3fe50f.csv
1;588.24;2020-09-08;parcelas_47da871e-beb7-41ad-b14a-7561a2547088.csv
1;1045;2020-07-30;parcelas_47dc436c-e74a-4a69-9940-f98d1bbc6d95.csv
1;4718;2020-09-24;parcelas_47dcb514-1910-4551-b39a-51a1d1abee31.csv
1;1867.52;2020-01-27;parcelas_47e11751-8d0b-4140-92b4-a7bbecbc673a.csv
1;65390.11;2020-07-30;parcelas_47e16829-c427-4e1f-9124-08c3da194ebc.csv
1;9779.81;2020-09-16;parcelas_47e2a9f6-847f-40ca-8513-06d1d06be1a7.csv
1;104.13;2020-03-18;parcelas_47e2f379-6b59-467d-9f52-5d0b41bb70a5.csv
1;271.5;2020-03-11;parcelas_47fa2485-2815-4c56-a34b-694dc6578738.csv
1;2537.5;2020-02-26;parcelas_47fdec9d-556e-4d50-bd70-553987e23e6e.csv
1;211756.79;2020-08-10;parcelas_480d832c-a7d1-483e-be8f-4cf7025e3aca.csv
1;555;2020-06-15;parcelas_481218ec-5515-4551-823b-6c1e1ec334ec.csv
1;1510.4;2020-11-24;parcelas_48129de6-a0b3-4ae1-be7f-d83e15e9b5ef.csv
1;25211.63;2020-11-27;parcelas_481e14d3-b647-4cc5-a861-deb6bbcfd750.csv
1;461.1;2020-11-12;parcelas_481e389f-16f5-4719-8807-8b3228f4c913.csv
1;14618.64;2020-07-31;parcelas_48260e2d-b04a-42fc-96ff-c344e55bd2dc.csv
1;220094.3;2020-11-24;parcelas_48336c2a-a9e3-4910-a1da-62716a4ea0e5.csv
1;280000;2020-09-17;parcelas_48406d6a-2239-44a3-b624-1cb8694f9be1.csv
1;387.53;2020-01-13;parcelas_48422d26-adca-4ece-8a2d-67775766670c.csv
1;130;2020-11-27;parcelas_4843a72b-f8f2-4416-9e58-dccfa0a8f3e1.csv
1;2628.43;2020-01-23;parcelas_484f9fc2-bcca-4dee-950a-89b3fa56d978.csv
1;68970.51;2020-04-29;parcelas_485081f9-798d-4c7f-b505-640da36919c6.csv
1;39000;2019-12-30;parcelas_48512cce-9c2a-46a0-bf69-dcf16a9c467c.csv
1;73.58;2020-06-08;parcelas_4855fc56-8c90-4f53-a4c3-3b8c98d635ae.csv
1;7640;2020-05-12;parcelas_4857c139-364a-4a21-a329-ec6ff3fe560e.csv
1;28268.73;2020-07-13;parcelas_48586318-a474-4c6f-907a-9ba670c5d0f7.csv
1;4440;2020-10-27;parcelas_485befbe-317e-4a9f-a195-55e723fe36ac.csv
1;2520.1;2020-06-26;parcelas_485c6b3a-af8d-489d-bac0-b20437d17317.csv
1;555.47;2020-04-29;parcelas_485efe83-ac26-4dfc-adb5-60003e4392bb.csv
1;2842.44;2020-07-13;parcelas_48645cf3-a754-4ce7-bffb-949b274c7d14.csv
1;1294;2020-01-08;parcelas_48667994-f023-4e53-a47a-641b8b227039.csv
1;2999;2020-11-03;parcelas_486d9853-57d4-41c1-9d60-f570c9451cae.csv
1;269638.08;2020-01-02;parcelas_486f7b77-240a-4b77-8cb7-024ab7b21183.csv
1;1685;2020-03-09;parcelas_487280b1-a946-4527-b0ad-0876f5835a7f.csv
1;1641.01;2020-07-01;parcelas_48761daa-b629-4f4c-b661-4012ef7de01f.csv
1;660;2020-03-06;parcelas_487affbd-4a40-4dd0-847d-209e7cde66a8.csv
1;830.33;2020-06-25;parcelas_487d8758-71e1-4e00-9552-8c7965153290.csv
1;10213.76;2020-01-28;parcelas_487fb570-9ac4-40c9-9ddc-9f2516bbb3be.csv
1;198.34;2020-10-06;parcelas_488fa560-a9b5-4cf0-9ea3-d538c1259d08.csv
1;1213.69;2020-08-31;parcelas_48953d0b-b257-4293-b939-0d907f7a3de7.csv
1;537220.28;2020-05-15;parcelas_48a17294-005b-4844-8569-3f8ba0925dd7.csv
1;58140;2020-05-20;parcelas_48a8ecf2-2b59-4b6a-b8c2-f3ad5b5a9c1c.csv
1;200;2020-06-26;parcelas_48a95deb-c67f-496d-9702-f3de3a385756.csv
1;39.89;2020-11-30;parcelas_48addbb3-864c-4359-8edb-063f136f270f.csv
1;54200;2020-01-02;parcelas_48b7f1fb-f737-4cdd-9cee-35ddbf09417e.csv
1;9586.46;2020-12-08;parcelas_48c0d33a-175a-4b9b-b1b1-fa58ae77b85b.csv
1;1803.78;2020-09-08;parcelas_48dbd412-165d-4b3e-a554-2bbb044c7fbc.csv
1;72000;2020-04-24;parcelas_48e13b79-f446-4847-9d6f-ea6a36989b73.csv
1;3772.32;2020-08-19;parcelas_48e572a2-114b-49ed-a4dc-859b660021fb.csv
1;283.4;2020-02-18;parcelas_48f5ae0b-0a21-4510-b891-53d9ae125598.csv
1;1279.5;2020-09-28;parcelas_48f6e35e-43ca-4247-9597-bfe6fb4af15d.csv
1;200394;2020-05-05;parcelas_48f99511-877a-4ff2-979f-6e9d4c3a54bc.csv
1;6870;2020-10-21;parcelas_4900f078-a035-44aa-9e2b-2dff84cb056e.csv
1;9160.39;2020-01-02;parcelas_49045f5a-e8a8-434b-9b95-615b90cf5fec.csv
1;29899.8;2020-04-15;parcelas_491002f1-d5f5-492e-b5ac-1a83c6977515.csv
1;300000;2020-11-04;parcelas_4910640d-cd75-4de4-bed9-b864a62896e7.csv
1;251.83;2020-09-04;parcelas_4915e26e-b23b-4388-9901-a923e17d1b51.csv
1;618;2020-11-03;parcelas_4919652e-8040-4960-93f0-ec8dfcdee0a8.csv
1;28129.59;2020-08-27;parcelas_4920c02e-f1cc-4d8d-856d-5178a2a3ffff.csv
1;15500;2019-12-30;parcelas_4922c589-5370-4a36-b86e-5ceb58651a83.csv
1;5028;2020-08-18;parcelas_49298c1f-7317-44c8-aeab-ddbe0802cccc.csv
1;216.78;2020-10-21;parcelas_492b3d57-3314-4079-997b-e8545fc21033.csv
1;5070;2020-07-30;parcelas_492b43e7-199b-4acf-850a-c5f388ce49c7.csv
1;68852.48;2020-01-02;parcelas_492e8daf-8d31-4530-acf8-849ae4ea55c8.csv
1;31000;2020-06-29;parcelas_4937e708-994e-4701-949b-c74201f1bb01.csv
1;11308.74;2020-01-02;parcelas_4940807e-3da9-495a-8e6f-439b76fa0ecb.csv
1;49025.66;2020-07-30;parcelas_494eab74-abac-462c-8d23-a194bcc39bc3.csv
1;1180.43;2020-06-30;parcelas_495274de-73e8-4ee3-8107-77aa227e4e5b.csv
1;335498.99;2020-11-27;parcelas_4954117c-c597-4b33-9fd1-410e37ef2806.csv
1;29.49;2020-09-14;parcelas_4955100c-25e4-430a-bba4-2ea6bed2c201.csv
1;5422;2020-07-28;parcelas_49588f6b-245f-4c47-bb6b-7db39b088dbd.csv
1;447641.89;2020-07-09;parcelas_495ef824-eb27-4141-8b2b-9065b8c978c7.csv
1;4473.12;2020-11-18;parcelas_49653e8b-3421-459f-86c6-6d42201cefd2.csv
1;1357.42;2020-07-16;parcelas_4968868d-8922-40ce-90b2-8e64c294aa02.csv
1;30455.79;2020-06-26;parcelas_4970ad7f-87e1-4729-88cd-e23edd7a9b82.csv
1;1945;2020-09-09;parcelas_49756feb-e562-4ffc-a45c-23bc3a113c29.csv
1;85745.35;2020-12-21;parcelas_49795f5e-26f1-498a-8bf2-98272da17d0a.csv
1;153632.28;2020-11-27;parcelas_4980a6bb-de46-4926-b006-05316de82ab7.csv
1;3000;2020-08-10;parcelas_498c3806-bee6-4785-b6cb-b65843ffab84.csv
1;1241.9;2020-05-05;parcelas_498ccd7d-b32d-491c-aab1-7417776b9e3c.csv
1;20000;2020-07-15;parcelas_498fb3e9-829c-40fa-b314-c8c18be7fb01.csv
1;550;2020-02-18;parcelas_49992eb3-ca75-42df-945c-fe43d55fd79a.csv
1;9264.4;2020-05-27;parcelas_499a7eac-1844-46d1-ac4e-5a2fbcdf8f06.csv
1;242525.84;2020-01-02;parcelas_499d6bc6-7028-441c-9a40-4c00f4595354.csv
1;20000;2020-11-05;parcelas_49aaefdd-44fc-49db-b961-007b11a6c509.csv
1;23257.84;2020-01-31;parcelas_49b45130-bab8-40f4-bdb5-0c87f0f62548.csv
1;22811.44;2020-11-27;parcelas_49b59cc3-d0b8-4b5a-8149-3162af120385.csv
1;350105.08;2020-09-02;parcelas_49b7e38a-2518-46ac-89d7-8c3afc9ca40c.csv
1;1056;2020-10-21;parcelas_49bef6e5-bbea-4685-8b10-d2c6e0b7aabf.csv
1;29.49;2020-10-19;parcelas_49d75930-9187-4a60-953b-2966a9d1fbf6.csv
1;31208.96;2020-09-30;parcelas_49dc5bf6-a9f0-40e0-9d70-a750433483fa.csv
1;10750;2020-09-03;parcelas_49e2e68d-2bda-488a-8e02-be5a962d028f.csv
1;1887.51;2020-06-15;parcelas_49e329f9-2366-4893-9571-09db9acb7970.csv
1;70;2020-12-11;parcelas_49ea5d48-c384-4427-9168-4e6d650d6684.csv
1;703931.09;2020-01-29;parcelas_49ea72cb-dfdf-45cc-a230-b3c07ffe5a9a.csv
1;477;2020-10-01;parcelas_49eb4f66-aeb5-4006-8935-52956e601dca.csv
1;12880;2020-11-16;parcelas_49f93fd8-54c5-4437-9063-82d2d00ccd7a.csv
1;349.86;2020-11-30;parcelas_4a03ea28-0d09-43f5-9d10-e58861b70d54.csv
1;4233.29;2020-11-05;parcelas_4a046563-6761-4e82-80d5-9bcf6af29899.csv
1;1638;2020-08-18;parcelas_4a0ba967-33b8-4dbf-9769-68b9159cd8ee.csv
1;41883.7;2020-03-12;parcelas_4a0c1eea-6303-4212-a383-4fd99a46a19c.csv
1;5000;2020-01-24;parcelas_4a0d71a3-5aa8-4ea2-8396-a3a22bd26180.csv
1;219;2020-10-29;parcelas_4a1b29a3-ad26-44f9-82a5-992232009cbf.csv
1;60;2020-01-07;parcelas_4a1d1d11-f7c7-431a-8d7a-40aa9022ffd4.csv
1;7385.73;2020-02-27;parcelas_4a2354b5-f81c-4278-8500-bb574cca3123.csv
1;150737.9;2019-12-30;parcelas_4a2c4905-774f-4543-b828-a0d7ab5e2ab7.csv
1;8962.79;2019-12-30;parcelas_4a2c4905-774f-4543-b828-a0d7ab5e2ab7.csv
1;77310;2020-03-30;parcelas_4a2ca4a8-2cde-4f04-b0f4-36bbc266cada.csv
1;3459.72;2020-01-31;parcelas_4a2e6c3e-0aba-4b5b-bce8-94b09b4b5e18.csv
1;1407.72;2020-10-07;parcelas_4a34770a-65a4-461b-a85f-7edaec399787.csv
1;8347.5;2020-06-03;parcelas_4a353e37-23a7-4820-ac29-2c02025cbad7.csv
1;700;2020-02-26;parcelas_4a4268ef-f23c-4947-b68f-e0106f643e29.csv
1;6985.71;2020-01-14;parcelas_4a56f6c7-ebd8-4617-b07f-2b968bf479b9.csv
1;3450;2020-10-07;parcelas_4a5920fd-dc4c-45bf-b228-7bfc5c9788c3.csv
1;36000;2020-11-06;parcelas_4a5b368a-29d9-4ee6-902a-2e475bfd5f43.csv
1;88.78;2020-12-09;parcelas_4a716900-a380-4fb8-b4f1-f2cee3ed223b.csv
1;10000;2020-04-27;parcelas_4a77b054-4cba-4beb-b640-866ece9843d1.csv
1;286.99;2020-12-21;parcelas_4a7d9a4e-ac1e-4bf0-83b3-0842f19b4c56.csv
1;7638.62;2020-09-28;parcelas_4a81dd0c-fb13-47d9-ac5e-28e2307cbeb3.csv
1;1500;2020-11-12;parcelas_4a824d83-a1c2-4a1e-a758-4427fbba7195.csv
1;66.7;2020-02-04;parcelas_4a843156-8838-4e73-abef-0043286eadd8.csv
1;3518.7;2020-10-01;parcelas_4a866891-2ef9-45a3-aa50-3454166d0538.csv
1;46500.89;2020-03-31;parcelas_4a896545-d3fc-47de-b73d-840c71efd4c5.csv
1;29.49;2020-06-10;parcelas_4a8fc369-c46a-4577-a637-efc7b5f451c4.csv
1;59312.21;2020-07-30;parcelas_4a9386b2-240f-43ff-a058-a386e10bf6a3.csv
1;36000;2019-12-13;parcelas_4a9dc5ec-4dc8-4ac7-b8a4-48af1f4e5884.csv
1;113127.5;2020-05-29;parcelas_4a9f2903-8127-4a19-b7d5-4bc59ed9161f.csv
1;36066.63;2020-08-27;parcelas_4aa27b0e-9fbd-4b43-aab9-8f87667b3a05.csv
1;233.96;2020-03-30;parcelas_4aa2f80a-86e5-4932-b6ec-1d511c0b40c5.csv
1;80.64;2020-11-03;parcelas_4aa40400-361e-4308-b10b-27369a801905.csv
1;500;2020-07-02;parcelas_4aac68ad-de1c-40b4-b91a-84aee6cebda7.csv
1;2612.5;2020-03-31;parcelas_4aaf06e2-8d1f-41c6-ab1d-81ddd49740f2.csv
1;21328.86;2020-03-26;parcelas_4ab21bcc-fd90-4b8f-bd65-cbfc318ce036.csv
1;1112;2020-02-11;parcelas_4ab39098-908c-4cfa-b6cb-c073658e45ea.csv
1;4250.63;2020-12-30;parcelas_4ab4ec62-d60d-4190-8418-3a776cd31cfc.csv
1;481.64;2020-10-28;parcelas_4abbf2f7-fb81-4aa6-b090-23906ef89aff.csv
1;1672.59;2020-02-28;parcelas_4ac3648c-95bd-405f-bcfa-ba247b978889.csv
1;98827.61;2020-08-27;parcelas_4ac3734e-f943-4fbe-be36-0c971f06214d.csv
1;18000;2020-09-25;parcelas_4ac4a39e-4c04-4a09-a330-8551dd4de239.csv
1;65222.55;2020-11-17;parcelas_4acd8826-d255-48e4-8cab-c62def48875c.csv
1;107.1;2020-12-21;parcelas_4ad158d4-59e4-4e66-9f00-a7758fa656aa.csv
1;3476591.1;2020-12-02;parcelas_4ad1648f-9fe2-46c7-9f2a-10281eafff56.csv
1;2290;2020-03-18;parcelas_4ad8a9c1-4b2b-4039-8b3f-1efbc836556f.csv
1;395.2;2020-10-07;parcelas_4ad8cd52-8869-4b99-a3da-225740186d11.csv
1;45828.72;2016-08-19;parcelas_4adb666e-d262-4dbd-bd3b-64928c6a7f3e.csv
1;31500;2020-01-08;parcelas_4ae6161c-aea5-4a50-a7ac-7be5d0a33f4e.csv
1;11883.23;2020-11-27;parcelas_4ae9557c-ceb6-49d1-932c-c86ea0025544.csv
1;483.3;2020-03-30;parcelas_4aeb3fb2-c02d-464b-bdc7-cb84b5dca61e.csv
1;253.5;2020-10-01;parcelas_4aeecb33-2bce-49af-a662-359785aaf48c.csv
1;38544.5;2020-08-05;parcelas_4af34da0-b4d6-4925-89d1-380c484b169b.csv
1;6407.41;2020-02-07;parcelas_4af3826e-e20b-4eaa-9b39-67363d78da7d.csv
1;4174.77;2020-08-14;parcelas_4af86a54-73c1-4c36-a9a6-337f78f12f3a.csv
1;10400;2020-01-08;parcelas_4b07fe4b-a796-4bee-b528-c662e33df4fa.csv
1;2094.44;2020-05-28;parcelas_4b0ab271-fb37-4e37-85ad-68a0b1d08abe.csv
1;528;2020-09-24;parcelas_4b109926-342b-4ee7-a878-32aec7418613.csv
1;1675.6;2020-08-21;parcelas_4b1745ba-d86b-40b6-b060-969fb7161120.csv
1;11967.9;2020-04-28;parcelas_4b1c6749-307f-47d2-aa19-65c06488f0e6.csv
1;190.4;2020-01-29;parcelas_4b1e8e6b-1a51-4017-ab60-9ac68773dba8.csv
1;4156;2020-02-14;parcelas_4b2342e3-c1e9-4da7-80eb-4e7272a97105.csv
1;89258.42;2020-07-30;parcelas_4b296a4a-77cf-45f5-82f9-a38a267bbac4.csv
1;355728.1;2019-12-30;parcelas_4b2ecea1-2a5b-4642-858d-841cdc1fb4ac.csv
1;1196.79;2020-07-31;parcelas_4b32fb38-96bf-4bed-9e49-d3f9299a5c6b.csv
1;10000;2020-01-09;parcelas_4b332cbb-7d38-44a4-934d-54d97fe3d6a7.csv
1;786.01;2020-05-18;parcelas_4b37f0da-3ec2-472b-a3ac-072f02839d26.csv
1;135;2020-11-09;parcelas_4b3b39c5-4fc2-41e8-9315-a08fae14af63.csv
1;10195.53;2020-09-28;parcelas_4b41ecd6-c2fc-4261-92c1-84fffd87b536.csv
1;1760.97;2020-01-02;parcelas_4b45f847-1c06-4e7d-aa6c-59697a411fb9.csv
1;7951.89;2020-06-18;parcelas_4b50298f-bc01-4f2e-b3f0-2f271c14dead.csv
1;2046.1;2020-09-24;parcelas_4b5e584a-c49b-4262-bf6d-07c444aa7312.csv
1;59312.21;2020-08-27;parcelas_4b62077d-b567-4b15-b228-05c8bb7aeaa1.csv
1;43225.69;2020-07-31;parcelas_4b6333e9-069b-4f8b-a58a-d56b27ce03fa.csv
1;2853.7;2020-05-22;parcelas_4b645868-8701-44b5-be67-d3c063476d46.csv
1;5720;2020-03-02;parcelas_4b746163-748e-4e3f-a9c7-d1bef37e4796.csv
1;255.56;2019-12-30;parcelas_4b7488fe-3656-4ac2-a74e-b27fd585e4a6.csv
1;7610;2020-07-30;parcelas_4b7ab07f-45ec-4b35-818f-d7e4b7a3c983.csv
1;9572.6;2020-03-03;parcelas_4b7dbf08-5183-4fcb-8bcb-127f2936bef2.csv
1;84018.53;2020-06-26;parcelas_4b8714ac-2f31-4381-9f56-6d408e3736cf.csv
1;8520.38;2020-04-17;parcelas_4b8c9f2c-8dc7-421b-ba6a-31ffe1acc06b.csv
1;115.1;2020-03-12;parcelas_4b8d2fdd-2e85-414a-a832-49175951e527.csv
1;15000;2020-01-28;parcelas_4b92ff65-8e50-4d68-8e4d-fd319030c9b4.csv
1;70;2020-10-21;parcelas_4b9a4a22-f62e-4fdd-a6ee-6660abc88b20.csv
1;10747.33;2019-12-30;parcelas_4ba025ef-73be-4d39-bc5d-961bb753281c.csv
1;300;2020-01-20;parcelas_4ba10772-69d2-4a96-87dc-1b24fd50db6f.csv
1;13741.67;2020-03-26;parcelas_4ba7da05-84bb-4d08-8a47-fadf13f526c1.csv
1;2400;2020-01-23;parcelas_4bb565cd-4768-4cf5-b269-0c0a9ad205d2.csv
1;2699.56;2020-10-28;parcelas_4bbb1121-4c7f-4fa5-b25c-eb6b7048ae95.csv
1;574389.24;2020-11-27;parcelas_4bbcf5a2-383e-4bd6-a705-e12f5b5be677.csv
1;19651.7;2020-01-24;parcelas_4bbe3a1d-e9bc-4de3-80a2-cd3e604816d6.csv
1;2692.8;2020-05-04;parcelas_4bc08e9e-fe90-4ac0-844b-1624d40d48c8.csv
1;15480;2020-01-02;parcelas_4bc0f5f6-5eea-4a0b-9321-3012a936af62.csv
1;16191.43;2020-07-15;parcelas_4bc29cb6-c1e4-4e7e-84cc-db7d40b3b01d.csv
1;22880;2020-01-02;parcelas_4bd8caee-4708-496e-ae45-33e515310be5.csv
1;552776.29;2018-12-31;parcelas_4bef0353-5ea5-48b8-8ba4-3234cf941a16.csv
1;88.78;2020-06-05;parcelas_4bfeda38-b917-42b2-a7ef-4e6ae27266ac.csv
1;1294.81;2020-11-05;parcelas_4bfffc0a-8ad9-445b-932f-4e2ec083f9f6.csv
1;29871.43;2020-03-10;parcelas_4c050092-333d-4777-9923-6b76e0274b4c.csv
1;31457.9;2020-09-14;parcelas_4c053fed-a7f6-48da-a21a-05736ccff16b.csv
1;297.6;2020-09-29;parcelas_4c08eaf7-17ea-432a-a1a0-0007e01c5854.csv
1;190491.61;2020-06-26;parcelas_4c0bd8f6-4075-4271-b9c6-082b8f2b2568.csv
1;720;2020-02-26;parcelas_4c1132d5-60b9-4f01-9609-829d83bdc303.csv
1;15520;2020-09-09;parcelas_4c119643-aeff-40eb-9ff5-32568e67a3d5.csv
1;1312.31;2020-08-14;parcelas_4c137777-ad9c-4490-8aed-dd58198bcf13.csv
1;72750;2020-01-02;parcelas_4c13a7b7-1747-4265-ae5e-6d5e219f409b.csv
1;7880;2020-06-12;parcelas_4c16b520-f192-4819-b221-c7ccd123256c.csv
1;70223.7;2020-07-08;parcelas_4c2304f0-8220-4c9a-856f-5b594fb4aa6d.csv
1;448.59;2020-11-04;parcelas_4c2b3c05-efe3-4808-9971-73f545aed2a1.csv
1;1602720;2020-04-29;parcelas_4c2fdb7a-79d3-4487-b421-5121d8529c2c.csv
1;190759.62;2020-01-02;parcelas_4c3330ef-aa53-4492-9d63-71e1670e536b.csv
1;10289.5;2020-09-09;parcelas_4c349ed5-30a5-4bab-80fc-aed67d0756ef.csv
1;40.24;2020-08-31;parcelas_4c3a3dfc-fce9-418d-b30e-353b062c583e.csv
1;710.67;2020-09-28;parcelas_4c3a612f-bd02-4201-95ab-1bc6260672e7.csv
1;3809.42;2020-09-23;parcelas_4c4f130d-1be7-4a75-a8cf-0ea0610ff37d.csv
1;3866.42;2020-10-30;parcelas_4c563837-225d-4d5c-8b93-79a3aefd925d.csv
1;60116.18;2020-11-27;parcelas_4c64ab19-8918-4758-85e8-29376f2dcb78.csv
1;991616.24;2020-02-26;parcelas_4c67d5ca-1a1a-439c-8ba4-3ac69ac657f6.csv
1;284400;2020-04-03;parcelas_4c6e37dd-5a3d-4e6d-9146-2e8e5526a127.csv
1;43554.29;2020-04-24;parcelas_4c70c3d9-f329-4057-9fac-b9bc1b630ede.csv
1;85467.98;2020-11-30;parcelas_4c7a95ad-18cc-4291-8578-d7b3b8d992b9.csv
1;18044.22;2020-07-13;parcelas_4c8a8024-c394-4cf3-9ab9-a04629332383.csv
1;17171.42;2020-12-21;parcelas_4c91a0dc-2b4a-4cf1-8b48-c0ee0c271262.csv
1;45199.58;2020-11-27;parcelas_4c92ab01-1ff4-46db-92af-f35a5be617ee.csv
1;66200;2020-08-03;parcelas_4c95006e-2a86-40f5-bada-f90706729ab7.csv
1;10139.4;2020-05-05;parcelas_4c9f6fac-7eda-45b2-b837-02b0247f03b0.csv
1;27275.48;2020-12-21;parcelas_4ca436e8-c7a2-449e-b829-f4a6cbb1ce8d.csv
1;315.65;2020-11-03;parcelas_4cb0c31a-0810-48ba-bc9d-f2a475fd6286.csv
1;685.62;2020-11-03;parcelas_4cb7a09f-09d6-46b6-bca7-a6d5ca1250e4.csv
1;19218.5;2020-09-22;parcelas_4cb7d80c-0fc3-4acb-8606-40648dc51f5d.csv
1;1100;2020-11-17;parcelas_4cb982ea-56fb-4933-8105-b73a6f6ff899.csv
1;784.77;2020-10-07;parcelas_4cb9dc67-255a-41ab-b975-6b86e62a529d.csv
1;50;2020-08-06;parcelas_4cbbb1dd-4e85-42bd-b798-97e065075e75.csv
1;1151.32;2020-02-21;parcelas_4cca200d-e463-4604-b029-bcf534d394ab.csv
1;2002.3;2020-01-10;parcelas_4ccd6763-6345-44a6-8987-1e4517f28dda.csv
1;2612.5;2020-06-30;parcelas_4cd2f9e7-dca4-4347-82e7-30d7d65abf02.csv
1;26385.12;2020-01-31;parcelas_4cd40af9-bb98-45b2-a821-395d67e63f31.csv
1;161231.57;2019-12-30;parcelas_4cdc1e43-0d5e-4196-ad23-d368010f62f8.csv
1;70;2020-10-27;parcelas_4cef72dd-90fe-410d-a794-4b57f8336d19.csv
1;1485.78;2020-12-30;parcelas_4cf49bae-7378-4d79-910a-b632e2c834db.csv
1;705;2020-01-23;parcelas_4cf73492-b0a8-4e52-a846-583145137869.csv
1;190.55;2020-06-25;parcelas_4cfb0997-f883-40f9-aa78-c007edd98451.csv
1;13292.91;2020-12-14;parcelas_4cfc8822-670f-42ee-b6d9-03d5f5ab6dbc.csv
1;41496;2020-01-08;parcelas_4d04d854-04b1-4a14-8627-85da2bdd9a76.csv
1;16262.95;2020-06-01;parcelas_4d09be72-acab-45af-a714-6da30c492327.csv
1;51168.1;2020-08-28;parcelas_4d0ca71d-fbe0-4ebd-aca1-0932d6964bdc.csv
1;79.79;2020-10-14;parcelas_4d0cc740-f739-4143-82c2-8e1bb9167a6c.csv
1;470.74;2020-01-02;parcelas_4d0f841e-ae4f-4565-8564-3d7aa89b646a.csv
1;831.65;2020-09-29;parcelas_4d100a76-dbb7-4183-9ed4-d32b275d60b2.csv
1;1560;2020-10-09;parcelas_4d103efa-2660-4514-9c70-1ba7012116e7.csv
1;10399.5;2020-08-13;parcelas_4d2e9822-c04e-4276-91b9-4f56f45f8b17.csv
1;1716.6;2020-10-29;parcelas_4d34cbbf-30fd-40d0-8c95-ff162f02e1f7.csv
1;99.17;2020-05-04;parcelas_4d409562-1c86-46e4-848b-7b8ffd4d904a.csv
1;100;2020-02-03;parcelas_4d49aeb8-5716-42d5-bb6e-a2291c0d021c.csv
1;10068.33;2020-02-26;parcelas_4d4aec35-986d-4100-a82b-fdcf0ff79e0f.csv
1;469.9;2020-09-23;parcelas_4d4dd344-6fc7-4fe9-b26f-c408a93b11b2.csv
1;51117.34;2020-10-28;parcelas_4d5016dd-f0d3-4292-b271-0c710a8c6c7d.csv
1;30000;2020-04-23;parcelas_4d509735-2874-475e-b703-78c8d95daf51.csv
1;157127.75;2020-01-28;parcelas_4d592712-26a0-4ca7-8d6f-bc723e9b597f.csv
1;39.89;2020-11-10;parcelas_4d5bee97-2815-4bbf-bee4-ff31a7495f48.csv
1;38102.1;2020-09-28;parcelas_4d5c5656-03ae-4850-bcd9-2e94dbb2d8cd.csv
1;5098.78;2020-03-02;parcelas_4d5e6466-2df1-4d47-b62a-28ad4b3a3d5f.csv
1;111.49;2020-12-30;parcelas_4d64aebe-6f6c-4b03-b149-e7414634b9d4.csv
1;1803.03;2020-10-21;parcelas_4d659db1-a823-402b-901c-9e8a52618a08.csv
1;74605.48;2020-12-14;parcelas_4d68d64b-83af-4716-be55-05e95783a187.csv
1;18144.41;2020-08-03;parcelas_4d69b862-8e70-483d-9160-0ef7087ad9ca.csv
1;24708.97;2020-04-28;parcelas_4d6cf55d-9f16-4667-89a1-9bdbb93a2a2c.csv
1;4384;2020-02-20;parcelas_4d743a87-4738-46c4-8207-85d5b2ac0d83.csv
1;589.48;2020-11-10;parcelas_4d7f2d62-bd9d-4f34-9a02-b3da6f2e8973.csv
1;2969;2020-11-12;parcelas_4d838884-90dd-43a0-a889-14da28608cb1.csv
1;485;2020-09-17;parcelas_4d842189-6fde-4d83-9a38-f4beced22f68.csv
1;180178.53;2020-03-16;parcelas_4d852d8e-becc-426c-b088-223f67e12fc4.csv
1;5739.44;2020-11-04;parcelas_4d857aaf-c965-4b4b-a4f2-363acd3b02f9.csv
1;10509.07;2020-03-02;parcelas_4d8ef934-cd9e-42c0-8925-022dd7faea7f.csv
1;954.88;2020-09-29;parcelas_4d938159-b1ca-4781-9ff7-dbbf7300a861.csv
1;8190;2020-12-21;parcelas_4d94aeaa-e6c8-4053-9aea-a739bb01e8b3.csv
1;29618.65;2020-12-30;parcelas_4d956abb-3db5-40fa-9b42-f2849db44156.csv
1;136105.26;2020-09-28;parcelas_4d983370-2694-49f6-9464-d4d79b734f88.csv
1;2400;2020-11-27;parcelas_4d99a619-acb8-458d-bab2-ab583335287d.csv
1;361958.33;2020-07-02;parcelas_4d9d2bea-8f08-4e97-a43e-8347d86f4dcb.csv
1;3975.15;2020-04-30;parcelas_4da1ffc7-7697-42a6-8f1c-a60e5df1a1af.csv
1;456;2020-07-13;parcelas_4da207d9-56de-4282-b753-9c06513a98dc.csv
1;7500;2020-01-31;parcelas_4dabdd0f-f387-4909-8da6-450ab7d49c47.csv
1;9019.05;2020-06-01;parcelas_4db6f589-f0fc-4acd-81bf-b87b85e59158.csv
1;3770;2020-02-07;parcelas_4dbb5038-53c7-451b-968c-609d9e6df1b9.csv
1;48500;2020-11-20;parcelas_4dbcca8d-915d-44f9-98a8-4b901b35054e.csv
1;29.49;2020-09-03;parcelas_4dc1e0ca-01d7-458f-b9ed-c22ab6bc4a19.csv
1;45227.58;2020-11-30;parcelas_4dc499b2-fc5f-44b3-8e3b-4e524327d105.csv
1;669.9;2020-10-02;parcelas_4dcb88cb-dbc6-43a2-86bf-fbac01c8af48.csv
1;27069.5;2020-04-14;parcelas_4dcd8f26-f89a-442e-8720-31e1dbca5775.csv
1;2275;2020-05-27;parcelas_4dd22c2c-5cbc-4898-b8bb-11d4acb7ae4a.csv
1;315.12;2020-09-29;parcelas_4dd8c6d0-21b6-43e4-960b-86406ba42920.csv
1;44683.98;2020-01-29;parcelas_4dda8e01-2ccd-4ec8-a4f2-f6115111b725.csv
1;104.13;2020-03-02;parcelas_4debf8f5-fb8d-421d-91c8-c186a1dff26b.csv
1;100;2020-03-30;parcelas_4dec0eae-8374-4a89-bd42-62806148b90c.csv
1;38087.1;2020-11-30;parcelas_4df82b39-4264-41da-8bf9-2f6db478148e.csv
1;298.28;2020-08-27;parcelas_4e0221f7-c3cd-44e1-a3e2-6d395a858be4.csv
1;170.97;2020-11-18;parcelas_4e0226f4-ac70-4bc3-8d3e-1293a0a575dc.csv
1;3972.02;2020-11-03;parcelas_4e10c65e-6ff8-4ee7-9d40-45688138cd83.csv
1;92272.7;2020-10-28;parcelas_4e11155d-cd85-408c-beab-d5a3d24d040e.csv
1;103138.49;2020-08-27;parcelas_4e154e7d-0e1a-4156-9025-a029511a20bb.csv
1;83541.61;2020-01-31;parcelas_4e1cefa2-1883-4cbd-ad4f-2eac369bc71e.csv
1;2860;2020-02-10;parcelas_4e1d2cbe-9fd4-4b4a-8026-d2d84e0bf5ab.csv
1;1484;2020-02-10;parcelas_4e1f98d6-6b16-40e8-8388-e2982aeb6df1.csv
1;226976.98;2020-08-27;parcelas_4e2a39b3-baae-4910-b82a-0997c6b8aca7.csv
1;133.4;2020-03-26;parcelas_4e2d8f72-73ff-43e1-a743-ec1cf471f555.csv
1;9514.59;2020-02-07;parcelas_4e39abcb-5dcf-4ffc-b591-20fe024348e9.csv
1;27386.03;2020-01-29;parcelas_4e4def22-1363-47fe-a880-f556f3447d2b.csv
1;110230;2020-01-29;parcelas_4e518f46-216a-44d7-8218-bdda52d880aa.csv
1;142488.73;2020-12-21;parcelas_4e53898a-ff15-4efa-a28f-ee01b86a36d0.csv
1;3010.86;2020-08-18;parcelas_4e55391a-3bf3-44c1-950f-8a9cc8bebcff.csv
1;8440;2020-03-04;parcelas_4e559e6e-8c15-441d-a291-bebaabb9e4f7.csv
1;950397.55;2020-04-30;parcelas_4e61d2ea-ac4e-4c57-8e92-f5929b86e4aa.csv
1;4891.64;2020-09-17;parcelas_4e62c45f-52e3-4f75-9cdf-e4829e206cac.csv
1;251300;2020-08-28;parcelas_4e65a2a7-6c76-485d-8b59-1d7cac8c7112.csv
1;378548.82;2020-01-02;parcelas_4e684b63-f12e-46ab-8fe9-76ed7d49c0b3.csv
1;18000;2020-11-06;parcelas_4e68a0d2-a9da-47ef-a595-eff18fd0be74.csv
1;2060.8;2020-10-29;parcelas_4e69db9c-a5af-426b-9c3f-c8a87d537017.csv
1;950;2020-09-23;parcelas_4e702b44-99df-42da-8681-8705ceca61b4.csv
1;234.78;2020-11-04;parcelas_4e72c251-ce0b-4b36-83a2-f231ccfd8d40.csv
1;200000;2020-03-27;parcelas_4e72eb15-b042-45ee-8967-0f20af6923dc.csv
1;157221.97;2020-12-21;parcelas_4e7c896e-5418-41c2-8fbb-ffbbea62debb.csv
1;540;2020-08-18;parcelas_4e7cb107-bad3-4577-9d7f-afd5a0132fe8.csv
1;4016336.43;2020-05-27;parcelas_4e81a8d1-71eb-45da-89c1-97de9a3bf833.csv
1;29.49;2020-09-17;parcelas_4e89ae6b-5aab-4713-bd29-3ea114a13d42.csv
1;6297.6;2020-07-22;parcelas_4e8c9ec8-25a9-44fe-984b-f501fbaa2e63.csv
1;28190;2020-04-30;parcelas_4e8e937f-75dc-4854-819d-ee2217a250dd.csv
1;1758210.64;2020-02-26;parcelas_4e8e97fe-20f0-4eff-9184-d8ab7d17ed29.csv
1;27125;2020-03-26;parcelas_4e928982-305c-4316-aff0-6d3e893d9582.csv
1;2016.05;2020-11-03;parcelas_4e94e2ab-16a0-4181-bdff-a7ed9dd66c7c.csv
1;179272.26;2020-11-30;parcelas_4e95c226-0b13-4896-9165-0b3d5d191e9c.csv
1;814.4;2019-06-10;parcelas_4e961398-3b9a-4840-98b5-d8cfadd77ea3.csv
1;79.79;2020-12-16;parcelas_4e9a6540-10ff-43a5-8d60-11af19c14100.csv
1;59323.57;2020-03-26;parcelas_4e9ccbb1-6aa3-493d-a71a-94fa51bf8696.csv
1;25740;2020-07-15;parcelas_4e9f4bad-88ec-45fa-878c-2bbe5d1a3511.csv
1;3360;2020-10-06;parcelas_4ea07177-8de4-4a76-8a64-65cf37faf927.csv
1;71759.57;2020-01-31;parcelas_4ea611e3-1ebb-4bdb-af8f-dfbe7fb5762e.csv
1;13178.5;2020-11-16;parcelas_4ea6e4eb-f441-41dd-8c0a-506d5b402f65.csv
1;12825;2020-09-23;parcelas_4ea79a2f-e8a8-4673-996d-6adfb9de69bf.csv
1;256450;2020-01-10;parcelas_4eb5fa7b-1117-46b7-85ee-a56eb04d5241.csv
1;23822.31;2019-12-31;parcelas_4ebbf48b-51bf-4d8c-bee1-072b40de100f.csv
1;663.1;2020-09-17;parcelas_4ec5e142-91c2-434b-b266-31f55b89960e.csv
1;6534.23;2020-06-26;parcelas_4ec8b892-db7e-4625-ba16-3b52256ffd3c.csv
1;546.3;2020-06-15;parcelas_4ec9737a-798c-4f67-9f7d-2dbd75795a79.csv
1;618.33;2020-03-26;parcelas_4ed38bac-4ca2-4987-aa92-934e206573b9.csv
1;23.8;2020-12-21;parcelas_4ed41880-ee9b-45f0-a55b-f26d47ac5c76.csv
1;488.01;2020-10-07;parcelas_4ed80922-4f74-4ea7-a486-607afb7cc4e9.csv
1;130535.61;2020-10-02;parcelas_4eddbb48-d2c5-4ed1-a08c-c10fd9a2ce51.csv
1;123500;2019-12-30;parcelas_4ede23b2-ae40-4dcc-a51c-e69f8d1dc45e.csv
1;5000;2020-07-28;parcelas_4ee7fb0f-0d56-47fd-9f24-0308bd00fd62.csv
1;1552;2020-11-24;parcelas_4eee72ca-c07e-40ec-a880-d2f0cc9b6d80.csv
1;4077.98;2020-01-24;parcelas_4ef3982c-1f2f-4b29-9a7c-e313e6dbf280.csv
1;2308.21;2020-09-17;parcelas_4ef60787-6403-4a6e-940c-93c1ed585732.csv
1;525;2020-06-26;parcelas_4f057248-bc22-4783-bf67-2dbee7fc4484.csv
1;3200;2020-09-23;parcelas_4f0840fc-fb3a-40e2-b082-293f72f9f35d.csv
1;104900;2020-01-31;parcelas_4f136337-edb4-45b2-a178-4c9f412d7f8b.csv
1;150.06;2020-11-09;parcelas_4f1363ce-b41d-4ccd-bb0e-1a816ab4d8d3.csv
1;5200;2020-03-09;parcelas_4f1428d5-60d4-4205-a4e9-0c87a09212f5.csv
1;6725.81;2020-05-27;parcelas_4f1ed5b6-260d-4109-bca5-cd01413f8cc1.csv
1;110124.5;2020-11-27;parcelas_4f202c6d-8873-47f3-a3ca-84dabe13f3ed.csv
1;64.15;2020-12-30;parcelas_4f20ffd7-82c6-4176-a23f-183c94ebb751.csv
1;4000;2020-07-31;parcelas_4f226275-2fae-4fa0-8c2c-95e02690bed2.csv
1;7985.18;2020-11-19;parcelas_4f294247-be35-4e36-b419-d356a0dcbd38.csv
1;5546.73;2020-08-31;parcelas_4f2ac75a-18b1-4d8e-9f69-d93ead4c10fd.csv
1;62198.59;2020-05-27;parcelas_4f2c7824-d8b4-46a1-891f-f145b134680e.csv
1;4575.78;2020-08-17;parcelas_4f2eba7b-6eaa-4e86-a61f-01224b116d39.csv
1;6859;2020-01-08;parcelas_4f3206d7-a42e-414b-9c53-1504adf04e7a.csv
1;500;2020-01-02;parcelas_4f380f33-e5e2-4ac9-8aed-8464ae12de9e.csv
1;7020;2020-05-11;parcelas_4f39c748-2145-48b1-a8a8-6890bb831dea.csv
1;66.67;2020-02-17;parcelas_4f39f2f4-0af8-4618-b22b-5c7f29fb5081.csv
1;7172.48;2020-05-14;parcelas_4f3f028f-3162-4d44-9b35-3223d9277444.csv
1;1225;2020-07-30;parcelas_4f3f37d7-12fc-4581-b7de-fb275024d994.csv
1;14476.5;2020-01-02;parcelas_4f4e2e53-a12d-4e1c-a5d9-c7e659fdef56.csv
1;60186.1;2020-09-28;parcelas_4f54965e-28e0-4265-9660-94182b72de50.csv
1;5955.08;2020-11-24;parcelas_4f632c50-c359-4303-9a1f-37b817034938.csv
1;1722535.54;2020-10-28;parcelas_4f7409fd-9b4e-4536-9f95-5931a425065d.csv
1;3593.33;2020-02-26;parcelas_4f76efea-22eb-49d5-887a-4f7b88acaeae.csv
1;113301.29;2020-06-26;parcelas_4f8038d7-96de-4cf3-a2fe-a7cbcfd1cf04.csv
1;646;2020-08-19;parcelas_4f855202-c211-47aa-a0c9-fcb3f8cc06ca.csv
1;3083.89;2020-04-30;parcelas_4f95b6b7-422f-4fd0-921a-553e69921877.csv
1;121913.35;2020-08-27;parcelas_4fb00017-3956-41a5-a9ce-86119875dd55.csv
1;144;2020-08-17;parcelas_4fb917e1-a37a-4cb8-9141-83ac01faae8b.csv
1;27280;2020-02-10;parcelas_4fc0c421-78df-431f-9f80-a927b9695985.csv
1;32.29;2020-07-13;parcelas_4fc9ec9f-1e1a-49db-9aee-0184a33eec15.csv
1;502.17;2020-11-03;parcelas_4fd1d5e6-c850-4373-bc8f-09d7b4af71b8.csv
1;750;2020-09-09;parcelas_4fd1dcc5-f6ac-4e8b-befc-1652072ff83b.csv
1;17220;2020-05-12;parcelas_4fd3766b-9abf-44bb-9edc-9b3b55ad2662.csv
1;2900;2017-12-31;parcelas_4fe3ffa8-3217-41cd-a367-c9e7acbe3941.csv
1;1050;2020-01-28;parcelas_4ff6b5de-f176-4b8e-9026-494d19b0b30b.csv
1;4843.27;2020-03-26;parcelas_4ffa2637-e7d1-4e87-b6e2-f0e9dd4f8ae2.csv
1;1044.45;2020-04-30;parcelas_4ffaa8ca-be02-4d9b-890d-1d535fb9c07b.csv
1;15882.1;2020-02-17;parcelas_4ffd288d-3285-421f-9d27-86baf58dd945.csv
1;3301.51;2020-07-31;parcelas_4ffe12b9-1c91-4a1a-b906-9c663893a3c6.csv
1;3000;2020-07-13;parcelas_500055a7-848a-4551-bd5a-01c2d4a07d8c.csv
1;238.21;2020-08-31;parcelas_500536be-6707-4f83-9026-4f6b26e09625.csv
1;14185.5;2020-03-30;parcelas_500b0d30-f6a2-407a-be8b-c0eba9ca16cf.csv
1;120;2020-08-19;parcelas_500de03c-e1ba-45c4-ac6b-5bee5f877ac6.csv
1;28000;2020-05-19;parcelas_501a822c-9be3-4442-a093-f1f2f08e7e96.csv
1;548.05;2020-09-29;parcelas_501b2236-db1c-4125-be89-dd212eee3dde.csv
1;79371.05;2020-10-07;parcelas_5020296b-db91-4edf-81f2-e1a21a12f94f.csv
1;227.96;2020-01-13;parcelas_5022d672-4b3c-41ad-8a69-5f8e4bccded2.csv
1;5855.68;2020-09-25;parcelas_502d8c13-6a13-4489-b610-358dd84eb4e9.csv
1;204414.93;2020-12-21;parcelas_503139e7-a787-4564-ad04-edfc52452a9e.csv
1;7103.6;2020-01-29;parcelas_504916ad-a345-4b25-ab02-bb595da973e2.csv
1;220.8;2020-11-05;parcelas_5054d75a-3bf3-4a51-9233-d9074f4cf66a.csv
1;54454.15;2020-11-27;parcelas_505d2d0e-bce3-482d-a57c-5388e668c275.csv
1;42.92;2020-07-13;parcelas_50689292-6b8f-4bdc-87fb-382676902f6e.csv
1;973.67;2020-01-31;parcelas_506ef74b-265f-4843-8c85-1a190553e6cb.csv
1;63299.91;2020-01-02;parcelas_5072b574-b5c1-4d1e-99cf-194f0021eead.csv
1;68207.22;2020-04-15;parcelas_5075431d-f20d-4522-aaf2-580d9153596e.csv
1;26385.12;2020-10-02;parcelas_50776c49-8594-4b1a-8c5e-60c184e6f613.csv
1;31517.61;2020-05-20;parcelas_507b6e3f-634a-4148-a915-c58f187c60a7.csv
1;189.93;2020-10-07;parcelas_5082850e-fe2c-42bf-b696-dabc9f41d0d2.csv
1;254000;2020-08-21;parcelas_508bfa59-adca-413f-be2f-43645067bbf9.csv
1;193.14;2020-11-10;parcelas_508cf619-7ccd-4991-a719-58036674f790.csv
1;8050;2020-04-27;parcelas_5095ba22-fe78-4b8c-b724-d7662845b757.csv
1;1088466.66;2020-10-28;parcelas_50967e15-f9cc-489e-be19-ec8e7631b2c8.csv
1;28005.26;2020-02-26;parcelas_50978caf-c483-43c8-81c6-153f8ed8f965.csv
1;816.96;2020-09-10;parcelas_50a3c858-4cfd-4e76-919d-9bf87d84d1cf.csv
1;1521.85;2020-09-08;parcelas_50a806f7-7512-43a4-b793-a2f9ed33e3c5.csv
1;1357.17;2020-05-14;parcelas_50aa934b-9168-4c8e-a756-8578bd664305.csv
1;4130;2020-05-12;parcelas_50aacd3e-a1be-4081-b56b-53e93d67d2c8.csv
1;1225;2020-03-30;parcelas_50ab1201-84aa-42c6-af3f-9c749a23aed9.csv
1;257036.83;2020-04-30;parcelas_50b1f470-0dbb-4cfa-9d46-12d1b13726af.csv
1;3040;2020-08-26;parcelas_50b577da-3975-448b-8433-40e8b63864a3.csv
1;1008.86;2020-06-23;parcelas_50be28bd-837e-459a-8270-045d1d5efd2c.csv
1;269286.73;2020-01-02;parcelas_50c2ca42-0ba4-4117-8a4b-72a505a51435.csv
1;9008;2020-11-04;parcelas_50cdd23f-f7d2-4b96-a95b-0f22bd0ecd30.csv
1;17.07;2020-02-26;parcelas_50ce7227-a9c2-4fbf-9304-89a864971d3e.csv
1;309.07;2020-10-05;parcelas_50d79590-f3e9-41bd-9324-bcf688160e52.csv
1;2086.84;2020-09-15;parcelas_50dca8fd-d1d9-49b4-8bec-2f86c660bfdf.csv
1;19.13;2020-11-23;parcelas_50e58e22-caa5-4013-83d3-008c0f0deb93.csv
1;7056;2020-09-10;parcelas_50e6151c-2ce1-47d6-8c64-7d7927da5573.csv
1;997.42;2019-12-30;parcelas_50e8238b-67e7-42c9-b388-dbf5e376185e.csv
1;211756.79;2020-09-10;parcelas_50e9eb82-72aa-4e5a-b78b-1ae6202ba68c.csv
1;88.78;2020-11-27;parcelas_50eadab2-1b1d-451d-83ee-2939c16531c0.csv
1;2016;2020-09-29;parcelas_50eed91e-3721-419c-a8d4-72bed0948084.csv
1;785.19;2020-05-13;parcelas_50f77ce8-48f4-47ef-bf1c-2a83ac9f487a.csv
1;2871.34;2020-09-23;parcelas_50fd50c4-f1b6-4787-90fb-e53b58664f92.csv
1;2945551.49;2020-01-28;parcelas_50fe69c4-2156-4339-b736-eacb30ca2f45.csv
1;1785;2020-04-29;parcelas_5106360f-91e2-43e3-b866-4d59c6030149.csv
1;1095;2020-08-18;parcelas_5106f25b-cff6-4cdc-8f92-7a0cd2f099a8.csv
1;1060213.9;2020-06-15;parcelas_510dee90-fddc-423a-9d7e-aaddc44e73fb.csv
1;849709.55;2020-12-30;parcelas_5115bee2-6d90-4dd9-b387-8040af436550.csv
1;112933;2020-01-02;parcelas_511f66c8-0377-4a62-8822-d1c65d5d4839.csv
1;1500;2020-10-07;parcelas_512325bf-0b48-4e39-8dc7-b210c4bde5d3.csv
1;2498838.69;2020-05-29;parcelas_5127385a-6e35-4c4f-a228-5babaed7d946.csv
1;1490.26;2020-11-04;parcelas_51352e7d-c342-4664-9abb-86ee518fa8e8.csv
1;1556.81;2020-03-31;parcelas_51371ab9-a910-4c7f-89e0-406b8d491e62.csv
1;1575;2020-08-27;parcelas_51417bb4-04c8-4e64-9e50-f246c8ff6bc0.csv
1;8949.48;2020-07-02;parcelas_51422cfb-ebc8-4175-aad8-a5c12a577268.csv
1;8880;2020-04-24;parcelas_514d714e-4a55-434e-8361-bc59c1d01234.csv
1;1883.47;2020-02-28;parcelas_515b1f07-8edb-48ab-ac88-5480f34b8bd4.csv
1;54750;2020-08-27;parcelas_515e13f7-0c31-4531-9997-2504ca644dc6.csv
1;25540.62;2020-10-28;parcelas_515f157b-7dda-41de-ac12-62b8e585099e.csv
1;9797.5;2020-03-27;parcelas_5160fe03-8bc4-43ac-b6fc-f885a978d769.csv
1;33168;2020-07-06;parcelas_51641eea-b503-452d-b5d2-512765685734.csv
1;23310;2020-09-30;parcelas_5165e4d3-fc83-419f-adeb-a9732eaa50bc.csv
1;5521.8;2020-01-07;parcelas_516978d7-afae-4680-b478-59ecbc244493.csv
1;45500;2020-06-05;parcelas_51728904-c20a-4b5f-bee5-7eb5337bee24.csv
1;743.89;2020-10-30;parcelas_5173ecd6-6b2c-415b-a191-1eae4c9d02b3.csv
1;7228.77;2020-05-29;parcelas_517a3f40-ec3f-49f9-b199-2935c6a623ef.csv
1;2326.34;2020-07-14;parcelas_517cf3a1-6524-4856-8313-503897300fb0.csv
1;153317.21;2020-04-08;parcelas_51808095-d70a-473d-bd5b-5ad3364c0dda.csv
1;66.7;2020-03-06;parcelas_5183e358-ee52-43e2-a162-10b12a7d597c.csv
1;1045;2020-08-27;parcelas_5183fc43-4203-470c-a235-7e8b6ea36556.csv
1;12844.22;2020-11-27;parcelas_51873161-71f5-4954-8060-fd1aab148c24.csv
1;1620.06;2020-06-09;parcelas_518b4055-596e-4087-976f-6ecf2d1078b3.csv
1;2712.5;2020-08-27;parcelas_518d0e53-3d4e-4da5-9ba1-d7ff63c3b37b.csv
1;780.68;2020-11-04;parcelas_518d529e-fda6-4d72-a854-5018f55d9695.csv
1;50000;2020-05-05;parcelas_518ef3b4-ec20-4a72-ad99-c9f910ac20df.csv
1;18298.09;2020-01-28;parcelas_518ef6b2-1020-4d07-8903-6690a3b86bc9.csv
1;189.24;2020-10-28;parcelas_51958ac0-94a1-4471-9bb1-bebfcdbda1f2.csv
1;5236;2020-06-08;parcelas_519ff73e-3582-4426-8b2c-676c9a59d35e.csv
1;44.29;2020-09-30;parcelas_51a2cf8f-e6ee-452a-b2c7-988078373bd5.csv
1;20276.82;2020-04-29;parcelas_51a41c71-1a23-40d5-b4d2-415c37158964.csv
1;1800;2020-08-31;parcelas_51a4704c-85df-4879-bbf9-0819fb43ae33.csv
1;6480;2020-10-07;parcelas_51a97fae-79ac-4b52-97e7-21d9008aa2a5.csv
1;1332;2020-07-06;parcelas_51af8b3b-319e-4abc-a463-6cbc2032e783.csv
1;71512.88;2020-01-31;parcelas_51af9f05-14d3-4c7a-9857-b6ad83075755.csv
1;2100;2020-09-28;parcelas_51b1ab8d-d66a-4954-ba4e-cc05e6b9af37.csv
1;916.76;2020-06-09;parcelas_51b5f2a6-584f-4434-9fe4-181f8bde25a5.csv
1;23310;2020-10-19;parcelas_51b61bd2-ac4f-44c3-a85d-48b7631ebfef.csv
1;340.2;2020-06-23;parcelas_51b62622-a409-4c84-b27a-7ecc10d4cd70.csv
1;35969.05;2020-12-21;parcelas_51bdef68-4fe6-4955-9575-1b3676f9f2b4.csv
1;37239.15;2020-03-10;parcelas_51c16503-ff28-4f88-b2a0-77f03267a215.csv
1;2090;2020-08-28;parcelas_51c45ddb-474a-4f23-97e8-d48e895685d7.csv
1;6244.8;2019-12-30;parcelas_51cad77f-7a35-49c5-aed5-ac3f1d99bf8d.csv
1;437.75;2020-12-30;parcelas_51cb5fb7-9503-4d50-8105-478ce3d05429.csv
1;649891.92;2020-08-03;parcelas_51d02752-eb66-4512-a28b-9a9ff75ce611.csv
1;737.88;2020-01-10;parcelas_51d4a653-d7d9-4ff6-bb73-a1b79d55ce22.csv
1;2648.76;2020-01-23;parcelas_51d91759-a656-4806-9859-cce0c9af21f5.csv
1;240;2020-05-27;parcelas_51dac3ba-cb90-475d-9605-4b3e83edf99a.csv
1;11155.25;2020-09-03;parcelas_51dc2203-a175-4131-a7ee-18725a275290.csv
1;588592.7;2020-04-30;parcelas_51dcf5a2-2e9c-4839-b47a-add774500f0d.csv
1;776.41;2020-07-14;parcelas_51dd6e22-b803-44a6-9ef9-20dd1a650e8f.csv
1;107209.75;2019-01-10;parcelas_51dfb267-689c-4f22-a63f-431dca4a60fe.csv
1;28425.49;2020-07-31;parcelas_51dfb993-63c8-4fb8-a610-3aca78dd2cbf.csv
1;79952.57;2020-03-26;parcelas_51ea51e7-65b9-4010-8c3e-af73d8e2433c.csv
1;961.23;2020-08-27;parcelas_51ed0a5d-6864-420c-b903-13dcbbd34110.csv
1;151.6;2020-08-17;parcelas_51ef70f8-d4ea-4a28-ae36-347f4e8ca8bf.csv
1;47834.78;2020-01-29;parcelas_51f1f7bf-4ee6-4380-87c5-af61084d283b.csv
1;90.38;2020-01-23;parcelas_51f9000b-2532-4035-a470-25a60e1c017d.csv
1;2585.25;2020-06-26;parcelas_51fbac3a-8e44-44ef-885b-700a8d05f0ba.csv
1;659376.39;2020-11-30;parcelas_51fd2aef-515f-4135-8baf-e586cd8153f3.csv
1;6900;2020-04-22;parcelas_51fdab11-8b2c-4ec9-8c01-228f74365cb8.csv
1;112000;2020-04-29;parcelas_51fed1be-10d7-42f3-8042-f9b2fd1e35dd.csv
1;17212.16;2016-08-19;parcelas_52037f85-6145-4e18-9894-eb364050f636.csv
1;18742.27;2020-11-10;parcelas_520555e5-e8e3-41bd-a78a-e2e1c38fa4e4.csv
1;8239.2;2020-03-11;parcelas_5206486e-3508-4a8c-8079-c41a4e39efda.csv
1;21898;2020-02-10;parcelas_52126c0b-f0ed-46a7-b5d0-a324acf62200.csv
1;1598753.19;2019-01-04;parcelas_5215cd04-3144-4154-b7bd-bc5380bc7105.csv
1;38166.51;2020-09-01;parcelas_521a37af-224f-4fa4-8d4b-16525dd6f619.csv
1;1001700;2020-06-17;parcelas_521f0879-b96c-431c-b1cb-268a6c16d10b.csv
1;5600;2020-09-28;parcelas_5221acb1-4a05-4d41-8e28-85f65f2437eb.csv
1;334977.89;2020-10-28;parcelas_52296f0b-b843-41e3-ab7d-b91177998bde.csv
1;1219.03;2020-03-02;parcelas_5239cc29-0f7b-4916-9e6e-6f48e5dda022.csv
1;10509.6;2020-01-29;parcelas_523f3af3-a449-49dc-8e65-7ad4648f0172.csv
1;3855.34;2020-02-05;parcelas_52496a43-a6e6-43b3-b357-924dc48e543a.csv
1;41160;2020-01-02;parcelas_524e4257-2574-4d15-8a9c-a01d51f68b56.csv
1;412541.45;2020-06-26;parcelas_525153d5-b2ea-4631-bfea-eb4848785133.csv
1;3018.25;2020-09-29;parcelas_5253aaf8-3b91-456d-9cd2-5d4af7173e1f.csv
1;1060;2020-01-14;parcelas_5260f4f8-4d80-4ad5-89d4-b5d7478b4e39.csv
1;849709.55;2020-06-12;parcelas_52637a72-433e-4e6a-853b-e6d68b33e4a3.csv
1;12827;2020-06-08;parcelas_5267f23c-5c2f-45d2-9149-a247263a96a1.csv
1;2531.65;2020-08-28;parcelas_5274b7ae-b37d-47db-b5e6-66fb706eb278.csv
1;85467.98;2020-03-31;parcelas_527c4dd2-507c-4120-b358-364f94a8d119.csv
1;202.34;2019-05-31;parcelas_527e1f85-be17-4aa6-a991-8a9b42c006af.csv
1;147309.88;2020-12-21;parcelas_5294267f-9a10-4b7f-a5c8-d251ba5f6bca.csv
1;3198;2020-07-13;parcelas_5294d59e-036a-492b-8ea2-d0bc0b01826b.csv
1;198113.2;2020-11-27;parcelas_52989f3e-20c4-4237-8392-4c320883dee1.csv
1;1618.29;2020-11-04;parcelas_529a88bb-7c43-40ac-85b2-6ac527cfa3f9.csv
1;2674.59;2020-06-26;parcelas_529b5acc-88bb-45ed-9cbc-0dcc298e217b.csv
1;350;2020-11-03;parcelas_52a59f93-d8a7-41b0-9586-21349dedfce5.csv
1;165204;2020-01-02;parcelas_52ad3636-3f8e-4aad-aba0-5bfcedc9c954.csv
1;29.49;2020-08-21;parcelas_52afdbbe-a8db-41a1-938f-35f82ba9690f.csv
1;129.6;2020-09-29;parcelas_52aff1af-7241-410e-8991-d06354cf40e1.csv
1;297666.44;2020-08-27;parcelas_52b855c9-b7b7-4452-aba5-99aa9f56e6d2.csv
1;14186.25;2020-01-02;parcelas_52be95aa-8da6-4ac9-9cd0-881014a38dbe.csv
1;85035;2019-12-05;parcelas_52c6e2a8-4cef-4276-ae0f-27f1f7c7c12d.csv
1;10130.69;2020-08-25;parcelas_52c7eab7-4d95-4132-a879-b5401eb16ad0.csv
1;30423.51;2020-04-29;parcelas_52cecddf-04bd-4a65-a943-c9280e8772cf.csv
1;61465;2020-01-08;parcelas_52d36935-8dec-48ba-9775-ef9a697e0a84.csv
1;4000;2020-11-27;parcelas_52d570aa-0b68-4fec-9ab4-0007a25110b0.csv
1;2634.52;2020-11-04;parcelas_52e13dec-7616-4d7b-b9ba-8196838ae225.csv
1;323.9;2020-10-05;parcelas_52e146e5-8488-4940-9850-3e685a27eac9.csv
1;2630.83;2020-08-27;parcelas_52e5d5db-fb9f-4b92-a788-022d38172fc5.csv
1;2128;2020-07-01;parcelas_52f07a13-7390-49d2-a5d8-cc97f72d97c7.csv
1;113614.31;2020-10-28;parcelas_52f861bb-dcbc-412d-8a18-9ff465c4f73e.csv
1;520;2020-02-26;parcelas_5301a1ca-e379-47d7-a1db-ca450a18a813.csv
1;29.49;2020-09-24;parcelas_530731f3-6bc8-445e-af23-5edb6cf5a944.csv
1;66.7;2020-04-07;parcelas_5313b789-822d-46ec-94b8-7d1c86dfd956.csv
1;49032.56;2020-05-27;parcelas_531b43d5-19f3-4906-b66b-21d56ddfc6f0.csv
1;286285.52;2020-07-30;parcelas_532b6014-7413-4580-a9d8-f170f56976ad.csv
1;48800;2020-04-27;parcelas_53367b25-1b5a-41ca-b369-2364f7566f6e.csv
1;53235.21;2020-07-30;parcelas_533742a0-40a7-48fe-aa28-25f3a55b559b.csv
1;324;2020-11-03;parcelas_53375743-2f3f-4630-ae33-40484f2072ec.csv
1;2494.5;2020-11-03;parcelas_533c7fd6-7160-45aa-bee2-6e4a28a58ce3.csv
1;14905;2020-01-08;parcelas_5340bb9a-93b0-4091-b645-9bde9059ddf3.csv
1;321070.36;2020-10-28;parcelas_5340ebad-9155-4966-b4e7-e09fa872a642.csv
1;36636;2020-01-02;parcelas_5350e255-32e8-46c7-adc8-f8e09a7bd4ab.csv
1;631.8;2020-01-23;parcelas_53583f9f-fd0c-43ea-9e25-96cf03c9d9fa.csv
1;1303344.37;2020-07-30;parcelas_535d263d-d633-4c17-a090-dc42816432e6.csv
1;300;2020-03-30;parcelas_535fd587-202f-4b4e-aed9-8d1baf9d05f5.csv
1;150;2020-03-10;parcelas_53670f62-ecde-415a-ba26-665675ded34f.csv
1;290;2020-10-28;parcelas_53756bdb-c371-4f92-bdce-fee06c582fd6.csv
1;8949.48;2020-12-30;parcelas_53781ad7-3f4e-43e3-8582-19a9cae4b961.csv
1;481315.98;2020-11-27;parcelas_537c4cf8-998c-4cdf-bea0-9177bb2e9260.csv
1;502.92;2020-09-29;parcelas_537e42d2-aedc-4cee-b5d6-ebd79e2d44c7.csv
1;9535.22;2020-04-14;parcelas_537eea44-1c71-4311-b5b8-c01d9375ee1e.csv
1;18392.87;2019-12-31;parcelas_5381157c-e221-4d6b-993a-28e056a45594.csv
1;2408.59;2019-12-31;parcelas_5381157c-e221-4d6b-993a-28e056a45594.csv
1;9740.5;2020-01-28;parcelas_5381304e-1547-4feb-aecb-4e058a93ed3b.csv
1;2850;2020-08-21;parcelas_538a84ef-ab82-4a26-b57d-33c8e467550a.csv
1;1445;2020-06-29;parcelas_538d648e-8794-404c-80bf-413a9bfd2253.csv
1;17125;2020-07-06;parcelas_538e06a3-f35a-4601-8768-aa13e13af122.csv
1;25521.8;2020-07-13;parcelas_53900fe0-0ec2-439e-94b5-21a0d5d55a3b.csv
1;4271.25;2020-05-18;parcelas_5392614a-08ed-475c-8f29-d87b1a8fa3b0.csv
1;5265.26;2020-04-27;parcelas_53970daf-6cf0-4ed2-b7ce-ffd50986a584.csv
1;2506.5;2020-11-03;parcelas_5398ea62-07ab-4ee9-9c0d-b117dd6fcc6e.csv
1;1134.55;2018-08-13;parcelas_53a07b23-29e4-4307-8318-f7ed0d5c0e7a.csv
1;3009.91;2020-11-03;parcelas_53a0db33-a026-4d9b-9ed1-b72ade6ad5b7.csv
1;17130;2020-09-09;parcelas_53a8d09b-92ae-41f5-bb21-40d6e4d630df.csv
1;4080;2020-08-19;parcelas_53a9a9c6-ae17-4be2-bbf2-a6aaf03f8c76.csv
1;1379.21;2020-04-22;parcelas_53aab526-7f52-4779-b233-1c40fb937fa8.csv
1;20123.45;2020-03-31;parcelas_53ad3a72-942d-47ca-b533-2bc8309f79d1.csv
1;41;2020-07-21;parcelas_53ae0f8b-d4e7-4fb6-8922-11116d061686.csv
1;6198.74;2019-12-30;parcelas_53b052d0-3bf3-451a-a490-201f80d7dcac.csv
1;2563.62;2019-12-30;parcelas_53b052d0-3bf3-451a-a490-201f80d7dcac.csv
1;1967.86;2019-12-30;parcelas_53b052d0-3bf3-451a-a490-201f80d7dcac.csv
1;39869.71;2020-11-30;parcelas_53c23a5b-ce0b-4466-b5e2-2031049edfe7.csv
1;40000;2020-11-27;parcelas_53c6104e-adcf-453b-8934-eb706b039151.csv
1;48;2020-11-05;parcelas_53cc108f-2dd3-4dfa-b677-7878771dab67.csv
1;9402.29;2020-02-05;parcelas_53cc1b20-d131-4d2f-be50-b38a41bcd489.csv
1;22548.96;2020-06-29;parcelas_53d6bc6c-45f4-4917-b76e-adb9e77ac176.csv
1;66608.21;2020-01-02;parcelas_53d8dff9-34e4-45fd-9662-3bf1a1ec09a5.csv
1;849709.55;2020-07-02;parcelas_53e3674d-8423-40db-bcc5-4e95ea02de93.csv
1;2237.98;2019-12-30;parcelas_53edc804-bea7-47b8-a94e-d1f2bb68a53f.csv
1;1432.4;2020-11-04;parcelas_53f1f81e-cf67-4f47-82de-656316c43871.csv
1;15000;2020-02-05;parcelas_53f2d5e4-5db6-4016-a4e8-8a297472b9d2.csv
1;79.79;2020-12-29;parcelas_53f333a4-eeae-4fe5-825f-64d0b87c18ef.csv
1;64.48;2020-10-30;parcelas_53f9cef1-bf9c-4635-b76c-77873e44dee0.csv
1;9675;2020-01-02;parcelas_540fc1fe-0fb9-48ee-a626-1e57bd70defd.csv
1;350;2020-09-28;parcelas_54160c3e-a0fb-4e13-8a60-bb1f2eb366ba.csv
1;529.39;2020-09-08;parcelas_541a117d-6983-4250-937c-a489699a62c5.csv
1;170.97;2020-11-16;parcelas_541ef511-743a-4496-b45f-6f9114196048.csv
1;10284.39;2019-12-30;parcelas_54218208-672a-4f09-aa24-9702553f0b28.csv
1;255;2020-10-20;parcelas_542365b9-f1b4-42aa-bfa3-5f892f7ed244.csv
1;79.79;2020-01-29;parcelas_54241b2b-36c2-42e7-9b0d-025096105598.csv
1;105.87;2020-02-05;parcelas_542b81ff-e89a-44aa-81f1-baabbc60e485.csv
1;5127.41;2020-08-14;parcelas_542c5794-5cf6-4dae-b6eb-c3fbdbe2b168.csv
1;44502.46;2020-07-07;parcelas_54374ad6-32e2-428e-9e3c-dc08b6e053a0.csv
1;5362.15;2020-08-17;parcelas_543f0ffc-cf63-4e42-a423-ba300e2e99bb.csv
1;57900;2020-10-06;parcelas_543f430c-4f61-45a7-acb7-e16b0c218884.csv
1;39054.84;2020-03-31;parcelas_5443bc9e-d6c0-45e8-890c-c6cb9a7acc13.csv
1;15825.3;2020-03-06;parcelas_54453a1b-a320-4128-9eca-c62ce0e1d479.csv
1;603.52;2020-11-03;parcelas_54464f84-8a53-40d6-9142-e3faa0510c4c.csv
1;4246.9;2020-06-26;parcelas_5455bbde-5525-4fac-b13b-0239d2cdf8e5.csv
1;4000;2020-01-29;parcelas_545a597c-6843-40b9-bd0a-bc8eb1fb2ae9.csv
1;6465;2020-09-09;parcelas_545d8455-c6cf-450d-a7c3-9ba17bdd789e.csv
1;5396.6;2020-08-17;parcelas_545e72b4-ae72-4c58-bccb-b32f3fa9a78b.csv
1;7977;2020-03-06;parcelas_545f376a-f06d-4bb9-87ac-02165e664572.csv
1;371.16;2019-04-24;parcelas_545f57db-7d49-4a8b-80c1-26d19a33bc7c.csv
1;79436.93;2020-06-26;parcelas_5461f95a-873f-4310-b053-2ee451f7ba83.csv
1;1200.09;2020-09-10;parcelas_5467dc49-b0c3-4505-9420-8ad50bb230b8.csv
1;80997.8;2020-01-29;parcelas_5473e60d-c476-493b-a6e8-972da38a24ca.csv
1;20613.95;2020-01-10;parcelas_5476e3a8-d0eb-431c-b0fe-b22c7c890343.csv
1;10773.49;2020-01-10;parcelas_5476e3a8-d0eb-431c-b0fe-b22c7c890343.csv
1;5698.32;2020-01-10;parcelas_5476e3a8-d0eb-431c-b0fe-b22c7c890343.csv
1;356;2019-12-30;parcelas_5478df54-6844-4ab2-81ab-144997b4734d.csv
1;915.52;2020-12-15;parcelas_54790236-caee-46ab-87bb-5709d3a55224.csv
1;76000;2020-01-13;parcelas_5494457e-766a-4c03-8d0c-2bd38100a129.csv
1;17391;2020-01-02;parcelas_5497b63a-ecea-460e-89a7-a0c54ed8753a.csv
1;430077.05;2020-11-27;parcelas_54a61f94-aad5-4327-93ec-a24cafedfbfa.csv
1;13346.34;2020-07-13;parcelas_54a7e155-dad0-44ad-8dfa-529ba0871a4f.csv
1;71759.57;2020-11-30;parcelas_54ab3160-dc9e-4479-b68b-710e5b96fb0b.csv
1;792.93;2020-01-23;parcelas_54add847-3bca-42d4-bf82-af739127d5ce.csv
1;12600;2020-02-19;parcelas_54b0e02a-3693-4b85-89d9-140dae3e999d.csv
1;3134.48;2020-09-23;parcelas_54b146cc-4093-4947-af74-51a1c71bc32a.csv
1;1783.13;2020-02-26;parcelas_54b5dd73-9b3c-4b6a-a980-7a1915e93dda.csv
1;3228;2020-02-10;parcelas_54beef51-5b92-4098-9b93-2d7f5213b0b9.csv
1;521.2;2020-11-13;parcelas_54c1c578-e6ab-4e52-8657-4e32c3b0eb3d.csv
1;29155.93;2020-01-10;parcelas_54c820a5-9410-495e-9b72-6ffc6f1e53db.csv
1;2798;2020-01-08;parcelas_54c8358b-9b07-46fa-9ba8-997403c8937f.csv
1;1052.8;2020-03-12;parcelas_54d07056-6e8f-4000-95ba-6a888e291752.csv
1;4185.41;2020-03-06;parcelas_54e05433-f787-477f-834e-a60e7635e066.csv
1;19875.68;2020-11-20;parcelas_54e1e081-5734-41b6-a48e-ef20647a7fa5.csv
1;35468.8;2020-06-03;parcelas_54eb0264-e020-4feb-a2d1-77bff645c5dc.csv
1;200;2020-06-18;parcelas_54eeadd3-d719-4f1c-bda0-a19482614d12.csv
1;2270.03;2020-01-24;parcelas_54ef766c-ea55-410f-a3da-c05eeea76689.csv
1;4172.82;2020-07-29;parcelas_54efcd5f-8d0b-4513-85db-da1cd065528b.csv
1;28687.33;2020-11-27;parcelas_54f3a4fa-0300-4dc4-9874-c3200e77af91.csv
1;15580.3;2020-08-07;parcelas_54fb967c-1229-4c74-af1b-1c04982c9216.csv
1;5912.89;2020-07-23;parcelas_55007527-80a8-4c21-ab1b-d22e217525ed.csv
1;3809;2020-08-31;parcelas_5501a72c-5f00-489d-a30b-7ce09ad66560.csv
1;66973.36;2020-03-31;parcelas_5502cdea-a384-4907-b8c0-e12536b4c9f3.csv
1;23660.75;2020-08-27;parcelas_5508c9fd-d6ad-4081-b138-d4ddd12291a6.csv
1;93711.44;2020-08-27;parcelas_55168cff-7ca1-4771-aeb9-f5d5764241a9.csv
1;1407;2020-09-24;parcelas_55174bc1-17f9-4504-bb1e-627836d00498.csv
1;3850;2020-12-14;parcelas_55241980-e0be-4af9-8a5a-be1636b97b3f.csv
1;112;2020-09-03;parcelas_5528d60f-5cb1-4bfc-ad1c-c2dbafa6b4d8.csv
1;46.85;2020-04-27;parcelas_552a68c3-904a-40f9-8300-9b1e259e5065.csv
1;463409.1;2020-05-11;parcelas_552d4162-0398-47ba-a2fe-6b409ed65efe.csv
1;51810.77;2020-04-29;parcelas_55365d7f-787d-45b9-8a05-70ad53773bb5.csv
1;3;2020-08-27;parcelas_553a0198-3bad-4b36-b54c-e0eb218c11db.csv
1;189;2020-07-13;parcelas_553a551d-2ef4-4c28-9ba1-12e9e1437a5d.csv
1;2575;2020-12-21;parcelas_554337e0-55f8-464c-a9f3-bec78c66728d.csv
1;307.72;2020-08-10;parcelas_554ad1dc-bad2-4e97-b1d6-539a19a43b3c.csv
1;520;2020-04-29;parcelas_5552b033-fad1-4b86-9f29-f2f8bdb5a5d2.csv
1;5561.14;2020-02-19;parcelas_55586224-527e-4395-bfd6-89adf95affb7.csv
1;151114.34;2020-03-10;parcelas_555f731f-56ee-4fe1-b32c-644dea8e842d.csv
1;118.14;2020-11-11;parcelas_55633fd9-4ca8-4cfe-b7b1-7b390c590276.csv
1;882;2020-03-20;parcelas_5566583a-e9fb-4cac-b95a-f77c96b0ea6f.csv
1;708.4;2020-06-23;parcelas_556e2692-206e-43ab-b0d5-91efef4db8be.csv
1;17000;2020-03-16;parcelas_557037fa-9e11-4fb3-857c-3f87eea08593.csv
1;36606.49;2020-04-14;parcelas_557269d0-955c-4c09-8a6f-019c5a1d0276.csv
1;47025;2020-10-01;parcelas_5578eb75-6494-43b2-a973-ab3aefd7845f.csv
1;91732;2020-10-22;parcelas_557e7f1e-0e0b-402f-acf6-b89fe6412378.csv
1;604.78;2020-11-05;parcelas_5588dc56-b407-423d-9c97-7be1b4671be7.csv
1;29.49;2020-11-09;parcelas_5595e65e-eaa8-4492-8148-f01f956d6507.csv
1;4730;2020-03-18;parcelas_5596e673-ab7d-4512-aa82-653e994e6176.csv
1;1770;2020-03-06;parcelas_5596ef7d-5769-4ae2-83e0-38dd7bc7d8d0.csv
1;32285;2020-12-14;parcelas_559a3293-0e6d-4f83-8b57-112e67db2b17.csv
1;1609.47;2020-07-09;parcelas_55a0df03-5813-4f3e-b17c-97985328725f.csv
1;20305.18;2020-08-21;parcelas_55a68089-ee21-48e8-ac2a-75d0912dd3d9.csv
1;1181.03;2020-01-31;parcelas_55a9442e-719b-47d0-a806-f6d678812abe.csv
1;18692.41;2020-07-31;parcelas_55b73342-724e-4796-9aa1-6e3d2067f623.csv
1;88.78;2020-08-19;parcelas_55c6db20-2282-4593-9494-8a32971f81e5.csv
1;648.2;2020-01-28;parcelas_55ce48c1-ad46-4521-a731-a3b37d32fb00.csv
1;78;2020-11-09;parcelas_55d55530-ed22-49b4-8ee2-2918a36efc35.csv
1;100;2020-01-22;parcelas_55d7ac6d-9893-40b5-9d50-bc4af41c8689.csv
1;50000;2020-11-18;parcelas_55d804f2-8a84-4ed2-9478-617a998510c5.csv
1;990.95;2020-04-29;parcelas_55d87f9b-e7d4-4ed7-b6bc-a04176b896a1.csv
1;12702.7;2020-01-02;parcelas_55d89ac0-7370-4c85-9736-5aee8a953154.csv
1;2090;2020-02-28;parcelas_55e788d0-7804-4315-91b2-45ac5779c88d.csv
1;13488.26;2020-11-26;parcelas_55fbf327-3500-42f9-a972-a05f5b48e06b.csv
1;59119.98;2020-12-21;parcelas_55ff6adf-93b7-4641-88bf-8ee4d5f6afdd.csv
1;3694.7;2020-01-23;parcelas_560a4efb-7feb-460e-919c-db4739aec6c0.csv
1;1515;2020-05-19;parcelas_560c7972-aa42-4689-a75d-0ca9273846f1.csv
1;2537.5;2020-06-26;parcelas_560cc4d6-ec0c-4723-b1bc-b410ae66d6bd.csv
1;250000;2020-12-30;parcelas_560dede5-1175-4d52-883b-be88e4f7325a.csv
1;455.5;2020-01-20;parcelas_56105a5e-673e-424c-9899-a40903c15aa0.csv
1;162;2020-05-11;parcelas_561e2f29-a88b-475d-8442-ba42ab5e03e1.csv
1;1392.31;2020-12-30;parcelas_5620a1db-eee8-4f9d-bd9d-212708c82a59.csv
1;406.05;2020-02-20;parcelas_562a948d-3706-4922-a4f8-5dd777875da4.csv
1;72000;2020-01-10;parcelas_562b42f1-7f2b-4ec1-8fd3-145e11fdf362.csv
1;69654;2020-07-06;parcelas_563706c3-c3d4-4bff-8a82-52c1d0fddbbd.csv
1;9293.51;2020-01-02;parcelas_56376b6c-6a9b-4ab4-aaa0-26cdb943ddc7.csv
1;670.6;2020-07-01;parcelas_5637b51e-8da9-431c-92c8-bf1840b1f2cc.csv
1;10200;2019-12-30;parcelas_56434e92-7bb8-4865-af21-fd656114040c.csv
1;355.68;2020-09-29;parcelas_56459599-459d-4221-89f0-95be374617a5.csv
1;15518.05;2020-01-31;parcelas_5647a323-e0e5-4e67-999c-506a2bb537d9.csv
1;45086;2020-01-02;parcelas_56526836-2ebb-4a7a-aa25-d2d5fb744f0f.csv
1;760;2020-05-04;parcelas_56573fcc-4bfd-4fed-b52b-28c1529e0422.csv
1;19177.67;2020-06-30;parcelas_56590751-a4cf-4d58-9060-670f3ec6967f.csv
1;4443.24;2020-04-30;parcelas_5662daba-0ca5-40cc-a0b8-48a8d79040c4.csv
1;120000;2020-05-13;parcelas_566a1194-792d-43f0-bcea-7827c55db5c2.csv
1;6978.75;2020-01-02;parcelas_56798551-be38-4d58-898a-eefff435445a.csv
1;998;2019-12-30;parcelas_567b5f39-9657-4190-8dfe-0ceea4ad0d97.csv
1;9000;2020-11-24;parcelas_568077eb-afa7-42b6-ae9f-77aaa9dd59eb.csv
1;3760;2020-02-07;parcelas_568cedca-2fe2-4674-b661-9e05cdf16d06.csv
1;39.89;2020-11-19;parcelas_568f694e-7a4e-4824-a0ae-25ee610f147f.csv
1;332367.55;2020-06-12;parcelas_56962a9a-09c0-4904-9a73-6cae353da3eb.csv
1;1560.37;2020-06-26;parcelas_56977fde-ecdf-4bdc-ae49-131f4305df05.csv
1;200000;2020-07-15;parcelas_569b39d0-e694-4cea-9f1e-463c222f557d.csv
1;4340;2020-03-27;parcelas_569cdd63-9698-4320-859b-3e65b78d1762.csv
1;18913.63;2018-02-28;parcelas_56a0d49d-1254-4696-ac10-b98f326c83f9.csv
1;361958.33;2020-10-15;parcelas_56a73d5d-458d-42d8-9569-01735f0e856a.csv
1;116;2020-11-04;parcelas_56a87d99-0d98-49d3-85a4-552e78c5f341.csv
1;130;2020-01-28;parcelas_56ae7ea4-9025-4ded-b461-b2a9fa892d7d.csv
1;9050.85;2020-04-14;parcelas_56afb5f7-7c2d-4601-bffc-cd51f4733820.csv
1;26161.18;2020-11-25;parcelas_56b84faa-bc87-4483-b391-23b2cd52032c.csv
1;8395.7;2020-05-11;parcelas_56be1ea1-a767-48a5-b352-59da80a6b8ef.csv
1;2329.6;2020-10-26;parcelas_56c11f41-7e92-4eb4-aee4-3a92139cf225.csv
1;1014.5;2020-11-24;parcelas_56c1c123-a5b2-45df-8e1f-c149cba44949.csv
1;2612.5;2020-10-30;parcelas_56c35d9a-1563-432b-8b67-8b6823824d48.csv
1;18382.31;2020-09-28;parcelas_56c75359-7809-4328-8e19-099ca950777c.csv
1;92983.64;2020-12-30;parcelas_56c84a71-3efb-4fd2-859c-9cc3fb03a8b2.csv
1;67515;2020-01-02;parcelas_56d23d84-4f30-4173-bf51-78d08a4ce25a.csv
1;1300;2020-06-16;parcelas_56d5709f-7355-4f17-bb58-a45cdd22c1b5.csv
1;234.78;2020-03-18;parcelas_56d5d780-d044-47a0-8203-4bc9b8de28ea.csv
1;24731.44;2020-11-16;parcelas_56e61958-fa98-4303-8130-f8dafb59ccd2.csv
1;55734.56;2020-11-27;parcelas_56e6393e-2aaf-46d0-8fc8-678303e21e42.csv
1;5559279.79;2020-08-31;parcelas_56e9582f-d883-47a2-9b69-10d4a45d8a33.csv
1;2230;2020-11-17;parcelas_56ea9f63-d5d0-4b67-a779-00d5f66083b2.csv
1;4717.11;2020-08-19;parcelas_56edd96b-ad5a-4391-95cd-996d3c07140c.csv
1;0.05;2020-12-30;parcelas_56ef1df1-b823-475c-a868-c7340d5c4213.csv
1;102.58;2020-09-11;parcelas_56f311cf-2fb7-46f7-b054-6a76f7ced620.csv
1;5868.12;2020-10-28;parcelas_57206905-72ac-4c7b-bfef-d847db435ee8.csv
1;96.88;2020-10-28;parcelas_572159f5-7ce8-4f0f-ab96-01c22f8903d9.csv
1;270.46;2020-06-30;parcelas_572173c2-7348-433d-9689-c56b6d70c492.csv
1;33.71;2020-05-14;parcelas_5727765d-a762-4983-bf43-0f5e1cb82fb6.csv
1;33585.59;2020-07-13;parcelas_572be8f1-319f-4859-9c3c-971d35484c5a.csv
1;11384.92;2020-05-28;parcelas_572f9031-79d4-4401-8d88-1703dde3f4c1.csv
1;8320;2020-03-12;parcelas_572ff6d5-0a05-42e2-b42f-2af9622d9081.csv
1;786.78;2020-10-07;parcelas_5732288a-d4bc-41bd-950e-207c54b2f87b.csv
1;259000;2020-11-06;parcelas_5738d099-4bd2-4c18-89f9-7accbc396f7a.csv
1;34674.42;2020-11-20;parcelas_573bd801-723f-4f13-8ea2-49f4baf38b26.csv
1;170.97;2020-11-30;parcelas_573d3edf-94ab-4f23-923a-670d6999103b.csv
1;5415;2020-07-07;parcelas_5740c104-cc7b-4665-b0e7-8133a0fb941d.csv
1;217308.25;2020-07-30;parcelas_57429b7e-f705-437e-8bfc-79dbecd6d97b.csv
1;86000;2020-04-15;parcelas_574cd882-e663-4899-a49a-6cfcddbb8236.csv
1;12800;2020-08-14;parcelas_575078ed-fc30-4268-b36c-5f6e257b2615.csv
1;165223.24;2019-12-30;parcelas_57557443-7394-458f-baf8-9fc47e6ef267.csv
1;260;2020-08-13;parcelas_575e01f7-40bf-47a0-9f30-5f6dc55dd730.csv
1;849709.55;2020-02-28;parcelas_576131c1-cfbd-4bd4-a468-331b1b207d2e.csv
1;5174811.98;2020-11-23;parcelas_576277d8-474d-4def-bc1c-438a2f73572b.csv
1;48727.71;2020-02-03;parcelas_576289af-15db-4778-87c5-1e0d739aaaab.csv
1;560.6;2020-07-31;parcelas_5768c6e9-0e3f-416f-8968-7a2153f007ed.csv
1;1812.28;2020-07-10;parcelas_576938bd-241a-446c-a659-4e732e13f798.csv
1;376.96;2020-03-18;parcelas_57696e30-38f5-40cc-b69b-a20004e3a7ce.csv
1;18984.3;2020-03-12;parcelas_57730680-a065-4248-9546-f9ad622b3344.csv
1;133.4;2020-01-23;parcelas_5774b174-cb76-4579-852f-f91d90efe8b8.csv
1;26010.43;2020-07-14;parcelas_5775aeea-9109-4d73-b1e4-7b2365709c6a.csv
1;27930;2020-01-17;parcelas_577adbb0-09f7-4e27-b31c-d29ef74b7cfa.csv
1;541.99;2020-09-29;parcelas_578223ca-ab7f-4f61-83f2-30cf1d32d179.csv
1;2257.68;2020-02-05;parcelas_57871bc5-a1ef-4d53-a15a-755e4578dbfe.csv
1;345;2020-10-21;parcelas_5787db15-60d2-41af-9446-8afeece41d50.csv
1;4278.23;2020-03-31;parcelas_578e2d08-d381-49db-8d72-3e42176cbe6c.csv
1;3942.94;2020-05-04;parcelas_57a3490d-c3cb-4c45-96b6-afa057485aee.csv
1;7202.23;2020-07-22;parcelas_57a56066-8df3-42a6-b899-48c831cdcbc3.csv
1;43025.81;2020-05-27;parcelas_57a7ffe5-fb3f-494f-b677-bd3b353f2e40.csv
1;4616.7;2020-10-01;parcelas_57a884bc-2fa4-46a4-9e34-60caa91f7af2.csv
1;24128.15;2019-12-30;parcelas_57b26e1c-376f-4d3f-a8cf-bdd658eeee44.csv
1;42000;2020-05-29;parcelas_57b2778b-7e36-495d-adf8-65fa60e28da9.csv
1;412;2020-12-21;parcelas_57b79cb8-0b6f-4f60-ad33-205930b2bbab.csv
1;57522.48;2020-12-21;parcelas_57be905c-4b9c-4e5c-94cd-7bfb9219d85b.csv
1;36180;2020-04-24;parcelas_57c359dc-7955-4c50-86ff-1e30b374d769.csv
1;7176.66;2020-05-14;parcelas_57c53afd-88fc-4937-a185-b044d2cbc9a4.csv
1;79.79;2020-12-14;parcelas_57ce926c-c781-49ee-84f7-f0735f50fd59.csv
1;79.79;2020-01-20;parcelas_57d3b72f-cba0-401a-9e4a-f2b04725d3a1.csv
1;935;2020-08-18;parcelas_57dea2bc-a9b5-4d8d-a97e-0f546c3e67bb.csv
1;979.2;2020-10-07;parcelas_57e08740-f153-4d75-a351-52b8dd39af74.csv
1;1290;2020-02-10;parcelas_57e76552-dffd-4ab6-a13c-59b833b241c5.csv
1;28625.8;2020-09-28;parcelas_57eeeb3f-60ef-4b03-8154-280ede5224cd.csv
1;1087.75;2020-11-24;parcelas_57ef89f0-82d5-4638-99b1-85f0556473a8.csv
1;1469.94;2020-12-21;parcelas_57f1195d-dc54-40f2-8031-be4f3af838cd.csv
1;11646.05;2020-09-23;parcelas_57f2f1ba-0584-4a7c-b8c1-7e725dd4b148.csv
1;13536.19;2020-11-27;parcelas_57fa6bbe-781b-4818-b346-44770b72a98a.csv
1;46.93;2020-03-10;parcelas_57fd58da-aa0a-41e0-bd43-73edea5e2132.csv
1;788506.69;2020-01-02;parcelas_5813a3b5-e15e-417e-a8c6-1132f2dbad91.csv
1;26683.81;2020-09-07;parcelas_5816a2a6-0319-464e-8f6b-fbf9d040c9c2.csv
1;147.45;2020-06-16;parcelas_581b6a49-3a4c-4ecc-b19f-911f7792d7ba.csv
1;2160000;2020-10-02;parcelas_581d8135-1332-46d7-863b-065e4c3ce284.csv
1;33600;2020-01-08;parcelas_58219fb2-a797-4642-bb37-574edcb34863.csv
1;54897.64;2020-04-14;parcelas_58296c8a-0e2a-43b9-9c04-99c2652b9154.csv
1;105.33;2020-01-24;parcelas_58298736-eef4-4787-9ab6-8240ca721ec8.csv
1;14180.62;2020-05-27;parcelas_582c3790-0764-4715-b11d-b3e89841ef7b.csv
1;1122.92;2020-10-05;parcelas_58319711-7c66-4e18-b1cd-3539db0a683c.csv
1;3603.7;2020-09-29;parcelas_5837df75-40a6-4da3-b185-e8ff5f6eae8d.csv
1;292158.84;2020-11-27;parcelas_58381137-e5de-4b2b-b6e8-39072821e6fd.csv
1;5440.11;2020-03-18;parcelas_5838bf6d-a139-470a-8718-edec4d6e472d.csv
1;74249.84;2020-10-16;parcelas_5838ede2-23c7-4589-80e8-f5d141875117.csv
1;44924.55;2020-05-11;parcelas_583a329d-ac41-4676-8156-547f723df384.csv
1;5190;2020-05-22;parcelas_583a62ce-0a15-4888-a3e1-500ec1722033.csv
1;280;2020-06-23;parcelas_5840ce45-3801-4394-8959-06a3e64b5062.csv
1;3860.8;2020-03-02;parcelas_58459450-4cb7-4e1c-b349-015fc3d25423.csv
1;48895.13;2020-07-30;parcelas_5857762d-70c9-4f14-aa2f-68416c75f02b.csv
1;11418.75;2020-04-29;parcelas_585e2eb4-7a90-4efc-a757-4d1df0990f51.csv
1;975.26;2020-08-31;parcelas_586152b0-07ff-4f11-90ca-2aa6dab249c3.csv
1;1100;2020-10-14;parcelas_58813a22-796d-456e-9cca-ce39bbed8dd6.csv
1;58954.92;2019-10-31;parcelas_588413f2-e402-41c0-b8db-50af101c91a3.csv
1;11265.82;2019-12-30;parcelas_588413f2-e402-41c0-b8db-50af101c91a3.csv
1;32455.27;2019-12-30;parcelas_588413f2-e402-41c0-b8db-50af101c91a3.csv
1;3472.38;2019-12-30;parcelas_588413f2-e402-41c0-b8db-50af101c91a3.csv
1;188446.49;2019-12-30;parcelas_588413f2-e402-41c0-b8db-50af101c91a3.csv
1;43;2020-04-20;parcelas_5888a65d-2a5b-4c7a-8942-76ab774e0dc1.csv
1;29.49;2020-09-07;parcelas_588c3e20-783a-41c0-8cac-437fc5467563.csv
1;7246.8;2020-07-13;parcelas_588c9455-73df-4df8-a267-a3d7a6b41b75.csv
1;284.95;2020-02-13;parcelas_589188e5-e02f-40f3-9e9c-7685465dad37.csv
1;106372.81;2020-11-27;parcelas_5891d907-08f0-41fa-a359-791c633de705.csv
1;1872.5;2020-10-28;parcelas_58978e25-0311-4855-bfed-f9b3ca3b0536.csv
1;1255.81;2020-08-28;parcelas_5899e297-0e03-41c5-a708-35a8e4a9d08a.csv
1;5876;2020-07-13;parcelas_58b23614-a41b-46e0-b26b-96f9f622c0b6.csv
1;55041.87;2020-11-27;parcelas_58b23d23-e87a-46b2-a6ad-def456a94085.csv
1;6880.41;2020-10-28;parcelas_58bafed7-1a06-410e-89d8-9942185490cb.csv
1;189.24;2020-11-26;parcelas_58c460f5-a3d7-4959-bcd2-1abc081f1127.csv
1;20000;2020-05-01;parcelas_58c894f4-fa2e-42f5-a681-600ae55753c2.csv
1;100000;2020-03-02;parcelas_58cfa8b2-59db-4d58-8dfc-37aba2e1d24f.csv
1;4480;2020-11-16;parcelas_58e638b3-29c5-4b5e-9b49-8f04ad67ea7e.csv
1;234000;2020-12-15;parcelas_58e6e8b0-45e6-48ce-a2a1-89c293ce151c.csv
1;1684.28;2020-09-29;parcelas_58ec0dd7-e838-4920-8a64-7b6be1254292.csv
1;5440;2020-11-06;parcelas_58ed6c81-e783-4daf-9294-e0eee93b6e8d.csv
1;173.87;2020-08-31;parcelas_58ed7d0b-4f70-4e46-b9e5-cea3b2fe2290.csv
1;7972.5;2020-07-20;parcelas_58ef6807-5210-4771-a7be-4eff58257ffa.csv
1;154.11;2020-11-26;parcelas_5900d4e7-6e20-444f-93ae-5532db941b0d.csv
1;176;2020-02-18;parcelas_590d2e5a-7ce0-476d-8591-b3a32371a6f9.csv
1;100000;2020-08-26;parcelas_590d6741-af89-482c-bd95-8a4f83a35e0e.csv
1;6773.36;2020-03-06;parcelas_59254d84-41e3-4008-8c84-23a42cb685f4.csv
1;1785;2020-06-26;parcelas_5927c977-a8c7-4ea4-a952-5e295962bafc.csv
1;12102.55;2020-05-01;parcelas_594041f0-716f-4e00-9fa1-9a2fa5f3ce7c.csv
1;3395.4;2020-02-10;parcelas_5943773f-059f-4cbd-bbd3-c06937b03d16.csv
1;2466.71;2020-10-30;parcelas_5945befa-8d05-4717-a5a7-b3c8ee1f9370.csv
1;1176;2020-09-15;parcelas_594baf8d-0c60-40a7-955b-1f7e039e5f55.csv
1;70.86;2020-01-31;parcelas_594dcdd5-1b52-4bf9-91ef-e4ea4d633233.csv
1;13170.41;2020-03-06;parcelas_5955653a-dc69-4754-b311-8916cccebbe9.csv
1;189700.89;2020-06-26;parcelas_5958b9c4-6edd-4fa7-a8dd-ac2d7272a514.csv
1;852.19;2020-09-30;parcelas_596040a5-0c2a-4029-b426-ba5b3438c6e5.csv
1;6340.83;2020-12-21;parcelas_59612b8a-7d00-46bb-8b07-058ee95c0354.csv
1;149643.97;2020-01-28;parcelas_5964690b-f48b-4bf2-a2a0-7f8c57eae2b1.csv
1;48195.92;2020-02-26;parcelas_596e8cba-9c3e-400b-af15-fa6447611304.csv
1;1411.35;2020-06-30;parcelas_5974dae7-6d8d-4623-a122-835db6b8e427.csv
1;63.38;2020-11-03;parcelas_5974fad4-4032-4318-8d46-d7f639ddb790.csv
1;6640;2020-01-23;parcelas_59752898-ab8c-4d49-b483-7292df666ab1.csv
1;92400;2020-01-02;parcelas_597672d2-dc8b-4d03-84dd-462b5ac172fb.csv
1;6440;2020-02-28;parcelas_5976c36c-8783-4c48-9cca-1587f8871288.csv
1;38513.51;2020-06-19;parcelas_5977d018-1ea6-4919-87d9-7d9936366c56.csv
1;29.49;2020-11-23;parcelas_59847676-37de-4b96-8d19-e9ad2209115f.csv
1;721.28;2020-12-30;parcelas_59886b71-e8da-4060-a229-dd5b97b7baaa.csv
1;203.7;2020-07-13;parcelas_598bcba6-d3b2-4adc-8ba0-c313cfddbf7e.csv
1;414.4;2020-02-27;parcelas_598c41de-fe7d-47bc-9be2-e58422b4d246.csv
1;685;2020-09-24;parcelas_5992150f-bb20-4306-905e-0cb15e639f2d.csv
1;3148.77;2020-10-28;parcelas_59959c85-c561-4775-8030-cfd2622b0ef3.csv
1;246.92;2020-11-25;parcelas_59990971-e977-4abc-b0c5-5e3f99be8f2e.csv
1;22605;2020-11-03;parcelas_599fb785-5304-489b-83b4-a01f058168b3.csv
1;50885.37;2020-12-21;parcelas_59a89d53-7b85-428a-a9f1-facd8e0c4973.csv
1;2178.75;2020-02-26;parcelas_59c259eb-58ef-4ec1-b52d-87dc4a6ca20f.csv
1;20000;2020-02-05;parcelas_59c518c6-25f5-494e-ad2f-cad782f657da.csv
1;936;2020-09-09;parcelas_59cf7dfb-d1b3-470b-8aa4-9c9db917cb1d.csv
1;1035.63;2020-07-02;parcelas_59d1f934-996d-4a40-a7db-48460ef0815e.csv
1;2650;2020-08-19;parcelas_59de86dd-136f-4a34-996e-795771416df4.csv
1;1432.19;2020-09-24;parcelas_59e457d7-69fa-49d6-ba26-8f30916d9e6b.csv
1;79.79;2020-01-24;parcelas_59f76427-414c-4e79-b1e3-6c88e47f1567.csv
1;469.2;2020-11-27;parcelas_59f8b560-e879-46b4-bce2-1da5b461e180.csv
1;8841.42;2020-11-18;parcelas_59fd1782-072b-4701-ad94-e06456a60f08.csv
1;828.76;2020-07-31;parcelas_59fdefb1-d626-4b7c-855c-92389aa93074.csv
1;29.49;2020-10-23;parcelas_5a06fefd-0191-4cca-8429-433c8fd7bd04.csv
1;21141.89;2020-06-26;parcelas_5a0cd881-362c-4c39-a844-45902417a984.csv
1;6469.16;2020-03-26;parcelas_5a13a1c8-fc5a-4ac0-9cb2-fb630e05f701.csv
1;2882.5;2020-10-08;parcelas_5a206fdd-9560-4190-ab24-a3428bccfd21.csv
1;32400;2020-06-15;parcelas_5a22c046-4490-4b43-a9a6-d12890d395d5.csv
1;30549.16;2020-12-21;parcelas_5a25be7b-c2c3-4d1b-8c7e-c4f52fc6e46c.csv
1;22795.23;2019-12-30;parcelas_5a2a304c-4a03-4119-ba8a-36c7ea6f9582.csv
1;1814.88;2020-07-21;parcelas_5a2ac481-19dd-4eb9-9d89-c0797ffe4873.csv
1;65492.56;2020-11-04;parcelas_5a315525-c830-4f40-b190-266c15588aa4.csv
1;100207.21;2019-12-31;parcelas_5a357f68-d0e1-4e68-90be-ebe381b95684.csv
1;2848;2020-03-06;parcelas_5a3d17b6-9c75-42a8-a7fb-beb441840c9d.csv
1;5142;2020-07-13;parcelas_5a3d6254-3c52-4ee0-9c9b-0bd81ad5405d.csv
1;487.01;2020-11-27;parcelas_5a472605-793f-4ba2-9d23-ad9e426674bc.csv
1;211756.79;2020-04-08;parcelas_5a4e7dc1-ce8f-4036-a592-860ed5989a77.csv
1;520;2020-11-27;parcelas_5a50af8e-3c6a-4728-af6b-6416a6ee2329.csv
1;346.5;2019-12-30;parcelas_5a53b92a-a1ce-453e-9224-2aaf5e51999c.csv
1;11.54;2020-11-23;parcelas_5a56cb6c-b0f3-4ead-a4bd-254e58312834.csv
1;17500;2020-12-17;parcelas_5a5b878e-77e4-46e0-b899-8aff18c744a0.csv
1;369154.36;2020-10-23;parcelas_5a620a7d-c748-4713-8713-870920e01d54.csv
1;2439.23;2020-09-30;parcelas_5a6a2a34-440f-45d2-9cfa-3ae9d622a8b6.csv
1;167.31;2020-10-20;parcelas_5a71bb3e-6c26-45e0-9405-27fd1d5ce468.csv
1;4544.4;2020-03-23;parcelas_5a7ad6fb-4221-430b-ba87-11ba2933b2c7.csv
1;15346.09;2020-01-02;parcelas_5a85cc65-5ae3-48aa-988e-cb3a6a27be9f.csv
1;700;2020-01-30;parcelas_5a8b1435-0e8b-4e20-a51c-4f9fdfcc9e4d.csv
1;14986.5;2020-10-01;parcelas_5a8bbc06-32ca-4606-82fe-29183bcd78bc.csv
1;2335;2020-05-05;parcelas_5a8fd86d-c54b-45f0-be15-89b4b89fb742.csv
1;1203.9;2020-09-15;parcelas_5a93ca22-1def-41d0-b947-7c5cb77a7693.csv
1;29.49;2020-07-10;parcelas_5a95430d-54ae-48d3-ac53-85c9a7eb4504.csv
1;11447.95;2020-12-21;parcelas_5a9b5f7c-c022-4cd0-bfd2-ae1b1d4e1d27.csv
1;39218.33;2019-12-31;parcelas_5a9ed990-fcf2-403c-a689-5dbd3f7c211d.csv
1;56500;2020-05-28;parcelas_5aa7bdfd-89e2-4b78-bb33-ad0cfee1caa1.csv
1;154068.3;2020-12-08;parcelas_5aa85dae-d31a-4783-a245-ea682fcfdf95.csv
1;744.97;2020-11-03;parcelas_5aa9ce72-f234-4550-a27f-5802940652fa.csv
1;46600;2020-09-02;parcelas_5aaebf67-59c7-407b-8c22-a34fc23b906c.csv
1;527.7;2020-03-30;parcelas_5ab5fee7-bca2-4192-8095-40a0c1cf39ef.csv
1;2103;2020-10-16;parcelas_5ab994b5-feb0-450d-ab34-56bd8520feb6.csv
1;44844.55;2020-07-13;parcelas_5abd314a-d0cf-4436-ade4-1c22818e0199.csv
1;880;2020-08-13;parcelas_5abf75c8-486f-4b6e-ad6f-c3ced76be6f0.csv
1;88.78;2020-11-04;parcelas_5ac092c1-6401-4ac4-9992-608abf400f69.csv
1;3446.6;2020-07-13;parcelas_5ac16e4b-3441-40d2-93fd-cf8ba9a3763b.csv
1;1215.77;2020-09-15;parcelas_5ac7b376-3add-42fe-8690-f677f75c131e.csv
1;58908.88;2020-08-31;parcelas_5acafa2f-5db2-40a1-ab2c-d0cf1497d700.csv
1;2100;2020-07-02;parcelas_5acd6fe3-adb0-4e25-a767-13c48948507b.csv
1;103.83;2020-10-08;parcelas_5ada367f-7469-43c4-9fa5-4d729f867a41.csv
1;376764;2020-10-26;parcelas_5add4b33-470e-4a37-87aa-63cd39beb630.csv
1;8552.25;2020-12-30;parcelas_5adff859-f4c4-42fb-9a40-ea2a5a2baad7.csv
1;200.31;2020-01-16;parcelas_5ae7d44e-7a50-49cf-bf5d-7f4935ab0fd4.csv
1;4000;2020-10-28;parcelas_5ae81b5d-a5cd-40a8-ae00-bf86cce99288.csv
1;1877852.1;2020-12-21;parcelas_5af013ca-0892-412f-80e1-4cfd9c6dfd5c.csv
1;2829.5;2020-06-16;parcelas_5af5723a-fba2-47f1-b7a8-605712676ac9.csv
1;85467.98;2019-12-31;parcelas_5af5bc8c-b169-4ab0-a50a-ee43ef3a239c.csv
1;252975;2020-04-30;parcelas_5af65578-45ef-4213-bc39-81f73dc191e2.csv
1;237868.04;2020-05-06;parcelas_5af99432-24e1-42e2-9f92-2afdffa2cabb.csv
1;16800;2020-02-14;parcelas_5afdfdee-ac1b-4d47-84fa-2b442b011816.csv
1;736;2020-02-20;parcelas_5b004c51-acba-44d5-8327-302318dc0194.csv
1;5692.99;2020-12-30;parcelas_5b0325f1-eff3-4d17-b65d-4232720cf535.csv
1;1043.82;2020-09-29;parcelas_5b08d432-3d6b-4df0-9459-313c8769d945.csv
1;420000;2019-12-30;parcelas_5b0cb74e-693c-4fc4-9e24-e23f4732bd2a.csv
1;30158.3;2020-10-28;parcelas_5b0f14ec-27ef-4b65-82d3-78491a0f7f04.csv
1;7849.99;2020-08-18;parcelas_5b1d5afe-5b63-4d89-bf86-a17d22f39eda.csv
1;127709.37;2020-06-26;parcelas_5b1eb8f2-56ca-490c-b5e4-0a1882f806e8.csv
1;42000;2020-08-05;parcelas_5b241b0b-b30a-465f-bcf4-23e673b613eb.csv
1;7221;2020-11-03;parcelas_5b2ef4dc-dc08-42fb-ab9d-330b6064789b.csv
1;6214.76;2020-09-10;parcelas_5b32bce2-ca78-4077-9902-96103597b903.csv
1;226.5;2020-09-08;parcelas_5b3868f3-e960-4cee-8944-596c66b02b1e.csv
1;1479000;2020-03-02;parcelas_5b41a323-53fe-436f-85e6-fa16040f0228.csv
1;13508.63;2019-12-30;parcelas_5b49f3bb-d487-4307-893e-71a00aa252b3.csv
1;10492.31;2019-12-30;parcelas_5b49f3bb-d487-4307-893e-71a00aa252b3.csv
1;18;2020-10-05;parcelas_5b5874ea-0fe7-47f8-8a63-adb5d1e289ea.csv
1;29.49;2020-11-24;parcelas_5b6ce6a3-4b38-4b72-8b7e-18b2c3ab3d24.csv
1;66.77;2020-05-29;parcelas_5b76f712-89fe-4785-a4cf-465b76a61145.csv
1;941.3;2020-07-27;parcelas_5b79a8ad-bcce-4758-a311-ba80e3ac5c57.csv
1;25800;2020-07-01;parcelas_5b7f2830-93c6-4b5d-94f3-368f79181d54.csv
1;138993.16;2020-05-27;parcelas_5b903783-9b72-43a5-9768-9b5d492fda7f.csv
1;122765.02;2020-09-28;parcelas_5b96437d-e537-4c72-b739-95cf78675d86.csv
1;123967.97;2020-11-27;parcelas_5b9e45a3-87b3-45de-a4a2-b5d5d76d1329.csv
1;430.44;2020-09-14;parcelas_5b9f378a-b44c-4c8c-a4fa-92502f67c3ad.csv
1;3237.5;2020-01-29;parcelas_5ba40c4e-9e20-40dc-b663-60ee3a48dd0a.csv
1;7800;2020-07-27;parcelas_5ba63b1e-f098-4e1d-bcdd-86570b7ae4ba.csv
1;44671.39;2016-03-11;parcelas_5ba704dd-13b9-4580-9bb0-df551b0333da.csv
1;485449;2020-03-31;parcelas_5bb0845a-f7ae-4753-83cb-f4eb05ece682.csv
1;18076.26;2020-05-11;parcelas_5bb134c7-819f-4abe-a28b-817dc457ea8d.csv
1;342;2020-02-18;parcelas_5bb22677-4e18-43ff-a6cd-eac6c4ba5ea8.csv
1;23106.45;2020-02-17;parcelas_5bb2cf99-20ea-4803-b8b1-187db898f706.csv
1;1261.22;2020-09-15;parcelas_5bb3d580-8e00-4330-9bec-0c8f53574827.csv
1;9787.5;2020-08-03;parcelas_5bc48395-7d93-4cf0-b38f-ea2e91154ae7.csv
1;43914.78;2020-06-23;parcelas_5bc78e60-3cce-49ee-a673-50b56d9530aa.csv
1;66.7;2020-02-10;parcelas_5bcd2681-d2a0-454e-999f-c68ec400d31a.csv
1;714428.32;2020-01-29;parcelas_5bd51ccf-9a97-4531-8812-d608bc3d320f.csv
1;719.43;2020-10-05;parcelas_5bd8c3be-d415-40a5-a009-293b61f250e2.csv
1;60;2020-12-09;parcelas_5be4f3a2-6990-43d6-8eb0-a9b8e94aa5ed.csv
1;522528.1;2020-05-28;parcelas_5be7b053-e9ed-46f7-a174-f8137cfe94c7.csv
1;460.43;2020-02-27;parcelas_5beeced5-4d2f-48d9-b5ac-0ec11a2d7b74.csv
1;32000;2020-09-29;parcelas_5bf31072-297d-4a34-861f-dc6447a4863d.csv
1;4972.05;2020-11-04;parcelas_5c074bc2-8629-49ae-a698-818fa1b69f27.csv
1;9943.75;2020-07-27;parcelas_5c0845c7-47f3-4852-97eb-ac1200697a44.csv
1;1817.93;2020-10-14;parcelas_5c0fc6e4-4c28-41f3-ab5b-956a5bed1226.csv
1;60;2020-03-30;parcelas_5c19f75d-5a6a-4398-8ff0-1a39c4a067fd.csv
1;2392.35;2020-07-31;parcelas_5c1c7400-5c42-422d-ba38-22e379b9ff70.csv
1;314;2020-11-05;parcelas_5c1f7f24-9c1b-4659-a729-d46e4c9dcaef.csv
1;173.5;2020-12-15;parcelas_5c2061ab-a045-49ae-b498-956ea661c070.csv
1;1668.27;2020-09-15;parcelas_5c21f4fd-7840-4e51-a90a-318b0f00703a.csv
1;485;2020-11-04;parcelas_5c23b44f-856f-4035-95d1-5654a22e678a.csv
1;26385.12;2020-10-15;parcelas_5c37e67e-dd1b-4d7c-aeca-cdeadfd0c334.csv
1;2878.16;2020-01-02;parcelas_5c396e58-5986-4dc8-bafd-9f4800473025.csv
1;610;2020-06-16;parcelas_5c4230a3-e37f-4d5c-8592-a34ecdbea3ce.csv
1;154.81;2020-03-11;parcelas_5c42b43f-9812-41e2-b418-37b3592a0d32.csv
1;86.83;2020-04-30;parcelas_5c499b39-a30e-4fe8-b7a8-3f4c5ab68a6b.csv
1;13000;2020-02-18;parcelas_5c4e4466-aaff-483b-ab2e-a6d460d0e504.csv
1;2000;2020-05-22;parcelas_5c565e91-af9d-4db4-86af-7f67b3547158.csv
1;303845.49;2020-05-04;parcelas_5c5f2b53-ab97-4600-a0be-a8c26a55da42.csv
1;4792.52;2020-04-27;parcelas_5c6242f2-2500-40b9-97d1-f16c1fcceccd.csv
1;42000;2020-10-15;parcelas_5c6488da-1c86-4616-8515-baa2c509b7a0.csv
1;254270.46;2020-11-27;parcelas_5c64b08f-096e-4b6f-b25e-f118f7d485e3.csv
1;111.06;2020-12-30;parcelas_5c680c12-c22c-4ee7-97c3-cd879aafe148.csv
1;5637.1;2020-07-13;parcelas_5c6cf36e-ce36-4ac3-87ee-9a72398c4bf1.csv
1;2503.9;2020-03-26;parcelas_5c6e53df-5da4-4320-9dbf-0f2690341779.csv
1;1000;2020-09-16;parcelas_5c70c814-7f3f-4202-ba39-7b59c9398415.csv
1;2235.55;2020-11-19;parcelas_5c71e238-fe24-4dca-b62a-fcb8842158ad.csv
1;164719.74;2020-02-26;parcelas_5c7a507c-9b8e-4291-95d2-e42f64cf8181.csv
1;29316.39;2020-01-30;parcelas_5c85f180-4468-4cca-8579-a03457530990.csv
1;10296;2020-02-14;parcelas_5c8c48f3-1fc7-409c-99c2-94cc27e360fb.csv
1;175;2020-01-31;parcelas_5c947ebf-68f8-4aa1-af77-5d6e5b051af2.csv
1;37685.35;2020-07-21;parcelas_5c9e3ef5-ef15-4470-8432-311b417c8cfa.csv
1;2925.36;2020-05-26;parcelas_5c9f6ccb-d0ce-49cb-bbf7-6fb7d4032b62.csv
1;211756.79;2020-03-10;parcelas_5ca7ac29-0f38-4b42-9e91-4db28c9451af.csv
1;1275.96;2020-06-08;parcelas_5cad16ec-5294-45d0-9cc7-a880001fbde5.csv
1;200000;2020-09-11;parcelas_5cae0e26-7e8f-459e-b2b6-e2164aeaed61.csv
1;78.75;2020-05-05;parcelas_5cc72ff2-4446-47d3-8850-7db9785060c7.csv
1;2219.12;2020-02-21;parcelas_5cd2c9d6-c136-4552-b0c9-1a9ff6dd3136.csv
1;66.7;2020-03-10;parcelas_5cd97ce1-1806-4c8e-b0d5-ddf07fbf6758.csv
1;3514;2020-07-15;parcelas_5cddc28c-bf84-44c6-95a5-1fb53bc2e3b9.csv
1;7370.2;2020-04-24;parcelas_5cde7606-c686-4377-b4c2-a90f37b3b1d9.csv
1;199.52;2020-03-26;parcelas_5cf06908-31fe-4611-94b1-2f889bec13c7.csv
1;889.24;2020-03-02;parcelas_5d05481d-1ac3-43e2-aecc-baa429d0acb6.csv
1;430.55;2019-12-30;parcelas_5d0ca5a8-2284-44bf-b07b-e9dc5a4b0a94.csv
1;16987.5;2020-03-16;parcelas_5d121b43-d84f-4dc0-875d-3a51fbe93d78.csv
1;2000;2020-10-30;parcelas_5d14d786-3323-41c8-87f7-fbc06c80085d.csv
1;2156.8;2020-11-04;parcelas_5d1f9fdb-0ccb-4b64-bd35-cc530bd7a903.csv
1;4136;2020-09-15;parcelas_5d20265f-64f6-4f93-bb65-c7b2d7022680.csv
1;347.11;2020-05-14;parcelas_5d2643fc-51c4-4580-859d-9a87c11ef4c7.csv
1;1526.13;2020-07-21;parcelas_5d2a15f8-10ba-4e10-9f2f-ee5c1fd2e010.csv
1;3166.52;2020-10-20;parcelas_5d2ecfda-20e4-4145-beb5-3a0ecaf87f6c.csv
1;51.95;2020-09-30;parcelas_5d329c0e-15ef-4f45-a3d4-22fc728d5d3e.csv
1;209479.07;2020-09-28;parcelas_5d38647d-51df-44d6-a903-3ef81bfb0daf.csv
1;2671.67;2020-09-28;parcelas_5d3e7787-01db-48ef-bddc-3eede7790bc9.csv
1;3982.18;2020-10-06;parcelas_5d44927b-b882-463e-b416-6b4e033a7148.csv
1;200.58;2020-11-27;parcelas_5d4fe83c-8d52-4c12-ad5c-419b4616d5fb.csv
1;2880;2020-11-27;parcelas_5d5376d4-f285-40e5-be18-013ed186d652.csv
1;115198.8;2020-01-02;parcelas_5d56b246-3049-45f7-89ba-4abb37e37924.csv
1;1550000;2020-06-16;parcelas_5d5fca39-710f-45aa-b667-930040eed15b.csv
1;100;2020-08-03;parcelas_5d6a1eb3-1e4c-4ba2-bd69-d0e4088fac7f.csv
1;8000;2020-04-08;parcelas_5d711215-feb2-40d6-90b9-6894c1989771.csv
1;39654;2020-03-06;parcelas_5d737559-aeca-4804-bc4b-a2e0d3d8d50c.csv
1;113039.37;2020-11-27;parcelas_5d7ada50-417c-48ab-9d7d-52f9ffd1bd39.csv
1;197.75;2020-09-28;parcelas_5d7e76e7-8161-4a47-8f11-d1bddec6bd5d.csv
1;616;2020-08-28;parcelas_5d7f2b79-2509-44d0-bae5-1c33a4e2c217.csv
1;721.06;2020-01-31;parcelas_5d837d64-0440-4029-8912-f2d32fe09bc8.csv
1;92.81;2020-12-30;parcelas_5d84a3c0-f244-4b8b-a7aa-1d3927b0fe3e.csv
1;6302.32;2020-04-30;parcelas_5d9460c3-33e9-4d88-923c-f9aa8a1a0726.csv
1;2078;2020-02-26;parcelas_5d99a8f0-0eeb-43fe-83ed-20c4c0116400.csv
1;275.51;2020-10-05;parcelas_5da09c18-a614-464c-acb8-c050e3657ac9.csv
1;34967.52;2020-11-26;parcelas_5da575a7-ff7b-4672-be03-ab6b3137fe51.csv
1;6640.92;2020-02-05;parcelas_5da7cce6-d874-43d2-8dae-1866d9c99c8f.csv
1;24949.05;2020-11-24;parcelas_5da9cae4-ddb4-4422-a6d8-54387097586c.csv
1;10498;2020-05-11;parcelas_5daee910-888b-4a25-b7ff-0dab1c7421c3.csv
1;228763.78;2020-12-23;parcelas_5db13cf3-3ca7-45b0-88ab-b2b1587d3bad.csv
1;11491.7;2020-05-27;parcelas_5db4b359-cc5f-467e-8f52-506db6b935b1.csv
1;2080.4;2020-02-18;parcelas_5db7f6a4-e4a9-4d1a-abea-5b7b6e631f1f.csv
1;1897.7;2020-03-31;parcelas_5db9cc55-a7e8-4106-b2e5-1903679c9ff2.csv
1;21170.13;2020-02-26;parcelas_5dbbcbe4-3cc9-4bf2-8368-87889f54bccb.csv
1;66.7;2020-04-21;parcelas_5dbdf137-e035-4a4e-901c-237ba36b3f33.csv
1;5172.06;2020-11-25;parcelas_5dc32c07-6458-41f9-800e-9959a1890b06.csv
1;50000;2020-06-04;parcelas_5dc6b7fd-06b3-42ff-9698-0c7db7e4d2a4.csv
1;20044.12;2020-12-21;parcelas_5dccac68-f40d-4965-a815-316cf1ee63d3.csv
1;4843.27;2020-04-29;parcelas_5dd2b6bd-3cb4-4100-9719-cf63632ee394.csv
1;658.26;2020-03-12;parcelas_5de02bd2-55a4-4889-9777-b6b8649fb522.csv
1;346.97;2020-07-20;parcelas_5de3c2d9-51d6-4f73-a273-5832d844f3c8.csv
1;68.8;2020-09-29;parcelas_5de42bd8-20b4-441e-94e3-4c1811a0ddba.csv
1;49000;2020-01-28;parcelas_5df75ea2-dd25-425d-b077-6375236aa883.csv
1;2887.5;2020-12-21;parcelas_5dfb6415-be29-4b52-944a-b723a273c2e6.csv
1;53803.03;2020-10-20;parcelas_5e02d29f-6968-40a9-b16e-4907b676d9ff.csv
1;79980.2;2020-11-27;parcelas_5e0322d7-e0e3-4490-8349-dff64ba44548.csv
1;6000;2020-01-02;parcelas_5e08df9a-3480-4240-bdd1-354bd8454fce.csv
1;19.12;2020-09-18;parcelas_5e0c8fab-827b-4b27-a8e0-8ac883eea73d.csv
1;1323;2020-06-23;parcelas_5e0f47bb-a409-4df8-b5b0-2f5cd62bc6c5.csv
1;528.6;2020-07-16;parcelas_5e11bd3c-86db-4c43-81aa-221fee55d54b.csv
1;350;2020-11-27;parcelas_5e16c062-5335-40f3-9958-e251633bf7d4.csv
1;419.18;2020-06-08;parcelas_5e17e497-f2bd-47a3-9cbf-bf8d8b98829b.csv
1;45245.79;2019-12-30;parcelas_5e18a1bb-f2c5-4889-ba16-3ac6d840ba7f.csv
1;10565.58;2019-12-30;parcelas_5e18a1bb-f2c5-4889-ba16-3ac6d840ba7f.csv
1;341.94;2020-02-18;parcelas_5e1f6c7e-7b75-4776-8f04-42c2036060a5.csv
1;10026.71;2020-03-26;parcelas_5e2184b9-9444-493e-8984-8b74589e86b7.csv
1;917309.88;2020-10-21;parcelas_5e219a01-cb89-4e4a-81b8-0b8e7fe0d872.csv
1;1683.78;2020-09-29;parcelas_5e230e8e-1b0b-4bc5-a713-b250eac5c78e.csv
1;651.79;2020-09-30;parcelas_5e297e3e-123a-4466-832c-478e154965e4.csv
1;8940;2020-05-04;parcelas_5e330bf8-efbc-4608-bc73-a054e1d57997.csv
1;1957.85;2020-09-17;parcelas_5e3f9f92-80e8-4ed4-9523-a182bc98d6f3.csv
1;2000;2020-04-17;parcelas_5e41bc5f-54ac-4cc6-8c40-d2dc0ce119c9.csv
1;361958.33;2020-05-05;parcelas_5e44f0b4-caeb-4b2c-8b1f-26ae69d8c5c7.csv
1;350938.9;2020-10-28;parcelas_5e464cf9-e82e-47fe-863a-4b30d3f18818.csv
1;6113.33;2020-11-27;parcelas_5e46d8e2-484f-41ab-b58b-230ab7ea6f98.csv
1;624.45;2020-07-09;parcelas_5e4aedfe-88f7-4f48-bed9-f792feffd1d9.csv
1;286.99;2020-08-27;parcelas_5e4da141-71f4-460d-8a36-649acaa87e01.csv
1;2320;2020-09-23;parcelas_5e51796a-5856-40d4-972f-156034ed973a.csv
1;4460.6;2020-08-04;parcelas_5e5549ae-1d1a-45fa-95d4-cf0666c99eab.csv
1;4114.16;2020-10-13;parcelas_5e5b27c8-7d28-4b49-b913-759791806a1a.csv
1;1149.4;2020-11-03;parcelas_5e676945-61fd-4b1a-8763-0ac76e5c54be.csv
1;34564.23;2020-11-27;parcelas_5e6838d1-75d3-4052-a7f9-e1cf30e43246.csv
1;423203.54;2020-06-26;parcelas_5e88afec-184f-477d-a2ae-aab56e9119e5.csv
1;61.5;2020-12-30;parcelas_5e89b0d5-186d-45a6-9266-fd721d87bbc4.csv
1;442.2;2020-09-24;parcelas_5e8ce5b4-2548-4d2b-b071-2055e3c40108.csv
1;633.3;2020-01-30;parcelas_5e8e0206-7ae9-43ef-8745-4d01cc9b38f4.csv
1;75165;2020-11-16;parcelas_5e992333-0502-4215-90ec-c42e87c83348.csv
1;1915.04;2020-10-21;parcelas_5e998671-b44f-489a-9b4c-b89825f9a1a1.csv
1;61460.14;2020-12-21;parcelas_5e9f0fe0-5564-45b6-b0ed-88731e6e49a8.csv
1;7950;2020-07-13;parcelas_5ea0723b-d583-4a57-adfd-d03a6d7b8638.csv
1;941.02;2020-11-27;parcelas_5ea2a07d-5627-4cf5-9943-ce58df423bdc.csv
1;27272;2020-10-06;parcelas_5ea328af-5067-464b-9179-c520c55b9c0f.csv
1;3010;2020-03-30;parcelas_5eacd880-ce48-47df-b20f-0d680752c24a.csv
1;10523.33;2020-11-27;parcelas_5eb42e03-cd2d-478a-b31b-af03650bfdc3.csv
1;2500;2020-11-20;parcelas_5eb4cd74-ec71-4084-b2fa-9e7ea68a6bc1.csv
1;10773.88;2020-02-18;parcelas_5eb84013-2caf-4cb7-8011-f4c991ebe9cb.csv
1;14335.27;2020-02-28;parcelas_5ebec373-781c-4c6d-a567-4fa36052bb75.csv
1;36;2020-06-18;parcelas_5ebf9a05-de68-4c60-b51b-d0f9b894eb58.csv
1;821.05;2020-08-03;parcelas_5ec7381a-70eb-4105-9266-400fe3dc5487.csv
1;36;2020-10-05;parcelas_5ec7b2e8-42b6-45ad-9c9e-f9fb2ee6e9f6.csv
1;630;2020-10-07;parcelas_5ec9646c-bcf2-45d6-86b9-d2b55f9d3704.csv
1;87418.44;2020-06-26;parcelas_5ed7fb1a-49de-4896-b205-0934dc018807.csv
1;1356.57;2020-09-15;parcelas_5ee0ae94-fe1a-45f1-bd29-57582fb2bcc0.csv
1;12685.31;2019-12-30;parcelas_5eeb5bcc-9bd7-4af1-af8f-f7d43cd298b8.csv
1;441.78;2019-12-30;parcelas_5ef012f8-a521-45b6-8fa6-bfd22d334662.csv
1;55.92;2019-12-30;parcelas_5ef012f8-a521-45b6-8fa6-bfd22d334662.csv
1;2842.04;2019-12-30;parcelas_5ef012f8-a521-45b6-8fa6-bfd22d334662.csv
1;18725.49;2019-12-30;parcelas_5ef012f8-a521-45b6-8fa6-bfd22d334662.csv
1;66.7;2020-01-10;parcelas_5ef43fa1-1727-42f5-a67b-afbae3dd8096.csv
1;943.5;2020-08-25;parcelas_5ef51e3e-a94d-4487-8a4f-d8d4c84832ab.csv
1;2455.3;2019-12-30;parcelas_5ef931e7-83b7-42fb-9b12-a4566bdde375.csv
1;4500;2020-02-03;parcelas_5f11adba-88c7-48be-bd79-a07106b48120.csv
1;7181.99;2020-09-23;parcelas_5f12a086-0d47-4450-945d-fae7e88960df.csv
1;799;2020-09-23;parcelas_5f23a2a3-fae0-4cb6-8f31-9da6e6b39b19.csv
1;4805.58;2020-09-15;parcelas_5f27bfaa-30c8-492a-b669-cc1764fbf4b0.csv
1;3769.07;2020-03-10;parcelas_5f286fc9-64da-4702-b072-b3441fcd9204.csv
1;423130.56;2020-01-02;parcelas_5f2cb656-b7b2-4837-976d-ab47efb11efc.csv
1;35468.56;2020-07-02;parcelas_5f2d2111-368b-4b1c-b8ae-73b5144b528e.csv
1;19115.47;2020-05-25;parcelas_5f337757-12a4-43ca-a9fb-6726c8676596.csv
1;1845.53;2020-09-30;parcelas_5f3b8191-8b02-4cf2-b812-68a37360f729.csv
1;703500;2020-02-11;parcelas_5f3cba78-744f-44ac-a82d-4b3b90f70b12.csv
1;21034.34;2020-03-31;parcelas_5f4aa929-b97b-4dcf-a823-e5ec145b6a7e.csv
1;17712.51;2020-01-02;parcelas_5f4cb62e-ab50-44df-a655-27c9cb68e3d8.csv
1;24000;2020-01-29;parcelas_5f5b6cfe-39d5-47d3-9553-a7bdcd39b65d.csv
1;392601.5;2020-04-29;parcelas_5f5b6e17-00f4-4369-9ffb-f9ee90c62ed9.csv
1;645.83;2020-09-03;parcelas_5f7f5a10-8581-43f5-9c3d-c90af2c86728.csv
1;10584.1;2020-10-28;parcelas_5f80632a-8a36-4a22-afe1-11f0f538f321.csv
1;50000;2020-11-11;parcelas_5f818b99-717a-4cd2-b324-e3b84d776869.csv
1;1840;2020-10-14;parcelas_5f83a745-66b0-4c83-8ce2-40ed870e3d87.csv
1;3996;2020-09-15;parcelas_5f85c65a-5d02-4894-b53d-bd7701fb5168.csv
1;12880;2020-11-03;parcelas_5f88ac6e-07b9-4467-b6fd-24c99542b3f8.csv
1;6375;2010-12-30;parcelas_5f8e1409-7f94-4c7d-b139-a8a46232cb34.csv
1;8534;2020-03-30;parcelas_5f8f13f2-6399-4ddf-ba09-3c9250c345da.csv
1;7667.06;2020-02-05;parcelas_5f927483-cdde-4789-8516-7e0e0190e382.csv
1;3521725.21;2020-05-15;parcelas_5f9b981d-3bf6-4ad8-a89b-0eb0c3bd3f66.csv
1;59806.23;2020-03-26;parcelas_5f9bd19e-0dd6-4c96-b3d0-99f0ed7c89d5.csv
1;5470.02;2020-04-27;parcelas_5fa558db-63ec-4437-9c23-097e1e7b434e.csv
1;66100;2020-01-29;parcelas_5fad25c4-3031-4d35-a69b-d47867d71a83.csv
1;2445;2020-08-28;parcelas_5fb25756-f4ec-4a5e-a8f8-b4d45c7c3867.csv
1;715.72;2020-10-21;parcelas_5fb37490-af0c-48f1-b7fc-41b05d3ced31.csv
1;56408.15;2020-03-05;parcelas_5fb6c0be-2633-4ad8-bb98-effdab25a3ec.csv
1;281.55;2020-06-24;parcelas_5fbadf3f-55f5-4e60-9680-7a209ec87310.csv
1;1095.7;2020-02-05;parcelas_5fbc0138-dd0c-44d4-b85f-f6d8e22c1cbd.csv
1;37060.23;2020-02-17;parcelas_5fc7adc6-438c-4f44-8145-f3393e00131d.csv
1;1403.91;2020-10-05;parcelas_5fd5d879-0ed9-40c5-a944-6a676e4e2663.csv
1;269.29;2020-12-11;parcelas_5fd6d2c2-920c-4808-95c7-da5f1f339235.csv
1;1185.64;2019-07-31;parcelas_5fe3d680-1533-4a41-81a0-31f10ab96706.csv
1;72;2020-05-28;parcelas_5ff3f8b1-f5b8-457a-afd2-4fed235f3a6f.csv
1;62291.79;2020-11-06;parcelas_60005f69-7df8-41f8-8346-462a947c8b22.csv
1;1239;2020-07-09;parcelas_6003c824-addf-4f4a-96d0-5a08e535bb67.csv
1;943.85;2020-08-19;parcelas_6006fcd9-023d-4d68-a54e-9c3ebbb79ea6.csv
1;17947.23;2020-05-14;parcelas_600e7443-0123-4b17-9b4e-3b56b13e44ad.csv
1;195300.33;2020-06-01;parcelas_6017c19c-66c8-4497-8193-6239c9e82887.csv
1;240;2020-09-29;parcelas_60187779-0ddd-446e-a30d-febe24743218.csv
1;12916.67;2020-11-10;parcelas_601b073d-11c5-438a-ae3b-150d0ef54c58.csv
1;3395.4;2020-05-11;parcelas_601f2aaf-d813-4014-842e-f0c34a218e2f.csv
1;4284;2020-09-09;parcelas_601f8b6f-e63e-40f9-9f59-ee59349f3332.csv
1;900;2020-11-23;parcelas_602005f1-1058-4dbf-b8f4-7d3a2ccd8e38.csv
1;641.47;2020-11-30;parcelas_60200bff-c97b-45b2-8a14-ac873bc1d03c.csv
1;29.49;2020-09-09;parcelas_60298720-7dfd-44a1-9796-348906b9755f.csv
1;783.44;2020-10-21;parcelas_60344e42-9f7c-43f5-80dc-bc98e0365b22.csv
1;6490;2020-11-19;parcelas_6039c1f1-88ac-4d1f-a79e-04017f677663.csv
1;1045;2020-06-30;parcelas_603aafb4-72e0-4b6a-996f-76bd48493db0.csv
1;78767.02;2020-04-07;parcelas_60465e41-e81a-4bc6-943d-9e0692d3abae.csv
1;772;2020-02-21;parcelas_604927f4-007e-461b-89ac-26ecc6cf8616.csv
1;92.23;2020-09-29;parcelas_604acf6d-7f5a-43e7-9c58-61211279dc14.csv
1;8600;2020-08-07;parcelas_6054f974-2427-4525-9dd0-9a96bf0e8de7.csv
1;135.03;2020-09-30;parcelas_605c78e7-a162-4c5f-a779-a04be899ec62.csv
1;7000;2020-11-26;parcelas_605fb6bf-128d-4945-8eb6-c82b28742484.csv
1;446210.04;2020-09-29;parcelas_60624273-d30c-409f-b936-9c1d7b1e5496.csv
1;3689.17;2020-01-24;parcelas_6070d745-3057-4546-88d1-623401a7b8f0.csv
1;642391.12;2020-07-31;parcelas_60793739-37e0-4401-9f23-eb497dda7852.csv
1;355.35;2020-02-05;parcelas_607d2c45-fa38-46b5-9005-f533989476b0.csv
1;52415.4;2020-08-27;parcelas_6080e88a-bd8f-44ee-b752-587baf421e21.csv
1;4734;2020-06-23;parcelas_6089cc03-ea23-40c5-8a7f-9e444ccb4f9f.csv
1;2660.94;2020-11-04;parcelas_608d5d4f-c9ab-4a60-a29a-5ec532433cad.csv
1;5484;2020-02-07;parcelas_6095f51e-f1cd-4cda-a44a-3331f161525f.csv
1;12916.66;2020-06-03;parcelas_60a1f60e-82b2-4071-b65b-abf05decb887.csv
1;3860;2020-08-31;parcelas_60a4b94f-cf47-4a92-875c-cf686e0756e7.csv
1;830825.77;2020-03-26;parcelas_60a73029-89f9-4763-89c8-c3781603634e.csv
1;3734;2020-03-18;parcelas_60a7fcc6-768e-4234-b7de-2f1efd73615f.csv
1;87263.03;2020-01-14;parcelas_60acfba7-8d5c-4a03-9520-f4c6c1334cae.csv
1;6300;2020-03-09;parcelas_60b7c536-b0aa-47f9-8a9a-d17c14d75bb8.csv
1;465;2020-07-07;parcelas_60bb349d-20f9-4e1e-b89d-976d571ce5c3.csv
1;16.16;2020-05-26;parcelas_60bba397-b7f3-41a8-ae7b-a2c98180bf64.csv
1;1750;2020-05-27;parcelas_60bf1c40-6138-4fc5-8d0c-afb1a82ce07d.csv
1;23817.06;2020-02-05;parcelas_60ca73d5-1c6f-4a44-b9c5-376202d06550.csv
1;98375.71;2020-05-27;parcelas_60cd3b1f-656e-4eee-892e-9186ff8c250b.csv
1;517.5;2020-01-23;parcelas_60dca15d-7359-44c6-81f3-dc2e6753a42a.csv
1;122824.96;2020-06-12;parcelas_60e6cdd2-177c-4abe-97f4-d1ee8f97db3e.csv
1;476;2020-09-09;parcelas_60e95720-fb08-42d4-8b11-2e954b9626d4.csv
1;66608.21;2020-03-03;parcelas_60f7f2f7-9e5f-4cfc-8392-77ff3dbda143.csv
1;18050.14;2020-06-26;parcelas_60fd2c4d-902a-49a0-ac24-17485077b55b.csv
1;106.72;2020-07-21;parcelas_60ff44d8-d02e-4db5-890f-20d7e7389a86.csv
1;9901.34;2020-11-18;parcelas_61003d33-139d-4c0b-991a-b703a3511360.csv
1;250000;2020-05-27;parcelas_610092e8-8b65-4cdf-a61a-df1a4490538c.csv
1;33000;2020-02-14;parcelas_61049c94-a640-4c9e-8936-5a081f4502dd.csv
1;401.21;2020-11-03;parcelas_61058e7b-4a07-4e40-b409-c32ceb09d58f.csv
1;565;2020-09-14;parcelas_61083c65-de0b-44a0-b141-3300d2a53a55.csv
1;83500;2020-07-02;parcelas_6108f13f-b63f-44d8-a33f-d3c128739edc.csv
1;25000;2020-08-10;parcelas_610a493e-2180-40fd-9d93-cc3d034d3984.csv
1;1219.01;2020-09-15;parcelas_611a0884-3719-4e3e-9da1-f3fbf1e9421f.csv
1;4032;2020-02-10;parcelas_611ff758-b39d-4999-be75-3b2d5a88c643.csv
1;9789;2020-07-07;parcelas_612369de-c11f-4808-bd4f-38835fc38cb6.csv
1;550328.37;2020-12-14;parcelas_6123984a-65fe-48f2-a30c-54344e988084.csv
1;250336.84;2020-08-27;parcelas_61289de0-642c-4859-a290-9ab479031851.csv
1;79.79;2020-12-01;parcelas_612d37c9-da6f-48d9-93c3-4ce3a1c2c396.csv
1;5185.44;2020-01-02;parcelas_612eab61-cef1-4efb-89eb-b0795306122c.csv
1;795.6;2020-09-10;parcelas_61376d30-880e-40f4-9e22-b7f7fbbd584f.csv
1;1318.33;2020-04-29;parcelas_613c35c1-29fc-4b2b-bc4c-4f7b165f9531.csv
1;10253.9;2020-02-26;parcelas_6145a517-c483-4ba9-ade2-921eab2ec157.csv
1;1741.18;2020-09-11;parcelas_61476fd9-3559-45d3-b2ec-166a3f5218fd.csv
1;5425;2020-05-27;parcelas_614951ee-b279-49bb-ad50-a16c187b8c80.csv
1;203.95;2020-03-12;parcelas_614f43d8-c26f-4d9c-ac68-885f8378a4db.csv
1;11000;2020-09-03;parcelas_614fff23-4e63-4b82-931e-c492f0405e80.csv
1;66.7;2020-05-25;parcelas_61510260-1e79-40dd-8a4a-c0fc8961b8b1.csv
1;377.4;2020-06-09;parcelas_615505d0-cc49-4c39-98d4-1071d09aed33.csv
1;885390.01;2020-11-27;parcelas_6157216a-f03e-4308-8f50-ae620e78a5c8.csv
1;390;2020-11-27;parcelas_6158c24b-cb1a-47e1-92de-bb1dfcdfc0b3.csv
1;6815;2020-08-19;parcelas_615b0117-adb1-4665-a232-6f77d9ef33e1.csv
1;79.79;2020-10-21;parcelas_6166eeca-b3a9-4757-98e9-7633cc27df96.csv
1;1198.53;2020-07-02;parcelas_6169a634-7be1-495b-85ab-f28084c8e087.csv
1;1828.2;2020-09-24;parcelas_616b2348-d633-4df2-877f-321986c82c22.csv
1;5097.76;2020-11-27;parcelas_616c074a-9735-45cb-a166-283bebeeade8.csv
1;1765816.11;2020-12-21;parcelas_61704bba-1ceb-4fa0-8651-ae5f6a981da5.csv
1;53600.04;2020-04-02;parcelas_617935b2-00c1-4b6c-afca-9944ef88c28e.csv
1;11115.6;2020-09-09;parcelas_61794b4c-4362-46ee-8941-c72012c0d1a3.csv
1;2500;2020-05-08;parcelas_617ade20-d929-4562-8b5a-5ca6665eea57.csv
1;47146.69;2020-12-21;parcelas_61809570-73ea-49e9-8252-031fb17dfa3d.csv
1;58008;2020-01-02;parcelas_618878ff-a748-4763-9377-5ba027ea268d.csv
1;37368.6;2020-03-30;parcelas_618d7f35-daad-4f47-8a8b-2137ca7a268a.csv
1;269.26;2020-10-27;parcelas_618dc3eb-a415-48b5-a5ce-9decbe796088.csv
1;10880;2020-08-04;parcelas_6190210b-63f3-49f7-bee2-6eb2b8bac3cc.csv
1;1044;2020-10-07;parcelas_6196a16b-0173-45e8-b1ec-df4fed5ae1c2.csv
1;178000;2020-08-03;parcelas_619d8f1b-092b-4b30-90ad-74f4d0505df2.csv
1;23098;2020-11-23;parcelas_61a04075-bd20-4fe0-a62c-f1184fe70c62.csv
1;6180;2020-07-07;parcelas_61b0f11e-25e3-4acc-8aca-a960b6ff4243.csv
1;138.72;2020-10-29;parcelas_61b7ec88-cf8d-48f0-a4ce-c0d4a741d410.csv
1;180000;2020-02-21;parcelas_61bb9259-af67-4b3b-a2c8-a5e612554b1c.csv
1;215.46;2020-09-11;parcelas_61c13ec8-389a-49bf-a11f-26868f463839.csv
1;660;2020-10-21;parcelas_61c3c335-3d12-4c96-89cd-b1b13bd69d70.csv
1;21100;2020-01-29;parcelas_61c4db95-b8cd-4681-92d1-6df6a04807bd.csv
1;116127;2020-03-03;parcelas_61c98b4d-3d07-4df9-9a37-cc775bb23bbd.csv
1;170085.11;2020-07-13;parcelas_61cbcc03-f696-4bfc-91f0-479c4ab69d9b.csv
1;89737.5;2020-08-06;parcelas_61cc551d-207a-4616-b603-f0c1c5679666.csv
1;1744.17;2020-08-27;parcelas_61d19469-ec3c-4c79-817d-30cd63232455.csv
1;2225.01;2020-08-31;parcelas_61d96025-79c7-41c9-906f-0034862b0c79.csv
1;53145.6;2020-01-31;parcelas_61e5072f-1a95-4eb7-a8ea-dcc5ef2c7401.csv
1;700;2020-12-21;parcelas_61e60fba-7800-4fa3-a796-9bdca214e2a5.csv
1;11432.67;2020-02-27;parcelas_61ed61ea-e7b3-4c84-bb4f-c14a2a1f4af6.csv
1;2049.71;2020-11-27;parcelas_61ed6ba2-b4f0-411f-9376-e0a64277e188.csv
1;495.36;2020-08-13;parcelas_61f43b0b-797e-4bac-895e-d7963e251632.csv
1;1680;2020-01-02;parcelas_61f7cd68-7066-4bd6-96f2-dd0a40805636.csv
1;416.33;2020-08-14;parcelas_61fba32b-0f98-4917-8c82-0b4c2e41300f.csv
1;13098;2020-03-06;parcelas_620237f8-6572-4a0b-84fd-8553e28c763f.csv
1;2114;2020-11-12;parcelas_6203e3f4-d51a-423c-b4a9-aee9cc9973c3.csv
1;434;2020-05-11;parcelas_620612a5-0580-4f4c-817e-5d3054cb517e.csv
1;7178.75;2020-07-08;parcelas_6206e498-386b-4f7a-b169-88273a952aab.csv
1;2385.95;2020-06-26;parcelas_620a3a31-b66b-46b9-a564-df085f65b8fe.csv
1;3578.77;2020-09-23;parcelas_6210b022-a897-440c-b8e1-1c7c47084bf7.csv
1;14014.51;2018-09-28;parcelas_6213e8d7-4e20-4efb-82cc-85bbdd9861d1.csv
1;4234.5;2020-02-18;parcelas_621639d7-2015-4966-8389-94a0b44a4f4e.csv
1;8692.39;2020-08-03;parcelas_621699c1-3d15-4422-894b-5db8dba2aec4.csv
1;307.18;2020-05-22;parcelas_6216b299-007f-4edb-b5de-d842301d2f4b.csv
1;5745.83;2020-09-28;parcelas_621e3ad6-4459-4f58-b045-b91a6811be81.csv
1;10481.6;2020-03-09;parcelas_6222444a-3304-447c-bfc9-c4d1b15ab8e7.csv
1;102.58;2020-12-03;parcelas_622c7420-dda1-49c2-86a3-735545c3c80b.csv
1;175;2020-11-27;parcelas_6233f435-b404-43e4-b37f-5bf1cf8f8abc.csv
1;3269.38;2020-11-27;parcelas_62359093-ed7b-428c-98af-2a329cef757c.csv
1;16500;2020-05-27;parcelas_623a5808-830e-446b-a19d-8e9b2601f005.csv
1;150000;2020-07-21;parcelas_624535cf-2994-4cd6-9c97-6ff9fae85182.csv
1;335;2020-09-24;parcelas_6248cf78-799e-44b6-a53a-b44b3c4661bc.csv
1;2554.9;2020-03-03;parcelas_625893e0-9a58-450e-a053-24bd19ef5a72.csv
1;29089.53;2020-11-27;parcelas_625c7406-e2e1-4507-8d20-d99abbba730c.csv
1;799;2020-10-27;parcelas_6263670f-7494-4230-942a-8c5cb103e383.csv
1;3199.77;2020-08-19;parcelas_62653055-9f5f-4d68-95d1-a8d047c45f32.csv
1;2644.5;2020-03-23;parcelas_62676877-d8e8-4c03-bde4-f8c50fd21216.csv
1;825.17;2020-11-27;parcelas_62679a24-92cc-495a-a495-0af157727c00.csv
1;115.91;2020-11-26;parcelas_626b96a7-0257-4566-869b-bd382c99f8b7.csv
1;861.6;2020-11-16;parcelas_6275821d-8da3-487f-b90d-5c12f976d2f2.csv
1;14185.5;2019-12-31;parcelas_627cbda9-1050-419c-a8e8-dccba03a54dc.csv
1;1045;2020-07-31;parcelas_62831ff1-d6f5-4e80-b842-3b718d2a63b7.csv
1;85467.98;2020-04-30;parcelas_6289b350-8e97-4e2c-a578-8ed58eafd0fb.csv
1;3058.76;2020-10-28;parcelas_628d2dba-9968-4325-ab6f-c0f3e945cd52.csv
1;2454.96;2020-05-22;parcelas_62add317-9f3e-4a93-9930-79e3382f6020.csv
1;12915;2020-05-22;parcelas_62b1bbe5-8850-45f5-a695-305e4f784ce0.csv
1;144.89;2020-02-11;parcelas_62b461fc-0d2a-4267-88fd-e036836ea197.csv
1;4650;2020-11-23;parcelas_62c5c3ab-5535-420d-ba55-41a7ed82e4d9.csv
1;11559.83;2020-07-22;parcelas_62c99d66-f607-456a-ad69-5bdd27fe0b99.csv
1;50;2020-07-07;parcelas_62cfe0bc-3d4a-4765-bf06-b98077d8f574.csv
1;66.7;2020-01-20;parcelas_62d069d9-03bf-452f-a6e6-d080a2697c70.csv
1;233842.77;2020-01-28;parcelas_62dd9d51-2c40-45ed-bca3-e1be5e5f20be.csv
1;2954.42;2020-04-22;parcelas_62e0a489-e308-40a7-93ea-8056bfd5f8cc.csv
1;2903.3;2020-10-14;parcelas_62e9d9c4-bed1-41e7-8f57-854ff772f082.csv
1;144;2020-09-29;parcelas_62e9fb86-8bcd-43f1-a88a-5bb509932eca.csv
1;20000;2020-07-21;parcelas_62eddbc4-b120-4887-96a3-4a9b5ea78046.csv
1;1181.57;2020-10-21;parcelas_62fd5e82-2df2-4550-8c6f-9c416eae72ba.csv
1;1008.86;2020-04-29;parcelas_62ff55c3-02ae-4137-af50-24db8f929587.csv
1;15918;2020-06-30;parcelas_63037031-97a7-47e9-8476-b4330022a948.csv
1;45013.51;2020-07-09;parcelas_63078037-c5ea-4899-aa10-f71823c544c6.csv
1;503.33;2020-09-28;parcelas_630b22ec-817b-457d-89a4-fb9e61a26495.csv
1;14036.37;2020-01-02;parcelas_63143662-ce74-42db-8993-d8c6d01226e0.csv
1;1960.92;2020-12-21;parcelas_6319799c-e78f-405a-8699-520f88904f67.csv
1;1787.4;2020-02-21;parcelas_631da1f0-2290-4957-8694-0806b71a5e18.csv
1;234.04;2020-10-21;parcelas_632983ee-cb8a-4a70-9744-c864409a2a8b.csv
1;8316;2020-06-08;parcelas_632bcd61-262f-4af5-82b8-a15d5d6bd68a.csv
1;1460;2020-01-24;parcelas_632cd93b-4a9a-43be-895a-c889293a2507.csv
1;309.4;2020-08-19;parcelas_63311a87-7b88-4cd2-838d-4356843fe07e.csv
1;610.7;2020-11-06;parcelas_63387659-1cd7-479a-8c0d-be0be9091721.csv
1;7008.81;2020-10-14;parcelas_6341b088-cab4-4b4b-a6dd-baa22007dd81.csv
1;73164.93;2020-03-09;parcelas_634b9e70-99e5-4610-a540-4176ff1d8617.csv
1;4485;2020-03-06;parcelas_634e4f40-a7c2-4616-8a49-e641ae59a8cf.csv
1;75.43;2020-10-05;parcelas_6356e4cd-b793-4223-87f6-10e53cbcf843.csv
1;254435.83;2020-06-26;parcelas_635a249a-2808-4812-952b-c508c144b87d.csv
1;1668.33;2020-03-26;parcelas_635c56d0-971e-45f6-9cb0-38f8f0601657.csv
1;6763.75;2020-05-27;parcelas_63696bf6-3984-468c-94b8-f0a2808521a5.csv
1;3.2;2020-11-04;parcelas_6370fc11-ee4d-4505-922f-1bbd60854955.csv
1;88.78;2020-04-07;parcelas_6376fb33-2a88-463b-83ad-ced85077230c.csv
1;18567.98;2019-12-30;parcelas_63775e6c-9b0b-40ce-a1d9-61fa9ddf34d6.csv
1;25053.22;2019-12-30;parcelas_63775e6c-9b0b-40ce-a1d9-61fa9ddf34d6.csv
1;13349.2;2019-12-30;parcelas_63775e6c-9b0b-40ce-a1d9-61fa9ddf34d6.csv
1;21314.5;2019-12-30;parcelas_63775e6c-9b0b-40ce-a1d9-61fa9ddf34d6.csv
1;6450.97;2019-12-30;parcelas_63775e6c-9b0b-40ce-a1d9-61fa9ddf34d6.csv
1;19101.55;2019-12-30;parcelas_63775e6c-9b0b-40ce-a1d9-61fa9ddf34d6.csv
1;18573.53;2019-12-30;parcelas_63775e6c-9b0b-40ce-a1d9-61fa9ddf34d6.csv
1;25548.96;2019-12-30;parcelas_63775e6c-9b0b-40ce-a1d9-61fa9ddf34d6.csv
1;23136.99;2019-12-30;parcelas_63775e6c-9b0b-40ce-a1d9-61fa9ddf34d6.csv
1;50588.19;2019-12-30;parcelas_63775e6c-9b0b-40ce-a1d9-61fa9ddf34d6.csv
1;27310.05;2019-12-30;parcelas_63775e6c-9b0b-40ce-a1d9-61fa9ddf34d6.csv
1;6720;2020-11-27;parcelas_637b798e-4372-45d1-b76d-f8a0e465545e.csv
1;2615.32;2020-03-12;parcelas_637edfd7-1aea-4f41-af2b-80ad31eb971d.csv
1;304.25;2020-05-14;parcelas_63897a55-82f3-4b50-a5a8-d4bfe1035ea7.csv
1;43157.69;2020-05-27;parcelas_638b1aa5-657a-4a68-8c3c-036753dd7e6c.csv
1;71759.57;2020-12-30;parcelas_63a09d74-91ef-48a9-8fe6-d723076834a3.csv
1;393.79;2020-09-29;parcelas_63ae5dee-e53d-4b35-9eb2-25eca1b80b8e.csv
1;525;2020-10-28;parcelas_63b03708-ac9b-4b97-839c-8d703a4d3372.csv
1;714;2020-08-05;parcelas_63b991ff-5089-46ec-a470-b7a7d90edc04.csv
1;440.33;2020-08-19;parcelas_63b9c31e-f264-4b32-8cca-c87eec712c92.csv
1;88.78;2020-06-29;parcelas_63ba737d-8304-4c00-abba-8fafc7fe32fe.csv
1;5075;2020-05-27;parcelas_63c105f5-cb13-449b-973d-9839841e9e88.csv
1;9804;2019-12-05;parcelas_63c19f0a-6503-4b62-a3cb-5d7bbc209e64.csv
1;59550;2019-12-05;parcelas_63c19f0a-6503-4b62-a3cb-5d7bbc209e64.csv
1;23240.4;2020-05-26;parcelas_63c8b42a-41b6-4b30-8366-f472bca83f7c.csv
1;407.97;2020-12-30;parcelas_63c8b91e-1803-4dc3-8b70-16bb82b582dd.csv
1;80;2020-09-16;parcelas_63cac2b0-177e-4fdb-9c6a-862ac6c4f6b7.csv
1;884.7;2020-02-03;parcelas_63d980c2-df1d-4355-89fa-2cb543617541.csv
1;111730.59;2020-01-28;parcelas_63e2c375-6df8-4b13-a06a-23b346e88128.csv
1;100000;2020-01-29;parcelas_63e66b17-5fb6-4be5-87cc-127742b858f1.csv
1;5625.2;2020-01-24;parcelas_63efa4bc-9391-4252-b583-a926083b6e88.csv
1;8239.19;2019-12-30;parcelas_64061b57-fb1c-46db-abdf-fc4cf2de81b4.csv
1;1276.33;2020-09-17;parcelas_640643a2-15a4-47ec-a841-95b6d5709087.csv
1;3577.38;2020-09-30;parcelas_640da661-c2c9-4baf-96be-5c6a9f422a64.csv
1;10184;2020-12-21;parcelas_64154208-5ec6-4f77-8e3d-eeab3b7ba887.csv
1;789.14;2020-11-03;parcelas_641722dd-dde9-41b0-9812-da7d05092255.csv
1;3447.99;2020-06-19;parcelas_641aca84-742c-4818-b7da-54fbbc3cb69e.csv
1;1243685.97;2020-01-02;parcelas_641de2f2-9041-47ab-aaf7-bd7262e7dd57.csv
1;1668.92;2020-11-24;parcelas_6424e619-489d-46ae-b1fc-401dd41a6d99.csv
1;11590.41;2020-05-18;parcelas_64297f75-4d99-4055-9c29-117f67d25298.csv
1;6000;2020-03-12;parcelas_642f24b1-acba-410e-9f53-460345ec9740.csv
1;297.28;2020-07-09;parcelas_643489ff-cdfc-4e8f-a6e2-f1595ad54d43.csv
1;327;2020-07-01;parcelas_643a4b8b-180c-4e51-90ca-db8b8b62f4be.csv
1;536570.18;2020-05-27;parcelas_644be851-5012-4aec-895e-3cad483bbe95.csv
1;148911.56;2020-04-29;parcelas_645b8e24-5425-490f-bde2-a935997f3f33.csv
1;327603.43;2020-10-08;parcelas_6467da51-c9c9-4199-9f06-315c7cd3023f.csv
1;70000;2020-07-30;parcelas_6469c179-b99e-4e11-9952-f6fa3c7496fa.csv
1;19.17;2020-06-30;parcelas_6472430b-d384-4e14-a53e-e41d2a620e9a.csv
1;142982.89;2020-12-30;parcelas_6472c243-2ea0-4b09-9f43-6530db841241.csv
1;2139.18;2020-02-26;parcelas_6483bdcc-ded4-443f-9b8e-9a807d19154f.csv
1;267.69;2020-03-11;parcelas_648ed886-34df-4789-a449-a01c1ad4f100.csv
1;84589.19;2020-08-31;parcelas_64918b05-71c0-4177-a624-94aefccdcccf.csv
1;10000;2020-02-28;parcelas_649840af-e8fb-40ec-b2a5-1d4d3e674f9e.csv
1;5191.67;2020-10-28;parcelas_64a0fa13-c76b-43ac-860d-a6f1b5d3dab2.csv
1;55232.56;2020-11-30;parcelas_64a1cc73-37b2-47bc-8876-59fe87694d76.csv
1;111204.75;2020-01-10;parcelas_64a85c16-c90e-4967-85f4-32fd5ebe6fa0.csv
1;299.22;2020-06-08;parcelas_64a86aff-125d-4cba-a44c-bfda1253c03e.csv
1;3446.24;2020-10-21;parcelas_64a9b862-c11b-4cdd-bc83-4e8f88dd6114.csv
1;75000;2020-01-02;parcelas_64b30a95-c1f1-41e8-8bb4-3448762f0775.csv
1;278400;2020-02-14;parcelas_64b3706a-d9df-4738-b9f5-64adbed9cb3e.csv
1;3354.27;2020-03-05;parcelas_64bd2537-5a9b-479f-93fd-5a76546c296f.csv
1;56416.64;2020-02-21;parcelas_64bf6a60-ca6e-44e6-bbeb-00b37b453adf.csv
1;9053.52;2020-09-23;parcelas_64c10f2e-2102-45e2-8dca-d4618f42b6ad.csv
1;3081.05;2020-06-26;parcelas_64cb3e86-61a3-49f9-acc7-8c31e2c7cf6f.csv
1;6904.04;2020-07-21;parcelas_64cc4040-ac63-4e10-8fce-a2780c7e571a.csv
1;212.66;2020-08-17;parcelas_64d54962-0516-49b5-9458-a1901eaf6552.csv
1;25404.13;2020-09-28;parcelas_64df7404-6d9c-42a3-817d-ec2df503d804.csv
1;1400;2020-08-27;parcelas_64dff044-76af-429e-a730-0a36dcd0c4fb.csv
1;10012.01;2019-12-31;parcelas_64e6c8ae-1215-40be-b079-98744ad77487.csv
1;1281.5;2020-02-20;parcelas_64e6c8ae-1215-40be-b079-98744ad77487.csv
1;4399.86;2018-12-21;parcelas_64f3394a-bccf-43cc-b39f-d99fb8123a32.csv
1;3546.8;2020-10-28;parcelas_64f36236-735b-4151-87c8-aa99048ee27f.csv
1;43483.62;2020-06-26;parcelas_64faebce-1548-458b-8987-01abbfb1836f.csv
1;100000;2020-03-16;parcelas_64fcc47c-931a-42d8-a3ad-65fc12749452.csv
1;1131;2020-09-22;parcelas_6504ca45-2ab0-4fe0-b733-1bd73613983e.csv
1;5351;2020-08-10;parcelas_6506a94f-cf6b-4365-a02a-2ea91267e901.csv
1;2275;2020-03-26;parcelas_6506ccff-74e2-47ea-9f16-f0a00cd31bc4.csv
1;2187.5;2020-07-30;parcelas_650864fc-1372-4aad-8d29-34b844b9c5fa.csv
1;43305.5;2020-06-19;parcelas_65100e4a-7d31-401a-aa7d-bef54ee6d09b.csv
1;1107.68;2020-11-30;parcelas_651b564c-54fb-43b9-bde0-bbebfdca770a.csv
1;80000;2020-01-13;parcelas_65297f9a-0048-4541-8ef0-4d18dcc767ce.csv
1;8904;2020-09-09;parcelas_652cc8e1-1e17-4dfb-8c8f-faea79b23c7e.csv
1;80;2020-10-16;parcelas_652fe210-decb-4618-8cda-f795db872840.csv
1;1274.37;2020-11-05;parcelas_6543ad1f-8813-4529-b966-de755a87aa00.csv
1;237000;2020-02-13;parcelas_6547b6ce-d474-430e-97f9-98ece326a0b1.csv
1;2100;2020-11-03;parcelas_654cb656-d829-4622-ada6-def402c923cc.csv
1;214184.93;2020-06-26;parcelas_6550c097-8627-408c-98bc-fa47c5d8be42.csv
1;17100;2020-12-21;parcelas_65544182-a807-4c16-9edb-8b36a01f00af.csv
1;1728.18;2020-11-19;parcelas_656a0587-645c-4553-ba5a-4a3da69dceaf.csv
1;242.44;2020-01-24;parcelas_6571cabf-4fff-4bff-8209-9a380045fe04.csv
1;131.74;2020-05-14;parcelas_6572bddb-1961-4c61-bb26-622fab8bb313.csv
1;2950;2020-07-20;parcelas_657cb21d-2763-473d-955d-1d3f80dd563e.csv
1;13799.18;2020-06-23;parcelas_6582f40b-91e4-47f1-bbeb-2253b3042d77.csv
1;2610;2020-07-01;parcelas_658a96d3-5fd1-480d-afae-f55fb2e6025c.csv
1;1039;2020-02-14;parcelas_658b98c8-225c-4074-981e-930cf6fc4ba9.csv
1;99481.65;2020-12-30;parcelas_658f73a9-55f0-4ffd-ac15-7c0aa6307ace.csv
1;89298.37;2020-06-26;parcelas_6591a051-8f4f-4c9d-b040-8d41637eff26.csv
1;11500;2020-03-06;parcelas_659c064e-c5a4-497c-aab9-6d03b8d8caed.csv
1;2352460.39;2020-09-28;parcelas_65a17ce5-54a5-4e9b-b6e9-287934929994.csv
1;326.4;2020-07-31;parcelas_65a18831-997a-470b-909b-d104415343b7.csv
1;2304;2020-02-07;parcelas_65a50726-6b11-4445-bf9d-5182d447f0d2.csv
1;50297.17;2020-07-30;parcelas_65ad0ef4-a23e-41cc-beb8-9f7f9e52621e.csv
1;57726.2;2020-05-11;parcelas_65b69f69-8d03-4d8d-9c25-11c973929a46.csv
1;88.78;2020-01-21;parcelas_65b99272-fbd8-4b0c-9f56-21eab4864d9e.csv
1;3481.31;2020-01-30;parcelas_65ba39fb-3f5c-489b-81b0-9b86fee2607b.csv
1;750.35;2020-09-24;parcelas_65bbce3b-a70f-4dff-b461-4b63ce73a573.csv
1;46200;2020-03-02;parcelas_65be0fd2-65d7-4458-9364-8985db0d453a.csv
1;41.96;2020-02-28;parcelas_65ca1aa6-c86e-4570-beaf-8b39d4ffadac.csv
1;6107.79;2020-09-01;parcelas_65d32095-3247-447d-8d0e-aba41e4f0310.csv
1;4525.63;2020-09-22;parcelas_65d413de-b255-45f4-9b6d-190f90f15bda.csv
1;100000;2020-08-03;parcelas_65de22f2-cfc1-4b25-9129-2a2e99e9f8b9.csv
1;278400;2020-01-31;parcelas_65e49ca8-4442-49ef-9e17-0a2cd04a5b52.csv
1;954.7;2020-08-19;parcelas_65e6c0e1-6154-46d7-9f6c-d8f997c9e826.csv
1;12929.04;2020-02-28;parcelas_65e8e70e-12e6-4ca2-a56a-61a9cdd0729a.csv
1;204626.91;2020-11-27;parcelas_65ef965c-ea88-4def-a9bf-2a157626c589.csv
1;49271.33;2020-09-28;parcelas_65f3b8d3-5d1b-4309-8017-19728b31e4b2.csv
1;4627.08;2020-01-29;parcelas_6600e936-e976-47c8-901f-2474f2a3dd27.csv
1;7000;2020-12-14;parcelas_6605c487-3721-45a6-a62d-a1a600397142.csv
1;61575.8;2020-05-11;parcelas_660b10f3-5dff-45d7-9f99-2c262d6e90da.csv
1;46500.89;2020-01-31;parcelas_660b50b4-9ef5-4634-af55-449737ce9214.csv
1;329.73;2020-10-05;parcelas_6612029c-f005-4e07-aa17-1ca4e3b0d6d1.csv
1;326542.16;2020-08-27;parcelas_66121786-728f-4e9a-97ca-d69a80fba75c.csv
1;5763.59;2020-10-28;parcelas_66133b31-5e68-4bca-916a-6cc09d0f9f17.csv
1;4966.5;2020-11-12;parcelas_661b666b-bff6-4a03-884f-120e69aee026.csv
1;764.1;2020-01-20;parcelas_661c8489-84e1-4e2b-88b0-ee2a804cbe77.csv
1;421;2020-08-19;parcelas_6621214b-349f-452d-9f0c-734a1cb0efcc.csv
1;4246.9;2020-02-26;parcelas_6627c4d1-05bb-47bd-8ea9-c25b866254de.csv
1;53520.8;2020-08-27;parcelas_662a309d-9452-400f-a2f8-f934f13374c3.csv
1;4082.9;2020-12-21;parcelas_662fd48e-acee-4525-8660-98a62d141a6e.csv
1;7260;2020-08-12;parcelas_66329e94-ad86-4dde-a85d-ee988a536c87.csv
1;42000;2020-01-31;parcelas_66354f33-2d2d-4cb4-ad9f-64b7900cf4fa.csv
1;4200;2020-09-24;parcelas_663ee764-332c-4302-9382-300d9abbd23b.csv
1;16395.72;2020-02-05;parcelas_664ef9ac-88bb-42a3-8ba0-ac9f362c8989.csv
1;11577;2020-01-02;parcelas_664ff762-6779-480c-adb7-6bd385a8c130.csv
1;8759.36;2020-07-13;parcelas_6650eb6e-c4fa-41c3-9b31-56a8d71f2478.csv
1;79.79;2020-10-27;parcelas_6652f646-6cb6-47ea-8b4e-d855b4d0294f.csv
1;165165;2020-01-31;parcelas_665c9cc0-365d-445c-8d31-0718a0c00f02.csv
1;454613.95;2020-06-26;parcelas_665cef84-e12e-441c-a9bb-9d128cf11f40.csv
1;3500;2020-04-29;parcelas_6665d172-7219-4ffb-a925-f8d44ee8cd46.csv
1;11525.18;2020-11-27;parcelas_666768a2-69b2-4e48-b044-fdd76b9ef67d.csv
1;16600;2020-01-02;parcelas_666ebffb-0d1b-4d9a-8998-306f2f9eb256.csv
1;19100;2020-05-27;parcelas_666f4719-e2c8-480f-ae39-f60c1d38c1b6.csv
1;5440;2020-10-07;parcelas_66773dfb-2b34-4ccd-b66c-b8e66bb1108e.csv
1;121067.99;2020-01-28;parcelas_668adc06-aef9-4fab-9e3d-ffc0dd12ddf8.csv
1;4238.77;2020-03-31;parcelas_668df77e-a747-4470-a12a-b659e5f8d736.csv
1;24700.24;2020-11-30;parcelas_6691c9b4-a7a7-479d-b9e5-8ef6164a25bc.csv
1;65148.47;2020-09-28;parcelas_6694c60a-3832-44ea-8719-19e5d12e6b62.csv
1;2222.23;2020-06-16;parcelas_6697e549-38bc-4f85-9ddb-f9b1b6807b22.csv
1;90430;2020-04-09;parcelas_66997ab8-6d48-4b61-bec5-979cb75eff14.csv
1;46176.67;2020-01-28;parcelas_66a8edf8-fe84-47be-970e-c0d2c581cf0e.csv
1;14528;2020-01-29;parcelas_66ab4b42-e7b3-484b-8a1c-654874e3f9d7.csv
1;2918.07;2019-12-31;parcelas_66b2f2a3-2c0f-47bc-9367-d2f3f642bdf3.csv
1;3700;2020-11-06;parcelas_66b3e133-0365-48ff-8549-31b2d0a8c98b.csv
1;56548.31;2020-09-28;parcelas_66c18932-4661-410f-ada1-86e280cbf433.csv
1;1150;2020-03-31;parcelas_66c737f5-c884-4504-bb66-02d49b3042d1.csv
1;56823.3;2020-06-17;parcelas_66cb39e0-cd07-48bc-a7d4-291f698121ba.csv
1;4835.16;2020-09-15;parcelas_66cb5913-0dd5-4b27-a611-6889af3dfc5c.csv
1;4050.8;2020-09-23;parcelas_66cd91e0-0084-433b-828c-d4651a8f6f40.csv
1;67484.67;2020-08-27;parcelas_66d089da-d8d9-4f29-80f3-ea7480b6bc16.csv
1;28626.5;2020-12-11;parcelas_66d160e7-b7cb-46ed-a8ce-f440a5d9449a.csv
1;134312.51;2020-12-21;parcelas_66da09e8-28e5-42b1-affa-8433c8f74c9d.csv
1;2000;2020-04-15;parcelas_66dc32b0-bc88-4031-9789-08c241cf06f6.csv
1;1468.65;2020-01-31;parcelas_66ec8e4d-e87c-433e-b025-ecd5963ad98a.csv
1;929.89;2020-08-27;parcelas_66f154ab-897d-438f-9d43-fe4452882e6e.csv
1;44683.03;2020-12-30;parcelas_66fc947e-3f32-4f7a-ac90-5785859a937e.csv
1;3848.26;2020-09-23;parcelas_66fe77b4-caaa-4148-8577-789843e0f122.csv
1;3421.6;2020-05-14;parcelas_67014bf5-758e-428e-821d-597429bbdc54.csv
1;66.7;2020-02-05;parcelas_6705fb6d-6cd4-4263-b203-4735325d7c2a.csv
1;1167.71;2020-12-30;parcelas_670a25db-aaf1-4e36-a27c-abfbb6626669.csv
1;423130.56;2020-12-30;parcelas_670ae5c8-e3cc-424a-b1af-7af3a8a84fb0.csv
1;3939;2020-10-20;parcelas_670b4933-834a-4244-8f8d-6358ababc7c4.csv
1;753.5;2020-05-28;parcelas_67107007-d087-4c30-a554-9fdd2b48fddd.csv
1;500;2020-09-28;parcelas_67184868-c954-4c03-a7db-28bf8b4d9c22.csv
1;213.14;2017-12-28;parcelas_671b9719-3c1a-471b-8462-e1b8c5a56dd5.csv
1;1018.6;2020-12-16;parcelas_67206327-9272-4a80-83e8-b6f54e65c240.csv
1;27300;2020-09-14;parcelas_6723016c-e7df-4938-b9ea-e28ab8ff1eb5.csv
1;34160;2020-01-31;parcelas_6725422c-5c50-458e-9c7b-911602406715.csv
1;1750;2020-03-26;parcelas_67276a4b-6922-4f62-8010-f821d085bb76.csv
1;3820.83;2020-04-29;parcelas_6729de10-402e-412e-aabc-1ca2a54daa85.csv
1;423130.56;2020-08-11;parcelas_6730f509-df67-4fff-ae3e-174bba8c25cc.csv
1;6584.69;2020-08-03;parcelas_6733b2be-eb66-4a95-afef-309563be3269.csv
1;2881.67;2020-10-28;parcelas_67409926-7c52-4805-83b7-e63a134baca4.csv
1;5000;2020-08-27;parcelas_6747e172-b1c5-4ea6-b1f4-e87c28ee5f1c.csv
1;2794.17;2020-04-29;parcelas_674c315c-0495-4265-8f43-86439ccfe8a3.csv
1;1045.83;2020-07-10;parcelas_674d42a3-5d08-4dc8-984d-a1f6ee8c7081.csv
1;15750;2020-02-10;parcelas_674d92c3-193b-4e2b-88ee-df23484d4681.csv
1;1250.24;2020-09-03;parcelas_67504fa3-012b-4d2c-8c69-6ba17612d265.csv
1;19969.94;2020-08-27;parcelas_6752a8d0-d9c8-401c-8345-7d704885965c.csv
1;8178.36;2020-02-17;parcelas_675b4b99-ffcb-4260-88c4-6dd32173c04b.csv
1;395.16;2020-07-21;parcelas_6770e17f-7fcf-4fba-b1b6-e9f567260a38.csv
1;8803.75;2020-04-30;parcelas_67716076-538e-4bc6-a2ea-76d17e9236f3.csv
1;282.91;2020-01-29;parcelas_677a5830-be97-4604-a579-c87a2e7a7b4e.csv
1;49275.38;2020-12-30;parcelas_677be755-cb5e-440c-be3d-4b82caf1cc0c.csv
1;43.6;2020-02-18;parcelas_677fc156-4984-47fd-8ef3-f5b07afc748b.csv
1;59400;2020-08-04;parcelas_67801709-2424-4464-96ba-f0c3d7a8df0b.csv
1;1201.8;2020-11-24;parcelas_6785c0b2-6b68-42b5-a342-08ef2b8614a9.csv
1;2660;2020-06-05;parcelas_678c3d80-6560-405b-9a04-abf2e92c2e85.csv
1;2100;2020-08-18;parcelas_6795bfb9-6375-4eb2-9f44-4e1356fbf9a8.csv
1;71919.48;2019-12-31;parcelas_67974d76-a782-46a8-a55f-1ab589b2281f.csv
1;1307.63;2020-02-20;parcelas_67974d76-a782-46a8-a55f-1ab589b2281f.csv
1;270.65;2020-11-03;parcelas_679e7bb9-2583-4480-bc10-c96f5e0a179b.csv
1;42.92;2020-09-14;parcelas_67ad9e4e-f25c-45b0-8ce3-e7d1fa32e8f5.csv
1;3166.96;2020-03-30;parcelas_67adab94-1c2f-49ae-a4dc-42b484639347.csv
1;4837.5;2020-11-16;parcelas_67b127a7-cabd-427d-a429-ad87a7c2f1f6.csv
1;1919.17;2020-04-29;parcelas_67b5590b-cbc1-4fc9-8913-ce9265acad6b.csv
1;420.63;2020-01-13;parcelas_67b8f458-297e-4476-927d-084fe1a03fe3.csv
1;312960;2020-09-08;parcelas_67bd9016-9189-4de7-bf1d-f9366088c3d0.csv
1;12916.66;2020-09-11;parcelas_67bedc79-448b-4778-8fdc-713ad1c794f3.csv
1;15073.45;2020-09-30;parcelas_67c16270-d367-4bb9-bfa8-76a66d641387.csv
1;136;2020-08-17;parcelas_67ca8647-f7ff-4dce-a359-2ec9422cd4c6.csv
1;10777.02;2020-06-09;parcelas_67cb5c11-5224-4cb9-8ff0-da502b743398.csv
1;40550;2020-01-15;parcelas_67d2cede-0d8f-45f0-980c-42108ee8fc23.csv
1;47404;2020-02-14;parcelas_67d4da6c-565d-4b02-b8f6-3b024d763eb2.csv
1;6559.02;2020-12-21;parcelas_67dc4693-fb24-45ee-a6f9-6407699c3f2e.csv
1;163.33;2020-11-27;parcelas_67f47a33-1b27-4fe8-9f5f-a93a5396de90.csv
1;78623.88;2020-01-02;parcelas_67f507d3-e1f2-4502-96e9-86fd1cba9475.csv
1;8949.48;2020-09-15;parcelas_67fb650c-79e1-486a-92fa-e05a2490d397.csv
1;1132.38;2020-07-08;parcelas_67fc981f-a56b-43dc-a5de-84e1da9bf7d8.csv
1;39558.26;2020-12-30;parcelas_68024f89-32f9-46c5-8791-c348c60de7f3.csv
1;1418.03;2020-01-31;parcelas_6802b3a7-c83d-427d-ba64-1bb505503f04.csv
1;1380;2020-07-02;parcelas_68060375-176f-48fc-ad8a-fbc3d468b63e.csv
1;9565;2020-09-23;parcelas_680d33e0-adb5-4992-b785-917e8dd27911.csv
1;1877.6;2020-10-07;parcelas_680dd629-a8f1-47d1-bcd2-d13e7eb59c2b.csv
1;335;2020-10-21;parcelas_6814357b-8d0b-421d-bf53-bccb3d4c1b97.csv
1;2520;2020-07-30;parcelas_681f9cd5-42b0-4dcd-bd3e-59c716ec8fd0.csv
1;3800;2020-12-21;parcelas_6828045a-32e3-4903-8f74-15e690794bf4.csv
1;648;2020-02-06;parcelas_682b3a58-903f-4156-a551-46c78c281911.csv
1;1552873.4;2020-02-28;parcelas_68360291-edd7-43dc-8e8a-9f02097ebe2b.csv
1;27282.5;2020-05-27;parcelas_6836c324-f2f6-441f-905a-d4e80f4f1a24.csv
1;50;2020-10-08;parcelas_683d9c95-1bc5-45cc-a19b-e276c4b73198.csv
1;1681.75;2020-09-09;parcelas_683ef71f-aa88-4b4f-acc8-6b2b6d0edd22.csv
1;29.72;2020-06-30;parcelas_68422f62-f1ff-4179-b438-261aed342000.csv
1;3529.17;2020-07-30;parcelas_684400e7-6221-4eba-a695-839d20a0be37.csv
1;1245;2020-01-28;parcelas_68528455-f909-4771-8c1e-ff2184018cba.csv
1;11422.16;2020-10-28;parcelas_68544c77-1dcb-4f58-a674-4bf7628a2a8c.csv
1;503.33;2020-05-28;parcelas_68605f8e-c425-46ab-b99d-a2e29873a27d.csv
1;30909.16;2020-01-29;parcelas_686251ec-d0a2-4103-b3a6-26c7ddabad96.csv
1;57983.53;2020-12-21;parcelas_68675012-28d5-46f1-9617-926d914a6552.csv
1;5273.33;2020-11-27;parcelas_6871bef8-7931-4d5a-9ed2-ddecb24ab7f0.csv
1;15843.57;2020-02-28;parcelas_687337bb-ece0-4764-a2fe-b25ac742dd93.csv
1;9837.5;2020-05-05;parcelas_687ca993-6ce2-4c4b-a24b-b9f305f352be.csv
1;10490;2020-04-09;parcelas_6884a856-87f5-40e6-916d-2fa44b18979e.csv
1;15446.86;2020-11-30;parcelas_6885dbc5-196b-4ceb-b535-409a35516ff7.csv
1;2991.71;2020-11-19;parcelas_688a639e-1e12-4237-b990-0f5716583057.csv
1;379113.45;2020-06-26;parcelas_68a43b3f-7bc9-414e-988c-091d57cb091c.csv
1;316.3;2020-08-28;parcelas_68b6e667-ba3d-401c-adf2-c5bd2e4cb118.csv
1;29.49;2020-06-18;parcelas_68b7aa70-9a25-4dfc-b86f-ed4a5de260ed.csv
1;10600;2020-09-24;parcelas_68b814a9-af77-4555-a50c-8a5509b9fe79.csv
1;1572.08;2020-11-04;parcelas_68b9e657-f033-416c-9a30-aa481dbd4c2a.csv
1;366.84;2020-11-30;parcelas_68c01e03-f3b1-4e74-aec2-46ef51c712cb.csv
1;2066.13;2020-03-31;parcelas_68c0998a-b721-49ba-adb0-92bd5d9bb014.csv
1;689;2020-11-04;parcelas_68c29c90-ae01-4fb0-9a85-363db24f6cfc.csv
1;3534.3;2020-10-16;parcelas_68c441cc-0efb-435f-9ea7-b228a1c2340c.csv
1;46045.53;2020-01-28;parcelas_68d262b7-7a69-4025-920d-fd8f8b9eab60.csv
1;19676.88;2020-05-28;parcelas_68d54265-bfff-4402-862b-d2032ba9e9bf.csv
1;42000;2020-03-06;parcelas_68d77d91-4d08-4d79-9709-5c9a9e797b4a.csv
1;1799.6;2019-12-30;parcelas_68dd090f-4526-4b9c-b6e2-3082ba74e7fc.csv
1;168;2020-07-13;parcelas_68e1d8f2-c6f1-41ec-a848-8fbca17f46d6.csv
1;3016.8;2020-11-17;parcelas_68e3f656-3842-4879-8e22-dadc236d4755.csv
1;4500;2020-02-10;parcelas_68e83d7d-1401-4873-a20d-b6ec9f95b1cc.csv
1;79208.5;2020-07-27;parcelas_68e8b518-5f53-4480-83b8-8b0a70bc02d6.csv
1;200;2020-10-28;parcelas_68eab09c-fb8c-4303-93d9-f59d543d97ac.csv
1;117.4;2020-06-22;parcelas_68f5b43b-260b-4580-b5d2-859ddb72e4be.csv
1;2612.5;2020-07-31;parcelas_68f7bc60-62ac-4805-92f1-66863a339816.csv
1;8462.09;2020-01-23;parcelas_69178f1d-de04-4e68-a61d-1937d277bad6.csv
1;3150;2020-06-29;parcelas_69232095-333f-4451-a4da-0fa68a0330db.csv
1;137260.21;2020-02-26;parcelas_69313c5b-463b-493f-b1ff-46128377cb67.csv
1;3653.81;2020-11-26;parcelas_6939f5c0-c314-4d6e-b837-c7a3a61bf216.csv
1;287568.02;2020-06-15;parcelas_6943721c-eb70-4f55-9e24-dd56c0b85036.csv
1;54620.42;2020-08-27;parcelas_69459321-5721-4e3f-a76c-7ef5b47faae1.csv
1;29.49;2020-11-26;parcelas_694a923b-8fe3-4162-a900-34d05ba13ed8.csv
1;14185.5;2020-04-30;parcelas_694c34ef-04f2-47bc-b5e9-88d5d9d9c842.csv
1;447825.65;2020-09-08;parcelas_695386d9-ed79-41c0-8b38-fb9848937971.csv
1;180;2020-05-28;parcelas_6954bd99-bf44-4c31-8a8b-7714d329cd4b.csv
1;13981.15;2020-07-07;parcelas_6958e0de-162a-4408-9a58-7b18a4bd2670.csv
1;10239.14;2020-05-05;parcelas_695ebed9-e6c9-4ee8-8a61-dc505f7c40a0.csv
1;3058.76;2020-06-26;parcelas_695f27d8-7d70-4b6e-9b64-43a5a5f49cee.csv
1;22238.78;2019-12-30;parcelas_69626752-6ea4-4acb-b88e-5a7a23aa7232.csv
1;59070.81;2019-12-30;parcelas_6964aa22-a2ce-4eb6-b9c5-3d5cc11dbb59.csv
1;3395;2020-05-27;parcelas_696a184c-2e10-42cb-ad7f-d05a77184bd4.csv
1;331.11;2020-05-29;parcelas_6978a71b-2321-4dbf-846f-6e96da455a9f.csv
1;4246.9;2020-12-21;parcelas_697f1331-2c2a-477c-be71-960bbe68a91c.csv
1;107665.35;2020-02-26;parcelas_697feba8-8cff-4da5-acfb-cf201cbb8e89.csv
1;46141.67;2020-10-28;parcelas_69845a7c-891b-4c11-9704-39b254209379.csv
1;233073.54;2020-03-26;parcelas_69858570-450e-4286-8af9-f5312ec4baa8.csv
1;3794.39;2020-06-30;parcelas_6987059a-9993-4cc7-9d86-65239007f609.csv
1;10400;2020-05-26;parcelas_6987647c-b2b3-4f30-8b50-07212b520021.csv
1;593.04;2020-09-29;parcelas_6997bfb7-b2ed-4e6e-a2f8-4fc381a94ee8.csv
1;314.58;2020-01-31;parcelas_699e3d40-f532-4003-8154-52f91f624a61.csv
1;192;2020-09-29;parcelas_69a5d65a-9866-4cde-a838-f334c8a7f9f0.csv
1;1700;2020-05-29;parcelas_69a6573c-f2f7-4e2f-b981-e90c6c96d8a5.csv
1;50070.05;2020-03-18;parcelas_69ab9c87-20af-4a19-ac3a-d8845d135fe7.csv
1;343.4;2020-03-30;parcelas_69ae3342-6346-4349-bf0b-37b9a5fe238d.csv
1;221554.65;2020-12-21;parcelas_69b139f0-21b1-416c-a30f-50f2fdb5ca49.csv
1;220000;2020-07-13;parcelas_69b1dd01-cca1-4cad-bf37-059d0e7d668b.csv
1;15133.36;2020-06-30;parcelas_69bacfe6-3bad-4d11-8610-341249a9d308.csv
1;3700;2020-09-30;parcelas_69bf6b7c-39cc-4993-ac86-c6c939153a20.csv
1;915540.66;2020-05-21;parcelas_69c0d389-c29b-47c6-b566-8c8229520671.csv
1;27394.55;2020-02-18;parcelas_69c84ea9-b9bb-4222-bf22-0094c3aa5d93.csv
1;1601.19;2020-04-27;parcelas_69db8a72-2a93-407d-84f8-8ed5e0700d86.csv
1;599785.47;2020-11-06;parcelas_69dc7003-cf77-46ee-ba7f-76a639b3d3d6.csv
1;34043.62;2020-05-14;parcelas_69de7b14-3331-4d32-bbe4-fa5f579a7816.csv
1;239.66;2020-11-27;parcelas_69e8a72f-8656-430d-a1a1-61922b3dbd6c.csv
1;4672.99;2020-06-09;parcelas_69f0cee7-b520-428b-919c-932d5977cdea.csv
1;3078.88;2020-05-08;parcelas_69f60e65-0f83-4da7-b92a-38a7d2755230.csv
1;202.95;2020-01-29;parcelas_69ff0443-81b5-4e8b-a524-35990babedbf.csv
1;3103.33;2020-08-27;parcelas_6a0551ea-2b9e-432f-99f8-2e5ac13c3fc6.csv
1;807.33;2020-10-05;parcelas_6a1198d6-f10b-4f81-b573-0da8250dec4e.csv
1;506.05;2020-02-27;parcelas_6a1609c2-cfbf-4f80-b628-9bf34b0c31ce.csv
1;86.92;2020-09-29;parcelas_6a1c8f3b-5ade-4eb9-9da3-1fc36916ec13.csv
1;1820;2020-01-28;parcelas_6a1e1070-8a4d-4a4b-ac2b-4d710b1ffa91.csv
1;7977.65;2019-12-30;parcelas_6a246142-7d10-4a6e-9dc5-5a9f6016f709.csv
1;330.14;2020-02-13;parcelas_6a2de7e1-889d-46b1-b7eb-4bcf28c1f61c.csv
1;6078.18;2020-10-08;parcelas_6a2e480c-ec14-424b-a989-729622a2328b.csv
1;261.43;2020-07-31;parcelas_6a3a62cb-b083-4a7f-a436-54235c014fb8.csv
1;79.79;2020-02-18;parcelas_6a3abae2-5dce-4698-8ca7-940d51d275f1.csv
1;684;2020-02-07;parcelas_6a40210f-71a4-44a4-8783-3424222b00eb.csv
1;5432;2020-07-14;parcelas_6a44ed88-6962-4100-a25e-510245786e54.csv
1;1928.39;2020-08-28;parcelas_6a479393-b492-4c41-8317-5514f4bb49b0.csv
1;503.33;2020-07-30;parcelas_6a47bf71-6aca-46cc-b144-ea1484c475a6.csv
1;479211.93;2020-12-21;parcelas_6a485d78-785c-43c2-be87-57cc51d41d3b.csv
1;1600;2020-03-12;parcelas_6a486810-c63e-4a9b-b184-fffcf510d648.csv
1;1180.75;2020-11-04;parcelas_6a4da615-adb4-4c8a-917e-72bad6d91418.csv
1;47142.55;2020-06-26;parcelas_6a5baf87-1b7f-4d1a-9e71-dab4b5ac367d.csv
1;861.41;2020-01-02;parcelas_6a5c18d8-012f-4960-b1ee-141591e9544c.csv
1;22300;2020-10-28;parcelas_6a5ce246-f574-4006-8d6f-69852164698c.csv
1;122.97;2020-07-20;parcelas_6a5eed55-18aa-47ef-9d67-5e8b883c30bb.csv
1;7880;2020-01-10;parcelas_6a6d8276-e473-4599-9e33-3ed7cd216355.csv
1;46440;2020-08-05;parcelas_6a702d76-ec19-47ed-97fc-1d6657f01915.csv
1;74.98;2020-10-29;parcelas_6a7eb4d6-750e-4d84-91ec-a088f4860c07.csv
1;3114.39;2020-07-13;parcelas_6a7ee3c9-dc74-4050-a7ae-dcc926574ff1.csv
1;2800000;2020-02-28;parcelas_6a7f8d63-ec5e-4af1-b243-a60c23418692.csv
1;120491.43;2020-07-30;parcelas_6a828bef-176f-4be0-a12e-e618a837bbcd.csv
1;2094.67;2020-11-03;parcelas_6a836703-2f68-4373-94c6-826ff45ef8dd.csv
1;185008;2020-08-28;parcelas_6a9642bc-b9d7-436c-99fc-8c6e7337beb2.csv
1;409103.33;2020-05-27;parcelas_6a9df399-80e7-40d4-be22-bef83e6865ac.csv
1;38400;2020-07-01;parcelas_6a9f53bc-22b1-407c-84e7-0152448a5bbb.csv
1;306.02;2020-10-16;parcelas_6aa3a7b8-b73b-4580-9d86-1813b3cbb9a2.csv
1;2378644.07;2020-10-13;parcelas_6aa665f0-ad8a-4797-a426-17ba13c4ff97.csv
1;1953.39;2020-10-30;parcelas_6aac1395-9966-4808-b1ca-c80ee58a3548.csv
1;9240;2020-03-02;parcelas_6aacb7f9-ff02-408b-9822-8b0eebe63eaf.csv
1;1138.62;2020-11-03;parcelas_6aae2c5c-03d1-41e5-ada4-92f70bef1b96.csv
1;199.51;2020-04-28;parcelas_6aaf3ab8-1335-4dbd-9be7-13c6974a24d4.csv
1;38876.1;2020-02-28;parcelas_6ab30cb2-ec1d-4a96-8b32-ca7bf4d94f05.csv
1;508.58;2020-12-30;parcelas_6ab48814-89b4-49d0-b1b4-b3ce7a2e8f6c.csv
1;390000;2020-11-25;parcelas_6aba2d8d-8448-447b-815f-3f3d4d03a982.csv
1;148816.94;2020-02-13;parcelas_6abf3c2b-618c-465a-8905-e2b9e9764045.csv
1;700;2020-01-28;parcelas_6ac76e84-2437-4280-bd7f-f027307607f6.csv
1;10150.06;2020-10-30;parcelas_6ad41f4d-ce5b-4731-aeff-d535293912f4.csv
1;1319.69;2020-10-30;parcelas_6ad71e78-55d1-4542-b603-86b7995344e3.csv
1;0.06;2020-10-16;parcelas_6ade3c4b-8125-4799-9150-99e1ea2a9cd0.csv
1;62955.2;2020-02-13;parcelas_6aeab25f-2aa1-4bac-b4b8-190924d07589.csv
1;224459.07;2020-10-28;parcelas_6afa64c4-abe0-4e60-bb12-3adf83df2534.csv
1;1332.41;2020-05-27;parcelas_6b013d1b-f054-4f07-8fc2-e9ab0d26f2a1.csv
1;5080.83;2020-06-26;parcelas_6b036c9d-da8c-4932-90bd-9869741c5bfb.csv
1;6230.1;2020-05-22;parcelas_6b0504d9-7a4f-4baf-85f3-1261fda7ee03.csv
1;2502.56;2020-01-10;parcelas_6b0607c0-a5c2-446f-accb-4bfcb34376f9.csv
1;6210;2020-02-10;parcelas_6b0649ae-e05e-4191-951f-f24c080585ed.csv
1;20750;2020-03-02;parcelas_6b086570-5d93-4a0b-b3a0-7d685619bbc4.csv
1;377.3;2016-05-20;parcelas_6b0a60e1-8d41-47ac-a3d7-390c027140da.csv
1;720;2020-10-21;parcelas_6b11253d-b7b0-45ee-ba53-b8f0b62e5186.csv
1;54895.85;2020-11-27;parcelas_6b13a0c0-5029-411c-8442-c2af393d8423.csv
1;3536.69;2020-06-16;parcelas_6b14b4a8-c22f-46b4-920d-b9585cd5a248.csv
1;213669.55;2020-11-27;parcelas_6b15225d-a57c-4113-b6d8-46f7bbec48a8.csv
1;464.78;2020-10-05;parcelas_6b19db1c-3c96-4082-b390-0b996cbccaee.csv
1;19419.95;2020-05-28;parcelas_6b1ae8d8-104b-439b-b742-839ae50da99d.csv
1;101486;2020-07-01;parcelas_6b1e1187-887b-45d4-8ebf-94f6fc82c5b9.csv
1;438.29;2020-04-15;parcelas_6b20dffb-05ba-4086-bbc7-78fae4f00046.csv
1;60000;2020-08-27;parcelas_6b30021c-0377-4fa5-a4a7-39b2fc24391d.csv
1;1836;2020-09-29;parcelas_6b3aaa11-98ef-4752-94c3-d006b61b3e3d.csv
1;114;2020-02-05;parcelas_6b3b917f-bdd1-43b8-8ae2-f22c15a16184.csv
1;1642;2020-03-06;parcelas_6b446d4c-b3e9-4143-990b-dfa1084ae1ab.csv
1;87.59;2020-09-28;parcelas_6b4a2b7b-8837-4690-b3be-bd9e507a2909.csv
1;64642.5;2020-01-02;parcelas_6b4ad816-2fe5-449f-bc14-7989fd3295f8.csv
1;132096.8;2020-08-21;parcelas_6b4ade10-4bc1-4dca-b534-5fd399b7f1a6.csv
1;1890;2020-11-05;parcelas_6b5ed959-6ffb-4a4c-ba39-ba4540b17f96.csv
1;26385.12;2020-02-26;parcelas_6b657754-7bb2-43d4-b157-b42dd17f7e8a.csv
1;55813.34;2020-10-28;parcelas_6b6d172d-99e8-4aa2-81f2-50201723bfcf.csv
1;235.1;2020-02-05;parcelas_6b6f34e6-e89f-4809-89c8-99c8a11fc383.csv
1;39.03;2020-09-11;parcelas_6b70bcfa-facb-4cd8-ae7f-2712d625589d.csv
1;1333.11;2020-08-14;parcelas_6b761daf-f241-450c-a2f6-ff19542cd502.csv
1;5000;2020-07-01;parcelas_6b77a805-a7f5-4aba-adcb-a5173ce00ad5.csv
1;2612.5;2020-04-30;parcelas_6b7a64d5-f511-44e3-a776-0262ca7b9560.csv
1;2138.39;2020-10-28;parcelas_6b7adf07-3f3e-4180-822a-c4b6d5b1ab8e.csv
1;329124.41;2020-03-05;parcelas_6b7af047-84db-447f-a34e-5d3fc1931178.csv
1;22000;2020-11-26;parcelas_6b7f7ebf-9350-4350-b603-d25329783bca.csv
1;11967.9;2020-01-02;parcelas_6b7fb535-fb8b-4ce3-8263-ce30a835e242.csv
1;1917.4;2020-03-23;parcelas_6b80ee0c-5103-4b0d-8cd2-197ba07d8238.csv
1;18.66;2020-09-15;parcelas_6b851d4c-a463-4919-b002-1f0a5671e821.csv
1;2187.5;2020-09-28;parcelas_6b8689cc-0e0f-4093-92b3-1fda15233a38.csv
1;13574;2020-11-09;parcelas_6b8b1bb9-ebf5-463d-9cf3-47543de67acc.csv
1;24998.4;2020-07-27;parcelas_6b8fd0de-9dfe-4f3f-bc9d-a3529312a50e.csv
1;220242.12;2020-03-09;parcelas_6b90e8d1-a45f-4f42-9863-9b583e6755ab.csv
1;25497.49;2020-10-28;parcelas_6b916498-0255-4771-a5e4-dac20566cac4.csv
1;2451.53;2020-08-31;parcelas_6b9172ec-56e8-41da-b070-7dc16963b09c.csv
1;57137.53;2020-12-30;parcelas_6b94e474-2208-430d-a2dd-90d9fc5ed3cc.csv
1;100000;2020-08-24;parcelas_6b9c7c6b-2502-4b78-9efb-60a1bebf5d57.csv
1;59197.13;2020-11-27;parcelas_6b9fe7fb-ed77-45e4-a5cf-23f84901ff30.csv
1;119.74;2020-07-21;parcelas_6ba9cdb3-b264-4c27-9a16-3ce0ad87c6ba.csv
1;1794;2020-06-01;parcelas_6bbafc94-6502-4e2d-9989-abf4fc89d951.csv
1;1370.68;2020-09-01;parcelas_6bbb58c4-174b-468c-8292-21c53a1a23d8.csv
1;520;2020-01-28;parcelas_6bc089a1-4a57-4992-877c-8d56e3cc7c0d.csv
1;30000;2020-07-21;parcelas_6bc14367-782f-4d20-bbd8-517dd155df86.csv
1;111445.88;2020-01-28;parcelas_6bda399f-a2e1-43ea-ac23-d4da58d665db.csv
1;1600;2020-03-27;parcelas_6be32495-d12a-4b97-a720-b138e06d59a8.csv
1;27450;2020-01-08;parcelas_6be758dc-0c88-4cb8-a610-72e4e3de7f86.csv
1;319.58;2020-09-29;parcelas_6be77b3a-3736-40ec-a45c-f5e57d096027.csv
1;3053;2020-11-16;parcelas_6bea22d7-1ec9-49d0-8b55-b81c145e3584.csv
1;0.01;2019-12-31;parcelas_6beacde6-6988-4a3f-bbd8-c525302c43f4.csv
1;1571853;2020-12-29;parcelas_6bf55baf-01dd-4c1d-a10e-20e563b06477.csv
1;58.5;2020-12-30;parcelas_6bf9f6d7-ad20-491c-8437-ed2665fbbe86.csv
1;28000;2020-06-05;parcelas_6c0411e5-89f1-4756-bf7a-6782d031e983.csv
1;2362.5;2020-11-27;parcelas_6c0952e9-153d-4d39-9a02-cf3d65959ee8.csv
1;102251;2020-12-30;parcelas_6c0bfb3e-f5f1-485d-8680-c024a75b250c.csv
1;131.83;2020-09-30;parcelas_6c105460-9976-4aeb-9ee4-dc0b36eca655.csv
1;342;2020-04-15;parcelas_6c13fd04-984a-4b71-ad06-4ea20b090a99.csv
1;1557.6;2020-10-30;parcelas_6c14d6da-754e-4349-a198-1090b3ba7468.csv
1;1440000;2020-07-31;parcelas_6c1a0462-1af7-4011-9698-03c32eb8cfde.csv
1;695.27;2020-04-29;parcelas_6c1a7c0a-4f72-4abb-8ff8-8b584c892311.csv
1;221930.19;2020-09-28;parcelas_6c1ab84f-45fb-43e8-bc6f-2d4f15a61a82.csv
1;741.6;2020-05-28;parcelas_6c26a983-7658-43de-8511-ac7a6be1a598.csv
1;10000;2020-01-13;parcelas_6c29fe0f-144a-4f8c-95e1-4ea95605ccfb.csv
1;284.2;2015-12-01;parcelas_6c2ad196-3eb2-416f-9812-636187798751.csv
1;70286;2020-02-10;parcelas_6c2f4cf5-53d7-463a-9d7d-a99859a2fee9.csv
1;1238.19;2020-11-11;parcelas_6c3180bf-e779-48d8-aa74-38fbb1024aef.csv
1;35945.69;2020-09-01;parcelas_6c332d3a-57b0-472f-a2fd-c32f7020c5a9.csv
1;1800;2020-02-06;parcelas_6c35a83a-44ef-437e-99d0-21494b3b269c.csv
1;2088;2020-02-14;parcelas_6c39a9ad-200b-4809-9445-91f9c7748a54.csv
1;2237.2;2020-11-04;parcelas_6c3aaa56-998d-40fe-b665-43a03c16a6e7.csv
1;446.22;2020-04-15;parcelas_6c4820a7-53eb-4e02-a7a0-f30cccf308dc.csv
1;145212.37;2020-01-02;parcelas_6c49bc1e-310e-4128-831b-1adff728b6f8.csv
1;105000;2020-12-21;parcelas_6c52f6c3-3e3e-460f-85e4-6e4e295017ed.csv
1;257.09;2020-04-15;parcelas_6c59701b-1081-48e9-8a7b-d404764d1080.csv
1;1983.72;2020-02-05;parcelas_6c5a220a-25a7-497c-9603-32342dd7aac4.csv
1;4418386.53;2020-03-26;parcelas_6c5ef346-4445-446d-8dbb-faf941ce53f3.csv
1;15841.04;2020-04-29;parcelas_6c5f6bfc-55ac-45fa-95ac-60fd86c5b072.csv
1;2037.2;2020-07-17;parcelas_6c6a30a3-4bd3-4b8f-b3de-83f0870b7978.csv
1;119929.21;2019-12-31;parcelas_6c7a67f2-7292-4ec6-a28f-b0e547ad2ed8.csv
1;987598.21;2019-12-30;parcelas_6c7a67f2-7292-4ec6-a28f-b0e547ad2ed8.csv
1;332367.55;2020-07-02;parcelas_6c7e3a11-5968-4fa7-84da-44f228989dab.csv
1;1304.87;2019-12-30;parcelas_6c802b1a-0180-4521-b71a-212466d852b9.csv
1;749.7;2020-01-30;parcelas_6c832d47-2535-48dc-9706-c0411e9d316a.csv
1;432.16;2020-03-10;parcelas_6c882c86-edb8-4168-82be-8f5c52042540.csv
1;1085.42;2020-11-20;parcelas_6c8834be-7c47-411f-8532-b140f547c3ca.csv
1;36190;2020-01-22;parcelas_6c8b67a0-0483-445f-9559-3e3381e02631.csv
1;297582;2020-03-20;parcelas_6c99c711-4479-4809-b3a5-408ea0adfafe.csv
1;32.81;2020-09-08;parcelas_6c9fa26f-ca9e-4092-b033-0a5e0ec5129b.csv
1;46873.58;2020-11-27;parcelas_6ca49e78-fe38-429a-90ff-25ee8dd7dca5.csv
1;10.95;2020-01-15;parcelas_6cb27886-93e6-4f4a-9709-c82e5d831794.csv
1;4080;2020-10-01;parcelas_6cb7f0f5-71ed-4bd1-bc47-a40d6b6e4f1b.csv
1;48052;2020-11-19;parcelas_6cb90567-093c-4181-9196-ee1101e40984.csv
1;30;2020-11-06;parcelas_6cba8be0-b40b-49a7-832f-c048d08de32c.csv
1;481.74;2020-09-23;parcelas_6cbd3747-f252-4a9a-85d3-03660b4f1f5f.csv
1;31986.54;2020-06-12;parcelas_6cc031a2-652b-4126-b525-f0e8f9da7f03.csv
1;1120;2020-10-23;parcelas_6cc06987-576b-4291-addc-3cc03da1206e.csv
1;100;2020-12-21;parcelas_6cd2fe7e-4c70-4750-ad9c-6306292b5a1c.csv
1;8625;2020-11-06;parcelas_6cde84b8-853c-4021-8611-899758da7a39.csv
1;79.79;2020-11-26;parcelas_6ce32c76-c6c9-4a3f-8d97-3bc82ed13afa.csv
1;6721.42;2020-11-24;parcelas_6cebe2bc-68b2-49e7-99ee-65215b1cc5cc.csv
1;1844.16;2020-05-05;parcelas_6cf1983c-19e9-4422-a630-93a287ddce45.csv
1;22796.1;2020-05-05;parcelas_6cf35ab3-1696-4655-85b9-2535be0688be.csv
1;2186.83;2020-06-29;parcelas_6d0205f7-e03a-4b1e-a635-7f569f1a4fa3.csv
1;2443.8;2020-11-09;parcelas_6d076bfc-25b0-4453-b434-9ec48c3dff04.csv
1;33826.8;2020-09-01;parcelas_6d107f9f-7ad8-4f9a-a218-2cf530a939de.csv
1;10843.2;2020-05-20;parcelas_6d13d2a9-8576-4163-903e-56bd206290bc.csv
1;190.55;2020-12-30;parcelas_6d1c1991-3562-4f7f-86b0-d9e8195b80f5.csv
1;9329.09;2020-11-20;parcelas_6d22c72f-2bc8-456b-8ba6-4b755fed99f6.csv
1;310.49;2020-03-26;parcelas_6d296960-f974-4f74-86bd-65edb579a69f.csv
1;1900;2020-06-24;parcelas_6d2d1ced-83dd-4955-802a-627d02b8091f.csv
1;82333.77;2020-04-22;parcelas_6d31d1cd-afab-4a4d-8424-acf01d9f6887.csv
1;20193.42;2020-10-01;parcelas_6d3574ad-989a-4839-9785-bf9959849feb.csv
1;1700;2020-08-12;parcelas_6d3b14a4-4b25-428f-888f-81213d0690c5.csv
1;3491.26;2020-02-26;parcelas_6d3c23eb-d940-443d-ab12-38ade67c2192.csv
1;1039.5;2020-10-15;parcelas_6d3f555f-13eb-4f67-be8c-b25cf47792ae.csv
1;423130.56;2020-11-27;parcelas_6d433839-cfd8-4a39-8813-031e8f4835fb.csv
1;79843.08;2020-12-21;parcelas_6d441537-5b18-42d5-b3ac-aa7244dd8048.csv
1;39.89;2020-11-04;parcelas_6d46207d-7656-4ada-a94f-66150aeaf17d.csv
1;88.78;2020-06-12;parcelas_6d48ba7b-f070-484f-b236-9467e97949d9.csv
1;540;2020-08-19;parcelas_6d5565d5-0fc0-486f-8773-4772b602744b.csv
1;69376.32;2020-03-31;parcelas_6d58f3e5-b0f4-4fbe-8a17-717978a9af29.csv
1;155592.83;2020-05-14;parcelas_6d5c6511-4b11-4ce5-938a-845561b98d7b.csv
1;41180.14;2020-02-26;parcelas_6d685f37-7b12-4876-bcfc-800939ff4b86.csv
1;34000;2020-07-28;parcelas_6d6926bb-4076-439e-a4d7-211dd1cfdf80.csv
1;500000;2020-02-26;parcelas_6d6d8cca-1379-4c03-93a6-56f3a9119e77.csv
1;2.95;2020-07-22;parcelas_6d7433c3-e4bb-4bac-92a1-0264ac1f2b1b.csv
1;174.29;2020-07-20;parcelas_6d749850-77e0-475a-bb28-b2dbb0776d64.csv
1;22200;2020-11-06;parcelas_6d7f61ea-bca5-4f1f-95e5-9b2a4b3423cd.csv
1;7703.66;2020-07-30;parcelas_6d8b7294-da6c-4e6f-9493-a6b6814001ee.csv
1;100000;2020-08-19;parcelas_6d8bd5da-4d39-431c-9a5f-6b5f2edda6b4.csv
1;334314.65;2020-12-21;parcelas_6d9297aa-1f03-4744-a794-6dc96436c8e8.csv
1;40037.18;2020-05-22;parcelas_6d941871-bba2-497f-837e-8712d2379730.csv
1;1450;2020-09-23;parcelas_6d94edb7-5d2a-4119-9084-b1937415697e.csv
1;607.56;2020-03-04;parcelas_6d97756a-31ad-4aaf-9fe9-794ac3ee33d8.csv
1;2423.05;2020-01-30;parcelas_6d9f9faf-96ac-4099-907a-0a90b3a122ef.csv
1;900;2020-01-08;parcelas_6da912e1-219a-4ff5-8020-4ed5ac063387.csv
1;1646.66;2020-03-31;parcelas_6dabeeec-58f1-40c4-9558-6eaee4a80a41.csv
1;200;2020-05-27;parcelas_6daf1841-1828-4bd9-96d3-02ff694acb32.csv
1;7640.8;2020-03-06;parcelas_6db12ff8-98c8-4c63-8a76-217f2c231d99.csv
1;690;2020-02-14;parcelas_6dbf3ac1-7710-4587-9532-05ea0fb669f6.csv
1;7000;2020-08-25;parcelas_6dbf8643-3152-4fc7-87a2-907813682be2.csv
1;116682.22;2020-02-26;parcelas_6dd48ea8-89cf-4ee5-93a3-6e38af06c952.csv
1;13862.5;2020-10-15;parcelas_6dd5db63-fb64-4204-b795-54584f204930.csv
1;134.7;2020-07-13;parcelas_6ddd974c-06f3-4283-b4e3-b1dd516bc600.csv
1;2388.58;2020-08-14;parcelas_6dddf356-386d-49d1-97cc-8bcac666d486.csv
1;5500;2020-03-03;parcelas_6deba3b8-7dc1-45b8-acb9-b06cf91cd888.csv
1;79.79;2020-11-24;parcelas_6dec198a-667d-437f-9367-cc7b79235e49.csv
1;3890;2020-11-18;parcelas_6def6a50-46b0-4096-9248-152733316178.csv
1;100.35;2020-09-08;parcelas_6df83363-0095-448c-ba39-8f039a424f52.csv
1;8381.4;2020-07-23;parcelas_6dfac076-d5ed-416c-9c6a-d50a037e40a3.csv
1;4000;2020-06-26;parcelas_6dfb9453-ada8-4d3e-ac2f-1a9f44b6e0b7.csv
1;46890.97;2020-06-19;parcelas_6dff5d5d-aec7-48ff-8693-6cb70f8419d7.csv
1;749.25;2020-02-05;parcelas_6e008239-bc8d-403a-95b6-403792e4f5dd.csv
1;12185;2020-02-17;parcelas_6e021c1f-4d13-409b-bcf4-8ad2fe4d3054.csv
1;14433.29;2020-08-14;parcelas_6e073539-0c14-4cf1-9438-81e04734fe83.csv
1;2154;2020-09-17;parcelas_6e07d49c-77de-42cb-8c66-7a47971a10c2.csv
1;2000;2020-11-26;parcelas_6e10cf90-5d0f-4e37-a71e-44943cf48466.csv
1;162.4;2020-09-29;parcelas_6e1296c9-6fc6-44e3-ad65-a304f04de36a.csv
1;28594.35;2020-12-21;parcelas_6e144c80-7968-4e1c-bc1b-2a14024ee7c4.csv
1;38672;2020-01-02;parcelas_6e1a7f8e-658a-42ad-af64-55d5d3656eca.csv
1;6376.56;2020-03-18;parcelas_6e1c35ca-095a-499c-ae9e-b4e7a6726a4c.csv
1;900619.82;2020-01-02;parcelas_6e230ec2-2df3-454b-a0da-6635b7d87a7d.csv
1;15059.65;2020-04-30;parcelas_6e2ae626-9488-4d85-ae18-63968e0091a8.csv
1;152.1;2020-11-06;parcelas_6e323df8-037b-479f-a332-e7a9b28fbbbf.csv
1;109.2;2020-07-01;parcelas_6e40aa86-3cd2-460b-ae43-bfa3e825488b.csv
1;2233.97;2020-08-10;parcelas_6e4431fe-6355-4e1c-8484-77c389a781d8.csv
1;10552.5;2020-04-29;parcelas_6e470e06-7963-46bb-88b4-981184bf07e0.csv
1;53962;2020-01-03;parcelas_6e57c433-eec5-4bd4-a0cc-5eda5c8d9c37.csv
1;252.36;2020-05-22;parcelas_6e5ee395-99f7-4a15-a0a8-f8702f41e9f9.csv
1;538.69;2020-11-23;parcelas_6e62c684-fc2e-41d3-a36a-b0a41bf2e072.csv
1;129655.2;2020-07-13;parcelas_6e6977eb-fbc8-45a1-9a78-05c83d97663d.csv
1;211756.79;2020-02-13;parcelas_6e7db5df-e339-40dc-a789-8fd42d2a5f30.csv
1;94625.48;2020-10-28;parcelas_6e809290-9c59-4b3a-81f6-62ba889d92d5.csv
1;17080.67;2020-05-28;parcelas_6e88ebb3-53cd-46ef-8e4c-7e937d88e2a4.csv
1;211756.79;2020-01-02;parcelas_6e8be9c5-7f09-4575-890b-d793b3c58d5b.csv
1;5015.5;2020-07-31;parcelas_6e8eb27d-f518-433b-acfa-1f97faadd266.csv
1;66.7;2020-03-26;parcelas_6e91bbc1-fe18-4853-bfdb-169ce780cf81.csv
1;43620;2020-06-26;parcelas_6e937773-b176-473c-a746-b8377bd79a15.csv
1;3412.5;2020-07-30;parcelas_6e9e7887-8a73-4429-b184-274fb974b435.csv
1;332367.55;2020-01-02;parcelas_6ea993db-5125-4e17-a4e8-1e67ee0a502b.csv
1;39344.4;2020-12-01;parcelas_6eb0e35f-f71c-4754-8776-cf8005a634aa.csv
1;28128.53;2020-06-26;parcelas_6ebbb8c9-1ad8-4e10-b63b-69e633a2a3ff.csv
1;2119.2;2020-12-30;parcelas_6ebf73da-e3b2-46ed-8d2b-e19c998177d9.csv
1;267.84;2020-09-29;parcelas_6ec00fb1-c7e5-4d3f-a522-c316cb8d8430.csv
1;41279.56;2020-02-26;parcelas_6ec15da4-5d09-44e1-b378-3af5c5fe6aed.csv
1;146880;2020-01-02;parcelas_6ec98a1d-39a6-4bcd-ba41-415d249f1672.csv
1;700;2020-10-28;parcelas_6ecc8eff-edae-4628-89e6-4bdd5dcc8085.csv
1;70;2020-11-04;parcelas_6ed0da33-87d3-49d5-8ef8-eab4431b39f8.csv
1;29700;2020-11-26;parcelas_6ed4e1c4-dcee-4ceb-8d7c-6eab392176c2.csv
1;180;2020-10-07;parcelas_6edf59a6-0530-4825-92e8-26d2cf5a8a65.csv
1;2283.46;2020-02-28;parcelas_6ee3fbe9-d27d-41d0-8fd4-1495022219a9.csv
1;578.41;2020-02-26;parcelas_6eeeb256-bab0-42fe-a929-b9dc67a5710d.csv
1;9750;2020-08-13;parcelas_6eef9e7b-3eee-419c-8b08-b830f187ea45.csv
1;136407.65;2020-06-26;parcelas_6eefbbbe-1a18-47e9-ae94-0936627f021b.csv
1;1361.52;2020-02-28;parcelas_6efa2a97-1930-45c1-b814-e7c17a28bc2f.csv
1;3397.5;2020-10-09;parcelas_6efbe628-8c58-466c-89d4-0e7f544074f6.csv
1;349.92;2020-02-27;parcelas_6efe0a48-e5fb-4578-8523-54030ae6037f.csv
1;5714.6;2020-07-02;parcelas_6f03aae7-f754-4e91-a90f-a6c74dc30504.csv
1;50000;2020-08-25;parcelas_6f11b6e4-efd7-455f-a2d9-0aa08434d6b5.csv
1;19800;2020-07-14;parcelas_6f140f4f-7d81-4c88-a5c7-3256157e0c4a.csv
1;7110;2020-07-06;parcelas_6f1f4bb2-6e84-4a71-a4c5-bf375ec55d5d.csv
1;3332.1;2020-09-24;parcelas_6f21fc3f-37a4-4311-91cc-0442e4a3ae0b.csv
1;20910.31;2020-10-30;parcelas_6f3ac770-e961-4d2a-b0c8-a7f8318130aa.csv
1;2465.15;2020-11-27;parcelas_6f4033c6-14be-4eb4-9cd2-f3b829941dda.csv
1;5429.37;2020-03-30;parcelas_6f42b3bd-3bff-4493-85b1-f0f7628104cc.csv
1;4915.15;2020-09-23;parcelas_6f43469a-f312-4c42-bcb5-c64967389b11.csv
1;17570;2020-03-27;parcelas_6f4780fc-e3fd-4ea7-96fd-92c546765d19.csv
1;15000;2020-02-03;parcelas_6f4819fd-3e0b-4dfc-85df-88991e952480.csv
1;3974.5;2020-08-28;parcelas_6f4cedf4-3f34-463c-9dff-ae1bf72226aa.csv
1;2712.5;2020-05-27;parcelas_6f66062e-84d4-4cda-b867-18dd77bc69ca.csv
1;23953.86;2020-01-28;parcelas_6f670650-1bb0-4009-84c4-d81c25489ff0.csv
1;22000;2020-12-14;parcelas_6f698d38-347f-4c62-b233-fd2125988bc4.csv
1;5731.59;2020-05-29;parcelas_6f6b4b55-aa10-46a3-993d-a9dd3e38c15b.csv
1;42750;2020-11-27;parcelas_6f6da269-6d57-401f-8baa-24517b778f70.csv
1;6889.17;2020-07-30;parcelas_6f70fa54-7439-4a95-995d-f42a9af7b62f.csv
1;7995.38;2020-11-27;parcelas_6f74d7e1-5bcc-437b-a612-b8d49a604d73.csv
1;20;2020-07-13;parcelas_6f76300b-ddee-460c-99fb-f19668a60764.csv
1;38088.75;2020-01-02;parcelas_6f7ee8a7-098f-4904-bf5c-a5b7de9ca747.csv
1;6750.05;2020-02-05;parcelas_6f7fef29-5f5c-4cd9-8731-add4db4af92b.csv
1;773.96;2020-10-27;parcelas_6f8ab5e0-c6ea-4f6f-bf2d-bd2d971ee4ff.csv
1;155117.23;2020-11-27;parcelas_6f90cd42-8058-4222-98b6-6fd811af0cf4.csv
1;27375.14;2020-12-30;parcelas_6f92d31c-e7fd-48bd-9870-7402e0f63db9.csv
1;32266.3;2020-10-09;parcelas_6f93df8b-80f2-4259-9d9d-d7d18358df9b.csv
1;332.47;2020-09-08;parcelas_6fa1bd6c-7a2b-4f48-962a-fbacf18b348b.csv
1;6860;2020-05-29;parcelas_6fa66a22-aec2-48b7-ad52-0979d8231ee2.csv
1;4130.8;2020-06-30;parcelas_6fa7e4c1-7b1d-4220-a7d7-e0b7ef99efe1.csv
1;2719.2;2020-09-23;parcelas_6fa93a15-4fa3-4978-a9f0-2f7176d53c1b.csv
1;775.33;2020-03-16;parcelas_6fb5a1cc-8ee1-4c38-975c-eee5c909c1cc.csv
1;2077.2;2020-11-17;parcelas_6fc928d0-31e9-49be-9eee-b48837c750ba.csv
1;9013.15;2020-11-27;parcelas_6fcbc41f-4777-40d3-9a8a-4d1bb0181262.csv
1;288000;2020-05-13;parcelas_6fdb4da2-64fe-41e9-a163-268700165969.csv
1;26709;2020-09-09;parcelas_6fde6155-b7b7-4dd0-9ea8-0800a1c168ab.csv
1;2980;2020-01-08;parcelas_6fe76ebd-177f-4545-bd59-1d192f833e62.csv
1;4044.99;2020-02-05;parcelas_6fed678d-482a-491a-b1a8-55e1d9f2ea30.csv
1;23280.8;2020-12-21;parcelas_6ff1ec4b-6b27-4430-bb89-87c1aa892b6a.csv
1;361.42;2020-10-21;parcelas_6ff3bed7-2bc3-4073-b571-cc43058557b6.csv
1;592206.74;2020-01-02;parcelas_6ffc0cd1-8076-4976-a41a-84ca67e09536.csv
1;6157.2;2020-04-24;parcelas_70006300-0525-4d44-b40d-282dbf2ee16e.csv
1;12030;2020-01-29;parcelas_70054023-fb1a-45b6-b7ef-35966b14207d.csv
1;390.28;2020-11-03;parcelas_7008490e-4fa3-48a6-b14b-956310b44ea5.csv
1;849709.55;2020-05-05;parcelas_700c93a1-df8f-4490-99ca-06ef6ad99d01.csv
1;34550.53;2020-11-26;parcelas_70204a49-f733-4dbc-86c5-9be17f0fc648.csv
1;587.48;2020-09-15;parcelas_70308e83-15af-499f-853e-5ddf3235d8a2.csv
1;3036.03;2020-08-28;parcelas_7030be8e-d61f-4e7b-a3b7-e18e39ce303f.csv
1;16712.23;2019-12-30;parcelas_7035a8c9-c32c-4ee3-9798-bc6f257ce4b6.csv
1;7876.26;2020-01-02;parcelas_7035d1c3-1121-4727-b24a-acfecc4febba.csv
1;8107.31;2020-10-14;parcelas_7037ad3b-5460-41b3-bc32-c161669133f5.csv
1;789.35;2020-04-22;parcelas_703b2948-3c16-41d6-bbce-739972c3b43b.csv
1;56250;2020-07-28;parcelas_703eca0a-1707-409b-850d-5efc348b5a0f.csv
1;909.57;2020-06-25;parcelas_7045154e-3c2d-49c9-ad28-1a14e833759c.csv
1;18240;2020-10-30;parcelas_70496c7f-e1fe-4fab-946d-784d44a2b69d.csv
1;1549.53;2020-08-31;parcelas_7057a6e7-3741-43d0-81d6-04592df06c87.csv
1;1045;2020-02-28;parcelas_7057a9e6-10b7-48de-95ef-bedca345a069.csv
1;135916.4;2020-11-27;parcelas_705e7c12-23c0-40eb-b24d-9d6a6ee6ea84.csv
1;3409.8;2020-03-06;parcelas_7068660d-5d97-4399-b04d-4813078df07d.csv
1;79.79;2020-03-03;parcelas_706b1be0-4d35-4d55-bb89-895f571512b8.csv
1;32000;2020-10-22;parcelas_706d28af-79c3-4cff-9dda-9247c264b48a.csv
1;116160;2020-01-27;parcelas_706d5bfd-174d-48a5-8273-42a8d9f429de.csv
1;900.87;2020-05-14;parcelas_707c5526-af6c-4f2f-a93e-8fd3238b38e7.csv
1;1750.86;2020-05-18;parcelas_707d74c9-2036-418d-8d3c-5e6fe882c9f3.csv
1;42.92;2020-11-10;parcelas_7081392e-8018-4ea7-8a3c-b27af6244ac9.csv
1;799;2020-12-30;parcelas_708f4aa7-1a5f-40c2-afa5-8b03c005f017.csv
1;1894.24;2019-12-30;parcelas_709a8748-4ca0-497d-89a4-b1e7b0cc7554.csv
1;549.6;2019-12-30;parcelas_709a8748-4ca0-497d-89a4-b1e7b0cc7554.csv
1;84725.25;2020-08-13;parcelas_709a966c-e7a2-4571-be87-d745ba37d3ec.csv
1;10132.49;2020-04-29;parcelas_709b2111-2c1c-473f-9235-4eee172f99c8.csv
1;23978.21;2020-08-04;parcelas_709fd4f7-9bda-441d-b1de-1c5fd5041054.csv
1;40149.1;2020-02-10;parcelas_70a49b1e-0488-45ff-8762-31207348b41a.csv
1;19872.96;2020-05-27;parcelas_70a6fe51-dd9d-4f55-98b9-b25fd3bfe149.csv
1;68;2020-11-03;parcelas_70a87f6f-00e1-41ee-8d5d-5211adfc0b29.csv
1;317512.18;2020-04-09;parcelas_70ae92ad-b80b-4e7b-880c-16d9114fd917.csv
1;1437.2;2020-10-30;parcelas_70b407a6-2331-4938-89d1-b0a7d0706f61.csv
1;3718.47;2020-09-24;parcelas_70b55efc-95c5-491d-aac0-f9db37e84154.csv
1;4000;2020-12-21;parcelas_70bc7a65-c18f-43c1-a187-85e468e6a36e.csv
1;22792.36;2020-07-13;parcelas_70bca2bd-587c-408c-98c0-cc412186dc37.csv
1;9329;2020-06-09;parcelas_70bdfa7d-3ed0-4688-88ce-d65e1993e2ab.csv
1;1046;2020-12-21;parcelas_70c9ca4e-2a1c-4ac2-a1fa-1cc5f2065166.csv
1;7000;2020-09-14;parcelas_70cb5d0b-44cd-4324-b4d1-bae36e9eda8e.csv
1;68584.93;2020-04-24;parcelas_70d0808a-fd9f-4ad4-afab-b6f2f0366328.csv
1;150;2020-08-18;parcelas_70d31114-1537-4643-a818-5d26943b391c.csv
1;1552873.4;2020-08-06;parcelas_70d3db73-03ce-4b81-8e82-e62f33a65ac6.csv
1;130;2020-11-12;parcelas_70d3e0a7-c5c9-4bd2-845e-31487cf15191.csv
1;437.87;2020-01-31;parcelas_70dbece9-0e13-434b-9c62-a48e54ba7f74.csv
1;8016.97;2020-09-09;parcelas_70e0eee1-a593-497b-b2cd-dc4e6b44882e.csv
1;15800;2020-08-21;parcelas_70e4fcfb-5c27-4726-815b-e5694bbe939d.csv
1;4350;2020-05-20;parcelas_70ed00d3-2bd3-4cf3-b7f2-6977e64a2a7e.csv
1;365;2020-10-21;parcelas_70ef37ae-8ea8-422f-a48e-0d25cd955d4c.csv
1;17922.78;2020-01-28;parcelas_70f9c33a-04c0-45d6-8435-059c0144fd87.csv
1;34000;2020-06-29;parcelas_70fbee0f-c9dd-4ab4-b739-dfb9f25b24fb.csv
1;7320.12;2020-02-05;parcelas_70feec26-f241-4c80-a35c-3e1e9fff99ab.csv
1;17250;2020-01-31;parcelas_70fef1e9-541c-403b-b7f2-fc17bd8f4b0c.csv
1;3056.99;2020-04-30;parcelas_70ff7dc7-8e9c-4bbe-816b-e234a3d1d09e.csv
1;1811.5;2020-08-07;parcelas_7101de02-3e6c-485b-963a-2fb3bfeb1558.csv
1;31376;2020-05-11;parcelas_71105e55-1e4a-4aca-9f0e-50f4eba82a4f.csv
1;7500;2020-11-13;parcelas_7110d48d-269d-44ff-8702-6ca3449856ab.csv
1;1354.51;2020-05-04;parcelas_7116b3da-4947-483c-984a-513dba606917.csv
1;950;2020-07-06;parcelas_711b5af7-f39b-4a48-bbe1-c21cb166e004.csv
1;39.89;2020-11-26;parcelas_71225c21-d978-4eaa-aaa1-46fc89a91b21.csv
1;43409.42;2020-10-06;parcelas_7125d47e-9086-4ada-8005-c2adabb172e3.csv
1;479.72;2020-10-21;parcelas_71268d72-2747-46ea-b548-6d641494643a.csv
1;89365.43;2020-08-27;parcelas_71276eec-5313-4ef8-8a34-4f2c5c2d0683.csv
1;41645.02;2020-01-29;parcelas_71305a79-eb06-42e0-9d53-223496cb29b3.csv
1;798887.83;2020-01-29;parcelas_71452f03-e71b-41ad-b43a-c034b607f911.csv
1;27626;2020-07-17;parcelas_714913db-78bc-4e7a-b25f-208aa57d38da.csv
1;145.36;2020-11-09;parcelas_714e7d74-38c2-4e0c-9711-9e7a82ea098e.csv
1;32367;2020-02-17;parcelas_715995a4-fdff-4fcc-b2dc-3f0933a625f1.csv
1;7740;2020-08-06;parcelas_715a8f80-f074-4c15-8723-d9b7aa8b516d.csv
1;19.37;2020-09-30;parcelas_715acfa4-3cfe-4735-bbee-b7edb212cfa2.csv
1;82742.45;2020-06-09;parcelas_715e631d-61d5-4ec9-81dc-4986b06c2785.csv
1;820;2020-08-21;parcelas_715f4fec-b62a-4018-9db5-6976e415e73e.csv
1;8975;2020-01-30;parcelas_716070ec-8ad2-44d8-ad05-5f706724f80f.csv
1;765.27;2020-06-25;parcelas_71656600-330d-46ef-80a7-18502e5307d5.csv
1;2285.58;2020-08-31;parcelas_7166bdc6-f777-410e-b1c6-c65f902e9b5c.csv
1;726633.7;2020-01-02;parcelas_716ee3b1-7551-4701-ac44-c81698f7ba34.csv
1;1296;2020-05-14;parcelas_717571a6-255f-4bc6-bfba-de00ce9edb40.csv
1;2991.32;2020-07-21;parcelas_717d7cb3-4e4c-4c40-86dd-c7ecdef4eb2a.csv
1;293.47;2020-03-02;parcelas_717ddf51-61e3-4221-9c74-b654eee05764.csv
1;29.49;2020-07-23;parcelas_717e0a78-6dd2-43bd-9b08-52c447ffb942.csv
1;1102.27;2019-12-31;parcelas_7184ea40-947b-4515-b47d-5e1ab9375533.csv
1;79.79;2020-12-30;parcelas_7186f3f3-d45e-4613-b6da-165083413943.csv
1;1337.77;2020-09-29;parcelas_7189bf17-fb00-4418-8922-fc1830b9fd55.csv
1;5332.65;2020-07-31;parcelas_718e87b3-5b22-4531-89b2-98b61604d8f0.csv
1;287;2020-09-24;parcelas_718ff6d0-6719-452c-8269-5db4164b887b.csv
1;1980;2020-01-29;parcelas_719412fb-4fa2-42e7-b1b3-19fcc503768a.csv
1;101457.25;2020-01-02;parcelas_71995b98-7118-4d38-9b2f-eed8efa45155.csv
1;60.2;2020-04-15;parcelas_719e5d42-2f3f-407e-b187-15589b000338.csv
1;2102.41;2020-11-09;parcelas_71a1659b-2a81-45ed-bac8-cd44febdd662.csv
1;60;2020-09-18;parcelas_71a8d4d9-dd26-481c-933b-27bacbb9d91e.csv
1;1039040.53;2020-01-02;parcelas_71aa5e1f-491d-4027-b438-b7b528d471c4.csv
1;70;2020-10-26;parcelas_71aaf604-9153-4e18-be4e-a85c170d559a.csv
1;550.02;2018-04-30;parcelas_71b6520d-4e11-40d2-9ce2-6ba7effa4adb.csv
1;36;2020-05-14;parcelas_71b70679-b2b1-4b81-8d67-610f867f2a65.csv
1;3100;2020-07-01;parcelas_71bd0af2-67bb-4c0f-8c42-61c4161f79fa.csv
1;1174.39;2020-10-07;parcelas_71e728d3-8faf-4924-8971-be66e63154fb.csv
1;22837.32;2020-07-13;parcelas_71ea87c1-7458-496c-8dbe-305cc9b123f8.csv
1;391.22;2020-03-30;parcelas_71f3d27b-233d-4fc2-99c3-2d45fffc8f9f.csv
1;2255;2020-05-13;parcelas_71f3e969-75bf-4768-bd53-1c087da71817.csv
1;18.34;2020-09-17;parcelas_71f66f78-817e-4fdf-8f26-da3d6e294cfd.csv
1;2233.04;2020-09-29;parcelas_71f9774f-99f7-451a-9c6f-f8144b4fb64e.csv
1;1161.9;2020-04-02;parcelas_71fefb71-f3e1-4744-97da-ec1a6e67f94a.csv
1;194.45;2018-12-31;parcelas_72013eb2-f196-4e22-aecb-5a5e2bdaf73d.csv
1;1735.76;2020-03-31;parcelas_7201a7ae-e055-4a92-9a87-79f1af286b10.csv
1;437.92;2020-10-01;parcelas_7205a36e-76c9-4e71-831a-cba2233fb116.csv
1;10432;2020-11-16;parcelas_720b2f96-a893-4226-9bea-11df9a713000.csv
1;9899;2020-07-31;parcelas_720cc94e-4eca-4878-85e3-a3f7af486258.csv
1;195760.43;2020-09-28;parcelas_72194e63-07d3-404d-8dbd-8924b3862fdd.csv
1;681.16;2020-07-22;parcelas_722b5fd9-9dab-4ea1-8779-72c3a90d1c7e.csv
1;12200;2020-05-11;parcelas_72318736-f325-47e2-a459-52baa49aaf40.csv
1;6440;2020-04-09;parcelas_72363968-09b8-4441-ab70-8a73f878f8ea.csv
1;7980;2020-09-08;parcelas_7239eda4-db6e-494b-8cd9-a1218ac2c7e5.csv
1;48230;2020-11-25;parcelas_724637a8-7139-4f3f-a583-0d466e34debe.csv
1;590;2020-10-20;parcelas_724f9412-cfd2-48e4-a478-6fb49e3e72df.csv
1;3568.74;2020-09-24;parcelas_7250194b-673f-460c-8301-3f7354085ec8.csv
1;386.22;2020-11-23;parcelas_7252a2ba-be80-442d-852a-dfdf7ca5a234.csv
1;46646.24;2020-03-30;parcelas_7256e8a8-c416-4257-891f-9f372ef1dffc.csv
1;388.95;2020-11-09;parcelas_726bc556-c42c-4b6a-b4f7-9f5e3dd16646.csv
1;5473.2;2020-08-18;parcelas_72765904-b67a-4fd8-ba5b-dbd7914e7293.csv
1;54585;2020-07-01;parcelas_72792e26-cc97-407c-adaa-12f22c06e3c9.csv
1;7497.1;2020-06-19;parcelas_727b599b-131a-4eaa-a487-71228cd2c4e4.csv
1;682.6;2020-02-26;parcelas_727d5b5d-eac5-46a2-b805-8af8fff061df.csv
1;170.97;2020-01-20;parcelas_728967b3-0a08-4a0f-8ee7-90d76f42a60b.csv
1;692.08;2020-09-08;parcelas_7289f1e5-f732-4357-b163-e93f1808e60c.csv
1;659.81;2020-05-04;parcelas_72913181-0bfb-4098-b79c-01eeaade76c9.csv
1;1095.96;2020-02-05;parcelas_7295ba59-69ad-4e9e-976a-43ebdbe74e4a.csv
1;20.07;2020-10-30;parcelas_7295f6a9-dd2e-485a-9a03-6a4eaf35ff65.csv
1;389277.99;2020-02-17;parcelas_729e4249-2460-4482-b6cd-903702f48c32.csv
1;355.28;2020-09-01;parcelas_72ad44ee-5671-4e1c-b3e7-e5fd2715ecc3.csv
1;2520.1;2020-05-27;parcelas_72aeca16-711b-4c5b-a0dc-3f5dc61348d5.csv
1;1263.25;2020-11-30;parcelas_72af3b50-1b84-465a-8efe-c3f96669559b.csv
1;1786.18;2020-10-15;parcelas_72b2dc13-8264-4de6-8090-cdae79f1aef2.csv
1;110328.47;2020-03-05;parcelas_72bd2e40-0075-4c98-a9e7-694cfda6f2c9.csv
1;484.19;2020-05-28;parcelas_72c51908-6318-4275-b976-b9f55c84f616.csv
1;57085.6;2020-05-27;parcelas_72d83adc-090e-4b04-8b33-d4af79ee3812.csv
1;3058.76;2020-11-27;parcelas_72d998f4-a0c6-423a-81be-9bb20628bd3b.csv
1;39992;2020-03-30;parcelas_72db5bae-fc28-4647-b50d-a0e9a9aca83e.csv
1;27302.87;2020-06-24;parcelas_72e1e6c0-2405-42ff-9544-deb21e0bdea8.csv
1;268.67;2020-08-27;parcelas_72e88894-c0ae-4bc4-890f-f1eab65c547d.csv
1;8252.65;2020-07-22;parcelas_72fa2cbe-d70e-4635-a430-3917c09136c1.csv
1;49000.5;2020-09-17;parcelas_7300992a-4635-4703-bfbf-b89d0707ed73.csv
1;6316;2020-01-31;parcelas_7303a449-997b-4ad1-b21d-7438e3ce3c22.csv
1;85500;2020-08-18;parcelas_730550e7-29c1-428d-bc3c-3878f11cf561.csv
1;102.58;2020-10-01;parcelas_730733b4-4f9b-43aa-a624-db0b1aa5c3e7.csv
1;10950;2020-03-06;parcelas_73100f2b-2b95-4c04-8858-91aad7704852.csv
1;849;2020-10-26;parcelas_73177b98-7c83-4993-91d0-949a86fb2905.csv
1;29.49;2020-12-28;parcelas_7327b99e-87b2-4ed5-b7c9-f403df29a5db.csv
1;1065.46;2020-11-20;parcelas_732b90eb-253a-43cf-acbc-876e9eb8e846.csv
1;6016.2;2020-06-08;parcelas_7333a2db-5d40-4cec-93fc-9f1f78805468.csv
1;3391.31;2020-12-30;parcelas_7337a33d-e8b3-4bce-8fe9-4df56344d7ae.csv
1;194.91;2020-04-29;parcelas_733c725e-f7d5-49f9-a641-32a62755f476.csv
1;140003;2020-03-26;parcelas_733e9d90-5dc6-4367-aa2a-9611ded58802.csv
1;474.5;2020-02-10;parcelas_7349acc2-83c4-4111-9937-0c0a9b1f3b8e.csv
1;29378.5;2020-03-06;parcelas_7355cc8d-156f-4092-b4ac-3a338633e531.csv
1;135991.1;2020-08-27;parcelas_7356bf21-4b00-4c48-be01-453bde871b1e.csv
1;69294.74;2020-05-27;parcelas_735d2ad2-7de6-4e4a-a242-f97e13a2a7a7.csv
1;24.2;2020-05-11;parcelas_73605296-4a74-4046-889c-3de2fc286be3.csv
1;74290.96;2020-10-28;parcelas_736308c6-5e83-4cce-bc74-e5d2aeeb02bf.csv
1;18000;2020-04-30;parcelas_7363ec50-cc63-41a9-95b4-35c74486e244.csv
1;763.86;2020-06-30;parcelas_7366ff55-bc4b-4d0a-898c-84f7c719eda5.csv
1;14845.5;2020-10-26;parcelas_73697a24-0e4b-4622-a778-fd2b93308799.csv
1;50000;2020-06-25;parcelas_736a1732-ce12-4c9f-b3fa-0ccdbbe7f1e8.csv
1;154;2020-08-03;parcelas_736bddfd-36c0-4c11-a5b9-97dcab36f650.csv
1;3817.2;2019-12-31;parcelas_736ec93b-0a13-4857-84e5-286f0fa4224f.csv
1;39.44;2020-09-02;parcelas_7371f134-2e14-437b-bb51-98e4ec9f993f.csv
1;2660;2020-09-09;parcelas_73740d68-06c1-4f7e-9c04-005f76664155.csv
1;320;2020-12-14;parcelas_73747157-e605-4a84-af57-e1b13aebd7ca.csv
1;133.73;2020-11-03;parcelas_737644c0-512f-43d7-9c9e-a0ec039b86ec.csv
1;170.97;2020-01-13;parcelas_73797566-6521-4d91-971d-540ebea40b6d.csv
1;870.99;2020-09-24;parcelas_737afdf1-a3d1-4a96-b07b-e78b9ffa713b.csv
1;15880;2020-04-20;parcelas_737b021f-cd17-4f4e-aaec-aed846123e05.csv
1;38454.66;2020-04-27;parcelas_737d96fd-7afd-43b3-97a4-16cabc144130.csv
1;88.78;2020-09-18;parcelas_737daf56-7745-4bcd-b49a-212f52d80f2f.csv
1;175;2020-03-26;parcelas_7383a972-bb85-4162-a924-26d049901ff5.csv
1;503.33;2020-11-26;parcelas_7383d1c3-04cc-4ff5-ba03-ae12ba052ac3.csv
1;108962.84;2019-12-30;parcelas_73888a57-dfc0-4237-9a1c-1e6b9d5bf576.csv
1;83802.75;2019-12-30;parcelas_73888a57-dfc0-4237-9a1c-1e6b9d5bf576.csv
1;109733.44;2019-12-30;parcelas_73888a57-dfc0-4237-9a1c-1e6b9d5bf576.csv
1;111582.88;2019-12-30;parcelas_73888a57-dfc0-4237-9a1c-1e6b9d5bf576.csv
1;124991.32;2019-12-30;parcelas_73888a57-dfc0-4237-9a1c-1e6b9d5bf576.csv
1;92048.17;2019-12-30;parcelas_73888a57-dfc0-4237-9a1c-1e6b9d5bf576.csv
1;108616.07;2019-12-30;parcelas_73888a57-dfc0-4237-9a1c-1e6b9d5bf576.csv
1;79448.86;2019-12-30;parcelas_73888a57-dfc0-4237-9a1c-1e6b9d5bf576.csv
1;2700;2020-04-29;parcelas_738a838b-1bab-4775-b3ba-17af16254db2.csv
1;42610;2020-11-27;parcelas_738de7e0-b893-4388-9be7-4ec3f6876a72.csv
1;3092.5;2020-10-26;parcelas_739402dd-2b0b-4463-bded-fa90893747b1.csv
1;32890.28;2020-05-27;parcelas_739a8475-7d5a-4fac-86bd-d15887941dfc.csv
1;392644.57;2020-06-23;parcelas_739eea30-38d7-4dc9-8d85-fcf1c9fb1c19.csv
1;89329.39;2020-01-29;parcelas_73a39284-2eef-44c8-8f4b-c9a96e163cdb.csv
1;1032.8;2020-08-07;parcelas_73a51616-a875-4ea4-9726-84ae91945aa7.csv
1;458000;2020-08-19;parcelas_73a98e3e-b765-4606-bcc8-c76ecfc14436.csv
1;7269;2020-11-16;parcelas_73aa14ba-985c-41d5-a97f-3e0191ddf09e.csv
1;106412.86;2020-10-28;parcelas_73ac64b2-4520-458c-8a9f-159c90828daa.csv
1;2039.3;2020-05-05;parcelas_73b1cf09-9f16-462f-ace1-86eadd8355ea.csv
1;13905.96;2020-09-04;parcelas_73b2cf76-ad5d-4c95-8e26-2a2498f8fffc.csv
1;780.73;2020-09-10;parcelas_73bea0b8-5e20-4c70-a819-ec2d96b695ab.csv
1;1600;2020-01-02;parcelas_73bed040-ed82-49c8-9b83-18ea2cce5b97.csv
1;2716;2020-08-25;parcelas_73bef33b-749c-4f69-b725-51e57cf74dc0.csv
1;5194.33;2020-05-27;parcelas_73c24146-d756-4d60-9d88-2572e61df6cd.csv
1;50737.5;2020-02-21;parcelas_73d2b082-55db-4a77-9cbf-0da934787ab3.csv
1;88.78;2020-11-09;parcelas_73d3d4bb-b4c2-429e-bae3-128a4297c08f.csv
1;17060.9;2020-05-27;parcelas_73d3e8a4-b4e0-460b-ae57-1f84a05e5bf6.csv
1;19550;2020-02-17;parcelas_73d5280a-be1a-4664-a99b-f1368af31459.csv
1;805;2020-11-06;parcelas_73d86613-ee8f-4595-a99e-4c6a86c0b0f4.csv
1;199.35;2020-09-28;parcelas_73d86998-3646-4921-9894-db6d4e077c61.csv
1;150.22;2020-11-25;parcelas_73df6c54-e141-47a0-9f5c-7c13fae3b032.csv
1;170.97;2020-01-15;parcelas_73e16ae2-5fab-429b-b3f8-f668028e1173.csv
1;376.55;2020-03-06;parcelas_73e78a58-9bef-4570-842c-8ccbc8c259f9.csv
1;616;2020-10-07;parcelas_73e99e45-6abc-4b29-b306-a0e1781c415a.csv
1;750;2020-02-05;parcelas_73ebb2a1-630f-4b2c-8a76-2fbc543fc145.csv
1;53631.67;2020-12-21;parcelas_73ee4f8e-7bff-430e-bd1a-b388d17e0c10.csv
1;1332.31;2020-01-27;parcelas_73f0f8dc-f8af-4d7a-a589-961724605baa.csv
1;3010;2020-08-05;parcelas_73f3e14b-70bb-4dcf-9421-3c46b4b73f9e.csv
1;9832.09;2020-08-27;parcelas_73fa0c47-9ce8-4f8d-804e-6db3f9a553bd.csv
1;110661.53;2020-08-27;parcelas_74010536-209c-4358-a729-9563cedadf0f.csv
1;66.7;2020-01-23;parcelas_7405a575-95bb-4e16-adf6-07468235a12b.csv
1;61650.5;2020-01-29;parcelas_740d904a-eebb-4fba-b7a4-50e04a1ba85b.csv
1;700.52;2020-07-23;parcelas_740edbb6-98b9-4f1e-b1d3-41e95d297445.csv
1;1156;2020-08-28;parcelas_74179121-56f7-4c77-a534-5a010d42e3b6.csv
1;2440.16;2020-06-30;parcelas_74205343-8004-4ab6-928c-7ffaefdcd9c9.csv
1;5055.5;2020-09-23;parcelas_74275af1-40d8-4dd5-a8c2-120f259d05ec.csv
1;14398.78;2020-11-27;parcelas_7431446b-061a-4ec3-864a-64f0b972a023.csv
1;42289.19;2020-03-06;parcelas_7434fbd8-c830-484a-ac37-5d1a8b22f2d7.csv
1;121834.87;2020-05-27;parcelas_74399cbc-fc65-4509-859d-ffbd359c0232.csv
1;1668;2020-07-01;parcelas_743bc003-0fa3-4906-9b66-f56ac6826d9f.csv
1;35532.05;2020-11-27;parcelas_743ec91f-34dc-4e51-97ec-456c01ff6c55.csv
1;24000;2020-04-22;parcelas_7442552f-496c-432f-bba2-6b6b3748da3f.csv
1;128429.64;2020-02-26;parcelas_74462f66-926b-4e18-a4e4-e5c2e9a8af3a.csv
1;1695;2020-11-30;parcelas_744fb5e1-7114-4c62-98b1-401d25a4acb5.csv
1;262.68;2019-12-30;parcelas_745007c8-6bd5-475a-a660-5cbcb5c3a131.csv
1;8130;2020-03-02;parcelas_74552643-3c8c-4aa6-8d09-7ed986d12058.csv
1;261.4;2020-07-13;parcelas_7456300c-fd54-4a59-8042-fbf86e7aa71d.csv
1;323.4;2020-10-21;parcelas_7456b142-3719-4e08-9361-9fd8668412cb.csv
1;104400;2020-01-31;parcelas_7457d9e8-bbcf-4fb6-9615-d440c76f298c.csv
1;48.8;2020-11-05;parcelas_745819a4-6f91-4ed4-9bcf-d133e1444ad7.csv
1;1050.03;2020-03-10;parcelas_7459e0c1-51ae-4db0-a4b6-f02869f90c7b.csv
1;5000;2020-08-14;parcelas_745f99b1-d577-4069-b4c0-be20844d4f09.csv
1;4652.53;2020-11-23;parcelas_7467146e-42ec-483a-a176-ec09419daa5a.csv
1;7394;2020-02-18;parcelas_7471a0e2-7160-4852-b12c-59d68d872e55.csv
1;542.35;2020-10-06;parcelas_747dc7d3-3a02-48f8-97c3-76ac5ab140cf.csv
1;78096.48;2020-06-26;parcelas_7486f4a4-be1b-4ca2-83d9-06bbdb1031f7.csv
1;610.83;2020-11-03;parcelas_74876ff8-e542-4496-b2c2-6072f675b0d8.csv
1;3347.14;2020-02-27;parcelas_7488aebf-143e-475f-9759-cde609adf286.csv
1;17357.3;5730-03-17;parcelas_74893d57-fb4e-4761-bb09-ce02035871b5.csv
1;607.6;2020-09-24;parcelas_74900b9b-55bd-4ccd-aeac-a75f6964a864.csv
1;15000;2020-05-01;parcelas_74922fa4-202d-4119-a6fd-57430622cd1c.csv
1;29017.76;2020-07-30;parcelas_74955503-a6c6-4d86-b2e3-bda2c69dfcac.csv
1;5400;2020-09-17;parcelas_7497d6c1-ff84-4468-be28-69513782c889.csv
1;145.78;2020-06-25;parcelas_749f30b6-2afe-4073-a2ad-e292818437cb.csv
1;69061.7;2020-05-11;parcelas_749fc9df-3df9-4e8f-ab5b-d37bf81a9154.csv
1;667.07;2020-11-03;parcelas_74a53bb9-8949-47c6-a631-f46862445701.csv
1;300000;2020-09-11;parcelas_74ac2509-05f2-4c46-97b9-557b3053ae91.csv
1;54000;2020-02-14;parcelas_74ae8be8-e24e-44d7-9635-629db1c0fa41.csv
1;4439.97;2020-06-22;parcelas_74b8333a-f5ca-4c97-9577-cc7b30839e13.csv
1;195.88;2020-11-05;parcelas_74bef671-a503-44f4-b68e-951890579bef.csv
1;4928.68;2020-08-28;parcelas_74c28a92-4762-44b6-8411-0cb1763f941d.csv
1;29.49;2020-12-10;parcelas_74c8af69-be58-4d15-a9e9-421fe9f0dca6.csv
1;5520;2020-06-08;parcelas_74c91b32-8bb3-46f5-8d52-5160b8ff59bc.csv
1;347.66;2020-08-20;parcelas_74ceb9bb-eef4-4efd-90b4-ba342a37a78d.csv
1;1200;2020-09-24;parcelas_74d6fcba-e944-425e-a960-94db8286ee30.csv
1;54.4;2020-11-03;parcelas_74dcbc39-b692-4fef-9a85-2f5530ca1cec.csv
1;3282.5;2020-08-07;parcelas_74e2445f-7eb7-4128-94fc-85a5e8d5e134.csv
1;30000;2020-07-22;parcelas_74eb9a81-ec6d-4804-a0f3-ddbfc55c52a5.csv
1;1642.84;2020-11-27;parcelas_74ec36a5-5428-4b64-8a9a-e5a555495cba.csv
1;4277.12;2019-12-30;parcelas_74ed1a32-91ec-4435-aad5-ff893190360d.csv
1;1881.93;2019-12-30;parcelas_74ed1a32-91ec-4435-aad5-ff893190360d.csv
1;2566.27;2019-12-30;parcelas_74ed1a32-91ec-4435-aad5-ff893190360d.csv
1;983.74;2019-12-30;parcelas_74ed1a32-91ec-4435-aad5-ff893190360d.csv
1;4293.58;2019-12-30;parcelas_74ed1a32-91ec-4435-aad5-ff893190360d.csv
1;14969.94;2019-12-30;parcelas_74ed1a32-91ec-4435-aad5-ff893190360d.csv
1;4918.69;2019-12-30;parcelas_74ed1a32-91ec-4435-aad5-ff893190360d.csv
1;2095.79;2019-12-30;parcelas_74ed1a32-91ec-4435-aad5-ff893190360d.csv
1;1411.45;2019-12-30;parcelas_74ed1a32-91ec-4435-aad5-ff893190360d.csv
1;21100;2020-11-27;parcelas_74ed2bcb-9a58-421f-a13a-83845173b4e7.csv
1;73175.85;2020-07-28;parcelas_74ee9a83-6fa0-427a-a4ab-1f30d0fa387e.csv
1;815.12;2020-02-18;parcelas_74f4ed22-a122-42ee-bccc-85b015fbb69a.csv
1;1365;2020-04-29;parcelas_74fcf85a-d17f-48f1-b1eb-777ee71cde47.csv
1;124.58;2020-02-12;parcelas_75007d2d-073e-41b3-8c8b-9ea7d4ea6784.csv
1;125900.89;2020-08-07;parcelas_75088d44-b917-4a2a-b693-3a40332bc780.csv
1;11671;2020-01-02;parcelas_7509ebf8-49b4-42fc-8b90-ccd2e5cfbcb4.csv
1;321.9;2020-11-25;parcelas_750dca07-ac65-442d-9261-e8f675f183c1.csv
1;122374.93;2020-08-27;parcelas_751138cd-99d9-4cd8-8ece-4077213e87ce.csv
1;10020.7;2020-11-23;parcelas_7516b12b-6991-4796-bffd-f30f7c517175.csv
1;1392.01;2020-07-01;parcelas_751a80fc-f45a-40ed-a3d8-bb28f5bb485a.csv
1;2800;2020-06-26;parcelas_751bf7bb-ad7b-40f2-aed4-fb9e5e6774f3.csv
1;26385.12;2020-08-10;parcelas_751cb6a3-14c8-4b46-98e5-0f76c8abaea9.csv
1;2078;2020-02-14;parcelas_751f0011-4999-4cd0-9758-fe130b0d5c4b.csv
1;1575;2020-07-30;parcelas_75276218-b2a7-4bd0-9dfe-c18c0782c68d.csv
1;1044.9;2020-02-27;parcelas_752ff6fd-a071-4142-ab5b-fd4075f51517.csv
1;22083.27;2020-05-27;parcelas_753b38bf-fab3-4a75-8adc-d2b1425ad3df.csv
1;7879.57;2020-04-27;parcelas_753b65d5-970e-4cbe-b6d2-2675bc4c96b6.csv
1;9694.44;2020-01-02;parcelas_753cb2a5-80ba-4411-836f-6f7d28ada583.csv
1;18584.73;2020-08-27;parcelas_753e5a32-69a5-4177-9e77-d7885e0d4b46.csv
1;860;2020-03-27;parcelas_75630378-80ce-4c66-beb1-3bf6c1a13cdb.csv
1;11991;2020-02-27;parcelas_757795e6-3f53-4482-84e3-db6b554468a7.csv
1;27300;2020-10-01;parcelas_757a9001-bfbb-4ec4-b065-f5c1072093ca.csv
1;101.49;2020-05-29;parcelas_757c1189-691d-42c4-8a9d-25a7cf53fbc3.csv
1;7000;2020-06-19;parcelas_757c755a-5c2c-43b0-8f33-ae7aed79eb24.csv
1;133.71;2020-07-30;parcelas_757d2509-627a-44cf-a98c-7c81379cf403.csv
1;13600;2020-02-03;parcelas_75821359-64cd-4516-8caa-29fb9484210a.csv
1;136048.44;2020-12-21;parcelas_75833ae7-2b59-4b7a-b5ae-8d66417e8f8b.csv
1;737.5;2020-08-10;parcelas_758f446a-4010-4c40-968f-ec0b21d138b1.csv
1;43720;2020-11-04;parcelas_759dbf92-cee6-4947-99b2-4c24bb68d941.csv
1;600;2020-09-28;parcelas_75a239c8-d7a6-4c2f-910b-866e4459fa71.csv
1;2500;2020-08-06;parcelas_75aab205-96e7-46fe-a361-96a03b5a19c3.csv
1;252270;2020-04-30;parcelas_75abdfb4-6f5d-42f2-93aa-3aab0a98c257.csv
1;13303.41;2020-11-24;parcelas_75ae76e0-6426-4549-8a18-54f8f2b29d06.csv
1;92.14;2020-12-21;parcelas_75b7f0f1-6976-4449-b7a4-3b469ca03b7b.csv
1;145.71;2020-10-07;parcelas_75ba617f-7284-4e3e-8ebe-b61aba1b6528.csv
1;617359.92;2020-02-26;parcelas_75c31c50-6f2b-4946-bff5-fc765b170b01.csv
1;1678256.94;2020-11-27;parcelas_75cc1b1a-1251-4019-bcf7-6e8da81c1d70.csv
1;90836.87;2020-05-27;parcelas_75ccee45-9d35-450d-9242-b1c072d5a8a6.csv
1;4000;2020-05-28;parcelas_75ce13fd-2d79-425a-8b30-a0bf64b5b61a.csv
1;59312.21;2020-11-27;parcelas_75da4ac2-b3c2-4814-b378-0bd912c1d2f5.csv
1;97.34;2020-11-09;parcelas_75e056fb-f255-4b34-855e-044037ef9b4f.csv
1;769.25;2020-04-14;parcelas_75e1343f-4219-40e3-bde5-d9e7f905086f.csv
1;20000;2020-01-14;parcelas_75fe3183-165f-4cd9-a1c2-67bf3d58d28a.csv
1;1531.95;2020-08-19;parcelas_76032603-8845-4bc9-a188-df6e0e7a1fc8.csv
1;3963.51;2020-08-14;parcelas_76091ee3-e066-4ae6-94ae-e032ea42984f.csv
1;232;2020-10-21;parcelas_760a0be6-906e-4885-8896-9565677a9e67.csv
1;912.99;2020-09-29;parcelas_7620c99e-a097-40be-9afc-73e57792c460.csv
1;1527.18;2020-03-18;parcelas_76271e31-d1d2-4291-9bd2-6b6760a4a5e2.csv
1;7501.66;2020-10-28;parcelas_762ebc78-43ba-46a4-b36b-a7b2206e59ff.csv
1;2000;2020-04-01;parcelas_7632933e-395f-4f3d-978f-f7b58a700fe3.csv
1;32823.47;2020-06-26;parcelas_763352c9-18a4-48bd-a213-84d83b57a2ef.csv
1;1752;2020-04-20;parcelas_7635734d-2a52-4357-9252-022401a967ae.csv
1;39499.67;2020-01-02;parcelas_763f6fc1-dac1-4feb-9677-819dd15228fc.csv
1;130.79;2020-09-22;parcelas_76412a65-21d9-4015-903a-95cc88784047.csv
1;48623.64;2020-04-29;parcelas_76468369-c24f-4f02-a425-91b064bb8085.csv
1;1348.8;2020-10-21;parcelas_76475619-a5ba-4a45-a486-bf6318505619.csv
1;18122;2020-03-03;parcelas_76547256-fdca-4c86-b6bd-eee0b4214c86.csv
1;53803.44;2020-01-02;parcelas_7657e8c2-0503-4227-862a-79f125a552af.csv
1;17000;2020-01-02;parcelas_765b0da8-a682-4e2c-b2a2-f1a160351b22.csv
1;1469.27;2020-09-15;parcelas_76628293-03c7-41aa-8ebf-df6f21738192.csv
1;49870.04;2020-03-11;parcelas_76630c6c-adc2-403f-9ce4-1b9f727bcf5d.csv
1;20048.49;2020-11-17;parcelas_766db8b6-6650-477a-8e85-f457ea806545.csv
1;92565.39;2020-04-29;parcelas_76756501-e5e3-4f03-bb7c-790ced2c3876.csv
1;21978.27;2020-06-26;parcelas_7679aa09-a736-47af-8a99-4a213b8fda5c.csv
1;644;2020-06-16;parcelas_767d64b6-c67c-4602-ac3d-d259ae4a9406.csv
1;25305.21;2020-01-02;parcelas_768ae28b-23d5-41ef-bfc4-9b5dbd7576d1.csv
1;319.59;2020-03-11;parcelas_768cbef8-f246-4f2a-b00b-7a9d6d58c2c7.csv
1;10495.88;2020-04-30;parcelas_768f4953-da53-42c0-98a6-730207031284.csv
1;695.27;2020-05-27;parcelas_7694c06c-274b-4e79-a4f3-ce111a802e47.csv
1;211756.79;2020-12-10;parcelas_769950b7-9115-4a1a-89a5-0aa04376bc10.csv
1;12838;2020-10-30;parcelas_76b1cb6a-d7e0-4c6d-8651-6c965a49d4f4.csv
1;324;2020-10-05;parcelas_76b53207-1ffb-4cd2-a677-76446b0c4240.csv
1;3564.83;2020-05-29;parcelas_76b58b2b-236d-4281-9e80-394dccd04c2e.csv
1;14301.21;2020-10-30;parcelas_76b918c6-a7bb-4d22-a523-0f61d2f7d371.csv
1;150000;2020-04-30;parcelas_76bb79a3-964e-407c-843e-09aa8f21f85d.csv
1;40.8;2020-11-03;parcelas_76befc78-0d84-4215-8b8d-ac69a0bd6adf.csv
1;64900.1;2020-10-01;parcelas_76c3b29c-1969-4c17-8930-80204019097a.csv
1;133.71;2020-08-27;parcelas_76cb502e-2ac6-4f64-8781-f08fb8e45123.csv
1;7040;2020-06-26;parcelas_76d8fbb9-1480-4196-ac56-466536a49367.csv
1;40304.81;2020-01-02;parcelas_76d940b3-0327-42a1-b05f-ac860e59a3c1.csv
1;980;2020-09-23;parcelas_76db4c5e-f36f-4c0f-8c76-e3615990fa5f.csv
1;38523.87;2019-12-31;parcelas_76eb3ec9-76f9-46a3-baf4-5032d602098f.csv
1;76498.34;2020-06-26;parcelas_76eb509b-816a-4233-83d4-cb989938412b.csv
1;1824.63;2020-07-13;parcelas_76f22fe2-3b38-45e6-9b4e-f4793e45cc7f.csv
1;2450;2020-01-28;parcelas_76f81f24-92dc-453f-884c-48ebc7a6fd2a.csv
1;2318.4;2020-09-17;parcelas_770032cf-5f49-4398-95fb-0b2dc18bd52c.csv
1;81000;2020-01-02;parcelas_77014c0c-e97b-480b-a82e-108a492b0b8b.csv
1;5323.3;2020-02-21;parcelas_770365ba-3f11-4b9d-a392-9d5bb6ac71b3.csv
1;166575;2020-01-02;parcelas_77172359-99e4-4e03-9f17-9947c11cd755.csv
1;2634;2020-06-08;parcelas_77203851-7cf0-41cd-acb1-cb845a36832a.csv
1;22200;2020-08-28;parcelas_772ca389-fa89-4f01-9820-60907b907c05.csv
1;58.06;2020-12-14;parcelas_77395f35-8532-4bb1-8071-c0d0dacfed5d.csv
1;4341.16;2020-04-30;parcelas_774007e2-2174-4a09-88a2-09dbebed3df1.csv
1;2465;2020-01-08;parcelas_7744e725-e126-4bf8-b263-1b3675eb7a66.csv
1;3150;2020-12-21;parcelas_774c361e-a08c-41da-bf15-e5348d16c94b.csv
1;2090;2020-12-21;parcelas_774ca9ad-ab06-44f8-a737-5ccd4bd02f95.csv
1;42000;2020-01-10;parcelas_7757d221-700c-4988-b629-5aa90e3dad54.csv
1;83819.07;2020-11-27;parcelas_7758ccab-dc38-4387-ab4a-c099761eb87d.csv
1;4515;2020-08-27;parcelas_77592d80-7487-4deb-a82b-199c7ec2f312.csv
1;1016.78;2020-01-24;parcelas_775d94ac-ab0e-4270-9074-7adeba889927.csv
1;4255.67;2020-10-21;parcelas_77681147-5878-43f2-a21f-529f31addef3.csv
1;5882.92;2020-02-04;parcelas_776c846d-d983-4bc7-9704-0fbb4abf31cb.csv
1;5080.27;2020-01-10;parcelas_776d77e6-98b1-4ff0-8635-3d1268acad4c.csv
1;20780;2020-01-29;parcelas_777519b4-ae78-4a66-a0ad-df6802879f02.csv
1;556.68;2020-11-25;parcelas_777aeb5a-779d-4969-8041-745fb7f5d399.csv
1;86088.16;2020-06-26;parcelas_777d1361-9c5c-4a13-a829-3eaec817869b.csv
1;7020.44;2020-04-30;parcelas_777e24aa-8359-419e-9b90-fceda5ec2aae.csv
1;525;2020-05-27;parcelas_7784d369-23bc-4926-8584-54ec6fec9427.csv
1;1866.4;2020-10-01;parcelas_7786bd57-9025-4fed-a700-13420e7d4987.csv
1;197.75;2020-06-26;parcelas_778975e6-b7d8-4469-bd90-f750dd31601f.csv
1;24.63;2020-05-29;parcelas_7793479d-827c-4fe0-a6ac-aecb42d96bd2.csv
1;88.78;2020-10-15;parcelas_77946974-a09c-422e-b54e-7c1157ecdc6a.csv
1;7160.9;2020-06-22;parcelas_779c649b-b04b-430c-8d85-e22cf4f902eb.csv
1;682.6;2020-01-28;parcelas_77a1fa83-d668-460b-b0e0-42e17e45e74a.csv
1;146.2;2020-09-29;parcelas_77a407f5-c0aa-4880-84cd-357078cbaf2b.csv
1;60207.31;2020-11-27;parcelas_77a7a4c8-2172-458c-afdc-f77eba2e3a53.csv
1;11110;2020-02-20;parcelas_77a98022-73bd-4254-b88f-1e9dfcd58c3b.csv
1;3731;2020-05-22;parcelas_77b3115b-ec56-4a2a-b062-16e6afe71ca7.csv
1;10536.3;2020-11-03;parcelas_77bd151c-dcd1-4d45-b530-f0c4741f851f.csv
1;132.27;2020-05-26;parcelas_77be57e8-bc58-4f75-94d1-7c5a1e3d63ee.csv
1;14480.2;2020-03-25;parcelas_77c1a2de-122c-476b-801e-f60078cbb958.csv
1;11500.48;2020-12-21;parcelas_77cef01f-be86-4c91-9cfb-4812cf25b581.csv
1;853.2;2020-09-09;parcelas_77dbffae-4117-4d5c-baf9-5ec9864a45e2.csv
1;761.56;2020-02-28;parcelas_77e5a2f0-915d-409f-a78d-8b2c08491e42.csv
1;3931.7;2020-11-06;parcelas_77f513de-8fe8-4503-ade8-6c6c70a3f952.csv
1;3535.48;2020-11-12;parcelas_77f5e16d-1a89-4abf-8ad8-fb00f0f5e986.csv
1;3080;2020-10-14;parcelas_7800829e-57a5-416e-a1a3-c97d863ee47b.csv
1;427.54;2020-07-17;parcelas_7805f7e6-f143-43cd-ad6e-1dee2df29ffa.csv
1;797.53;2020-02-06;parcelas_78088935-c12c-4eef-8fe0-05068ae5a8ec.csv
1;8779.84;2020-09-28;parcelas_780a13bf-2f83-49a9-9979-a0d3ad25c2c6.csv
1;7978.19;2020-01-10;parcelas_780bad02-d508-4c72-9671-edab419a5832.csv
1;91500;2020-04-29;parcelas_78237a24-0e96-4e70-bb86-ea8e2dfaaacf.csv
1;6538;2020-08-27;parcelas_7826c50f-acd6-44c9-889c-4d9bcb676a50.csv
1;1436.84;2020-08-19;parcelas_78284784-3faa-4c8c-96a7-0a3d1f0de1a4.csv
1;2880;2020-12-21;parcelas_783510db-9ae7-44b2-9fdd-ddcdc6dc1c2a.csv
1;343.36;2020-10-21;parcelas_783934f2-498d-4d21-8a42-2f5d844a6b94.csv
1;236959.02;2020-04-02;parcelas_783d518c-7cc9-4181-a56f-095ec2608d5a.csv
1;32709.83;2020-01-02;parcelas_783ffb9e-7eb1-4871-ab8d-04a345eb7551.csv
1;7212.92;2020-08-27;parcelas_784090d9-ec61-4219-8212-db323bedc37e.csv
1;48820.6;2020-09-02;parcelas_7841b31b-5847-40c1-a0c6-43f713206642.csv
1;93.7;2020-04-27;parcelas_784692b0-afee-49dd-9f3c-626eee21a3de.csv
1;7014;2019-12-31;parcelas_7851011d-1baf-424a-9694-a9303e38f695.csv
1;362117.76;2020-09-28;parcelas_7858984c-867b-438b-aac4-af1b90c1273b.csv
1;46500.89;2020-12-30;parcelas_785aaad1-f18d-4e46-a73c-4a590bebbd34.csv
1;38;2020-05-22;parcelas_785b3ccf-ef1f-44ea-9984-c71d1a5c8162.csv
1;401.75;2020-12-30;parcelas_785e8bc2-9a37-4c8b-b18a-81dc67f73da8.csv
1;79.79;2020-02-27;parcelas_7861404e-ea91-4f4a-bb31-f2ee67749e46.csv
1;1019.1;2019-12-17;parcelas_787af061-c489-4150-880f-56b808642f18.csv
1;12000;2020-02-18;parcelas_78813fd3-4e1a-45d9-bb3f-918f562cd05a.csv
1;875.16;2020-10-30;parcelas_7888a8d9-e08b-4ba8-b96a-ca9bf7179c6d.csv
1;40;2020-09-11;parcelas_789da9b8-0fbc-4d43-bac7-949e1cc01fef.csv
1;2891.97;2020-09-15;parcelas_78a0cf3d-4a8c-4818-ba88-d88c66e555f4.csv
1;6029.25;2020-08-27;parcelas_78a11582-6dfe-4de9-8e57-b5a12323620b.csv
1;24844.18;2020-03-26;parcelas_78a325a4-e832-4d27-a09b-67551d7cc309.csv
1;5567.62;2020-11-26;parcelas_78a4f59b-91dd-47a1-8bf1-9aac10338333.csv
1;6707;2020-04-22;parcelas_78a9f95c-e688-4d91-91e0-3711e06c3035.csv
1;520;2020-09-23;parcelas_78ac3843-c12e-4373-b916-abefb21580ae.csv
1;1719.54;2020-01-24;parcelas_78ac72ec-30f5-4657-845f-fe80a21c5e35.csv
1;2373.41;2020-09-08;parcelas_78b00a58-1dfd-4a3e-95b9-4618f8eea8d9.csv
1;66.7;2020-02-06;parcelas_78bd255b-fbf9-431b-87fc-744da39f1555.csv
1;376.19;2020-05-14;parcelas_78be12ad-c307-4dbf-aa60-f64d17f9e72f.csv
1;1901.64;2020-06-29;parcelas_78c5562f-ea90-476c-8872-ae5ffabfa2b9.csv
1;4200;2020-04-16;parcelas_78cf881f-6c5f-40e0-9d90-6165e5ff8d9e.csv
1;1205.35;2019-12-30;parcelas_78d62800-2fc2-438d-a876-0ee066820945.csv
1;46800;2020-12-21;parcelas_78ded9c9-2b82-49d1-85cd-3b60d398c034.csv
1;294112.68;2020-01-31;parcelas_78e23891-0e11-4696-8938-50a55db7c80f.csv
1;14617.76;2020-05-29;parcelas_78e46a48-3f31-4ae8-8b05-e5794128fec3.csv
1;104644.68;2020-08-27;parcelas_78e59a6f-0664-49f0-a3ce-0ed3896a94b0.csv
1;806;2020-03-20;parcelas_78e91ad4-877c-49f4-be4b-3c920b77a6ae.csv
1;162264.11;2020-05-29;parcelas_78eb7a4e-83e9-451a-8d21-8839f4baef5d.csv
1;1401.11;2014-09-19;parcelas_78ecaf3e-318a-4ace-b860-49648283fd3d.csv
1;2512.92;2014-10-20;parcelas_78ecaf3e-318a-4ace-b860-49648283fd3d.csv
1;67500;2020-04-30;parcelas_78f923e6-a295-45bb-bad8-0ff894f9db39.csv
1;937.1;2020-09-29;parcelas_79001bd8-73d5-41be-8e4d-ea0ddc595874.csv
1;144250.99;2020-08-27;parcelas_79045a47-46dc-4651-865d-a61276da83d4.csv
1;95535;2020-05-27;parcelas_790d9139-a233-4b68-a778-a77c29af2706.csv
1;46500.89;2020-07-31;parcelas_79133e3c-c9c2-4c3d-864b-1e49c2ebe061.csv
1;2771.63;2019-12-30;parcelas_791eb603-61d9-40f1-aef0-0078c3683a87.csv
1;42690;2020-03-25;parcelas_7921dcf0-65b7-4044-9b57-caac435b7a7f.csv
1;221.8;2020-10-28;parcelas_7922c463-1427-4b73-b208-0353425e2824.csv
1;18249;2020-02-05;parcelas_792422a1-229c-4355-83e5-379b587b21b8.csv
1;1159.28;2020-12-11;parcelas_7932c707-0f4b-4fd8-b543-ba883e4ed527.csv
1;4115.6;2020-12-30;parcelas_79332844-8ddf-4ac9-ad24-d598ea4d7d2c.csv
1;234.78;2020-03-05;parcelas_79337d0d-9963-4bfc-8090-1cf987388c21.csv
1;26093.12;2020-06-19;parcelas_793e992f-fa79-4ed2-a674-7e3da705ec7c.csv
1;800000;2020-01-02;parcelas_7942bbd2-5086-4c8f-b32d-81dee2cd8595.csv
1;14043.76;2020-01-02;parcelas_7944983a-baee-4f59-9b1f-0714134c114b.csv
1;4038.3;2020-05-11;parcelas_794869ac-1402-45c9-9383-887613b3c83f.csv
1;2037.2;2020-11-17;parcelas_794afa62-cd73-4854-9f28-acb40e5db157.csv
1;2780;2020-10-29;parcelas_79564078-8b10-4001-8fc6-423c9cabe78f.csv
1;1131.9;2020-11-03;parcelas_7956d7cb-49e0-4c5f-8835-55786eac52c1.csv
1;157636.59;2020-02-26;parcelas_7957e8ee-3d8e-454e-a026-77ca54538659.csv
1;70466.77;2020-03-30;parcelas_795ae1cb-a3b8-40ea-9b39-4b2fe629952c.csv
1;60;2020-12-03;parcelas_795cbb82-96cc-463c-8eed-256d9015e0d6.csv
1;1022.52;2020-03-12;parcelas_797590f4-181e-4b30-9bf4-d4c12e63bf8d.csv
1;277.29;2020-01-10;parcelas_798c4c16-c2b9-4918-a485-8945ca8715e7.csv
1;500000;2020-04-09;parcelas_798f21c8-d60e-4a6a-b8c6-80f2eee218fa.csv
1;3700;2020-05-14;parcelas_799555e9-82ae-4d6f-afb7-8736cbe1c491.csv
1;286.99;2020-04-30;parcelas_7997985b-e2c4-4f2b-9ff3-274fa2d8e1a0.csv
1;9053.82;2020-05-28;parcelas_799bb01c-2b74-455f-8d5e-d20af6258d93.csv
1;79617.4;2020-12-21;parcelas_79a0d3f9-066f-418d-ae6e-51ef9f583909.csv
1;1103362.7;2020-01-02;parcelas_79a223cf-6079-4107-a9d6-d62ef7a04784.csv
1;1043.28;2020-08-19;parcelas_79a48a54-8f8c-411f-a0f4-1874f443b16c.csv
1;68250.69;2020-01-28;parcelas_79a5fc1c-1588-484a-9bcd-85fe92143ce4.csv
1;156998.31;2020-07-24;parcelas_79a9b563-b2ab-44d3-9ef8-5b032916f022.csv
1;21660;2020-10-22;parcelas_79afb860-cf39-490f-80bc-3b32c3f550bc.csv
1;11666.67;2020-08-27;parcelas_79b72feb-9f04-4284-8ead-3fe98c34e553.csv
1;1958.4;2020-03-02;parcelas_79bc56fb-3f1a-4b35-b80e-1d0a4043ef2f.csv
1;10000;2019-12-30;parcelas_79c6157f-d2ed-4ee3-b356-03c783237059.csv
1;1954.43;2020-06-26;parcelas_79c785fd-44ea-4471-ab67-907f7852bce3.csv
1;1302;2020-04-16;parcelas_79cb743a-759f-4f0d-9368-41656d65b358.csv
1;14574.05;2020-08-27;parcelas_79d70c22-5e6d-4681-8d38-70d97743ae3a.csv
1;67912.37;2020-02-26;parcelas_79d99aa1-b90f-40ad-bc6f-b6e36ae7eb26.csv
1;105000;2020-06-26;parcelas_79e2d068-f9ba-4f6e-b809-56311213dc1a.csv
1;1273;2020-02-10;parcelas_79ecd15a-a8f8-46f2-b754-18eeb11c7ee0.csv
1;31520;2020-01-29;parcelas_79f1f42b-f564-48b6-b4f6-502a18acbe1b.csv
1;2139.18;2020-10-28;parcelas_79f8ae01-0f4f-4f49-be15-cd366ef70faf.csv
1;620.08;2020-11-03;parcelas_79f9fc1d-94ea-4448-88ca-c6611a8217ac.csv
1;3472.5;2019-12-30;parcelas_79fd4738-18ac-42c7-a390-5487d7c59442.csv
1;253.47;2020-07-13;parcelas_7a042fb9-44d7-4b0a-a65e-22bf5eb6fcdb.csv
1;10706.12;2020-10-01;parcelas_7a12fdab-0e45-409a-bb00-2a4311ec1cc1.csv
1;150000;2020-03-16;parcelas_7a1687cd-924d-4368-a6cf-1465f5e5a338.csv
1;130535.61;2020-11-27;parcelas_7a18e13a-37db-4aa9-ad99-84179c9261f9.csv
1;249000;2020-03-02;parcelas_7a20b9d1-d126-438d-aa78-91ebe2e27098.csv
1;51582.68;2020-01-02;parcelas_7a235acc-33b7-416b-b2c7-a559a49bf887.csv
1;90;2020-08-17;parcelas_7a2935a2-6fd0-4206-8bad-221e5655e0fd.csv
1;37439.27;2020-04-07;parcelas_7a3c2241-03a3-4b02-bb54-38185ea0069b.csv
1;25068;2020-01-13;parcelas_7a407d02-8bb9-424f-8a4b-bfeeeb493ff3.csv
1;4481;2020-11-24;parcelas_7a4e2412-a85c-4671-accf-fa06d30bed18.csv
1;22500;2020-04-08;parcelas_7a55d5c1-c3ce-425a-a3d2-80fd59efcdd1.csv
1;3171.74;2020-03-30;parcelas_7a6294c2-c6ec-4e30-81f8-e541816aca28.csv
1;3091.2;2020-10-07;parcelas_7a69c698-9c04-4826-9f2d-a0501f4aff0d.csv
1;393562.74;2020-05-27;parcelas_7a6b1831-7d71-4024-b5df-b3d2ec2264bb.csv
1;328.36;2020-06-09;parcelas_7a72f95b-87da-4122-b84a-0a35aa3c37fe.csv
1;3625;2020-02-18;parcelas_7a753b44-8622-4344-b868-df6e691e2626.csv
1;7703.66;2020-04-29;parcelas_7a7a50e9-abd2-457d-848a-fbf5ebc18e17.csv
1;1051.44;2020-04-27;parcelas_7a7c6f8d-24f7-4b69-91d0-b056d16c05c7.csv
1;228.35;2019-12-30;parcelas_7a80bcd7-4fb4-444f-bc3e-5ba8234fb974.csv
1;1575;2020-06-26;parcelas_7a8146ec-1145-4fd1-ac55-45eb6cd7dc9c.csv
1;29887.2;2020-01-02;parcelas_7a8291f5-778d-4af5-b008-69ef4f3c01ca.csv
1;438.29;2020-10-28;parcelas_7a8385e4-46d8-4725-bbf9-fb8e434d57b2.csv
1;370;2020-11-09;parcelas_7a89d3a0-cc99-4f73-ab22-c36884f829e5.csv
1;1032;2020-03-12;parcelas_7a90a2f6-b1a0-4244-8f1a-d2dab95e66b6.csv
1;1159.41;2020-04-08;parcelas_7a928ed1-3538-4171-a016-0d959e28388e.csv
1;721.05;2020-11-05;parcelas_7a97b20e-13e0-4553-9d1b-0ec333e372c4.csv
1;936;2020-02-06;parcelas_7a9ea139-a173-4042-a9b1-3dfc36f82251.csv
1;17741.54;2020-06-26;parcelas_7aa0508a-d9c3-40aa-bdeb-ff34f582d80b.csv
1;1890;2020-02-10;parcelas_7aa09c21-e82b-46e1-90ce-414e4e890790.csv
1;79.79;2020-10-13;parcelas_7aa593ec-9c3e-4638-8157-c11548204f2c.csv
1;785.01;2020-11-03;parcelas_7aae4ca5-2ed3-4bc7-aaef-28979211e5e4.csv
1;1102.27;2020-04-30;parcelas_7aae9321-f0ff-4022-8325-2c2a9805b5cf.csv
1;1390.06;2020-02-11;parcelas_7ab19164-f4aa-4d80-93f8-2d67495befa0.csv
1;36606.49;2020-03-06;parcelas_7ac07fee-8ac2-49dc-a76f-e9e90aa2b1de.csv
1;66.7;2020-03-30;parcelas_7ac0a7c2-1084-4444-a819-d30366c76fd4.csv
1;50090;2020-11-06;parcelas_7ac6fd0d-6e43-4f01-b56a-b08e4184917e.csv
1;1740;2020-02-12;parcelas_7ac8dda8-9a67-4fed-870e-474d6cfd60e4.csv
1;1872.4;2020-08-18;parcelas_7aeeea66-afd0-4d78-8356-e190190d7ad6.csv
1;13152;2020-01-02;parcelas_7aef3885-006f-458f-93ce-23d5c42eb8ca.csv
1;120000;2020-01-02;parcelas_7af22853-e563-490a-a93b-b6dc3854f5f8.csv
1;1200;2020-11-04;parcelas_7b0ba6e9-ba50-44a0-9d10-1f904a7a2d2f.csv
1;1086.85;2020-11-19;parcelas_7b0e21d9-7691-44df-ad6f-cc5cb64f258a.csv
1;9000;2020-07-31;parcelas_7b16751e-42d7-43f5-bacb-f22e4b177aba.csv
1;7711.33;2019-12-31;parcelas_7b1ddc68-e971-4a04-80ef-877b900b5679.csv
1;3080;2020-01-14;parcelas_7b21c016-ce13-4ac7-9a95-3cdc63fda7d0.csv
1;43200;2020-11-12;parcelas_7b2fc885-33af-4d8e-949b-8c28e35e1e19.csv
1;150000;2020-02-17;parcelas_7b307aa1-6d47-4fd9-aefd-f772c2147686.csv
1;350;2020-10-28;parcelas_7b361ec6-1c02-4b52-a7eb-866d9eccac66.csv
1;10091.65;2020-09-28;parcelas_7b3796cc-87bb-455b-a044-1ff5f7139efb.csv
1;2952;2020-07-13;parcelas_7b3e98ca-42d0-426a-833e-ebd4a2e732b1.csv
1;418752.07;2020-08-27;parcelas_7b40b7d5-35a1-45ee-b1c6-4631c843af0e.csv
1;4009479.25;2020-11-17;parcelas_7b44a8bb-f430-4283-af43-f839fe08f176.csv
1;30445.04;2020-11-03;parcelas_7b4c470a-9618-4f22-a3e1-3347d39ff6b8.csv
1;9835.52;2020-04-29;parcelas_7b598ed4-e46d-4c04-bf58-becb0395c146.csv
1;78.09;2020-11-03;parcelas_7b5b6f8e-5be2-4bff-8cc0-20902b55b331.csv
1;11000;2020-02-10;parcelas_7b5b9299-c62f-4440-ad29-1b894070ecc3.csv
1;42000;2020-01-02;parcelas_7b5ee5f7-e167-46a6-86b2-1e272c9db610.csv
1;21059.24;2020-11-20;parcelas_7b5fa756-ecd5-4227-ade7-07f8412133cc.csv
1;20000;2020-07-02;parcelas_7b69d48b-6b0a-499b-a734-70d41dec1fbd.csv
1;27639.42;2020-10-08;parcelas_7b746d35-5628-4ee7-9ebe-87add2005a21.csv
1;500;2020-05-27;parcelas_7b8033a4-3348-447f-9b80-d41f96c1fb69.csv
1;20487.78;2020-01-31;parcelas_7b80e68e-5baa-4a9b-b69f-dfe49b14dbc9.csv
1;12720;2020-07-13;parcelas_7b817ac9-b368-4fae-a922-3ea285d1e25f.csv
1;26851.85;2020-12-02;parcelas_7b86dadd-4b21-4ce2-a445-2e38775dd2a6.csv
1;1102.27;2020-03-31;parcelas_7b894aaa-1c54-49b6-b9e5-71993a6840b0.csv
1;88239;2020-02-27;parcelas_7b8a8752-b2c6-4841-8de6-53dc172a1195.csv
1;43780.56;2020-09-30;parcelas_7b8f3d14-ed76-4ad5-83a3-e42cdb966837.csv
1;31165.22;2020-01-24;parcelas_7b9c8ce0-d1e4-4aee-8eac-e82d73c85d4f.csv
1;51334.77;2020-12-30;parcelas_7baca8fb-4386-438b-8e66-d4359740efde.csv
1;2000;2020-09-28;parcelas_7bb2cd48-eeb7-46d9-a32d-0ce9930a937d.csv
1;1776.92;2020-11-25;parcelas_7bcb1de7-11cf-44f1-875a-16bf5549bbbd.csv
1;14037.1;2020-09-23;parcelas_7bd583fb-d2a0-45a0-96b7-a16d8465aaa1.csv
1;44637.4;2020-01-02;parcelas_7bddd4dc-ad0a-4a84-a503-0998ed7816f4.csv
1;11156.64;2020-06-26;parcelas_7bdfec8d-f74b-4816-b426-3991a80047db.csv
1;72.89;2020-05-14;parcelas_7be7ce70-ee79-401c-8559-3c2b962993d1.csv
1;30565.17;2020-03-20;parcelas_7be87081-a6ec-41a8-aa1f-25f15038bf1c.csv
1;120167.22;2020-04-29;parcelas_7bee3fa7-b568-43d7-8fa5-b08de53cafd9.csv
1;3026;2020-06-09;parcelas_7bef13f9-fca9-4bdc-84d4-d3defcc72703.csv
1;11024.11;2020-02-07;parcelas_7bf4ecbb-7946-4bfe-9323-07f1f4f7f6c3.csv
1;28346;2020-02-17;parcelas_7bf7464f-5a7c-497a-b2e6-3878e1fd85d1.csv
1;460.51;2020-02-03;parcelas_7bf77573-6cdb-4649-91e0-1cba42a6f144.csv
1;6092.19;2019-12-31;parcelas_7bfeb7ad-c9e3-4971-b6c9-9e18f06da0da.csv
1;3268.51;2020-03-12;parcelas_7c03608f-46b3-4034-b132-791135dfddf2.csv
1;58378.02;2020-10-07;parcelas_7c12ad22-0ebd-41ea-87a4-482cb5bf497e.csv
1;3626;2020-07-06;parcelas_7c1583d6-5e0a-4840-9031-2ad0104d681d.csv
1;594.57;2020-06-09;parcelas_7c15b226-b38d-4ed8-8e04-cbeb12f7fb2d.csv
1;4605.2;2020-09-25;parcelas_7c162878-f946-4566-963d-7d1350ec19d7.csv
1;121502.97;2020-04-28;parcelas_7c19a889-727b-44fe-8638-eb23fb174ba1.csv
1;5088;2020-06-09;parcelas_7c1f1d39-5dcd-420c-b11c-f20f8b6c64a3.csv
1;18978.3;2020-03-10;parcelas_7c203fe5-5779-4dbf-b898-8cc00b6aa6b9.csv
1;676.4;2017-12-28;parcelas_7c2313af-1f44-4459-934d-c1c33779e96a.csv
1;76642.43;2020-06-26;parcelas_7c2762da-07e6-44aa-b6fa-e3ae53e7c038.csv
1;4391.2;2020-06-30;parcelas_7c27712f-e86f-4244-8d90-2311599effdb.csv
1;66661.78;2020-01-02;parcelas_7c286930-a8f2-4230-a366-3c22a4d8c4b5.csv
1;683.98;2020-11-27;parcelas_7c29bd31-a834-41e6-b34a-0b481dc28cc9.csv
1;2262;2020-11-12;parcelas_7c327d18-f35a-4320-beb8-3bb1c0d6d721.csv
1;2613.34;2020-08-27;parcelas_7c366e56-63c5-4fa1-b9ec-5ecefb18a5c4.csv
1;66.67;2020-02-26;parcelas_7c377583-674e-439b-ae85-4887fb499c14.csv
1;426.11;2020-04-24;parcelas_7c39e99d-f896-4ff5-bc56-0fb5b97df9c2.csv
1;462500;2020-10-06;parcelas_7c40e5b8-75a1-4057-af6f-d67412c7213d.csv
1;2880;2020-11-16;parcelas_7c44d0b1-774f-494f-84c4-3cb8de47ae24.csv
1;2037.2;2020-08-28;parcelas_7c4d6320-4905-47fb-a343-688dbd8d0286.csv
1;18312.4;2020-12-30;parcelas_7c4dec66-0da1-47cf-9c15-66b73dd8e7ce.csv
1;1469;2020-11-04;parcelas_7c5564de-e7a5-4c30-b699-8e14ec196460.csv
1;46692.89;2020-07-30;parcelas_7c593a90-aadb-4860-846b-e864c3a62560.csv
1;509550.52;2019-12-31;parcelas_7c604af8-bf83-4710-8918-5cd79524dd21.csv
1;439.48;2020-01-24;parcelas_7c64a597-e052-4df4-817e-3686fcf15922.csv
1;20003.46;2020-02-06;parcelas_7c65b0a5-d093-4055-b3e1-21097d6b33fa.csv
1;300000;2020-08-03;parcelas_7c665855-6dc1-4e62-8424-70a2380c69da.csv
1;20105.92;2020-12-21;parcelas_7c66c37b-9d45-47b4-934a-bfa01cd4e703.csv
1;1750;2020-07-30;parcelas_7c6807e1-fe92-420a-bfcc-fddb62d03ba0.csv
1;1125136.15;2020-10-09;parcelas_7c702515-171e-4f57-941b-4bf9c225d2ac.csv
1;201411.4;2020-01-27;parcelas_7c87d526-88b3-4e7b-b447-1789248ed0d5.csv
1;130056.66;2020-10-28;parcelas_7c8cf29e-bd04-41cf-bcb4-5706a2edcffe.csv
1;630;2020-07-09;parcelas_7c8d7b47-046e-44c6-9aba-deab682d7931.csv
1;100000;2020-03-30;parcelas_7c8e121c-c3c9-4988-bcb2-0c049f2c2479.csv
1;57561.79;2020-02-26;parcelas_7c94529d-09eb-45ed-8b21-653fffff8cd6.csv
1;18421.93;2020-01-02;parcelas_7ca0d9dd-cf27-4ea8-aa2d-a487f199bd24.csv
1;6306.5;2020-10-06;parcelas_7cab1a73-4f76-40b7-a039-edd31c3017ea.csv
1;27678.57;2020-12-21;parcelas_7cab45fc-21ac-462d-bd4d-9e443b89f71f.csv
1;287.53;2020-11-03;parcelas_7caf6fa3-fd1f-4900-a96b-53f531248a16.csv
1;417.6;2020-05-18;parcelas_7cb9152b-36ea-4e7d-b479-6acd2e3cfa78.csv
1;43649.54;2020-07-13;parcelas_7cbae752-a84a-4b09-89d8-d0352cd48f46.csv
1;5658.33;2020-12-21;parcelas_7cc23923-610a-4d9f-a631-9bd57dfaf340.csv
1;602.93;2020-10-06;parcelas_7ccaf410-9e61-478b-920e-1a386ceeaa84.csv
1;6906.96;2020-11-05;parcelas_7ccd53eb-1a30-46da-889d-806d48d21fc6.csv
1;19500;2020-08-27;parcelas_7ccda853-23a1-476f-9506-0bb9e989e195.csv
1;3278.5;2020-11-16;parcelas_7cde576a-43d8-48e2-89ad-ac76fb2d7836.csv
1;2743.61;2020-01-02;parcelas_7cdff44a-6606-402e-8f73-c617d07e0b8a.csv
1;900.49;2020-02-13;parcelas_7ce28f5a-651e-40eb-b9f5-21879fa96433.csv
1;13640;2020-08-27;parcelas_7ce4fbfa-893c-4cbe-ba0a-18689d1100cc.csv
1;262780;2020-10-20;parcelas_7cef5779-8832-49c7-8e7a-b27726e7c94b.csv
1;7816.66;2020-02-26;parcelas_7cefdcee-59c5-48c8-8b97-c8a311a98b91.csv
1;1196;2020-04-13;parcelas_7cf2389b-5dd3-4d73-bd09-d584fa97879a.csv
1;21000;2020-08-10;parcelas_7cf6588c-4689-4847-bb24-74a0bbda61a9.csv
1;6790;2020-04-09;parcelas_7cf66c35-3a14-43c8-9618-ea5e35d40bd5.csv
1;5312.46;2019-12-30;parcelas_7d05e4f0-6789-4265-a1dc-1980ab402a15.csv
1;10000;2020-11-05;parcelas_7d0c66e6-cf09-489c-9190-3e418bb2c1f3.csv
1;6485.2;2019-12-30;parcelas_7d1181d5-d877-494c-810a-e00b62f0e0dc.csv
1;859.48;2019-12-30;parcelas_7d1181d5-d877-494c-810a-e00b62f0e0dc.csv
1;21784.53;2020-06-29;parcelas_7d12ce6c-36ce-48de-83b3-f2b2761835a0.csv
1;357181.81;2020-09-08;parcelas_7d15d88e-1be7-43b0-9ecc-273162bce4a2.csv
1;543.12;2020-05-25;parcelas_7d16a316-2c08-4554-839b-c352de4e4a16.csv
1;42134.06;2020-06-26;parcelas_7d191d41-daa9-4569-abe0-d4ffe8dd9cb2.csv
1;1272;2020-09-09;parcelas_7d19f010-2212-4c2f-8239-44fb5667df4a.csv
1;7983.94;2020-11-12;parcelas_7d1bbffd-a84c-4d12-b183-c90b9973f8ec.csv
1;29472.4;2020-09-28;parcelas_7d1c39b7-50e7-410a-9e4c-7a9ffc1a7447.csv
1;161029.01;2020-05-27;parcelas_7d20c9e9-6adc-4a16-8bcb-4d6cc44a6872.csv
1;2175.7;2020-10-21;parcelas_7d216db3-47ab-486d-a6d1-ff80e97806ea.csv
1;3780;2020-06-08;parcelas_7d24d548-3d6b-4b76-adce-66809b4c38c8.csv
1;539139.76;2020-07-14;parcelas_7d2984ad-9742-4385-ba44-4faf2e516df2.csv
1;4565.94;2020-08-28;parcelas_7d2fbc3c-eed4-4ea8-a377-fc59b58a0ab8.csv
1;16000;2020-02-26;parcelas_7d30c94c-3449-41f8-b782-1cb9b08f1415.csv
1;432;2020-02-06;parcelas_7d345d7c-a1da-4a23-b4f6-febd5ec4bc64.csv
1;305.53;2020-09-28;parcelas_7d364e79-c8be-46ea-9558-b9783a2c86f8.csv
1;35019.07;2020-11-27;parcelas_7d4257ee-965a-4222-8052-228ce13e4706.csv
1;25388.11;2020-11-23;parcelas_7d4702ab-8279-4331-bea9-2443dad1ad20.csv
1;61499.34;2020-07-13;parcelas_7d4bbc1f-a6b9-4367-99d4-8cf4965b5d14.csv
1;1244;2020-03-18;parcelas_7d5f2625-eca1-4bc9-8da0-74975bc6a57e.csv
1;97460.84;2020-01-16;parcelas_7d6046d5-9e65-4a05-8700-c986d40a7710.csv
1;313.28;2020-11-03;parcelas_7d6162dd-8ea6-43b2-bd3d-e3c58490b9e3.csv
1;122824.96;2020-12-10;parcelas_7d634d41-fcc1-46a9-8c22-ff9a579853be.csv
1;19662.89;2020-07-13;parcelas_7d64555c-0c89-4915-ac37-6084bf616202.csv
1;424.41;2020-01-24;parcelas_7d6b5263-5dc9-489f-a965-c6a21245733b.csv
1;16768.3;2020-01-02;parcelas_7d725bf0-bf40-4d9a-be96-13d8fc248d2d.csv
1;21391.2;2020-08-18;parcelas_7d7a2e99-48d1-498a-a960-e856b4d63cc9.csv
1;307.1;2020-07-13;parcelas_7d8229fb-9982-4603-8d45-eef040449f89.csv
1;29.49;2020-05-29;parcelas_7d8be42c-e858-4203-b459-f51dccce5741.csv
1;504.6;2020-08-19;parcelas_7d8c7b27-5105-4a7d-947a-dcb7b1a5c4e5.csv
1;2100;2020-10-28;parcelas_7d8c9730-d084-45fe-9eda-acb6d58affd5.csv
1;14810;2020-07-31;parcelas_7d9116c5-a2a3-46ca-b54c-03b3784a8490.csv
1;84500;2020-02-14;parcelas_7d93bf92-6dd9-41ae-bb0e-fcecb432f233.csv
1;4462.08;2020-05-18;parcelas_7d94bb55-ea5a-4dc2-81d8-c7928cbde1c8.csv
1;29077.92;2020-04-09;parcelas_7d9dafec-0017-4147-830f-3874eb2fc89d.csv
1;51831.3;2020-01-07;parcelas_7da0e8f3-1e56-4a0d-8d47-8e975d363c4e.csv
1;1820.64;2020-09-04;parcelas_7da56672-3388-4e9d-89a0-442a3b1fb9fc.csv
1;38136.48;2020-05-29;parcelas_7da7b887-2710-4608-9a71-e37ccacef070.csv
1;100000;2020-08-27;parcelas_7db2a811-76d4-424f-a043-2ca04791020b.csv
1;2848.89;2020-09-30;parcelas_7dc8a467-3668-4636-b011-46e2470d30fc.csv
1;22200;2020-04-07;parcelas_7dccd3a2-a82f-401a-99f4-0e10c9b821e3.csv
1;52740;2020-10-09;parcelas_7dce4e6c-822b-43a0-a41e-0ad559e76283.csv
1;468.34;2020-11-30;parcelas_7dd2aa91-f328-4e4d-81be-f6ece7234bb8.csv
1;33050;2020-05-28;parcelas_7ddabb2a-13a0-4e67-8b33-fd49438c1e78.csv
1;1485.14;2020-06-30;parcelas_7ddd4a7b-864d-44f5-b1bc-b3b44b9eb9ef.csv
1;2055.02;2020-04-02;parcelas_7de5055e-71b5-43ba-b476-20a0e0725fa1.csv
1;3637;2020-02-10;parcelas_7de6ea33-975c-46a9-a25d-f96f20781e60.csv
1;224415.61;2020-02-26;parcelas_7df2b046-9de0-4455-8e12-0d7ed0a18e9e.csv
1;444.5;2020-10-21;parcelas_7df3ac44-1735-453b-a37a-8db5e31507f8.csv
1;71288.45;2020-11-30;parcelas_7dfe5a98-da9c-4a3f-a279-f6f6db96a057.csv
1;2776.67;2020-03-26;parcelas_7e035c98-cdd8-46d5-a315-c52b88ff7921.csv
1;525;2020-12-21;parcelas_7e0c2b52-4fa1-4d07-84b2-92a3ee6e4e92.csv
1;369987.3;2020-02-26;parcelas_7e0ee8fb-cf63-49ee-83ea-7eb083c21780.csv
1;34223.69;2020-05-27;parcelas_7e17008d-8145-4dd6-bc8c-b486830c02fe.csv
1;61.2;2020-09-29;parcelas_7e1de45b-258e-453c-884c-6c0a0130fca4.csv
1;1862.74;2020-07-31;parcelas_7e34ea3c-15da-43e0-bae0-caa26eef521c.csv
1;683.5;2020-08-17;parcelas_7e352ca7-18c8-4500-bf2f-3b80d97e1935.csv
1;3625;2020-01-02;parcelas_7e41c7b9-4270-420d-8426-5d3503ad8985.csv
1;38197.2;2020-09-28;parcelas_7e4f1c5b-7e00-4931-a9e5-e0982b8e6859.csv
1;1151.31;2020-05-05;parcelas_7e6953d4-66e3-46d2-8383-a75ef640d4f5.csv
1;8400;2020-07-28;parcelas_7e702c49-94c8-4000-b59c-8ada23f7827e.csv
1;116400;2020-10-13;parcelas_7e80825f-9842-4299-93f7-0782718bc5c4.csv
1;32765;2020-03-06;parcelas_7e85c505-acf4-460e-be78-e967a9613cf1.csv
1;2275;2020-07-30;parcelas_7e94ddfc-59e6-471a-ae69-181e7e0ba2f4.csv
1;54974;2020-04-13;parcelas_7e956078-cd6f-4cdb-a15d-6dda69dca051.csv
1;336.77;2020-03-05;parcelas_7e96d885-e143-44f7-ae11-23f8189f6049.csv
1;4637.5;2020-11-27;parcelas_7e96edca-293f-4d89-b93f-d91529b4a89b.csv
1;3936.26;2020-05-29;parcelas_7e99bbb8-4695-43c9-a9d9-35a1780a7862.csv
1;114525.55;2020-04-29;parcelas_7eaa0d27-be5a-4299-8f49-df69f413c804.csv
1;5588.44;2020-06-19;parcelas_7eac5319-a198-4ee1-9d00-72b01642113a.csv
1;27966.75;2020-05-29;parcelas_7eadcfe1-4ae9-4c81-8212-7e9b76317d3d.csv
1;117.08;2020-04-27;parcelas_7eb247c4-3791-4892-bf73-a480ff26605f.csv
1;4207.5;2020-08-10;parcelas_7eb43803-3962-446a-8be4-eecd7d4d5f2c.csv
1;133.4;2020-02-21;parcelas_7eb7ae74-e0ba-4de3-8136-5369ff9be30c.csv
1;3200;2020-05-04;parcelas_7eba71a3-828d-4c29-943c-63767bf9d097.csv
1;3186.17;2020-11-30;parcelas_7ec00f64-420c-4e4d-8354-6da6a5458657.csv
1;139500;2020-01-31;parcelas_7ec31fc2-ff4c-4e45-be37-e0e5364f1bf2.csv
1;12100;2020-05-11;parcelas_7ec78eb4-5e5c-4e1f-9188-1361adda5570.csv
1;940.8;2020-01-27;parcelas_7ecd71ba-be37-4d50-a809-c30bb92c0e61.csv
1;88.02;2020-06-30;parcelas_7eced3c1-bae5-4354-9a23-0aa66c21a3fb.csv
1;1638;2020-08-04;parcelas_7ed00e47-303a-4f41-8fe4-4374dc539fae.csv
1;25650;2020-01-02;parcelas_7ed0cf2a-f220-4d0d-b146-00047216c241.csv
1;28169.03;2020-07-31;parcelas_7ed2e68e-1ad3-486d-937c-7839890e03cf.csv
1;95874;2020-11-19;parcelas_7ed6e8c6-4462-4f31-8b21-589e6d80e755.csv
1;3241.4;2020-01-08;parcelas_7edd3862-6f46-4d8f-bd07-b3183cc11c6f.csv
1;738.1;2020-06-25;parcelas_7ede9b2e-6b46-4c48-ae6c-45269dd6ed3c.csv
1;250;2020-05-07;parcelas_7edf93cb-9ee1-4aed-8268-7316d144e48c.csv
1;500;2020-09-29;parcelas_7ee004e2-9ec6-4e57-b641-d525535d2684.csv
1;7781.3;2020-06-09;parcelas_7eebac99-2e15-49e3-982f-a1556319d5e7.csv
1;357181.81;2020-06-08;parcelas_7eeda40f-b612-48b9-82ea-51a6d9af469b.csv
1;100000;2020-07-03;parcelas_7ef3839d-bc4d-4dd7-9585-3377ee62fcc1.csv
1;238;2020-06-16;parcelas_7efa94d6-3393-4344-a09f-0a7f7e51c3c0.csv
1;1102.27;2020-12-30;parcelas_7efe1065-f478-4d20-af78-8521ef8f0aa0.csv
1;7856.93;2020-12-21;parcelas_7f0f300c-2fb3-45a4-b814-df18afc962d1.csv
1;580;2020-09-25;parcelas_7f13a23f-96a7-455d-aeb6-7d83f48c06c8.csv
1;33608.25;2020-09-07;parcelas_7f182b8d-edb1-4416-9990-e629c931754f.csv
1;50000;2020-06-26;parcelas_7f1ab833-374f-42d5-96bf-8cb6aee97927.csv
1;3017.78;2020-09-24;parcelas_7f1edbbe-bf15-4b5f-9b5c-706bb56c9ea5.csv
1;203.14;2020-04-20;parcelas_7f1f093a-75fb-4605-b5cc-dd9d320d3c8d.csv
1;100713.27;2020-02-28;parcelas_7f1fc036-68b2-44a0-9c06-481ca6c45f82.csv
1;974.53;2020-04-15;parcelas_7f2dbb63-8de9-42e7-96cb-434874b354fa.csv
1;51192.92;2020-10-28;parcelas_7f35e38c-3204-48c5-9ff9-cefa7067c370.csv
1;4050;2020-11-17;parcelas_7f37c736-a9d7-4c2a-aa33-e0e82c7304b5.csv
1;19930.08;2020-10-30;parcelas_7f4343a4-ac4e-4de6-b1fc-042885980acf.csv
1;22247.26;2020-09-15;parcelas_7f4c0686-c248-4327-bd54-92e796e3d54a.csv
1;4000;2020-06-19;parcelas_7f51fb4b-e443-4fa0-a172-16747dd6a510.csv
1;1682;2020-08-19;parcelas_7f54858d-2fd9-4a4d-842d-ef4435ba817a.csv
1;432;2020-11-09;parcelas_7f5b8b89-b22f-43c8-8dbc-c64f85dc50af.csv
1;920;2020-08-21;parcelas_7f5c5fca-0103-44df-bd98-32c03d0646b2.csv
1;25371.6;2020-12-15;parcelas_7f5e8058-a720-436f-aec8-a7ca3b62365c.csv
1;234.78;2020-06-24;parcelas_7f60750f-bc3d-4906-99f2-001cebdf8551.csv
1;5093.1;2020-08-25;parcelas_7f63bfe2-b89c-40f9-8396-a1f3d2ff0df0.csv
1;49199.37;2020-06-26;parcelas_7f6d3297-76ed-4cd4-9715-568169d0f37d.csv
1;10125;2020-09-08;parcelas_7f6d5dc0-9924-46fd-8b21-ef4c73aeb57b.csv
1;32804.9;2020-09-29;parcelas_7f6ebc1c-0adf-44de-a0bc-ca7d73b55a4a.csv
1;10787.72;2020-04-29;parcelas_7f703d08-b061-4dc1-8d9b-2fcccf47d7fb.csv
1;24113.5;2020-07-29;parcelas_7f754432-a404-4b6f-9cd0-e018f333a88b.csv
1;47912.22;2020-02-26;parcelas_7f7cc965-5e26-4fde-ac8c-e216b737143d.csv
1;5600;2020-10-28;parcelas_7f86e60b-2bb0-4f6f-9143-76d36901c299.csv
1;2450;2020-12-21;parcelas_7f888138-56ff-4500-8263-93b1b8b49697.csv
1;206.25;2020-01-15;parcelas_7f8f941f-fad2-4af3-9ee6-5c83b34d0445.csv
1;30090.24;2020-05-06;parcelas_7fa27ba4-ae6b-4992-81fc-c7bd5d4dabbb.csv
1;640140.9;2020-08-31;parcelas_7fab2ec4-1c67-4d73-9d4f-a9743c356fc3.csv
1;11967.9;2020-02-28;parcelas_7faf15fb-9408-4ba7-a8df-d95926cdb9b4.csv
1;1562;2020-01-08;parcelas_7fb21265-0973-4b2a-a8b9-29d528341c5e.csv
1;790;2020-10-28;parcelas_7fb6d9d9-f38c-41fc-8c9a-ae83488356e4.csv
1;844898.89;2020-07-30;parcelas_7fc0b195-6d02-41ce-8576-14e87bf06830.csv
1;6937.53;2020-09-03;parcelas_7fc85e99-82eb-45bc-bbf9-c1c719940626.csv
1;505.2;2020-08-10;parcelas_7fc8ea57-dfff-42b2-87b1-8186f9a4c9d1.csv
1;11001.06;2020-11-30;parcelas_7fd27302-11aa-456d-aa1b-5fd14ec0906d.csv
1;18147.58;2020-02-26;parcelas_7fd51674-49e2-485d-8198-c9dcf35be0a8.csv
1;1764;2020-02-05;parcelas_7fdb349d-96eb-40f4-b35d-8ba0887fc4ff.csv
1;137;2020-02-18;parcelas_7fe4be73-cdd4-4064-a676-b61b91cbd2fc.csv
1;426029.9;2020-10-05;parcelas_7fe52ea3-7105-4475-a34a-cf52d1ac09cc.csv
1;32346.53;2020-12-21;parcelas_7fea652b-7ddd-4917-83f8-5a21b9980c77.csv
1;47751.62;2020-08-14;parcelas_8003be53-202c-4ccf-95db-286860ee5f62.csv
1;1725805.65;2020-11-27;parcelas_8006526a-ff67-42d0-902c-b545f0df73c6.csv
1;21114.35;2020-01-02;parcelas_8006f40c-07af-4d1a-854a-3e98d401e91d.csv
1;2947.5;2020-09-24;parcelas_80094c53-fa88-4c08-9caa-74ef02581d1c.csv
1;82000;2020-03-04;parcelas_80100e22-5e22-48d4-ad32-91cb9f5673e8.csv
1;405.14;2020-01-13;parcelas_801337d0-e949-4346-b920-05782b71b386.csv
1;46500.89;2020-06-26;parcelas_8017f276-c27e-4d71-9916-4e0b1386e79f.csv
1;172650.1;2020-11-03;parcelas_801b8416-9f7f-4c0d-aaa8-2a2fab079cba.csv
1;94260;2020-09-03;parcelas_802278f2-4e40-4093-9419-8d0669a79198.csv
1;879.85;2020-11-03;parcelas_8027b472-9186-4d3a-abe7-ce0b4628eadd.csv
1;40972.95;2020-06-26;parcelas_802bb49c-3ef1-4cad-9bcc-9a972a888243.csv
1;48324.72;2020-11-27;parcelas_802bdca1-cf8d-4cef-973b-cc4810092be2.csv
1;2400;2020-05-11;parcelas_80313071-8a8c-4b32-9b0a-8c6c9da8be2d.csv
1;5722.49;2020-07-21;parcelas_803477af-9f87-48bb-8162-40983f2d3051.csv
1;1510;2020-08-12;parcelas_80386d90-7f0e-4a9e-8417-ff9f80b7c301.csv
1;2180.03;2019-12-30;parcelas_803896b4-7c17-4f13-a77b-7f1b01fcb285.csv
1;9646.73;2020-08-27;parcelas_80472fb1-bbe7-4f9e-b685-394e374131ec.csv
1;8299.37;2020-11-27;parcelas_80489b3e-c051-4fda-b74d-e7e420fc5080.csv
1;2111;2020-04-22;parcelas_804d457b-423c-4ab3-96f3-97739219d781.csv
1;500;2020-12-21;parcelas_804eee84-8d0e-4d04-a6a9-23a36127abb7.csv
1;424208.21;2020-08-27;parcelas_805386f4-94ac-4f5c-affb-fcc265098bfe.csv
1;50244.38;2020-01-29;parcelas_8056d0dd-4729-49e2-88c4-ff24a54c7ba9.csv
1;60000;2020-04-20;parcelas_805a5521-edba-418d-a9c5-e123d52d2585.csv
1;0.03;2020-01-28;parcelas_805dc1f9-b8b8-4380-abe1-9374580b75d3.csv
1;30000;2020-06-25;parcelas_805e0fbb-efef-4b75-985f-795996ae6677.csv
1;30449.1;2020-04-30;parcelas_8062c907-d9e9-4b90-ad0a-89ca948117ca.csv
1;12500;2020-10-09;parcelas_80682fee-c0f5-4af9-be89-77caef9d3de2.csv
1;12806.62;2020-08-27;parcelas_8068bf26-6bb6-4613-8ff7-7a28d3f966cf.csv
1;13600;2020-02-28;parcelas_8068c836-f8de-437b-9768-009e0386cfeb.csv
1;10161.67;2020-01-29;parcelas_807bdc1e-8144-4178-ba3c-e2807f5fd531.csv
1;360.2;2020-04-03;parcelas_807ca8de-63ac-4c30-bca1-f291f84d5ba8.csv
1;16100.6;2020-07-13;parcelas_807f4319-8cab-43fb-bfdb-0ba8e286c619.csv
1;5897.08;2020-02-26;parcelas_8096207a-762a-4bf7-aa3a-d2f8d644f6df.csv
1;31362.6;2020-01-03;parcelas_809d4aba-70aa-4680-aadf-c96059920e80.csv
1;667;2020-10-21;parcelas_80a92210-15d6-40e6-8246-626758485177.csv
1;10231.76;2020-07-23;parcelas_80b7ceca-f0af-4f19-acc1-3db35704ecb6.csv
1;650;2020-03-10;parcelas_80bb32d0-af0a-4588-a38d-a5fa7bda73f1.csv
1;12154.79;2020-11-17;parcelas_80bee19e-8fb9-4e58-a85b-efb569215c25.csv
1;14850;2020-02-28;parcelas_80c28aaf-97fc-483c-8b32-2f70f4b1630a.csv
1;210000;2020-07-02;parcelas_80c6f370-369b-4973-b51e-868a63a28c71.csv
1;27500;2020-02-20;parcelas_80c9c1d3-270e-48f1-93fd-c826b220c418.csv
1;29.49;2020-07-07;parcelas_80ca715e-0c25-480b-a864-67e4a26e2354.csv
1;93897.47;2020-12-14;parcelas_80cee3e4-76d6-42b0-b11b-082fe0205755.csv
1;800;2020-01-02;parcelas_80d5497d-3b66-40cb-9ca4-f349183c8fcd.csv
1;2549.84;2020-03-02;parcelas_80ddc91c-192c-4015-80e8-b936979b5115.csv
1;102740;2020-05-27;parcelas_80df3200-b392-46de-98ac-9aab6de289e4.csv
1;2449.85;2019-12-31;parcelas_80e58ad2-0472-4163-9dd0-5eae863bda97.csv
1;7463.75;2020-07-30;parcelas_80e9d1ad-14ee-4978-84c7-4e7ee48d6279.csv
1;1568.65;2019-12-31;parcelas_80ead471-c899-4a53-8c9c-964d8207976a.csv
1;18954.44;2020-07-08;parcelas_80fbedfa-bef7-4b8c-9380-f52761a2be8d.csv
1;2270.7;2020-02-27;parcelas_8102a424-9681-4202-b835-bdb433f6c236.csv
1;150000;2020-01-02;parcelas_810c257f-f839-41b2-a11a-5015d238c57f.csv
1;1827;2020-05-22;parcelas_811161c2-27bb-4d42-8726-e2050187cd7c.csv
1;29.49;2020-08-11;parcelas_8114b612-4013-4334-a22e-e6b1b98c7ae0.csv
1;1422637.83;2020-03-30;parcelas_81196c79-053e-4067-93a6-b2472ff01f08.csv
1;216548.04;2020-04-15;parcelas_811db620-16cf-4113-b9dd-fead4be673d8.csv
1;93906.74;2020-03-20;parcelas_812005a1-ffaf-4ae2-b185-35c8ea77cfbb.csv
1;100129.65;2020-04-29;parcelas_81284ec8-9fd5-41b1-ae19-e1460650a831.csv
1;39438.62;2020-06-26;parcelas_8128bac6-7462-4d3e-920f-d7e99e862ddf.csv
1;42000;2020-02-26;parcelas_812a60c2-83fe-447c-b305-b442538f419a.csv
1;6026.35;2020-12-09;parcelas_812cb2d4-a3d1-4f26-a536-5ad60633d9b0.csv
1;12600;2020-05-04;parcelas_812fd69a-5ac2-4028-af01-fffd98d56166.csv
1;38400.91;2020-03-31;parcelas_81367aa6-7949-4f33-ada4-ea69c9a7f12c.csv
1;1008.86;2020-02-21;parcelas_813a31d8-7c70-4d85-aff4-1e6f3db72ad9.csv
1;472.66;2020-10-07;parcelas_81408fd2-ff55-40b8-a1dd-6379104db4b3.csv
1;9594;2020-02-10;parcelas_81413fd1-eae8-4b3e-ad42-277cabe05b6c.csv
1;22;2020-03-10;parcelas_8144eef0-fc9c-4f11-9c4d-833d7b855b2e.csv
1;47337.49;2020-03-30;parcelas_81489dbd-8249-4b76-bb3c-6567daecce06.csv
1;14034.12;2020-01-02;parcelas_814fe5f9-0c78-4165-b389-ece1e0478c47.csv
1;13708.27;2019-12-20;parcelas_81578415-f037-426f-b451-66768b96b1e8.csv
1;1375.14;2020-11-27;parcelas_815819ca-8fb1-4a73-8480-2a95d260c100.csv
1;70000;2020-12-08;parcelas_815e3cc9-925a-4f4f-ae84-b1a710daf066.csv
1;42564.13;2020-08-31;parcelas_8162f8f5-3181-476d-a16a-c407d85b1de2.csv
1;1734.97;2020-11-04;parcelas_8164c89c-0b54-45d6-bcbe-9aaafd738d7c.csv
1;494700.94;2020-09-28;parcelas_816890e3-6a84-42d4-bc61-ec534517abb4.csv
1;2625;2020-09-28;parcelas_81715394-465e-47d4-99d8-bdfa6e8601dc.csv
1;5.22;2020-01-09;parcelas_81744ebe-61da-4d71-9577-06674e2dd301.csv
1;73433.91;2020-02-05;parcelas_8179d682-1584-415b-8438-6b17ab79357c.csv
1;21227.16;2020-07-13;parcelas_817deb99-93bc-47e9-8729-8bc63962f547.csv
1;4350;2020-10-21;parcelas_817f50dd-c4a8-4a51-9604-19dc720d9e40.csv
1;3870.13;2020-11-27;parcelas_818438ef-c7dc-483a-8494-dd92173cef57.csv
1;52160.77;2020-07-30;parcelas_81899cba-04ef-4167-ba75-7b931603a895.csv
1;135.77;2020-11-26;parcelas_818e3fc3-82e7-4064-8796-fc5f3bb0ef48.csv
1;1395.68;2020-02-05;parcelas_81929374-d4d9-418c-837f-7c2431dabdd8.csv
1;554.47;2020-11-25;parcelas_8193cd30-af8a-44d4-aa54-377799288c63.csv
1;1218.9;2020-05-06;parcelas_81a4e4d6-a906-41f4-80cf-30045d67d782.csv
1;6769.61;2020-09-14;parcelas_81aa0ebb-01a1-4a3b-a24c-885956c542b9.csv
1;23.24;2020-07-13;parcelas_81ac47f7-8951-46bd-9d2e-f91e380f9e67.csv
1;5798.64;2020-05-18;parcelas_81bcf753-7560-43ed-b0d5-a303904a125e.csv
1;54016.76;2020-09-28;parcelas_81be2f8a-0440-4986-b1a1-6c92143bd498.csv
1;2358.49;2020-04-09;parcelas_81c2dff1-8743-4d99-92f6-02cfeda871dc.csv
1;525;2020-07-30;parcelas_81c8330b-7655-4dee-b674-b4ad61bbc4b4.csv
1;528.4;2020-07-27;parcelas_81cb577c-8d07-4750-b0ca-728e024579b5.csv
1;32;2020-11-04;parcelas_81cb9a45-9d02-416f-94d1-19408cd46384.csv
1;70;2020-10-22;parcelas_81ccd9ab-c92b-4179-b137-77b6abaa37ff.csv
1;1818.94;2020-04-07;parcelas_81d577f9-e27e-490d-bc69-910876f408a4.csv
1;2537.5;2020-05-27;parcelas_81d70676-7705-48dc-aebc-8cbfd2cbd899.csv
1;122.4;2020-05-14;parcelas_81dcb996-5b6e-46dc-a6b4-f57993eb914b.csv
1;4868.5;2020-07-22;parcelas_81e01992-207f-4fa3-b560-6df1cd6b06ce.csv
1;4809.9;2020-02-05;parcelas_81e23e51-9e4d-4637-8466-4a6fb104cbd2.csv
1;23.2;2020-07-31;parcelas_81e28751-e85b-4702-8f7d-8aa7d1167de4.csv
1;6795.83;2020-04-29;parcelas_81e8c002-f334-416a-9346-2b481943f113.csv
1;4500;2020-11-10;parcelas_81ec7491-dc40-4e5d-8df6-9aae9c0f508f.csv
1;7000;2020-05-29;parcelas_81f70f28-c223-4da6-bf52-483abb56dbba.csv
1;17750;2020-08-21;parcelas_8202cc58-46e2-4c14-bb1c-5c3334b74d53.csv
1;417.6;2020-09-29;parcelas_8203daa9-33f6-41f4-a41f-b6e49d337e6a.csv
1;2322.32;2020-12-21;parcelas_82063156-fb1f-4b48-8e89-57d8465135cd.csv
1;171.5;2020-08-31;parcelas_8208ec5f-d618-4a57-b206-686d1b239a91.csv
1;224389;2020-04-20;parcelas_820aa332-c62a-47b4-8a89-8c43dba88030.csv
1;805;2020-02-11;parcelas_820acce9-d083-46dd-9afb-18b258443d68.csv
1;71759.57;2020-05-29;parcelas_820d9ca7-4a6c-4628-b2a0-cf6729211bd5.csv
1;5978.63;2020-08-10;parcelas_820ff3cf-ec0f-475d-84af-3b3ab879c377.csv
1;13867.9;2019-12-30;parcelas_8212eee4-2ac6-448b-8cdd-eab5ac30c3f6.csv
1;6230;2020-04-30;parcelas_821461fd-eee5-4f24-bae9-009d4dc29b6e.csv
1;5408;2020-09-09;parcelas_8215979d-d253-41eb-986f-181089746c42.csv
1;17217.05;2020-04-29;parcelas_821b104f-49e8-4fa0-9028-f1c780722fad.csv
1;42331.03;2020-10-28;parcelas_821dfc80-8e95-45e3-b575-05fb80f9bd9f.csv
1;16471.08;2020-04-08;parcelas_822b4520-d7d4-4f24-9cf8-98bfa8aeb5c8.csv
1;213841.68;2020-07-30;parcelas_82325cb8-a916-49dd-937a-2e3a24cc55d9.csv
1;62246.06;2020-10-28;parcelas_82329f49-b8e8-4560-a996-c9db175eb8c4.csv
1;605.46;2020-04-13;parcelas_823aed6f-b50b-44ae-a796-e2fc613c55a0.csv
1;133.71;2020-11-26;parcelas_824101b6-4448-422d-b8c4-fe4ab10ef90c.csv
1;2742.6;2020-10-02;parcelas_824a6c90-4a3c-4d83-8da3-e604c5b51c6b.csv
1;343875.93;2020-01-28;parcelas_824f1c04-f316-4b76-91bf-147ebe250ea2.csv
1;1027.95;2020-07-31;parcelas_8250242d-ded2-41c3-9db6-301404ddc3e5.csv
1;7651.49;2020-06-19;parcelas_82525929-65f3-4a8a-9c38-539b47cb7a39.csv
1;43058.31;2020-11-27;parcelas_826117b5-5fc0-4d6d-bd45-38b39bd8b691.csv
1;495.5;2020-09-24;parcelas_8262d438-4d44-48a6-b2a7-dd416e862ab4.csv
1;76868.75;2020-05-27;parcelas_82711d5c-5305-48e3-8501-4d92492edc0b.csv
1;1532.65;2020-09-30;parcelas_82726f5d-bee8-4e8b-9119-1c6c37df199b.csv
1;109100;2020-02-26;parcelas_82727588-dece-4e30-b539-6ef4ee54ee27.csv
1;8861.81;2020-10-26;parcelas_82766450-a151-4ae2-8c10-9c0099640832.csv
1;78585;2020-04-30;parcelas_82774af0-2ed1-44d5-895b-0cabb7d20883.csv
1;36685.3;2020-11-27;parcelas_827a210e-3de3-47d5-9cc2-831f5fb9ae64.csv
1;11165.96;2020-05-29;parcelas_827b7f75-b25d-4358-b4ca-3e0717df5d30.csv
1;2549.11;2020-10-16;parcelas_8281173a-789b-4ec2-bf38-e8388aa33e50.csv
1;5025.2;2020-02-28;parcelas_82816509-8b5e-458e-9297-f857566340df.csv
1;2961.65;2020-08-27;parcelas_82871f24-cca3-4e75-86db-68c24a198e22.csv
1;163166.1;2020-03-26;parcelas_828fe1fa-f602-4c34-a6d8-0356bc8ba03b.csv
1;967.25;2020-09-10;parcelas_8291140c-cf32-4870-bd3b-33c41a02e5ff.csv
1;5224.54;2020-08-19;parcelas_82969aa4-7657-4644-8ce2-f839eb7f001a.csv
1;7129.94;2020-02-28;parcelas_82ba463a-e42c-4cfa-b301-d53a4748acdd.csv
1;214244.63;2020-05-27;parcelas_82c173da-9740-4066-aed3-5c33779462e3.csv
1;52255.17;2020-02-26;parcelas_82c175f2-217f-48aa-8d22-2d19ea767afb.csv
1;563.05;2020-02-10;parcelas_82c586af-9db1-46b4-a2cd-a3451b8614e1.csv
1;16515;2020-03-27;parcelas_82cc72ae-70e0-4b7c-a359-031f1f4e7c20.csv
1;117.7;2020-02-14;parcelas_82daf04e-762b-4b22-8457-f6606ff21e06.csv
1;3720;2020-06-08;parcelas_82ecf778-9cf9-40ba-94d9-a89ab7ca3d59.csv
1;3752.55;2020-06-29;parcelas_82f61e2d-f88d-4590-9f4e-34813673788e.csv
1;1102.92;2020-11-27;parcelas_82f9058b-6848-4809-8de5-4b8f4b386fd7.csv
1;8013;2020-02-10;parcelas_82f97a32-2249-4776-959f-bdb9fbfaf4bc.csv
1;3298.03;2020-02-27;parcelas_82fe015a-db3f-42cf-8c3f-359e985c3a38.csv
1;478.6;2020-10-30;parcelas_82fee93f-a283-4d7b-91c1-7a3e73686d53.csv
1;132.93;2020-01-13;parcelas_8306bea4-ebe3-4975-a555-7683bbf0080f.csv
1;1500;2020-11-10;parcelas_830b30a6-7208-481e-8a38-3a057219aa02.csv
1;3600;2020-09-18;parcelas_830bf872-264f-467c-a58c-aa349c387cc5.csv
1;79.79;2020-09-07;parcelas_830ceac0-72be-4491-84d4-dac5b8663892.csv
1;38432;2020-07-13;parcelas_830cfb92-6724-43b7-aacd-c74b53f9d9e6.csv
1;6232.49;2019-12-31;parcelas_830f1935-ca5f-4ae5-8f7d-a8fbdfe246b2.csv
1;33020.8;2020-08-07;parcelas_8318440d-d569-4a87-882f-8a18dcfac961.csv
1;233.6;2020-04-30;parcelas_831a076e-0641-4f2f-87a1-00fb9991b8ca.csv
1;124800;2020-10-30;parcelas_8325f753-d774-44e2-912b-9d4f55b578f3.csv
1;360;2020-02-07;parcelas_83340729-af68-4721-9cbb-c2b0fca7e4da.csv
1;37569.96;2020-01-08;parcelas_83375536-e15a-4fa4-8b6e-73d8cb03b5a9.csv
1;45.25;2020-10-05;parcelas_83383ead-78f6-4adf-9184-da669219f669.csv
1;18840;2019-10-31;parcelas_8338f6d3-6d34-4982-9583-a4a6d385768f.csv
1;11100.81;2020-09-28;parcelas_833ea296-7b04-43ec-9991-cec34a45a107.csv
1;10380.72;2020-01-08;parcelas_834998e1-fd3f-4f3d-a088-a7b66fd0fa1c.csv
1;605.87;2020-12-16;parcelas_8349e3fa-4766-4a6f-85cb-766d22d1e10a.csv
1;6321.68;2020-09-08;parcelas_8352a07e-3be5-4e19-b907-7d2904373b44.csv
1;1273.06;2019-12-31;parcelas_835c1408-4267-4d66-9513-452f1e9e48ea.csv
1;5964.85;2020-09-30;parcelas_835d2285-7a76-44dd-a5cf-a31bc3dc0029.csv
1;1470.59;2020-05-29;parcelas_8363cf17-084e-4428-bf38-cc591f43e337.csv
1;2398.2;2020-09-09;parcelas_8376149b-2b7e-4606-806b-95e29066ee47.csv
1;457642.22;2020-06-26;parcelas_837b22ea-ef6c-4577-aec4-b5b3105e86e9.csv
1;6277.24;2020-05-27;parcelas_837e2095-f8db-4770-9786-d9cc0dd8cc94.csv
1;2890;2020-06-30;parcelas_83820a2f-7e9c-450a-8c92-1afaeac0144b.csv
1;7418;2020-08-18;parcelas_8383074f-7ec5-4a67-9c60-655f6f509705.csv
1;86400;2020-09-29;parcelas_83875776-2bb0-4ea0-909f-9a9abd6a5e6a.csv
1;1945.44;2020-10-02;parcelas_8387c958-054a-4985-80a1-ae1971e6bd37.csv
1;2207.99;2020-05-28;parcelas_838befa1-5bf3-497b-ae0f-18b15c859cda.csv
1;11.54;2020-10-13;parcelas_838f6765-835a-4e2c-839c-a7e8901f3c90.csv
1;20000;2020-01-28;parcelas_83912bda-dad6-45df-a2f2-7a2a691b3e11.csv
1;67517.39;2020-05-07;parcelas_8392568f-f5ac-49b7-908f-b98ffeee852a.csv
1;1009.09;2020-11-19;parcelas_83947553-c61f-4337-96bb-6953490ab71f.csv
1;1017.5;2020-10-07;parcelas_839a20fd-4e9a-405a-a974-8e336df6ab55.csv
1;3995.9;2020-06-09;parcelas_839dc119-6853-4a4d-8999-56d0ab9e0a16.csv
1;16613.03;2020-03-26;parcelas_839f7313-8e58-47d3-b89d-79e6ad68abc3.csv
1;4725;2020-12-07;parcelas_83a8dfa7-fb50-4a34-9ff0-f7d46689e08b.csv
1;1378061.53;2020-04-29;parcelas_83a9cc55-51e7-43f3-b493-477118764665.csv
1;2058.3;2020-11-30;parcelas_83c3301b-8b7f-4483-8c61-1b0bdfd79ed9.csv
1;857.64;2020-11-27;parcelas_83c46165-7579-43da-b97f-54ad2ee3e3a3.csv
1;18546.95;2020-07-13;parcelas_83d307ca-11d1-4b28-a0d0-41e1e1e30c7d.csv
1;524.79;2020-03-02;parcelas_83da4abb-d0ce-4795-86f7-5ad67d4884b6.csv
1;368.39;2020-11-03;parcelas_83dd93c4-6099-4515-8b4c-1e7aaa0b2657.csv
1;998;2020-01-24;parcelas_83df6d7f-bf39-4188-8a24-5d4f72729a61.csv
1;6718.75;2020-12-15;parcelas_83dfdeaa-ba77-4343-be6b-54cce1503cb2.csv
1;295.7;2020-06-09;parcelas_83f467ff-597c-480d-b935-c58aec80c4ec.csv
1;3153.6;2020-08-13;parcelas_83fc941f-2948-40b8-a871-2240d2c5f63d.csv
1;46297.08;2020-06-15;parcelas_8402f7c1-dec7-442f-9ff6-0708b5e99085.csv
1;3587.5;2020-04-29;parcelas_8405ffc2-cfd9-4ab1-ad7e-ee54bc6ed2cd.csv
1;2922.09;2020-01-29;parcelas_8407c55f-a794-4ae7-b95a-8293311b8022.csv
1;59500;2020-04-27;parcelas_840c074c-a27d-4222-b0e0-bf0f6a03cb04.csv
1;100000;2020-08-20;parcelas_840e55ad-789c-4dbf-be39-f9bf25f4ee69.csv
1;183879.61;2020-05-27;parcelas_8415c211-f808-44ef-95c3-6eb9d26af1fb.csv
1;1139.8;2020-02-10;parcelas_84179004-5d30-4d66-9a3e-9cfa28611a34.csv
1;157.5;2016-08-19;parcelas_841d2ee4-cccc-4f02-852c-280e176aa436.csv
1;995.15;2020-05-15;parcelas_841dc664-8603-4027-a5c4-dafe70c7d008.csv
1;36474.6;2020-12-15;parcelas_8421f949-6195-48b4-a22b-31a0f37d6612.csv
1;6457.5;2020-02-26;parcelas_8426303e-4288-4e51-9993-ca401339cba6.csv
1;303.01;2020-10-20;parcelas_8426570e-607a-48c8-b54e-7ea434b0e190.csv
1;98247.33;2020-01-02;parcelas_84293d18-9b6f-4641-a739-281ceb2d7ac4.csv
1;1195.78;2020-10-07;parcelas_842b9fc8-b60b-4ef6-a44c-aa2aff6f7962.csv
1;450000;2020-01-02;parcelas_84370228-001b-4cf2-b006-66e7143bfb69.csv
1;1922.59;2020-08-14;parcelas_84408827-493a-4d1e-a92d-094fa82b8544.csv
1;6420;2020-04-03;parcelas_84460f5e-074a-4c34-a150-e036e45ac875.csv
1;9896.24;2019-12-31;parcelas_84475cc5-fd34-43a7-a965-1126afebf855.csv
1;5840;2020-02-05;parcelas_84483a53-0bde-432f-8799-69f33576cd5c.csv
1;18350.37;2020-01-10;parcelas_84497682-d568-4192-8f43-6aba9d22204c.csv
1;41022.51;2020-07-24;parcelas_844bdcd5-2ef2-49c7-beae-7c41915a786a.csv
1;95078.79;2020-01-17;parcelas_844f5d33-5604-4950-b137-c12c8d8b469c.csv
1;1400;2020-09-28;parcelas_84599da1-5958-40f0-9efc-c778e2b25cfb.csv
1;39960;2020-05-04;parcelas_845f8ed9-d3b2-4216-8aa8-fbe407dc20f1.csv
1;36671.73;2020-11-27;parcelas_8465673a-b3fd-411d-9835-d0266a82c950.csv
1;441436;2020-09-02;parcelas_8467935b-3e3e-415b-b771-c55ffbdc8983.csv
1;150;2020-03-12;parcelas_84763774-2d04-4782-936e-a65ba55f3b3c.csv
1;315.15;2020-02-27;parcelas_847d1450-3dbe-44c5-8a01-66fd85310e5f.csv
1;6440;2020-11-20;parcelas_847f5cde-3661-41b9-bce4-7c65835b018c.csv
1;11679.68;2020-04-07;parcelas_8484bc6f-11ce-4213-8a2a-6be4974be09b.csv
1;39067.4;2020-01-02;parcelas_84855a77-d0cf-4a0c-b3a6-348b52d2ea1a.csv
1;8690;2020-12-30;parcelas_848c17f2-1365-4c11-b5ad-294b145f1b1a.csv
1;118332.43;2020-05-04;parcelas_848dacc2-eb2a-4e62-8e43-b80a5b3a5d07.csv
1;28261.36;2020-11-04;parcelas_84980bc8-c5d1-4735-a871-819ca9fa864d.csv
1;104.08;2020-11-03;parcelas_8499a8eb-1ca5-46f0-bfd9-a1dd367724fc.csv
1;16888.86;2020-10-30;parcelas_84a5a99b-0df0-4212-8a74-866630d31325.csv
1;85467.98;2020-07-31;parcelas_84a7a3e3-ff8f-4e46-b6c4-179e76a30535.csv
1;429.62;2020-05-28;parcelas_84ac9335-7820-4c10-accc-5804290d76ac.csv
1;3755.91;2020-09-30;parcelas_84af5651-5c1c-4d0d-b792-c06a1ec41819.csv
1;3122.41;2020-12-30;parcelas_84b285fc-c9c7-4e10-9961-05790b5b4bb8.csv
1;18569.53;2020-01-23;parcelas_84b38e93-27d3-4aa5-800c-57b1b72806f7.csv
1;13240.64;2020-01-02;parcelas_84b56cf2-7254-4256-9cb7-2d6856f30fe7.csv
1;471388;2020-10-28;parcelas_84b87a83-cf0e-43fa-a1ee-a00cdfabd289.csv
1;855;2020-03-06;parcelas_84bec469-00d5-4a16-9766-dcf8b40ddf48.csv
1;3041.5;2020-09-28;parcelas_84bfdd0e-264b-447a-afdb-fe67c7ce0f56.csv
1;14000;2020-06-03;parcelas_84c224bd-4468-48b6-90e5-92a7e91bd778.csv
1;150000;2020-02-21;parcelas_84c5d266-1a32-49e1-9236-5c7fce00c3a6.csv
1;48340.33;2020-12-21;parcelas_84c878c7-566c-4df1-ace3-e2ae146d4791.csv
1;280;2020-02-27;parcelas_84d37137-e360-4adc-83fc-972b42106cb8.csv
1;319794.59;2020-01-29;parcelas_84dcbca3-5c4a-4a96-8897-1d011b6134c0.csv
1;1633.33;2020-09-28;parcelas_84e0ffb7-2c40-4314-9cb4-bd4dd3ac3c20.csv
1;70;2020-03-06;parcelas_84eaca12-b3e2-4e22-9809-5addcedb3b45.csv
1;21917.9;2020-11-30;parcelas_84f31357-b92e-4ed2-9bef-8245c3e0d57f.csv
1;1677.06;2020-03-10;parcelas_84f43b2e-a3b6-4ba9-a51c-e1625c9c87c7.csv
1;712;2020-07-01;parcelas_850fadda-00d7-43e2-93d7-a80ecffe3b0d.csv
1;5348.94;2019-10-23;parcelas_851167b0-d4bc-432d-8460-6b511a7f467e.csv
1;286089.69;2020-03-30;parcelas_852157f0-9eb2-4097-bd6d-c93da06fcb56.csv
1;3966.5;2020-08-18;parcelas_852ca79d-bb6a-4a0f-a76c-f2604450d932.csv
1;89456.12;2020-12-07;parcelas_85345629-b9e8-4c2c-8f9e-612d6ea72a70.csv
1;117.84;2020-02-28;parcelas_853add5f-6258-4155-8213-b056cd3df817.csv
1;3771.4;2020-11-30;parcelas_855272e7-4f45-4108-9ef4-606ceef40631.csv
1;250000;2020-09-11;parcelas_855e0206-1765-4478-be02-f8a435dcdff3.csv
1;2805.71;2020-03-06;parcelas_856421f2-3a48-4eab-b855-c66d2079555c.csv
1;828;2020-11-04;parcelas_85649fb7-b2c5-4a69-bf2e-8e20eb3cbd1c.csv
1;3930.08;2020-08-19;parcelas_8565aaf6-9b13-4b88-a67c-fdc52a1ca223.csv
1;695.27;2020-11-27;parcelas_8567a2ff-5940-42f2-9edb-be40cc859eb0.csv
1;42225.79;2020-01-10;parcelas_856a3b5a-fbd7-47b5-9e4a-4f3febf18336.csv
1;1102.27;2020-11-30;parcelas_856d0302-1d08-4a1b-a75c-c822926c16ac.csv
1;5514;2020-01-02;parcelas_856d16e8-a286-4217-a999-3bcff61d8a1a.csv
1;1238;2019-12-05;parcelas_85735fb5-03ee-419c-a713-773c306023be.csv
1;350000;2020-09-11;parcelas_85757284-13db-4405-a092-cf1c80f005f5.csv
1;5734.31;2020-10-30;parcelas_85763a2a-de2c-4308-bd7c-d3635f92e072.csv
1;3451.98;2020-09-28;parcelas_857a399b-76ca-4725-ab40-ed602485981c.csv
1;226.26;2020-02-10;parcelas_857ca9da-abb2-49fb-aac4-d7d4340ed7dc.csv
1;418.08;2020-03-06;parcelas_858b6026-cb17-4436-a977-96e751216b3b.csv
1;18469.39;2020-10-28;parcelas_8596266c-2c98-4d5c-b6f8-0cace8c8b3e1.csv
1;5652.39;2020-12-21;parcelas_859e4a1e-ac07-4c59-b76d-a493ff9f1574.csv
1;7437.5;2020-08-27;parcelas_85a60a34-126f-4e36-a81f-ca44694f0b5d.csv
1;447825.65;2020-02-03;parcelas_85adec28-b4c7-4910-953e-b04b845dea37.csv
1;133016.9;2020-09-28;parcelas_85b0fc51-af51-46ca-90d8-eab6ec667f53.csv
1;34636.75;2020-03-06;parcelas_85b188e6-8dda-47a2-a744-b1003887133a.csv
1;55050.16;2020-03-26;parcelas_85befe6d-67ae-4008-a53d-4905d1fb45f3.csv
1;768;2020-11-09;parcelas_85ca25e7-989e-45a9-8c96-5d63194fa6fb.csv
1;51553.11;2020-10-30;parcelas_85d5744f-bcc7-4af9-a22e-4e3433ae694c.csv
1;315.06;2020-04-20;parcelas_85d600e3-96bd-4e4a-87ce-5f17bfc9b630.csv
1;38952.08;2020-01-29;parcelas_85d75ffe-f4d8-444e-84f3-cf81bc5fec4f.csv
1;1007.46;2020-11-03;parcelas_85e3f9d1-22eb-4ebd-8a56-3b49a146c156.csv
1;169900.07;2020-01-08;parcelas_85f3ed93-6c96-44ad-83d6-79e7d7230601.csv
1;7928.75;2019-12-31;parcelas_85fe5278-3b45-4f7d-baba-9a8fc6f2224e.csv
1;8949.48;2020-08-06;parcelas_8602a711-008c-46c5-901e-7da0815e904f.csv
1;13454.79;2018-12-20;parcelas_86055e9d-752d-4be3-b728-7565156bfefa.csv
1;473.85;2020-02-27;parcelas_8605713b-7337-4239-a160-5c67af8f2deb.csv
1;1172.21;2020-04-15;parcelas_860a01f5-5c4a-4d51-acc7-fed9106a1e12.csv
1;50000;2020-11-27;parcelas_86124b7d-4817-4dcd-a81c-7f7b7373b8f7.csv
1;16990.95;2020-08-31;parcelas_861399b2-e9d3-4e6c-b897-79a3610c45af.csv
1;44.2;2020-09-29;parcelas_86147179-e72b-42b4-92ad-c5dfff41c4d5.csv
1;12258.89;2020-04-24;parcelas_861fbe95-b76e-4537-9190-6c8c293b6040.csv
1;35936.8;2020-11-23;parcelas_8624bb7e-3977-4334-99d6-70ab86a262aa.csv
1;32852.38;2020-02-26;parcelas_862642a6-4932-4079-b278-e379fec2286b.csv
1;99.17;2020-05-13;parcelas_86293177-7fe5-4bfb-84d9-efdfe0d108f6.csv
1;875;2020-07-30;parcelas_8631624e-4088-410c-8eed-2884be95156c.csv
1;65335.46;2020-06-25;parcelas_8636b776-a54b-4feb-a5b1-fa4a6eb07c60.csv
1;7172;2020-01-08;parcelas_863c3399-372a-413c-b02f-9ce6fef8dd71.csv
1;423130.56;2020-01-31;parcelas_863dfbfb-e0d3-430c-a3a4-c28d797c341b.csv
1;79.79;2020-02-14;parcelas_86416fc6-58c7-4b0a-9b43-83fa1e95a376.csv
1;580;2020-09-24;parcelas_8644cecd-9b7f-4607-9ca1-d8ff1d8f51fe.csv
1;585.93;2020-05-28;parcelas_86465fc6-b4d5-4eee-a986-0c82ec4e3844.csv
1;13365;2020-05-01;parcelas_86556bbb-ea59-44cb-9c92-f940d4dc78b2.csv
1;2126.39;2020-09-24;parcelas_86591d18-50ef-467e-9bc0-8635ae703cfd.csv
1;64546;2020-07-22;parcelas_865c2a6c-b94f-414c-9f0f-c45f7c478c0f.csv
1;28541.07;2020-07-30;parcelas_865ea57e-3a4a-454e-89f3-42bfdd1d2a96.csv
1;243.71;2020-10-07;parcelas_865fc835-6344-4755-8767-a5073bba924f.csv
1;160905.21;2020-04-29;parcelas_86601cbe-8deb-4300-8585-494d2a292efb.csv
1;32804.9;2020-03-30;parcelas_8660f8f2-edcf-45de-993c-52fc1c1767bc.csv
1;423.3;2020-06-30;parcelas_86684e31-c660-460b-99da-e30e4fe35eea.csv
1;4353.25;2020-09-14;parcelas_866a3ec7-11a6-4950-989e-44629a19fbb9.csv
1;1730;2020-08-27;parcelas_866e9876-7663-42ec-8b2b-8292792273ef.csv
1;9599.96;2020-06-09;parcelas_86715e74-1140-4247-87e9-c144e8862fb5.csv
1;7072;2020-05-11;parcelas_8677429e-b73a-480e-8e26-8571a96d7af3.csv
1;17590.08;2017-01-10;parcelas_8683f20e-8a00-4810-aa5c-f59d531663e7.csv
1;486244.05;2020-05-29;parcelas_868eb5d0-e036-4cd6-8591-19fdfdd0d1a2.csv
1;6800.01;2020-12-30;parcelas_86948046-dc23-402b-86a2-a44616eb9226.csv
1;5664;2020-03-06;parcelas_8695b037-e37a-40b3-94ae-13a20cc53220.csv
1;14804.89;2020-01-02;parcelas_869b9ffc-ba57-4e71-96fe-542c7dcb3211.csv
1;7693.5;2020-12-21;parcelas_869fb679-1582-4199-a442-e5a5e4155482.csv
1;5073;2019-12-30;parcelas_86a4c978-f84d-4f49-8057-2faa94fba00a.csv
1;1200;2020-10-28;parcelas_86af2f81-9c36-4fbb-a482-8733c39c7660.csv
1;47200;2020-08-27;parcelas_86b1c156-4cfb-44f0-a9ca-2ff6f884e7d3.csv
1;660;2020-12-21;parcelas_86b6b8f6-e18a-45b1-871b-6098d0f037ce.csv
1;900;2020-10-16;parcelas_86bf3f4a-2bd3-474d-8163-4ae737046dbf.csv
1;9937.62;2020-02-28;parcelas_86cf0766-70e3-46e2-b302-4af914960378.csv
1;7443.8;2020-06-09;parcelas_86d16c82-ea30-4afc-87d4-325cca0c878b.csv
1;5344.25;2020-03-27;parcelas_86e5215c-a6e4-4ed3-9692-64354f062ac0.csv
1;47819.69;2020-08-27;parcelas_86ef64bd-c775-4a67-a826-ea839d0bd046.csv
1;62644.44;2020-05-29;parcelas_86f0aec5-4183-4013-b37b-e540f7e0c807.csv
1;11361.86;2020-02-05;parcelas_86f5cb19-18b9-417c-9699-30efef1a4d3b.csv
1;19948.5;2020-04-30;parcelas_86f730b2-6767-408b-b1d6-28a666b4d60b.csv
1;2200;2020-11-03;parcelas_870d5cd3-26fe-4033-84e3-963030fe91d1.csv
1;28713.68;2020-11-27;parcelas_870e1fdb-38af-41ad-a413-5357e9a7e96c.csv
1;8949.48;2020-05-05;parcelas_870e2ac8-8880-4b90-a723-4d2a92bd002a.csv
1;1416.62;2020-08-18;parcelas_87144789-07a3-4428-8bd0-e4edd9871cbb.csv
1;2874;2019-12-05;parcelas_87145522-283f-4c76-860b-69d0c804ea08.csv
1;15000;2020-01-02;parcelas_871488e6-5e7a-4635-8ba5-799227934df0.csv
1;50347.44;2019-12-09;parcelas_87171443-d0fd-4c9d-94c2-dd53b9c39af5.csv
1;88.78;2020-08-13;parcelas_87171cd4-b4e0-411a-8875-13eae2bc8cf1.csv
1;7843.49;2020-08-17;parcelas_87191c79-df9a-4545-a1be-fc5e0b4ce463.csv
1;202538.43;2020-01-29;parcelas_87197bf0-13b7-45e7-a930-2d3063b47d66.csv
1;1297.28;2018-11-30;parcelas_871f0c7b-11ee-4f56-b644-def9b4de8b55.csv
1;5841.93;2020-07-09;parcelas_8722789b-7335-4aee-a21b-cfb7692d1924.csv
1;34601.25;2020-10-28;parcelas_8726a1be-daff-4349-82a7-4111473193b0.csv
1;12042.22;2019-12-30;parcelas_872b6b8b-f2a6-4f85-a9f8-a536350e1a1f.csv
1;218.95;2019-12-30;parcelas_872b6b8b-f2a6-4f85-a9f8-a536350e1a1f.csv
1;9629.28;2020-04-29;parcelas_87318ed6-703b-4a14-8eaf-6f8487a492c3.csv
1;48.3;2020-08-31;parcelas_8732b2fc-d869-4fc7-b319-906cfa241412.csv
1;6468.93;2020-11-10;parcelas_8733e494-7eb1-4235-a0b5-e224308833fe.csv
1;13824;2020-03-27;parcelas_87362d50-7ac1-4789-b708-5c5b51f581c1.csv
1;79.79;2020-12-28;parcelas_8737b1e3-a783-4593-8d68-fbc0f1609aef.csv
1;1666.66;2020-03-11;parcelas_87396e28-2548-46e3-9138-90e57129df60.csv
1;12500;2020-12-10;parcelas_873c89ce-d198-4ccd-8f1e-ea8529072d15.csv
1;108;2020-05-28;parcelas_8746208f-7878-44a6-b077-82dddc82b20d.csv
1;670;2020-09-24;parcelas_8747006b-071a-4d69-8865-903ec7c64c7d.csv
1;514334.05;2020-10-28;parcelas_8749a540-4ddb-4862-ad74-061482b89969.csv
1;39867.6;2020-09-28;parcelas_874f8178-7b5e-4e9f-9fa2-fea16e5dbe98.csv
1;534.1;2020-04-17;parcelas_87602897-154c-478a-973e-1a2a6a231137.csv
1;1000000;2020-07-15;parcelas_877211da-510b-44e1-80e1-bb737c02c795.csv
1;68035.97;2018-12-31;parcelas_87722148-119b-4687-9ddf-f5ff6975da45.csv
1;79.79;2020-01-07;parcelas_877544fa-3630-43a4-b577-a0125c578177.csv
1;5996.6;2020-04-15;parcelas_877dc92c-9c1b-4849-9a5b-53b8381a0ae0.csv
1;63569.63;2020-09-04;parcelas_8780de64-4899-4ed5-b049-b066ba48a925.csv
1;2036277.16;2020-12-21;parcelas_878509e2-bf47-449b-aab6-4b591f026d4e.csv
1;44306.16;2020-05-21;parcelas_878e477a-84f6-400e-b4fc-64ecbe36e178.csv
1;2772;2020-03-27;parcelas_8799187d-4f15-4fae-b423-8542d18ffbc4.csv
1;46500.89;2020-04-30;parcelas_87994a68-93f6-4be4-b01e-659db1303658.csv
1;1108.7;2020-09-29;parcelas_879aa2a8-0421-4ea1-8ef6-052928df8b4f.csv
1;534356.9;2020-06-26;parcelas_879d8d61-6ddd-49bf-87c3-3c90b2da7eb2.csv
1;116409.97;2020-11-27;parcelas_879ecc14-18f6-47a8-a310-05cb133da09a.csv
1;355060.49;2020-07-30;parcelas_87a16626-a534-4eb9-ac81-8536a469695d.csv
1;300025.2;2020-11-12;parcelas_87a257e6-e0ca-46ff-b821-503166e47c22.csv
1;8975;2020-07-22;parcelas_87be38ce-3b6d-472f-a99b-caf8ba45c821.csv
1;108452;2020-11-25;parcelas_87be8ad9-9449-41f1-8d0c-7204fdfeccae.csv
1;87.5;2020-07-14;parcelas_87c0a1e3-ffb4-40c2-9fec-a9c50e92f7c0.csv
1;7980;2020-11-25;parcelas_87c11514-2e83-4fd1-bb5c-bc7adaec0148.csv
1;1749.43;2020-02-28;parcelas_87c16060-5b71-4e00-927d-40c0696b5415.csv
1;52775.75;2019-12-31;parcelas_87c6efd7-7f16-4ee2-a299-12f2b865b383.csv
1;1081228.44;2019-12-30;parcelas_87c6efd7-7f16-4ee2-a299-12f2b865b383.csv
1;79.78;2020-08-06;parcelas_87ca2d08-a3e3-43d4-a38d-f445cf51bbe8.csv
1;1900;2020-06-26;parcelas_87cbf0cb-83e1-4321-a3ea-6c857a256bfe.csv
1;2589.05;2020-11-27;parcelas_87d097af-c949-40c3-9f71-a188bd1b4e8a.csv
1;406.1;2020-09-10;parcelas_87d7c807-495b-4feb-9a02-df2b4105abd3.csv
1;5796;2020-05-05;parcelas_87d94112-d1da-4937-8a36-8c968839e09e.csv
1;1528.37;2020-07-31;parcelas_87e0925c-d91d-4c6c-892d-60d49ac54c51.csv
1;460.8;2020-05-28;parcelas_87e2247a-afb1-47a1-8c6e-20568d714855.csv
1;4609.83;2020-10-28;parcelas_87e2faa4-f7e1-42d2-b75b-ee668fa03f97.csv
1;3590;2020-10-16;parcelas_87e8c6bf-082a-4844-9f01-5ad10d477695.csv
1;211756.79;2020-10-09;parcelas_87e995f8-66d9-4e7c-b155-cc4d185d4ce4.csv
1;1045;2020-06-26;parcelas_87eca02a-d06d-4d50-9459-d22cf70db7d2.csv
1;113582.47;2020-11-27;parcelas_87f35076-d881-48ba-a5b6-537cea02752f.csv
1;21870;2020-10-02;parcelas_88027d21-4c87-4045-8cef-29cb22bbd17f.csv
1;252;2020-09-29;parcelas_88115278-2870-403b-aa85-165e79563065.csv
1;102327.4;2020-12-15;parcelas_88121a9d-eaad-4d79-a74e-d4077ad58fae.csv
1;1247.5;2020-05-12;parcelas_8822f643-ed63-4d4e-b122-07c4147e9f27.csv
1;49502;2020-10-30;parcelas_88289ff5-c287-408e-a8fc-ecd3212fa74c.csv
1;5587.2;2017-10-30;parcelas_88343d2f-7d51-4936-bda2-a4d9ea254495.csv
1;14400;2020-01-07;parcelas_88350a65-d82c-4a2d-a58c-b00fefa3321f.csv
1;11440;2020-02-06;parcelas_883aa9a2-af8a-47f1-bd5f-fb3b18d26b69.csv
1;145500;2020-03-16;parcelas_883c326a-8731-49d8-b39e-a793fc00d569.csv
1;891000;2020-06-03;parcelas_8844f1e3-d836-4dee-bcec-9cb214afc292.csv
1;537;2020-04-22;parcelas_8847e944-a786-4e81-976a-c15093270065.csv
1;4506.15;2020-10-21;parcelas_884d8332-0be5-4552-a36d-a21326f94683.csv
1;7892.22;2020-12-30;parcelas_88506eae-b24f-47ff-a060-5c28b921b6d8.csv
1;8375;2020-03-27;parcelas_885adf4d-7f48-4b6c-aa7d-fc0c6f004495.csv
1;23760.21;2020-07-13;parcelas_885bb8f0-064d-4154-8a52-c1817119fd1f.csv
1;361958.33;2020-08-10;parcelas_885bba6e-e509-4fa2-862e-37d90619451a.csv
1;355771.69;2020-12-15;parcelas_885d1b41-405c-4225-a17d-5d20a76fce50.csv
1;233309.6;2020-02-26;parcelas_886a701e-edec-44a7-ae2a-08596479cdc1.csv
1;991540.29;2020-11-20;parcelas_886aee43-b414-489f-b372-371d74664684.csv
1;18342.88;2020-07-21;parcelas_886c4243-2358-4296-b196-03bf0c25ad47.csv
1;97.15;2020-06-29;parcelas_886c8390-80fe-48ff-85af-4299f4034a90.csv
1;20183.44;2020-11-17;parcelas_8871a14a-9dc9-4e69-a07c-02eb4919cc70.csv
1;5070;2020-09-28;parcelas_8872200c-9ab9-430f-88fd-e5667d219606.csv
1;1171.76;2020-09-30;parcelas_8882452d-bb1f-40f7-8313-e6c1eeda9b5e.csv
1;70512.76;2020-07-30;parcelas_888e7c39-753a-4e8c-8fd7-0e9608c58ea7.csv
1;8010;2020-08-21;parcelas_88932093-38bd-4743-8ec1-038b479cf3bc.csv
1;2800;2020-09-28;parcelas_8893d2c1-c9ca-4cbf-a936-777fb602acd8.csv
1;323156.59;2016-09-30;parcelas_889a8c35-53f7-4a78-9132-2169312bc3e1.csv
1;15768;2020-10-15;parcelas_889caa5f-bc1b-4cfe-b5f1-a4626378f66f.csv
1;210.6;2020-09-29;parcelas_88a87e02-5bb7-4510-97fb-a4aedc14e738.csv
1;4231.14;2020-02-27;parcelas_88ac4d1a-666a-40c0-b3a8-de4c1fd39772.csv
1;46900.6;2020-10-28;parcelas_88b3075b-a05c-4115-bc47-a2d3f21aeed0.csv
1;209.75;2020-01-10;parcelas_88b3da91-92e2-4dec-87c7-cf392b477a32.csv
1;51163.7;2020-12-08;parcelas_88cf6704-f28a-45da-b86d-2fe4445c33b5.csv
1;79.79;2020-09-09;parcelas_88d50c8c-005b-46e9-b830-d75d7ef9ccdb.csv
1;182.5;2020-03-03;parcelas_88dcb0f2-4c10-4900-aaea-01661d0ceb2f.csv
1;24660;2020-01-02;parcelas_88ec20e7-5278-42ee-ba04-eacd00e52fa3.csv
1;1380.8;2020-07-06;parcelas_88ed4038-e668-4c17-94c7-17a922968680.csv
1;108671.25;2020-03-09;parcelas_88ef378d-3719-40f8-bf19-a706fe8c3b58.csv
1;1213.99;2020-04-30;parcelas_88f5f8f6-4604-46c3-9671-01a11c73f671.csv
1;158289.01;2019-08-29;parcelas_88fb47c6-0831-44d3-988b-f8ab2f32cf69.csv
1;73171.05;2019-08-29;parcelas_88fb47c6-0831-44d3-988b-f8ab2f32cf69.csv
1;170561.22;2019-08-29;parcelas_88fb47c6-0831-44d3-988b-f8ab2f32cf69.csv
1;58248.62;2019-08-29;parcelas_88fb47c6-0831-44d3-988b-f8ab2f32cf69.csv
1;57008.56;2019-08-29;parcelas_88fb47c6-0831-44d3-988b-f8ab2f32cf69.csv
1;239777.62;2019-08-29;parcelas_88fb47c6-0831-44d3-988b-f8ab2f32cf69.csv
1;37352.26;2019-08-29;parcelas_88fb47c6-0831-44d3-988b-f8ab2f32cf69.csv
1;5846.53;2019-08-29;parcelas_88fb47c6-0831-44d3-988b-f8ab2f32cf69.csv
1;22308.14;2019-08-29;parcelas_88fb47c6-0831-44d3-988b-f8ab2f32cf69.csv
1;13938.65;2019-08-29;parcelas_88fb47c6-0831-44d3-988b-f8ab2f32cf69.csv
1;43493.98;2019-12-31;parcelas_88fb47c6-0831-44d3-988b-f8ab2f32cf69.csv
1;113775.26;2019-08-29;parcelas_88fb47c6-0831-44d3-988b-f8ab2f32cf69.csv
1;97660;2019-08-29;parcelas_88fb47c6-0831-44d3-988b-f8ab2f32cf69.csv
1;161385.66;2019-08-29;parcelas_88fb47c6-0831-44d3-988b-f8ab2f32cf69.csv
1;790.06;2020-02-20;parcelas_88fb47c6-0831-44d3-988b-f8ab2f32cf69.csv
1;183.7;2020-05-18;parcelas_89003c53-0bc8-4b66-8ce3-de411cc23c65.csv
1;73175.85;2020-06-23;parcelas_8902574a-1d6e-4fd7-823c-f7424b95f91f.csv
1;9638.79;2020-02-05;parcelas_89026d05-3522-4cd1-885d-47c8349095fc.csv
1;3363.2;2020-08-18;parcelas_89040a9a-a8df-40ad-bc90-20795e65326f.csv
1;615.3;2020-09-30;parcelas_890474f9-6ee1-4f31-84db-2cd6a152a228.csv
1;1041.17;2020-02-28;parcelas_890bc6ab-d1a6-4b86-84bb-8834ea1b9dd4.csv
1;350;2020-11-23;parcelas_890c8c9c-29ae-4456-a617-3f324bc40a4b.csv
1;3638.42;2020-05-08;parcelas_8913a530-a749-4c16-855a-f131a06bbb05.csv
1;45110.11;2020-04-27;parcelas_8914f548-7271-4030-8153-b031ca87018a.csv
1;437.9;2020-05-14;parcelas_891f41ad-aeee-46b2-bd01-2dbc77d2bda3.csv
1;1026.18;2020-07-09;parcelas_89313ac6-a081-4d51-a7ee-8be444ba6a42.csv
1;1720.31;2020-09-29;parcelas_893836c1-68cc-4b70-914a-61662bdba171.csv
1;645.76;2020-10-28;parcelas_893931dc-2a05-42dd-bcd9-fe83c1029f33.csv
1;25800;2016-10-27;parcelas_89429540-8deb-47a7-b152-36f9c4680144.csv
1;19168.8;2019-12-30;parcelas_8943c77c-2c4f-485b-8444-579105de9f8c.csv
1;1841;2020-03-27;parcelas_89470bba-6b22-46fa-bce1-a956349b8c0b.csv
1;1583.02;2020-10-28;parcelas_89475549-71e5-4cc1-b79f-b5e4f1e7d70d.csv
1;25.02;2020-08-21;parcelas_894d8263-e86f-4ac9-8e1f-ed0dbf5501ce.csv
1;28944;2020-11-04;parcelas_894f8ce5-89f5-48dc-bf21-d365e0dd4428.csv
1;9322;2020-03-27;parcelas_89508725-d90b-4bcd-90b1-fcdfbb315ec1.csv
1;1218.47;2020-03-31;parcelas_89540b19-a269-41bd-ba33-7e0c18acd3dd.csv
1;3726.61;2019-12-30;parcelas_8957cc8a-c5b6-4842-a52b-4454d47bc0e2.csv
1;1552873.4;2020-08-05;parcelas_895c6a2c-17f5-4793-bf18-b22456d7e2ff.csv
1;13200;2020-08-31;parcelas_895cbcd7-90e9-4ce2-8619-bf1e5cedbab8.csv
1;3172;2020-03-30;parcelas_895d1636-035f-4d38-bb18-94082711e5be.csv
1;58816.6;2020-03-26;parcelas_8966fa1e-ff8a-4655-93b6-881ea5a45acb.csv
1;763;2020-03-09;parcelas_896faeda-ac17-4dc4-ae72-123d644f3254.csv
1;72606.44;2020-02-26;parcelas_8970deb3-13c0-45e1-9f93-b26e05ab7762.csv
1;238800;2020-01-02;parcelas_8987ae74-28e6-4bcf-b64b-04c62e00f17c.csv
1;114861.65;2020-09-28;parcelas_898ad87c-1e0e-4dbb-9477-7f43e141f5a8.csv
1;50332.6;2020-09-24;parcelas_898e8a3a-faba-4d58-a1fe-44dabd4a79ec.csv
1;7820.21;2020-09-23;parcelas_89938af7-b667-4426-afba-6bfb20e5cba4.csv
1;222.98;2020-01-13;parcelas_899468df-ad40-4e55-8985-e1083fc31b7d.csv
1;16593.9;2020-12-09;parcelas_899bd921-bc7c-4e06-bd30-2e7185284ddf.csv
1;27278;2020-09-28;parcelas_89a077b9-b3f3-4506-a325-a5bd588864ed.csv
1;556.95;2020-11-25;parcelas_89b1881d-7938-4e56-aa84-890c0a73abb7.csv
1;393332.36;2020-06-26;parcelas_89b4edeb-1c13-4b9e-b932-9f7ded3423a1.csv
1;1322.77;2020-10-21;parcelas_89badf4e-34d6-4514-86ee-b3f244dd15d4.csv
1;2139.49;2019-02-01;parcelas_89bda600-df88-4eb0-99c9-52723d28a9c4.csv
1;1050905.96;2020-05-07;parcelas_89c87a75-1020-46cf-a2cb-43b62a3e2db1.csv
1;18913.95;2020-01-02;parcelas_89ca2f8d-f7c8-41f4-8c3e-504fff64aa89.csv
1;2208;2020-11-06;parcelas_89d46e3a-0abc-4e05-ad2b-ab3aad650772.csv
1;25000;2020-01-31;parcelas_89d4db16-9447-464f-a7c0-37a2f73ed32e.csv
1;708.1;2020-05-28;parcelas_89d6ef2a-0fa6-4418-84e8-dbd9cc9f5f12.csv
1;500;2020-05-29;parcelas_89dc8a1e-ec35-49d1-9861-094519a3fbdd.csv
1;70;2020-09-22;parcelas_89df1c0f-3a0b-4257-a69b-280f16fb3a94.csv
1;87525;2020-10-21;parcelas_89e10e99-40c6-4b37-955e-80036b06631f.csv
1;3958.98;2020-06-08;parcelas_89e5c406-3176-43b9-a93d-91f02410e943.csv
1;120;2020-03-16;parcelas_89ed34aa-1419-40e6-b17f-8402b540d4c1.csv
1;594.42;2020-09-08;parcelas_89f75bb0-1820-460b-b7c6-cd3de69ab195.csv
1;1957.08;2020-04-29;parcelas_89fbc8cc-3c55-4db4-a4ec-325e34ffe9fb.csv
1;7845.63;2020-11-24;parcelas_8a185e2c-a828-475f-865c-46ccf8253bca.csv
1;4343.14;2020-05-13;parcelas_8a1d39e0-0c37-4f5c-9acb-7f75a4e3a116.csv
1;745.58;2020-11-30;parcelas_8a1f4d43-9167-4393-93d8-705f54bc8739.csv
1;69.9;2020-03-30;parcelas_8a229930-835d-4d48-89f2-8953cf9fa81d.csv
1;853.2;2020-05-11;parcelas_8a23f1df-6a0e-41fb-be4a-6a045b09047f.csv
1;22938.85;2020-02-26;parcelas_8a2d5a4c-5cbd-450f-bfff-8f01d5d530ad.csv
1;675.01;2020-09-29;parcelas_8a3f14fd-c1ce-42b8-9901-0157cb4efab9.csv
1;2510.29;2020-09-29;parcelas_8a3f65d1-a767-438a-9c79-90f53d8118c7.csv
1;516.06;2020-09-04;parcelas_8a406f13-7177-484d-b756-297334ae1a67.csv
1;3103.2;2020-05-11;parcelas_8a5ae635-9b3b-4cac-b2bf-48353c4efbae.csv
1;2532.18;2020-09-29;parcelas_8a5f4e85-5df0-438e-9332-1a1532771e73.csv
1;30.1;2020-07-31;parcelas_8a6be5d5-2744-411e-a33a-4f4e0532aa72.csv
1;267.32;2020-10-21;parcelas_8a70aa0c-434c-4682-887b-1cd596c0666a.csv
1;195397.16;2020-06-26;parcelas_8a715038-e356-46f8-be96-c5e21625f3d9.csv
1;700;2020-08-27;parcelas_8a7534ed-16e7-4a5e-957e-339ccac48f7f.csv
1;1499.01;2020-05-28;parcelas_8a79988f-3f87-400a-b9bb-36c58fb883b4.csv
1;3085.57;2020-08-14;parcelas_8a7cc18c-68d2-4f07-b1d6-f35a9986271c.csv
1;801525.22;2020-01-28;parcelas_8a840ab8-a18f-4cfe-b6ab-7623ce003633.csv
1;51.64;2020-12-30;parcelas_8a878200-4b1b-462c-841e-22b22dc1ec98.csv
1;16639.45;2020-11-27;parcelas_8a8c0267-7d87-4b61-a3b3-19c50f65d238.csv
1;15089.23;2020-07-31;parcelas_8a971a9c-332e-444c-9839-b6b1109a4187.csv
1;13000;2020-11-30;parcelas_8aac548d-0ab5-450e-b363-fb6ab8a4b2c9.csv
1;680.11;2020-09-23;parcelas_8ab16937-c050-4181-8fcc-419f69844b8c.csv
1;4532.52;2020-04-14;parcelas_8ab2b32c-9db4-45af-9bdb-f5d67bec0114.csv
1;350;2020-01-28;parcelas_8ab2ddb4-8cf0-426e-9285-735cea605ede.csv
1;19.37;2020-03-31;parcelas_8ab369d9-ab2a-4a3e-9083-b82c1c1725a4.csv
1;203.33;2020-09-30;parcelas_8abb61fd-5610-425d-a6e5-54c9859c09b2.csv
1;28435;2020-05-07;parcelas_8abfb6d1-7b5f-47d4-8065-6d1c007ab3d6.csv
1;43161.51;2020-10-30;parcelas_8ac12b2f-2d00-4423-ba4b-b85d528c0038.csv
1;1474;2020-05-11;parcelas_8ad5bf96-eb9d-4ada-8ebf-f5a4d7a12254.csv
1;1339;2020-09-09;parcelas_8ad9ffca-0270-42ee-81c3-2c5fade5d9d2.csv
1;6390;2020-11-19;parcelas_8adaab53-0e71-41eb-92f6-174ff844619a.csv
1;596.59;2020-10-07;parcelas_8adbd633-51ae-457f-8759-1050094c15db.csv
1;2250;2020-08-04;parcelas_8add79eb-2188-4e56-a7a3-b67e84f840d6.csv
1;361.15;2020-05-28;parcelas_8ae38ef0-3a36-4998-8b94-7784d6bd7ba5.csv
1;117;2020-08-21;parcelas_8ae3f3d4-b107-4b00-91aa-8861cb213b37.csv
1;24045;2020-01-02;parcelas_8ae7951e-5bfe-4445-bb89-3cbd89c3585d.csv
1;10070;2020-03-02;parcelas_8af2cdff-fb0e-4f64-bf62-53398143f0a9.csv
1;10990;2020-06-08;parcelas_8af47952-3970-496c-b7fb-6f88bd9d71ca.csv
1;647.79;2020-09-17;parcelas_8af911e7-a9f5-42de-a12c-28006dddf3b7.csv
1;2712.5;2020-10-28;parcelas_8afbd66f-2029-4397-9b94-aa2ce5c2dc21.csv
1;1887.51;2020-11-27;parcelas_8afcabd3-4732-4980-b60f-6224cc0c7ae0.csv
1;181342.89;2020-01-02;parcelas_8afd0636-9f8d-4bcf-91ce-e790a6e57765.csv
1;242297.71;2020-12-30;parcelas_8b046a43-2da8-4aae-9a8b-849404dfa555.csv
1;29510;2020-09-14;parcelas_8b05296a-53b9-4d30-8e1b-df9c6f9bc6be.csv
1;66.7;2020-03-13;parcelas_8b19d554-63e5-424c-b916-e3b52d8cf5bd.csv
1;31208.58;2020-12-08;parcelas_8b25a719-1fdd-40f9-96e3-ba3cb6bd4852.csv
1;16380.59;2020-06-26;parcelas_8b280740-95ef-452b-8572-5fddae1eb434.csv
1;585.36;2020-11-30;parcelas_8b37cb8d-b315-4cac-bc2d-c7fa0e1c7131.csv
1;875;2020-08-27;parcelas_8b3a4542-8686-48de-96af-1c1b5d65eecf.csv
1;35569.16;2020-02-05;parcelas_8b3ce982-ce9b-4b7a-bbf6-a6cc368753cc.csv
1;870000;2017-01-10;parcelas_8b3d144a-d40d-4e03-a885-1b62428a6f17.csv
1;1886.87;2019-12-30;parcelas_8b40f62d-1746-40cc-acc7-989be19dc88b.csv
1;2428.45;2020-09-15;parcelas_8b460ca1-a435-4efc-8204-31ef929e3f38.csv
1;44500;2020-07-21;parcelas_8b4b5fc6-2325-47fd-8c36-14f5f49cd65e.csv
1;2350;2020-11-03;parcelas_8b59bb3f-fc2d-4988-b04c-d179037d0b00.csv
1;50350.53;2020-01-08;parcelas_8b636c80-419d-4b07-b74b-f53071a3bdc7.csv
1;3474.4;2020-10-29;parcelas_8b6653f7-1048-457e-95a8-2c47413e5411.csv
1;9550.55;2020-08-12;parcelas_8b6a3b82-ed90-431c-99bc-e6dac2b1820b.csv
1;5454.3;2020-09-16;parcelas_8b6bf5b8-1565-4920-9963-b7edb0e4e90f.csv
1;39591.8;2020-04-29;parcelas_8b6e42e5-9745-445b-b4e7-7450e0321fcb.csv
1;16650;2020-06-10;parcelas_8b757f39-acb7-4206-8eeb-7c8cfb4ab4f0.csv
1;3058.76;2020-09-29;parcelas_8b7bdff4-98f1-4f12-947d-55e438091f0a.csv
1;24477;2020-12-21;parcelas_8b882472-afca-40a3-b15a-2b41dd9b1fe5.csv
1;4.2;2020-08-10;parcelas_8b8d96c1-6f28-4ae9-9aef-107b284494a4.csv
1;380.98;2020-12-30;parcelas_8b956742-9c0f-40ff-922d-5a1f26b98bc2.csv
1;38705.4;2020-04-29;parcelas_8b98f3e4-c218-4805-b646-fc334f421bf5.csv
1;1235.06;2020-01-24;parcelas_8ba7e65d-9535-4746-85c5-e6082efca3bf.csv
1;441.59;2017-12-29;parcelas_8bb14180-e24b-4a89-8f76-04577c054980.csv
1;453.54;2017-12-28;parcelas_8bb14180-e24b-4a89-8f76-04577c054980.csv
1;100000;2020-08-17;parcelas_8bbc4bbd-b33c-457f-9210-a1e8bbb9463b.csv
1;1252.83;2020-05-27;parcelas_8bc2c853-5d54-4674-b59c-a23e50d739ae.csv
1;36000;2020-06-05;parcelas_8bc70c65-c849-4618-b624-c6afd1cdd5a6.csv
1;1938;2020-01-17;parcelas_8bc89ccd-a1cf-4571-a9a1-3940977d360a.csv
1;13500;2020-06-23;parcelas_8bcbfe37-3bb9-402d-acc7-90aa4d4a9544.csv
1;112200;2020-11-06;parcelas_8bd41818-4684-4d8b-b64e-170ac6befcd3.csv
1;23008.02;2020-11-24;parcelas_8bd58cea-e7fa-49f1-b740-9bda217d0d68.csv
1;159.6;2020-01-23;parcelas_8be10a3e-3071-489e-8dc1-7c7b82372a46.csv
1;663.1;2020-09-22;parcelas_8be418d7-bcb4-4ce1-bce5-ed935f00f44d.csv
1;6606.72;2020-01-02;parcelas_8be59936-331d-4e24-9050-85f183378140.csv
1;2406.82;2020-08-19;parcelas_8bf192d0-6960-4e71-ae79-92a63ba4e238.csv
1;23289.1;2020-10-06;parcelas_8bf41edd-3a11-4480-8856-2a732d8a0438.csv
1;317.1;2020-05-29;parcelas_8bf44719-fdf7-42fd-ad22-90e17bc3e9e7.csv
1;62992;2020-11-17;parcelas_8bf900ed-8115-48b0-bfe5-0712c36f1ecf.csv
1;1431.35;2019-12-30;parcelas_8bfe6b06-e6d5-4ded-ace3-0f46bdafda28.csv
1;13398;2020-08-19;parcelas_8c08d585-143d-48bf-b3d7-9f5c5bf05e43.csv
1;11756;2020-06-04;parcelas_8c128ceb-86cb-45ed-bce2-4207b35ee4c4.csv
1;296564.77;2018-12-31;parcelas_8c13d4a7-2cb3-47ad-a3aa-2f51a766acd4.csv
1;28384;2020-11-30;parcelas_8c152b33-0a70-4499-be62-d8d76d187241.csv
1;1247;2020-06-29;parcelas_8c16a7dc-4f38-428b-9eab-068b001053e6.csv
1;656.15;2020-09-29;parcelas_8c1763a7-8136-4309-b608-0bdf4581947b.csv
1;17340.9;2020-06-30;parcelas_8c28e27c-ed34-48c3-aa86-d8568634689d.csv
1;5722.53;2020-04-29;parcelas_8c2b0948-4f24-498f-8878-c563471ee0ef.csv
1;336.85;2020-09-08;parcelas_8c332849-54ff-46c0-9d3a-80c64f9397ed.csv
1;2023.8;2020-07-15;parcelas_8c3bcfcf-ada4-41cc-8015-542d3812082d.csv
1;13970;2020-12-15;parcelas_8c3fcb8c-da92-41bc-9f7e-db992e21adba.csv
1;51046.59;2020-12-01;parcelas_8c442278-5c65-4078-ab6e-1769582b59c7.csv
1;126296.57;2020-03-26;parcelas_8c446c34-f60b-4ea2-ac19-8ec8879d6fca.csv
1;7933.37;2020-02-26;parcelas_8c557c3e-14dd-48ab-943a-47a51a85ef8c.csv
1;17558.96;2020-02-04;parcelas_8c56276c-af20-4320-93d0-697df3e94b58.csv
1;1392;2020-10-21;parcelas_8c581910-443d-490d-970c-7bc6150e7de2.csv
1;1319.58;2020-05-29;parcelas_8c59dbf0-1c49-49fb-8bd8-7db608c4788f.csv
1;16018;2020-10-01;parcelas_8c5c3892-b276-4e32-a64e-248d51c0e053.csv
1;6521.66;2020-02-26;parcelas_8c5f18ba-9a01-4dda-a660-ce00f3509a7d.csv
1;79.79;2020-03-17;parcelas_8c61f563-bf6e-4ab0-9604-7aaecfbfff71.csv
1;100;2020-10-22;parcelas_8c652f18-6b42-418d-badf-518351afd15e.csv
1;29.49;2020-12-11;parcelas_8c6dd06d-f8bf-4d3f-ac33-2a82c71ff406.csv
1;194.18;2020-11-03;parcelas_8c700d90-c843-4564-802d-95573e282fc7.csv
1;6780.25;2020-05-18;parcelas_8c71a928-488d-4fd2-9292-69ec3dbb8408.csv
1;30378.14;2020-11-27;parcelas_8c79eaf7-3d78-4c68-881e-d011aba5a1f8.csv
1;2863.33;2020-08-07;parcelas_8c7aff42-7ccb-47f9-bd97-2c974d26d897.csv
1;2250.64;2020-06-22;parcelas_8c7dd100-199c-4b76-aadf-d86eba06392c.csv
1;26999.92;2020-07-21;parcelas_8c925a78-54b9-49b8-9617-235086464f02.csv
1;200;2020-01-02;parcelas_8c9db86e-16a9-46b2-912d-b0febec9d451.csv
1;2203.46;2020-05-14;parcelas_8c9ebe47-dd5c-4a28-b509-2e70e7dd9d97.csv
1;4037;2020-07-13;parcelas_8cae29b3-1224-4619-ab12-9e877c9e769f.csv
1;123315.67;2020-12-21;parcelas_8cb0065c-5f89-43d8-934a-c076e803bde1.csv
1;58.7;2020-02-21;parcelas_8cb8c23a-aa19-43d6-bc93-526064c8db60.csv
1;766.42;2020-11-03;parcelas_8cc05219-af4f-486f-8f16-b12196c5a24c.csv
1;29.49;2020-11-20;parcelas_8cc1c64d-65b0-4648-914e-36581fb4993d.csv
1;73026.1;2020-08-07;parcelas_8cc2f527-91cf-4e24-a3bc-d96325d759a9.csv
1;243.07;2020-10-26;parcelas_8cc550ed-e1dc-42dc-bf6a-fea2ef3a6d42.csv
1;23.59;2020-11-23;parcelas_8cc97ef0-90a4-483c-8595-4a44e21ecde4.csv
1;11021.63;2020-10-27;parcelas_8cd72f79-e753-4e25-b3cb-744fa32b661f.csv
1;58860;2020-11-16;parcelas_8cd9103c-0e03-487f-bf7c-55ea048a7254.csv
1;142091.03;2020-07-30;parcelas_8ce0a552-34b8-41e4-823a-e3ab63109246.csv
1;900;2020-08-27;parcelas_8ce33271-7d1c-4aed-81a7-baccd72596f6.csv
1;45580;2020-07-30;parcelas_8ce8be9a-8e56-4479-8efb-a61eade1c64b.csv
1;750000;2020-03-27;parcelas_8ce932b4-7fd7-43d0-96ba-b6a632e14794.csv
1;1206.19;2020-07-31;parcelas_8cee4f69-4dd0-47c9-9b32-b2ad19d4769d.csv
1;148.5;2020-11-04;parcelas_8cef1b4f-b138-4d73-b73a-c17e1a22bc7c.csv
1;8953.5;2020-02-05;parcelas_8cf102d9-83f4-4fc6-9af0-fb6d667c02c9.csv
1;36935.05;2020-08-27;parcelas_8cf7ae40-91da-4889-bdb2-ce7565578d57.csv
1;1947.5;2020-03-18;parcelas_8cf81d25-9b7e-4cbb-af5e-90b3d687151a.csv
1;3870.13;2020-10-28;parcelas_8d034a1b-43af-4e97-8b1b-9183bd97cd87.csv
1;118000;2020-10-30;parcelas_8d0daaf9-ebf3-4e9f-9727-0465568d423d.csv
1;5841.6;2019-12-31;parcelas_8d13bddd-b9fd-444c-a835-254eb0c24d9d.csv
1;1045;2020-11-27;parcelas_8d1799e9-f76b-4644-b36e-0d11c38a65c5.csv
1;29432;2020-02-10;parcelas_8d233e73-b3df-4bda-9c35-97da414a68f5.csv
1;1712;2020-02-10;parcelas_8d2631d5-1043-4f27-ab9f-1695e842b099.csv
1;192621.36;2020-02-26;parcelas_8d2c8dcf-0472-4050-a13d-09ad87eeb31b.csv
1;32804.9;2020-07-30;parcelas_8d2d7bba-ac4a-41d0-b2e1-89bc925a660b.csv
1;21868.97;2020-09-30;parcelas_8d320b6a-2cd3-422a-a7ec-52c1962b7d92.csv
1;1101737.66;2020-01-02;parcelas_8d39aa25-e1ad-4dce-a2a1-5169b34b6dc0.csv
1;3595.05;2020-08-28;parcelas_8d45758a-fa70-47f4-876f-776c4676bcfd.csv
1;94703.87;2020-09-28;parcelas_8d4a4bfc-79ed-41ba-aa83-9ce4a55fa48f.csv
1;28573.17;2020-04-30;parcelas_8d4ab268-0bf1-4ceb-a2a9-d34f76049b14.csv
1;19500;2020-09-09;parcelas_8d50066f-95bc-4913-917a-7f46bc869855.csv
1;63993.65;2020-03-05;parcelas_8d524da3-2da8-4c66-bd32-bc45b991292b.csv
1;29.25;2020-06-26;parcelas_8d5481f5-9bab-4268-957a-e764ce38c08f.csv
1;554.26;2020-09-15;parcelas_8d630a57-2d1d-4ce5-bd3e-a14daabe216a.csv
1;2012.91;2020-04-30;parcelas_8d749244-cd60-49e6-a96e-eeed76d8db40.csv
1;249.11;2020-08-17;parcelas_8d76f294-ce3f-42bb-8e77-7f284c410fd5.csv
1;920;2020-07-14;parcelas_8d800179-610c-4571-80af-639106e92df5.csv
1;350000;2020-12-30;parcelas_8d827f7c-7415-4c46-b24d-0cc494ff0c19.csv
1;7139.99;2020-09-28;parcelas_8d858e8d-9415-4aec-9b1f-511d0cd54416.csv
1;44374.36;2020-11-27;parcelas_8d97d3ac-5f38-41dd-94ac-ba4a7e0ca341.csv
1;314414.7;2020-01-02;parcelas_8d9a10c1-49d5-4c28-9689-2a5194fed026.csv
1;801;2020-03-27;parcelas_8db24102-6a96-4914-aa46-539048a9196f.csv
1;1400;2020-07-08;parcelas_8db774e3-2e0a-4a9e-acb8-cd3fc2ae209d.csv
1;11729.5;2020-05-14;parcelas_8dc09d9c-8282-424d-b9ff-9e94c6b78497.csv
1;1436.7;2020-06-10;parcelas_8dc857cd-9cb8-4ad8-a710-26842650be4c.csv
1;44080;2020-07-30;parcelas_8dca2d91-059e-43b5-86c4-1e789a93171f.csv
1;196;2020-08-28;parcelas_8dd12e4d-f906-4397-853c-1806542726c4.csv
1;6210;2020-03-06;parcelas_8ddf427b-1ade-41c0-9f3b-0df1020094ca.csv
1;817241.74;2020-01-31;parcelas_8de9e45e-987a-485b-925a-f7ce1f5da6d6.csv
1;4246.9;2020-09-28;parcelas_8dee200d-2412-4754-bdfd-119161363ada.csv
1;65446.58;2020-03-26;parcelas_8df11824-132b-4837-a853-5181ea58a6bb.csv
1;1955.91;2020-11-24;parcelas_8df2c56e-52ec-4094-8180-6497d16b6312.csv
1;45645.83;2020-05-27;parcelas_8df706d8-50cb-4c2b-9130-76b365ab8141.csv
1;2046;2020-01-08;parcelas_8df817df-3cc0-4763-87ba-c13701219992.csv
1;780;2020-04-06;parcelas_8e0078cc-ab09-4ee1-8857-a759dc2f6300.csv
1;2946.09;2020-10-28;parcelas_8e141f42-3a72-4355-b506-c6e6451901f8.csv
1;4430;2020-11-09;parcelas_8e151b54-0ae9-45e6-a61a-6958ee51d233.csv
1;53718.62;2020-11-27;parcelas_8e17386c-dcba-4964-b39c-9dd8a39a240d.csv
1;7301.97;2020-04-29;parcelas_8e18fde4-914e-4ab5-a1fd-fb402b2518b8.csv
1;26293.72;2020-12-30;parcelas_8e1bc64c-f907-446e-8f35-be5d6a7e1747.csv
1;79.79;2020-02-12;parcelas_8e1ffc3a-0fd9-4b13-8970-3eeea779030b.csv
1;4690.49;2019-12-30;parcelas_8e280cb2-73f9-4b85-9fe6-874b362889fa.csv
1;10000;2020-04-15;parcelas_8e2863f7-44bd-49ce-a6c1-1ea46cd746c4.csv
1;81303.72;2020-01-30;parcelas_8e29d6de-947c-4f2a-871e-df128b0b6f53.csv
1;4520;2020-10-28;parcelas_8e29de4a-85af-435f-8e82-ac75e3e43355.csv
1;112.55;2020-10-05;parcelas_8e300993-88ef-4b78-8a82-83a5dff385f0.csv
1;70;2020-11-11;parcelas_8e34e8b3-ca3b-4d22-9ed4-bcdcfccfa283.csv
1;11092.5;2020-10-30;parcelas_8e35d8b5-6f9f-497a-98a7-87a0de546568.csv
1;1600;2020-09-17;parcelas_8e3e12c2-6eeb-461c-866a-15914079bbce.csv
1;26676;2020-06-17;parcelas_8e3e8cd0-6ac0-4d05-8365-8060855937b6.csv
1;525;2020-03-26;parcelas_8e42e06f-8f28-41d0-a380-ff940f48b6ca.csv
1;16672.78;2020-06-03;parcelas_8e5dbbfb-9692-4033-8468-debb582c9903.csv
1;5080.04;2020-05-13;parcelas_8e5e5d8c-83dc-4cc7-9415-5a769266c47d.csv
1;38400;2020-10-07;parcelas_8e681ea6-7772-4266-b9ed-503362a56cb6.csv
1;24211.8;2020-08-27;parcelas_8e6bd48b-0682-4e76-af12-f24eb35990d1.csv
1;519.97;2020-02-07;parcelas_8e774082-8752-4ecf-bfd2-f6d93bd0b3a0.csv
1;7770;2020-11-25;parcelas_8e86d4b6-5a71-4d05-a4b6-42ed6f02ba3c.csv
1;1067.25;2020-02-28;parcelas_8e9390a2-92dc-4b06-926d-7862fdc20f10.csv
1;59106.15;2020-02-05;parcelas_8e94fe15-1679-4efa-b272-367d53d15709.csv
1;133.71;2020-10-28;parcelas_8e95d2f1-02e3-40cf-be32-795cc9e8a98a.csv
1;22221.48;2020-05-20;parcelas_8e994ec9-3378-4838-a9d0-3067e73276b4.csv
1;408.48;2020-06-18;parcelas_8e9b19d9-6ae0-4176-926b-64a627a3e5dd.csv
1;85467.98;2020-12-30;parcelas_8e9b558d-7ec6-40f4-8bac-e5b88a598075.csv
1;173201.35;2020-03-26;parcelas_8e9df429-4a50-4edc-b08a-c3a07afd05ea.csv
1;170656.8;2019-12-30;parcelas_8eab6181-a589-4207-aa8c-1e15feefda88.csv
1;10487.29;2019-12-30;parcelas_8eab6181-a589-4207-aa8c-1e15feefda88.csv
1;1252;2020-07-01;parcelas_8eb17fab-bc59-45f4-ae7a-9a82608e9c41.csv
1;1414;2020-04-17;parcelas_8eb73941-ff03-4a1d-9adc-fd3915850267.csv
1;1020;2020-07-13;parcelas_8ebbd46f-7c2d-4ebf-bbb9-d77b5298dbc7.csv
1;8949.48;2020-10-15;parcelas_8ec1f9fe-f347-4389-9a93-501ee936a9ec.csv
1;1793.97;2020-11-05;parcelas_8ec6a803-bcaa-4c4b-be30-8137dd781ef5.csv
1;48000;2020-07-10;parcelas_8ecac974-fb37-4a4c-82fd-2c6c0e5dce95.csv
1;2065;2020-07-13;parcelas_8ed0f150-dc5f-4ec3-9ba9-0dd69f4f9359.csv
1;2632.66;2020-10-06;parcelas_8ed16082-d94d-4854-b6bc-be765d1cfa93.csv
1;8935;2020-10-26;parcelas_8ed3e63a-2993-4104-80a0-ac2074c387e9.csv
1;13860;2020-08-07;parcelas_8ed8aea0-8ed9-43e4-acfa-84238c1f3a3e.csv
1;170.97;2020-10-05;parcelas_8ee2c96f-eb8a-456d-93d1-a87cf9ef859b.csv
1;989.32;2020-09-28;parcelas_8ef26700-f296-4584-bb71-edbeb133e506.csv
1;4576.65;2020-02-26;parcelas_8ef7d06c-5f9b-4251-9e4a-2a22ae8b332c.csv
1;4173.06;2020-10-07;parcelas_8f05cd9e-1060-4a4a-932b-797df95c5f14.csv
1;11347.28;2020-05-27;parcelas_8f0fdcc5-4708-4534-abe3-b257bbd213fd.csv
1;27508;2020-07-13;parcelas_8f11dc17-f03f-4d0d-8e24-c2e1c0f4e3ce.csv
1;1925;2020-05-27;parcelas_8f17ddf0-22c0-425c-8dc0-b9e6867d7e62.csv
1;83100.97;2020-10-30;parcelas_8f1b9d74-b924-472f-9f3c-3bb681b4e73e.csv
1;25340.12;2020-02-10;parcelas_8f1f760b-a5a5-41c3-8b19-740a934d8308.csv
1;530.36;2020-05-29;parcelas_8f2199b9-3487-4d68-a6ad-19b672d8e49e.csv
1;15525;2020-05-12;parcelas_8f240e82-61c3-442c-a974-ea8b87961d2f.csv
1;139966.2;2020-09-28;parcelas_8f2545de-b0ce-410d-9292-ed67bb50bc79.csv
1;125370.79;2020-02-26;parcelas_8f282be0-9fca-4e7a-80fd-91a7e3cca024.csv
1;925.9;2020-07-22;parcelas_8f28fb65-742f-4d89-85f8-689316332cf0.csv
1;181600;2020-06-05;parcelas_8f2f18e0-561e-42ce-98cd-b13128a0875c.csv
1;200;2020-07-30;parcelas_8f31da86-ab53-48f7-aa95-d997cf0ab3e4.csv
1;102.38;2020-11-27;parcelas_8f3e0f91-237e-4782-9c5d-583da9d4652c.csv
1;316.54;2020-12-30;parcelas_8f41a6fe-d7b6-4386-99a2-5658f05c9349.csv
1;2398.11;2020-12-30;parcelas_8f4a67fc-914c-4900-9769-5813bb84a255.csv
1;32804.9;2020-04-30;parcelas_8f50c5e6-1a7b-4b2f-8006-a588debc2d40.csv
1;71759.57;2020-06-26;parcelas_8f529b25-e866-45de-bcdf-f306d4d54ea8.csv
1;1389.29;2020-08-19;parcelas_8f556f7d-2779-4b3e-a0bd-b2e919b4e82b.csv
1;4257.19;2020-05-14;parcelas_8f63fca6-df33-400a-86b9-95323e6baa41.csv
1;14975.65;2018-12-20;parcelas_8f656505-b89f-49d2-ae21-a9e31d55d3a4.csv
1;2011.17;2020-11-03;parcelas_8f74049f-e928-42b1-8863-90bc54c8f4ec.csv
1;566684.65;2020-05-27;parcelas_8f76c0ba-7fbc-42ad-8ba7-c32958af7eaa.csv
1;1044;2020-10-05;parcelas_8f861f28-a434-4bf3-bd90-d622ef89b689.csv
1;70;2020-10-01;parcelas_8f8b1669-7b5d-4eeb-bf08-d63e255b2dc1.csv
1;2100;2020-07-01;parcelas_8f9bd102-21ec-4c90-a5e1-26e28461b1ed.csv
1;39.89;2020-10-20;parcelas_8fb436af-b811-405c-8750-3e6520eb3204.csv
1;692.87;2020-10-30;parcelas_8fb86d8b-edca-42d0-b1ec-6d25edfd6373.csv
1;24.63;2020-03-31;parcelas_8fd11f16-981f-4608-a3ac-ee65322e96ff.csv
1;1945.02;2020-02-28;parcelas_8fd854da-9401-4530-b0eb-84c2f9d4b847.csv
1;3943.33;2020-07-30;parcelas_8fdd8191-bb93-4f44-9fcd-b5ea2ba39cea.csv
1;80000;2020-01-14;parcelas_8fdf304c-cd65-4d02-9478-017bbaeb9723.csv
1;3167.51;2020-12-03;parcelas_8fed0dfd-1c35-4ae8-9e7c-537014478dbe.csv
1;40000;2020-10-02;parcelas_8feea6ae-120a-49ad-a5ec-f0fd551336c6.csv
1;20000;2020-01-09;parcelas_8ffa46cd-dda7-441d-99ca-a3d6c923c940.csv
1;66.7;2020-03-05;parcelas_90032d18-0c05-4cb3-a65a-d769b8fd3167.csv
1;396;2020-05-14;parcelas_9014d1cd-5f6e-427f-b146-94fa66e8bf69.csv
1;3935.63;2020-11-09;parcelas_901cd4d3-dcac-40dc-8c5c-ee7d6ebca1fb.csv
1;88.78;2020-03-02;parcelas_9020eb53-5243-4206-b3b1-c4a262b7c11f.csv
1;45405;2020-01-02;parcelas_90291a90-d975-4271-8cf0-89b3f2732742.csv
1;1593.9;2020-05-29;parcelas_90323a22-4f2a-4eff-82a4-bfb52b5918d8.csv
1;763568.38;2020-08-03;parcelas_903e1a7e-da27-450c-96b7-92f91ab11ef7.csv
1;6842.49;2020-06-26;parcelas_90404d6b-e821-490b-9554-2315b8b404b9.csv
1;2518.27;2020-11-05;parcelas_90419a5b-d626-4502-a760-f7fd2a8bb38c.csv
1;13343.63;2020-09-11;parcelas_904849d2-cc22-4600-b92e-eeb48417a746.csv
1;54075;2020-04-06;parcelas_90569faa-d20a-48ab-a724-3160b942a6f7.csv
1;1065;2020-01-08;parcelas_905b2c59-8427-451e-8016-7480a8a727dd.csv
1;3160.06;2020-10-07;parcelas_9063f694-52fd-4642-8810-b3331c7583a2.csv
1;703;2020-11-03;parcelas_9067e316-99c1-47ad-874f-730159eb8295.csv
1;357181.81;2020-07-08;parcelas_906b63f7-4012-4d13-a5f9-a1298e79d16b.csv
1;61470;2020-02-14;parcelas_906eb3fb-1d85-4e55-aa84-083c8a33e307.csv
1;68153.5;2020-06-02;parcelas_9089d2e1-762e-4536-b02f-91014809439b.csv
1;11768.27;2020-01-22;parcelas_9098b6da-2284-4b32-850a-cf4f31a7dc89.csv
1;4253.33;2020-08-24;parcelas_90a37b55-12f9-4ce4-9ceb-96dfba90b053.csv
1;14440.17;2020-08-11;parcelas_90b893a6-785e-4440-a2a8-d504136a3140.csv
1;126658.7;2020-06-26;parcelas_90bac2cb-2648-45f4-a911-8e3ae8d8fb95.csv
1;2940.16;2020-11-24;parcelas_90bccfae-323f-40db-a474-60f4c45e822b.csv
1;2998;2020-03-27;parcelas_90c10238-b415-4349-8d14-b05da4663f61.csv
1;3910.68;2020-05-29;parcelas_90c14be3-89dd-4fc0-b0f1-33a4a641fbab.csv
1;1126.24;2020-10-30;parcelas_90d34665-c8b5-4f73-bfd2-183c774882d5.csv
1;875;2020-01-28;parcelas_90ded865-db6c-4ebf-a21a-2f77013e197b.csv
1;741.69;2020-11-30;parcelas_90e47ed8-d2d2-4e6f-8a00-0429c0ed4b2e.csv
1;5225;2020-09-30;parcelas_90e8a71f-fcfd-4944-a5b7-3e3c89e5662f.csv
1;2000;2020-06-26;parcelas_90e9aadf-80d8-47ab-9bfb-458f7d4b6e8f.csv
1;749.5;2020-06-16;parcelas_90ead614-62a3-4d09-b342-9e92bb7d8c27.csv
1;2089.56;2020-04-27;parcelas_90efb5ab-9a2e-4e0a-be79-d031a61a4ec1.csv
1;139200;2020-04-20;parcelas_90f8d63f-7ed1-489f-95db-53671984ce71.csv
1;84498.77;2020-11-27;parcelas_90fef18c-53cd-4029-9ef4-f74b0034e6cc.csv
1;131.07;2020-02-26;parcelas_910597af-30fa-49f1-8932-95472b243f8c.csv
1;1004;2020-01-15;parcelas_9109fcf3-058c-427f-a6d0-4d76cf37f0a9.csv
1;243.5;2020-07-13;parcelas_910c58f9-d102-4a60-9031-63c1eae6b25e.csv
1;1969.9;2020-09-29;parcelas_91156b0e-aec0-4b68-b450-a8c65c6d6b74.csv
1;7970.57;2020-04-17;parcelas_9115f06c-56fc-4c8b-bb6e-9c35d0f88208.csv
1;9557.82;2020-07-13;parcelas_91233e69-3a52-4582-89a3-2db1886797ec.csv
1;4930;2020-01-02;parcelas_912759d1-78d9-42a3-950a-9121cce0afcb.csv
1;408;2020-09-29;parcelas_912c90ac-7da2-4125-a3df-7e002cf22798.csv
1;7611.11;2019-12-30;parcelas_912eb499-ebdf-4170-8ca5-23e89a0d7fcc.csv
1;2302.11;2019-12-30;parcelas_9134340b-c8bc-43ed-a65d-4792097a357f.csv
1;10000;2020-08-12;parcelas_913a5c98-306e-4c49-8ea8-2a970a122778.csv
1;3108.51;2020-08-19;parcelas_913aa2bd-e52c-46e7-93da-73f195241361.csv
1;29887.7;2020-01-07;parcelas_913ccd6c-ec2d-4102-8ac9-e6ae988645c4.csv
1;19874.72;2020-04-29;parcelas_9142aa22-01a0-49f1-b086-b835e43d7a0e.csv
1;1351.12;2020-11-05;parcelas_9145ce2b-5ccb-418f-b760-6de42626b47f.csv
1;213955.22;2020-07-30;parcelas_91491707-5706-464a-a954-11f874b7a123.csv
1;20378.67;2020-12-08;parcelas_914f61f2-3623-470a-bec5-c5574da4d384.csv
1;289905.73;2020-10-28;parcelas_915107e2-8421-4687-a053-991501d95a9c.csv
1;3420;2020-08-03;parcelas_915c361b-0a0c-4369-a00c-b96720578f5d.csv
1;7475.4;2020-06-26;parcelas_91630755-d160-4ac6-852a-61a921cb31cf.csv
1;66.7;2020-02-13;parcelas_916f5030-8746-4de3-81c1-621aae6327a3.csv
1;556.52;2020-11-25;parcelas_9171db30-2df5-42b0-b5bc-2f262dbb9316.csv
1;15660.9;2020-12-30;parcelas_91799558-e9ed-4d7e-ab5a-ca6fa068d486.csv
1;69221.62;2020-07-30;parcelas_917f3af3-8b66-491d-b803-74b07f3a24e2.csv
1;2.0E7;2020-01-02;parcelas_91812012-2cc2-41cd-ab1e-616af48c9597.csv
1;14945.02;2018-11-20;parcelas_9181b433-77e7-4be6-ba5e-264cbf3de46e.csv
1;586.77;2020-09-08;parcelas_918a28e5-b256-4671-9d9c-51e149a04662.csv
1;2324.58;2020-11-27;parcelas_919c8326-f177-4d0f-ad95-d2d3c750ec5f.csv
1;2084.69;2020-03-17;parcelas_919e352e-317a-45fe-9713-bd7f7d443149.csv
1;578.15;2020-01-13;parcelas_919f98be-5a2c-491c-b80e-3b2fc8bfd7b5.csv
1;63000;2020-01-02;parcelas_91a513d8-696c-4d7b-b8bd-44fdb1e9fef5.csv
1;3742.33;2020-03-18;parcelas_91aeed98-947a-4778-a2c5-29c1e3b5444e.csv
1;177.98;2020-10-21;parcelas_91afbd41-288b-411a-b9a8-9eff895ecc25.csv
1;66.7;2020-05-26;parcelas_91b029df-6859-43c0-ab3a-373849597822.csv
1;8299.37;2020-10-28;parcelas_91b063be-742e-4e22-8584-9a0a61e8c16f.csv
1;1221.26;2020-09-08;parcelas_91b2f091-d8b0-4148-91d2-9a7f017bcfe1.csv
1;6125;2020-12-21;parcelas_91b48a4e-33d1-4456-a5b8-9de9a60eef44.csv
1;15000;2020-11-05;parcelas_91bbe99e-112c-46cd-b0a5-36f2b245baaa.csv
1;59276.15;2020-12-21;parcelas_91c11a8c-9008-4b77-968f-941c7a901951.csv
1;58665;2020-03-11;parcelas_91c8fe34-e2dc-417c-92ab-c1cdbf3d6935.csv
1;1800;2020-06-08;parcelas_91cb17f0-e318-4d22-80e0-ed436788a040.csv
1;1456;2020-02-07;parcelas_91cbf289-04cc-4a5d-9dca-8260c9d66fef.csv
1;706668.2;2020-09-16;parcelas_91cd8bb9-9518-404f-a773-a57d754ded6b.csv
1;166829.97;2020-08-10;parcelas_91d34b63-246e-4508-8084-6d4e077b8aed.csv
1;3674.42;2020-09-30;parcelas_91d5bc2d-45ac-4052-8c43-b664d7116527.csv
1;503.33;2020-10-28;parcelas_91e45d8d-1e9c-482b-ac02-c441b2cac027.csv
1;313.69;2020-10-21;parcelas_91e80231-50ad-4095-a5f9-4b193d5f0868.csv
1;10725.12;2020-09-14;parcelas_91e8d382-558e-48a2-ac28-ab7be50f8fa8.csv
1;1643.9;2020-11-24;parcelas_91f07ee5-9f26-4f8e-856c-90df3c58c0a3.csv
1;18353.51;2020-09-09;parcelas_91f2135d-711a-456f-a3e1-089bb0617301.csv
1;240.51;2020-09-28;parcelas_91fbfcc8-60f1-41a3-a598-a454f6698518.csv
1;2055;2020-12-08;parcelas_920a0e8d-95ad-4305-96b5-2c1bca294051.csv
1;883.42;2020-09-29;parcelas_920a6eba-b224-49a6-8970-bf30d64562e4.csv
1;799;2020-08-27;parcelas_920c8e26-f2e3-475b-8608-2db37d1edf61.csv
1;176731.2;2020-01-02;parcelas_92101277-2025-4407-ab03-8fa66d77732b.csv
1;170.97;2020-01-28;parcelas_92156289-2ab3-4ebc-b98e-a51aacfa9023.csv
1;5518.33;2020-04-29;parcelas_922218f6-7a5d-44a8-9813-f19aafcbf976.csv
1;7778.6;2020-08-26;parcelas_92242019-d0ee-44e2-94a6-fb1976857e8f.csv
1;3587.5;2020-05-27;parcelas_92251814-9eb4-4220-a9fb-f42573e1a9e2.csv
1;13600.88;2020-06-16;parcelas_922b31e2-f0cc-49a0-b7c5-cc97b3afa055.csv
1;3634.56;2020-03-11;parcelas_923124e1-74a8-4b8c-bc6b-a921e88f59a8.csv
1;7300;2020-01-15;parcelas_92343c4e-9587-4801-bf94-807d1e2bd068.csv
1;11855.64;2020-11-17;parcelas_9243ee3d-9d02-4219-9e28-8e383b214311.csv
1;5438;2020-03-02;parcelas_9244e422-7ec5-4a35-844d-a8fe0ec965c7.csv
1;2709.65;2020-09-08;parcelas_924d2c4b-6ea3-42e6-b2e7-b88ba809810a.csv
1;73898;2020-05-06;parcelas_924e13a9-f60c-49d4-bf1d-7975699e7a6a.csv
1;5882;2020-02-05;parcelas_924ec9fd-6680-4ed3-9a9b-93c8a0632e53.csv
1;49000;2020-02-18;parcelas_924f13dc-f9be-4891-af4c-7513bc49cede.csv
1;10195.53;2020-05-27;parcelas_92547736-46e6-4b29-ad24-8789e1e4dea8.csv
1;79.79;2020-07-14;parcelas_9260d654-e69d-41fc-86ae-35dcff883392.csv
1;46000;2020-08-05;parcelas_92612cde-9512-4035-9e24-fe478a28a421.csv
1;53540.48;2020-12-14;parcelas_92685de8-5e8d-48eb-88df-63965c59bfbb.csv
1;29700;2020-09-15;parcelas_9270bc08-c51c-4568-9bbe-6a1becee3b3b.csv
1;4742.39;2020-09-11;parcelas_9278336c-2420-40b0-8d00-401e84b37b8a.csv
1;1120000;2020-08-17;parcelas_927ceb60-699e-4646-8849-ec934bbd8f10.csv
1;801129.34;2020-05-27;parcelas_92856459-39a1-42e8-8eef-c87f25c1d353.csv
1;550.62;2020-09-15;parcelas_92876a45-93aa-4fc9-b2e0-8163e6b8b97d.csv
1;13182.75;2020-07-28;parcelas_928c1eaa-42ae-4b34-94a7-da3bb17bdf3e.csv
1;6022.33;2020-11-24;parcelas_928c620f-6f46-462b-bc0a-fd3d737fc745.csv
1;500000;2020-06-09;parcelas_9296cdba-427c-41de-9c36-c0d0229152bd.csv
1;14210.42;2020-10-16;parcelas_92972fd2-6448-45fd-b728-2cfe987b8e0e.csv
1;348.82;2020-02-05;parcelas_9297ea7a-666f-43e5-8bd3-7dc75e583975.csv
1;10649.16;2020-12-21;parcelas_92990636-c3da-477d-b1fe-a4d417468828.csv
1;3239.8;2020-09-25;parcelas_929cd8f8-3fc6-437d-b6a9-1c68a668c25e.csv
1;554.2;2020-08-17;parcelas_929ec6a5-6b7d-4e79-adf0-5e98346765c5.csv
1;80124.52;2020-10-28;parcelas_92a64e2a-b8de-4c34-86c2-4d26f40afd55.csv
1;521.64;2020-01-31;parcelas_92b8d260-2cad-4ed0-8600-ed80086bbbe4.csv
1;30000;2020-05-27;parcelas_92bb7bad-4f98-45ba-817f-78c02e3c793c.csv
1;159375;2020-05-19;parcelas_92c09715-31a2-4a9c-ba78-d7de8a10d97d.csv
1;1225;2020-01-29;parcelas_92c7c933-090c-4160-9890-0a086a9fa535.csv
1;95601.48;2019-12-30;parcelas_92c98261-19cb-40b2-91ac-bba64c1f31c7.csv
1;189957.99;2020-05-27;parcelas_92ce2bfa-d8b9-4d04-9b2f-9ca32aa9e682.csv
1;70;2020-11-27;parcelas_92d246d1-7d09-4680-bd0d-6df93e6650aa.csv
1;630353.1;2020-01-30;parcelas_92d8528b-59b2-4a5f-9cb4-5287b9402b35.csv
1;1299.94;2020-09-21;parcelas_92da24f2-a474-4f82-9181-45ecc6ee1dd9.csv
1;551.23;2020-11-25;parcelas_92de26bd-1fc9-4e65-b0f9-f4fa288840a5.csv
1;32200;2020-10-05;parcelas_92eaa6d8-7396-4bef-8fcf-1084eb19e53d.csv
1;1046.76;2020-02-05;parcelas_92eafc9a-3495-4125-a71e-4d82ce0b89c9.csv
1;97.15;2020-07-21;parcelas_92eb37ee-e32e-48c1-8e71-8fe57089de98.csv
1;162.44;2020-06-29;parcelas_92edbd6b-3e6f-4100-93a9-e368c9e63b46.csv
1;47.14;2020-11-03;parcelas_92efbebe-6fb9-492c-93ea-8d1b19b525cb.csv
1;54.6;2020-02-05;parcelas_930f1419-a881-49c2-a047-8128920e47ea.csv
1;163872.03;2020-03-26;parcelas_931254d2-df5e-4d59-a680-c1a5c8b143fc.csv
1;572.71;2020-10-07;parcelas_9316cf9c-816a-49aa-973e-88df3da735b0.csv
1;2088.33;2020-11-27;parcelas_9318e26a-22a1-4887-aabb-d24c3d3baffb.csv
1;2358.93;2020-08-19;parcelas_931914fa-da30-4e59-8442-0844d763c74a.csv
1;45175.32;2020-10-28;parcelas_931a5858-3efa-48b4-be15-2e06e2af4fb1.csv
1;25546.52;2020-01-31;parcelas_931ecb60-0b66-41f6-83dc-a538b5d36253.csv
1;1188;2020-08-17;parcelas_932377a3-4f6b-4d8f-9cc3-6c2029212c9f.csv
1;2655;2020-08-10;parcelas_93320e67-fdca-416d-b9ef-15bec0e2730f.csv
1;76;2020-09-02;parcelas_933567d0-527e-485c-b9d4-fc478a1504a3.csv
1;30084;2020-09-10;parcelas_933611eb-602e-41d5-9fa3-9df4612ea7f0.csv
1;10543.64;2020-10-20;parcelas_933b1282-a9a7-4a0d-bcdc-575b615eb888.csv
1;42000;2020-03-19;parcelas_933e0de8-db41-4652-a576-862c4f73ae5f.csv
1;13073.02;2020-03-06;parcelas_9343cc82-ed28-42df-ae05-47c3254081a5.csv
1;59312.21;2020-05-27;parcelas_934d330f-f258-4894-aa54-906ea7bc761c.csv
1;10756.72;2020-01-10;parcelas_9352a564-6ae3-4dc4-9a75-cd5af663299f.csv
1;312000;2020-04-09;parcelas_9353de65-ae38-412e-b149-72fcafbc0187.csv
1;597058.52;2020-01-02;parcelas_93566ea6-daf3-4b52-9506-8ec33bdf3b91.csv
1;146773.9;2020-03-30;parcelas_93613f02-22e4-4237-a560-048c9f2a51fe.csv
1;44265;2020-11-03;parcelas_9366a66a-4879-4333-9d5f-84e55d078fc8.csv
1;1277.13;2020-03-30;parcelas_936d528f-3f25-479b-9624-6ea2c772b954.csv
1;21900;2020-12-21;parcelas_9372a00a-6938-4659-b03f-3c6827f0707d.csv
1;1395;2020-08-07;parcelas_937b4e23-f886-404e-9998-c367656f6d96.csv
1;94422.62;2020-02-03;parcelas_937d016f-9c84-49fd-b016-12f00d441b74.csv
1;1610;2020-02-11;parcelas_938709d3-fa27-4e5f-b5d7-1e7df48244dc.csv
1;8670.25;2020-01-23;parcelas_938b72d1-ad51-4217-ab4e-279aa1927232.csv
1;1575;2020-10-28;parcelas_939257be-c163-4c86-9683-2997352edb74.csv
1;97.7;2020-12-30;parcelas_9394d5c6-e95b-48f3-8a79-c61c67daae03.csv
1;3319.4;2020-11-04;parcelas_9397e7fb-1f1e-4e81-91e1-c7f94c9ee1db.csv
1;70;2020-11-19;parcelas_939837f1-bb77-46c6-8dd2-df921391a825.csv
1;46.6;2013-04-19;parcelas_9398eb52-3235-4e65-ab9a-3a3502da441c.csv
1;783.86;2013-03-13;parcelas_9398eb52-3235-4e65-ab9a-3a3502da441c.csv
1;72;2020-10-21;parcelas_93ae62ac-008d-4405-8da3-f72f41137337.csv
1;20897.8;2020-08-18;parcelas_93b4fb67-cb4c-42ba-a151-464d4d321927.csv
1;4032;2020-11-17;parcelas_93b5ece7-9cf9-422c-8fc1-e4f8a3d63e5c.csv
1;103.6;2020-07-03;parcelas_93c0dfe9-f27a-4e7e-97a6-fc707e98b3ae.csv
1;149739.96;2020-12-21;parcelas_93c12ba6-c2f8-4a1a-bd89-45c22ef1522f.csv
1;15140.3;2020-11-27;parcelas_93c23c2f-1c9c-4276-a95e-39842b68e499.csv
1;5535.83;2020-08-27;parcelas_93cf7a8d-2a0e-4636-9bfa-bc907fe1233c.csv
1;1403.57;2020-05-14;parcelas_93d06280-723b-4de2-9b4e-829c18486117.csv
1;1000;2020-09-15;parcelas_93d47afd-3f54-4fbe-bb99-cd6a953c5f90.csv
1;339486;2020-04-09;parcelas_93d939ee-e200-4a1b-be39-a13d94ebfe69.csv
1;38389.16;2020-07-30;parcelas_93dbc2ae-18f9-46d0-8bd1-eb311f93a583.csv
1;85.02;2020-10-28;parcelas_93e07d67-0627-414a-a8b6-9a50e084c92d.csv
1;724.5;2020-08-26;parcelas_93e141fe-3cb3-42ae-9eb1-7022d7d8a53a.csv
1;5000;2020-01-10;parcelas_93e6e5fa-c6bf-4c60-a70f-49d38f622e19.csv
1;100;2020-06-26;parcelas_93ec6b6f-39dd-44b7-96dd-092e2ed7fe7e.csv
1;42000;2020-07-02;parcelas_93f8a6fd-a42b-4fd8-a018-fb1b1a076b5a.csv
1;2000.95;2020-09-30;parcelas_93fa6ed2-f2ab-4f61-861c-e7cd3fe652ea.csv
1;70;2020-12-07;parcelas_93fcb285-a9d0-42c0-bc97-dfcd340c3b48.csv
1;80829.83;2020-01-24;parcelas_93fdef73-e142-40fc-b5bb-e2dae16292c9.csv
1;935.68;2020-07-22;parcelas_93ff4204-2816-4a9d-8de3-9413985cd979.csv
1;3336;2020-10-30;parcelas_93ff5186-0612-458e-a204-a7755921be6e.csv
1;1151991.76;2020-12-11;parcelas_9401ee75-f174-4a93-a80e-080d0b12c00d.csv
1;90800;2020-01-31;parcelas_940aac75-e237-445c-9090-26a8811f2922.csv
1;555;2020-05-15;parcelas_940b463e-e02e-4c11-a799-e17199df9144.csv
1;492679.51;2020-08-11;parcelas_941a6b6f-bd98-4ff2-ad29-45c5dc68a4cb.csv
1;281.96;2020-11-03;parcelas_941c3014-0d30-4acb-af9b-3b6aa8b15f3f.csv
1;4000;2020-02-28;parcelas_941e16d3-19f6-4909-9da1-6cd575f8b55a.csv
1;1276.58;2020-01-02;parcelas_943aebcc-9616-4147-932c-a6f1216efd6a.csv
1;166.31;2020-01-10;parcelas_943aed5b-17dd-45fc-9360-1a9cb682b99a.csv
1;20886.07;2020-01-28;parcelas_943f1a49-c9c4-4550-aa9c-4c5df316722c.csv
1;110766.51;2019-07-15;parcelas_943f64c3-04d4-428e-8cf5-562a937b32fc.csv
1;4846.29;2019-07-15;parcelas_943f64c3-04d4-428e-8cf5-562a937b32fc.csv
1;16907.05;2019-07-15;parcelas_943f64c3-04d4-428e-8cf5-562a937b32fc.csv
1;24646.95;2019-07-15;parcelas_943f64c3-04d4-428e-8cf5-562a937b32fc.csv
1;30643.65;2019-07-15;parcelas_943f64c3-04d4-428e-8cf5-562a937b32fc.csv
1;42869.94;2019-07-15;parcelas_943f64c3-04d4-428e-8cf5-562a937b32fc.csv
1;3680.11;2019-12-31;parcelas_943f64c3-04d4-428e-8cf5-562a937b32fc.csv
1;11261.36;2020-06-19;parcelas_944642fa-f8fe-4c3d-a47b-6d65d097f36e.csv
1;367569.93;2020-07-27;parcelas_9446d18a-a3a8-448c-836b-642d6bfef022.csv
1;3990.9;2020-07-01;parcelas_94567758-daca-40ed-a7ec-42772cdef3a7.csv
1;10108.99;2020-01-29;parcelas_945707fe-d44e-43cf-8a5f-051312aae09c.csv
1;5983.92;2020-02-05;parcelas_945a6125-7879-4223-990f-afffe30ed9a0.csv
1;107816.67;2020-06-26;parcelas_9460c9af-a234-436f-9da6-caeedff93da3.csv
1;45823.46;2020-08-27;parcelas_9462b46f-3311-4ed1-a5fd-195a9b42be4a.csv
1;118;2020-10-21;parcelas_94641185-babe-4b1e-9bcb-990adfbaca76.csv
1;87081.58;2020-02-26;parcelas_946d0034-577f-40e1-ae64-0f5f0bc88b52.csv
1;36264.45;2020-05-28;parcelas_946dd4c8-09be-41e3-a50b-d476fc6b31f2.csv
1;315;2020-09-24;parcelas_947a4fb3-55fa-4cc7-8bc4-d1241f929d18.csv
1;1311.94;2020-07-31;parcelas_9482808e-b676-4cd3-89a2-547185404be9.csv
1;35;2020-07-14;parcelas_9487b316-f1d2-4339-ba1f-85e3dd385d91.csv
1;252000;2020-08-03;parcelas_948cf570-97c1-4f4d-a3d8-3ca548fcc11d.csv
1;22990.17;2020-01-02;parcelas_948ef41b-e7a2-45f6-a1a6-58003dd7cbc5.csv
1;1405.75;2018-12-31;parcelas_949898e8-2587-4e8b-9349-bf50dce56ba4.csv
1;815.6;2020-11-16;parcelas_94a4e0f5-b43f-4636-8a34-c0b46cec11d5.csv
1;1473;2020-05-18;parcelas_94a738c4-b47d-4ac9-b128-6aa4efc5376f.csv
1;425.07;2020-12-02;parcelas_94a786b6-fbf9-4ba3-a7d5-fb21f3b96869.csv
1;88.78;2020-06-22;parcelas_94a88ec8-04bc-4176-bb68-86b41360aae0.csv
1;787.72;2020-02-05;parcelas_94b6bb33-96d4-405d-a03e-c80c13c4921a.csv
1;4322.51;2020-12-21;parcelas_94bb2383-6b95-4955-b1f3-9dcd14df0c18.csv
1;9457.8;2020-07-13;parcelas_94bbdc43-01b7-4f91-873b-f1c0af3c3b71.csv
1;901.18;2020-05-22;parcelas_94c1b1f4-c84e-42ac-9a2e-7ed32ab0ea29.csv
1;488247.74;2020-04-29;parcelas_94c4fa83-34a2-4cc7-b4b6-ca40cda2ed09.csv
1;6400;2020-06-30;parcelas_94c78801-16d0-4e13-8155-e7e152a702f5.csv
1;1906.83;2020-12-30;parcelas_94ca0c21-a9e6-4513-8057-d3ca2b5eddd6.csv
1;1693.21;2020-11-23;parcelas_94caf5b6-7a13-4e1f-a8bf-ff098e80e18f.csv
1;537134.74;2020-10-28;parcelas_94d73e67-be8a-40e8-a52a-c8f11a231cb7.csv
1;718126.01;2020-02-26;parcelas_94e59a31-5a5a-460c-8774-6a16a55b19e9.csv
1;1877.56;2020-05-27;parcelas_94e828af-ad7f-43e7-90d3-9d5b46d55964.csv
1;6523.5;2020-10-28;parcelas_94e9f14b-66bd-4cf3-8d1e-55a6526edfaa.csv
1;25269.06;2020-08-27;parcelas_94ec8365-fb8a-43ed-8612-a78755533e7b.csv
1;1697.7;2020-07-06;parcelas_94edc6d3-31bd-497e-860c-f5aa2f33d928.csv
1;432;2020-10-05;parcelas_94efd1ef-63b0-4267-9e00-b5ab7f3bfc9e.csv
1;14228.5;2020-05-12;parcelas_9500408e-297e-4336-8fc2-852a2ee85e79.csv
1;52860;2020-12-01;parcelas_9507c05e-c415-49f9-9182-6a4c7e449ba8.csv
1;3600;2020-12-15;parcelas_950812b5-81f9-42e9-b2ff-e7de72429800.csv
1;119.8;2020-02-05;parcelas_950db916-1621-4a61-9d65-f808f31c26b5.csv
1;56804.25;2020-01-31;parcelas_95160f47-0fa1-4271-92c1-942af4c20b52.csv
1;2200;2020-02-11;parcelas_953585f8-27a2-485e-9de7-1c00f9cce96b.csv
1;11819.13;2020-01-09;parcelas_9537c604-5f21-473b-ad81-5be4cd733bcb.csv
1;593.74;2020-11-10;parcelas_953d2442-4afb-4346-b9c9-751becb7d3e4.csv
1;70;2020-12-08;parcelas_9543eb8e-7da4-4c10-a159-aff8025fd7aa.csv
1;8400;2020-11-18;parcelas_95451e9a-0152-400f-8355-5d181144906a.csv
1;100000;2020-11-16;parcelas_9549439b-5f5a-48dd-b124-2be3a150a4e8.csv
1;3598.6;2020-09-09;parcelas_9552090b-55db-4d62-be48-5592753c8601.csv
1;13600;2020-11-16;parcelas_95535ca4-9d3b-4e40-ac8a-dce87481e471.csv
1;3300;2020-06-10;parcelas_955d6280-7da5-4f12-bc89-56adfef996f7.csv
1;31680;2020-03-06;parcelas_9561a5ba-9e68-488c-9dd3-f883165f367d.csv
1;37.8;2020-01-24;parcelas_9563b363-f663-47a8-be56-7ee3f944c919.csv
1;12154.97;2020-11-17;parcelas_9564b989-fd72-41fb-b459-8c5e780eda46.csv
1;25000;2020-01-08;parcelas_956fd95c-4526-4e14-aa27-75a98fdb8965.csv
1;1550420.65;2020-02-26;parcelas_95705f6e-61c9-40cd-826c-3431560d1269.csv
1;185.65;2020-08-19;parcelas_957718f5-1d6a-4e41-a49c-bdb2e70a11db.csv
1;285.37;2017-12-29;parcelas_95771a98-11f4-492f-98a5-b34bf6d882c5.csv
1;4799.36;2017-12-29;parcelas_95771a98-11f4-492f-98a5-b34bf6d882c5.csv
1;20.3;2018-08-31;parcelas_95773a48-2046-408e-8dcb-dcc95238fa11.csv
1;201009.89;2020-10-28;parcelas_95893b98-e48f-43fc-9f9c-5925943a5185.csv
1;15502;2020-02-05;parcelas_958cc956-1576-4ec2-99de-605d5f28d857.csv
1;3397.55;2020-08-19;parcelas_959aa108-1a0e-4dbe-9925-465c17ed473d.csv
1;21433.56;2020-01-02;parcelas_959f569e-108c-4b62-8751-f3b8eb45804c.csv
1;4866.87;2020-01-02;parcelas_95a7722c-08c8-49a7-9b9b-111d4740713a.csv
1;3038;2020-03-27;parcelas_95abc19a-90b0-41a3-88a1-9069a188900e.csv
1;10796.33;2020-05-14;parcelas_95bb7d24-a4ba-4405-ae37-72e76ba1a9a1.csv
1;7432.58;2020-10-28;parcelas_95c13255-5f56-456c-adef-06023b9e9434.csv
1;808883.05;2020-04-29;parcelas_95c99396-cc0b-450e-8cda-45ce96b14afc.csv
1;1992;2020-04-22;parcelas_95cba220-9b98-4546-bbad-5b35e1ad8a32.csv
1;50218.54;2020-07-30;parcelas_95cc50a4-da87-476e-a14c-ac8aef7cdc96.csv
1;7172.7;2020-04-30;parcelas_95d5c8fb-44b0-448d-a40f-5c6f78a1edcb.csv
1;57128.63;2020-10-26;parcelas_95dc1b7f-6d8c-4b63-9562-049bf69d423b.csv
1;4470;2020-12-21;parcelas_95e3e0e7-c93c-4bd0-9de4-b8c84e9f7e86.csv
1;27870;2020-10-29;parcelas_95eacd7c-62a3-49cd-84ec-09529dfc59b2.csv
1;191.53;2020-03-02;parcelas_95eb428d-3a0f-4961-9a89-eec8f96fb578.csv
1;662.13;2020-10-05;parcelas_95ecea40-1c36-4af8-950e-b16d2a77f201.csv
1;1552873.4;2020-10-05;parcelas_95fbc1ab-ea77-4d63-961f-426eb2959ebc.csv
1;58724.2;2020-10-07;parcelas_95fdf53a-1b93-4e53-b681-6496f28ccef8.csv
1;6795.18;2020-01-02;parcelas_95ff6d37-7e1e-40f2-a3b2-ba0e7ab11e1a.csv
1;15920.84;2020-01-28;parcelas_9600a996-e529-42e7-afc0-80a736ba8264.csv
1;859.58;2020-08-24;parcelas_960a5796-2204-44e2-801d-3648c3b2d623.csv
1;11430;2020-12-14;parcelas_960c08c8-9962-44fa-ba71-07fd6ebce797.csv
1;29403.38;2020-09-30;parcelas_960c9b74-7734-4207-b2e2-2f30bfecac6e.csv
1;3929.88;2020-09-11;parcelas_960c9d66-62e5-4337-82f5-15e7a97a13b8.csv
1;942.61;2020-06-26;parcelas_960d0fc7-a5a5-4418-80d7-e7a9ebd5a153.csv
1;6635.65;2020-07-21;parcelas_9611aee1-16ea-4eec-9759-af8db222e5a5.csv
1;2450;2020-10-27;parcelas_96138ae1-f02e-4f7e-adba-da4517ac0a94.csv
1;46500.89;2020-05-29;parcelas_96208b62-3009-4fd2-8452-d1d42b5a7ad1.csv
1;2629.09;2020-07-31;parcelas_962f9522-95b7-41fc-b624-a6660f631ff8.csv
1;3225.83;2020-06-26;parcelas_9632627a-426f-4e6c-bae5-48c2941a1f4c.csv
1;23394.61;2020-10-28;parcelas_96344e2c-ce67-4507-b5aa-09731a083a9d.csv
1;561.69;2020-09-08;parcelas_96367aaf-b641-4ebd-ae5f-3d44955c5481.csv
1;7947;2020-09-28;parcelas_963e382b-9737-4250-b900-7a71159ddcc2.csv
1;10496.92;2020-02-26;parcelas_964382fe-e2b8-4c94-881e-6c12c545846e.csv
1;207.2;2020-02-27;parcelas_964d0b6d-a8f1-41f2-8aaa-55171d82d743.csv
1;8116.57;2020-09-14;parcelas_964e61b7-425d-49da-a794-186c7511072d.csv
1;332.63;2020-02-26;parcelas_965281e4-4f4a-41ab-ba24-1e6336ca41bb.csv
1;195455.16;2019-12-30;parcelas_96547e4a-883d-43e1-bc76-ff379daaf147.csv
1;1728.41;2018-12-31;parcelas_9656fcb7-c1a0-4587-9e1d-644e5c0187dd.csv
1;270902.9;2020-03-30;parcelas_9665609d-ac24-433f-8756-7d8d09dbf5c1.csv
1;11011;2020-08-19;parcelas_96674a32-9f66-432c-802a-0dd86f735cc8.csv
1;24;2020-10-01;parcelas_96697ccd-76a8-4f0f-89d1-6261d53d1596.csv
1;1125.2;2020-08-24;parcelas_966add26-0e42-4f2e-a7b8-02281dd54073.csv
1;405;2020-06-08;parcelas_96754592-828d-4b0b-a9f9-0bfdca0c815b.csv
1;31250;2020-07-14;parcelas_967dad64-a989-4081-9208-357d18ab51e4.csv
1;111.35;2020-06-05;parcelas_96936017-79f4-45b7-80b7-ec21a8bf1f37.csv
1;211756.79;2020-05-14;parcelas_9698f7f0-c722-41ee-9f0a-5429c5af92a0.csv
1;1762.5;2020-08-21;parcelas_969ada69-1b11-49cc-819c-2ed2dd289800.csv
1;23086.84;2020-07-30;parcelas_969e4edb-dde2-4c72-b523-7c446a55e50a.csv
1;361958.33;2020-03-19;parcelas_96a0ae5f-ac69-4146-8190-c0b3af8aa485.csv
1;100000;2020-04-06;parcelas_96a3281e-81a6-4e0e-9139-1a75523f132d.csv
1;778.36;2020-03-31;parcelas_96a38111-472d-4408-8cac-22ff10723131.csv
1;4924.99;2020-11-27;parcelas_96a41fb6-e11f-47ee-adaf-6b46362740b3.csv
1;106485.04;2020-07-30;parcelas_96a7b2ba-32be-4df2-b733-5eb43e847c7b.csv
1;773.13;2020-09-08;parcelas_96afcee7-247b-41d6-b560-7b56a2780c73.csv
1;4808;2020-03-05;parcelas_96c15548-b1bc-4d58-a957-2dbb8d059a9c.csv
1;36800;2019-10-13;parcelas_96c2e56e-dd48-45e9-a801-4bc4f69b33fd.csv
1;1493.6;2020-08-31;parcelas_96d15a2b-5b47-420a-829d-f0422ad06125.csv
1;2612.5;2020-12-21;parcelas_96d48b61-0dea-4ec0-9113-b2e3e076f43e.csv
1;0.1;2020-10-01;parcelas_96dba39d-2f3c-44ec-8e31-0de1a344442d.csv
1;5861.45;2020-03-04;parcelas_96e0e340-e2ed-44ac-a7a8-e102506c56f5.csv
1;100000;2020-09-17;parcelas_96e60b5a-c8e8-4ef1-959c-770d9be7a55c.csv
1;1714.65;2020-02-05;parcelas_96e6cc44-af96-4ac7-9b48-fc869b7858ae.csv
1;44154.33;2020-07-16;parcelas_96e77e73-747f-473d-afcd-27c21aaf1d56.csv
1;20675.56;2020-09-28;parcelas_96eb8272-1c18-4cae-866e-32c5c78dfcd0.csv
1;624.92;2019-12-30;parcelas_96ed4c8b-af32-4375-a012-9ed0e0169d9d.csv
1;2626.28;2019-12-30;parcelas_96ed4c8b-af32-4375-a012-9ed0e0169d9d.csv
1;470;2020-11-09;parcelas_96ed9938-c405-4805-b1df-3e28fc612b8c.csv
1;42915.77;2020-08-31;parcelas_96eff7a7-3001-4d5f-bbe7-fae1c9a652dc.csv
1;1662.36;2019-12-23;parcelas_97063228-de04-42fb-8d17-c440b1185d66.csv
1;6140.3;2019-12-23;parcelas_97063228-de04-42fb-8d17-c440b1185d66.csv
1;2705.91;2019-12-23;parcelas_97063228-de04-42fb-8d17-c440b1185d66.csv
1;2692.38;2019-12-23;parcelas_97063228-de04-42fb-8d17-c440b1185d66.csv
1;4035.12;2019-12-23;parcelas_97063228-de04-42fb-8d17-c440b1185d66.csv
1;1331.59;2019-12-23;parcelas_97063228-de04-42fb-8d17-c440b1185d66.csv
1;5961.66;2019-12-23;parcelas_97063228-de04-42fb-8d17-c440b1185d66.csv
1;1815;2019-12-23;parcelas_97063228-de04-42fb-8d17-c440b1185d66.csv
1;6048.56;2019-12-23;parcelas_97063228-de04-42fb-8d17-c440b1185d66.csv
1;3652.06;2019-12-23;parcelas_97063228-de04-42fb-8d17-c440b1185d66.csv
1;5465.57;2019-12-23;parcelas_97063228-de04-42fb-8d17-c440b1185d66.csv
1;9936.1;2019-12-23;parcelas_97063228-de04-42fb-8d17-c440b1185d66.csv
1;7150.99;2019-12-23;parcelas_97063228-de04-42fb-8d17-c440b1185d66.csv
1;7926.42;2020-05-29;parcelas_971087e1-0b15-4703-bf71-e401a753a5d9.csv
1;75447.15;2019-12-30;parcelas_971e11bb-e91b-4348-bf29-9623e452912d.csv
1;17354;2020-10-27;parcelas_97208664-2bbb-4271-9b1f-7f2f9ad64623.csv
1;551.49;2020-09-15;parcelas_9720ca29-0f76-41e5-8d43-d87d8f8789a8.csv
1;3680.16;2020-04-20;parcelas_9720eb19-7372-4361-b12e-7a43db0cd04c.csv
1;700;2020-05-27;parcelas_97216fc9-8584-485f-a674-f167828768bd.csv
1;24.63;2020-04-30;parcelas_97313abd-dbc0-480a-aebc-506cc57c8343.csv
1;1597.66;2020-09-23;parcelas_9739459d-7c81-4011-8581-44370991c86f.csv
1;1262.61;2020-08-17;parcelas_975105b2-9d64-4453-97e2-9dd2d8730ead.csv
1;650;2020-11-16;parcelas_9756534d-3c44-48a0-b7df-3e0d951a89fb.csv
1;4010.43;2020-03-03;parcelas_97575e00-3d18-4277-b25e-dd99d9979c15.csv
1;2537.5;2020-03-26;parcelas_9757c621-1c21-4f6f-93ee-5d6dc5c12033.csv
1;19.37;2020-05-29;parcelas_97597973-5a37-4a69-99a3-6932019dda28.csv
1;67048.1;2020-12-30;parcelas_9764fde8-620d-416f-b283-8a44b8fdbd23.csv
1;361958.33;2020-01-31;parcelas_9765ace8-3c84-4510-9d02-16af872c5362.csv
1;28700;2020-09-28;parcelas_976d44e2-636b-445b-8f3b-ef92553e45a6.csv
1;400;2020-02-04;parcelas_976f7bcf-1e25-4241-957e-6d71b613bdfc.csv
1;65781.41;2020-01-31;parcelas_97733bfc-6b67-400a-9e34-cc55d13e484a.csv
1;384688.41;2020-12-21;parcelas_97740f95-cc27-4584-9d9e-0b6e5c622448.csv
1;11597.2;2020-01-02;parcelas_97778c1b-c1ea-4e27-bfd6-6e6572640c72.csv
1;6097.14;2020-07-13;parcelas_977a650e-7dc5-44b7-8e34-fb2d3f327aa9.csv
1;666.44;2020-08-31;parcelas_9784da26-c659-4e7f-b6f5-f8404864cde6.csv
1;175;2020-08-27;parcelas_97853887-c7b7-4280-ad1b-112427d52394.csv
1;3137.1;2020-08-13;parcelas_978fc253-ef83-44e9-99f8-e2f9c848bcb0.csv
1;553.22;2020-11-25;parcelas_97a07b1f-09f7-4d39-ac92-ba3bb0ae72fc.csv
1;450.47;2020-07-20;parcelas_97a31ea0-87b4-4e9d-bdb7-ff72856cec79.csv
1;18862.97;2020-01-23;parcelas_97a81498-f925-4fe3-a383-bd27c64f436c.csv
1;2864.12;2020-09-30;parcelas_97ad3cd5-c7ed-4660-8668-b1121f0e4d3c.csv
1;1650;2020-11-06;parcelas_97ae7dfe-8e10-48a2-b3b7-e806636521f5.csv
1;2969.16;2020-12-21;parcelas_97b8206a-d221-4f39-b215-7d2d0e350d8b.csv
1;159.6;2020-07-01;parcelas_97b83832-7e5c-48c0-b459-d7985dfcf33b.csv
1;4909.63;2020-06-23;parcelas_97c10c8e-e67b-4fbf-8999-274cde55bbf7.csv
1;9000;2020-01-02;parcelas_97c1d1cc-a2be-43b2-b396-b3c4f4e7237b.csv
1;976.5;2020-12-14;parcelas_97c335ad-eee1-466e-9b37-e5eef1fcbaf8.csv
1;66.7;2020-04-28;parcelas_97c8d860-e3c1-4de1-9820-7fe20aaeb44a.csv
1;490.2;2020-02-27;parcelas_97ca6015-3c7d-44f7-b2a8-19bf36c4b395.csv
1;24760;2020-12-16;parcelas_97cb3d81-d520-4941-a620-1a170b65fc62.csv
1;102.61;2020-06-01;parcelas_97cc2c3a-52e1-4a61-a253-317321cd0230.csv
1;3845.14;2020-11-20;parcelas_97cd73f3-33eb-463d-83b7-0376028b25e4.csv
1;2.91;2020-12-02;parcelas_97d15605-044c-4826-a9f2-7fb76e33af5e.csv
1;1123;2020-01-02;parcelas_97d24d07-3651-4918-a585-a5397450e143.csv
1;2926.95;2020-04-14;parcelas_97ea36d3-1cec-4e12-96e3-9f4ddcc0969a.csv
1;152;2020-04-01;parcelas_97f51f3b-b907-4810-94f6-9d95e3ebcfc9.csv
1;5097;2020-11-24;parcelas_97fc47b6-3f27-4c59-ad27-548ad0618b37.csv
1;139966.2;2020-08-27;parcelas_980663bf-8681-46b3-9505-eb61d8abfe10.csv
1;751.2;2020-02-10;parcelas_9808f2a3-79e8-46c3-9552-5e43a1a63cd7.csv
1;1400;2020-08-19;parcelas_9815fab2-f866-407b-b03d-ac9a42e5155e.csv
1;1184.45;2020-09-15;parcelas_9816091a-6db2-45ff-a6c2-24789971890b.csv
1;35986.99;2020-06-26;parcelas_98166a95-92dd-43a5-8a63-a000b9642bc4.csv
1;901126.07;2020-10-28;parcelas_982780d8-6a5a-4207-b933-1ee397d4c8c3.csv
1;5104.17;2020-04-29;parcelas_9827d6cd-d787-448b-817f-085398974eb4.csv
1;9590;2020-01-02;parcelas_982c7b90-3b31-43f5-8633-d05236c460ce.csv
1;526031.44;2020-01-02;parcelas_982dc469-cacd-469c-8602-dd955f82b25d.csv
1;11967.9;2020-01-31;parcelas_9836629d-8d79-4ee7-b9ab-9bd20f7e15fd.csv
1;517.86;2020-05-28;parcelas_98400b56-2b87-4ee8-830c-d79cd0cb2885.csv
1;7302.5;2020-04-30;parcelas_984309e0-79d3-4244-9d49-a76ee0f428e6.csv
1;275736.9;2020-02-26;parcelas_9844f26e-4f73-4be9-8bf1-f30cca2b9227.csv
1;9540.7;2020-12-15;parcelas_984af4ff-bbf5-4d45-b855-a99a51eb96b7.csv
1;570.66;2020-09-15;parcelas_9850387b-f84a-4395-af73-86698bde3f1d.csv
1;302.57;2020-05-22;parcelas_98579eee-61b3-4c69-884e-39573d5011ad.csv
1;65.66;2020-11-27;parcelas_985ec37b-492a-425b-b1b9-23a1b66d815d.csv
1;285299.18;2018-12-31;parcelas_986594d6-18e6-4813-bb48-5739a728ba07.csv
1;31736.6;2020-12-21;parcelas_9866e6e9-1c4e-4bd3-8493-d3b03aad0113.csv
1;720000;2020-08-14;parcelas_986a0b30-95c2-4a0f-a553-7c6489700274.csv
1;1224.73;2020-08-19;parcelas_98742681-a5ed-4b8f-ba80-20705e2d0320.csv
1;2459.81;2020-12-23;parcelas_987e5375-d524-4a1b-9031-46dad79314c8.csv
1;201009.89;2020-11-27;parcelas_98820481-4784-4e2a-bc42-590cb200009e.csv
1;93050;2020-03-05;parcelas_9882480e-1abd-4faa-8f4e-004df41c7f6a.csv
1;78095.28;2020-11-27;parcelas_9883e4cd-16bc-45d0-98cf-df6eb469ef14.csv
1;17437.44;2020-02-10;parcelas_9886da08-24a0-4a8a-b710-f9c8a5c1f0e9.csv
1;11065.7;2020-08-18;parcelas_98895b98-41cb-465f-bd22-5abac60caf01.csv
1;39.89;2020-11-05;parcelas_988a3715-1ff6-4e9b-ae19-69f35d12a2e2.csv
1;11487.35;2020-11-27;parcelas_988e3eac-78cd-4aeb-99cb-e2cb9acf9725.csv
1;49.26;2020-09-30;parcelas_98a39d2c-513a-4fdd-9012-d0de7e120a6a.csv
1;18046.14;2020-06-26;parcelas_98a6d83d-c497-4a8c-886c-686b794d4503.csv
1;18270;2020-10-14;parcelas_98a83db3-3cc8-4bf9-8ffa-d2c2b3df0d4b.csv
1;536.85;2020-05-27;parcelas_98c36f37-455e-4ac8-bb4a-77c46da99ed2.csv
1;2826;2020-02-10;parcelas_98d2de58-8263-40eb-908d-8f9b9497b661.csv
1;2090;2020-08-31;parcelas_98d49b33-6e5c-42bd-818a-ae28da22a55d.csv
1;87.5;2020-06-08;parcelas_98e181da-af8f-4c3a-b7d2-5b33f5217b36.csv
1;115900;2020-01-21;parcelas_98e25554-910b-448e-a231-6fb5b3c14760.csv
1;875;2020-09-28;parcelas_98e2f9c0-e05a-4de1-aefd-5925bd9aea20.csv
1;34.4;2020-11-05;parcelas_98e9b30b-15ab-474e-99d1-3d40f8f0702a.csv
1;4000;2020-01-02;parcelas_98ed568d-e4cb-4630-b169-e9b6deebe8b5.csv
1;1890;2020-07-06;parcelas_98ef3b84-464b-4efd-a28a-e865cc385bb7.csv
1;19367.82;2020-09-28;parcelas_98f8b41d-0bdc-4175-81d5-7ddbda8edc72.csv
1;3676.65;2020-02-05;parcelas_99015662-f524-4645-8afc-4dda6f308f8f.csv
1;4738.32;2020-02-26;parcelas_99053495-f5de-4cea-bb45-f09d11db7978.csv
1;18500;2020-05-11;parcelas_9908768b-099d-4090-9362-bfcf81447ee7.csv
1;731.33;2020-02-27;parcelas_990c6f8c-4ad1-42aa-b343-6e693ce1b8dd.csv
1;14759.3;2020-02-27;parcelas_99177444-06d8-46dd-9758-bcbc10d5b147.csv
1;130;2020-08-31;parcelas_991d952d-9cb7-43f3-93fe-d0128d4a3359.csv
1;179380.09;2020-07-01;parcelas_991e7916-f4bf-4480-9279-170246123ec9.csv
1;5183361.31;2020-11-18;parcelas_99237962-8962-4303-b6c2-c09b3fc18c0a.csv
1;130535.61;2020-12-30;parcelas_9927d0f4-85ea-44de-a91d-5394d10613f4.csv
1;258.03;2020-10-01;parcelas_992ac884-1b54-40ae-bcce-c413e4738157.csv
1;7608.24;2020-10-07;parcelas_992cb859-76e7-44d7-8d3a-62767547fcdc.csv
1;939;2020-10-28;parcelas_99305bd2-2c74-4df6-ad1c-ac44bedf3594.csv
1;77013.95;2020-07-30;parcelas_993df4cb-d9ae-47dd-8c71-4519e2ec0d8a.csv
1;28626.5;2020-09-10;parcelas_993f5614-709c-436d-a74b-119ba3b61ddf.csv
1;900;2020-02-10;parcelas_9954343a-735a-43dd-a139-cb515f6f0e13.csv
1;1140;2020-03-27;parcelas_995a0293-37c7-4526-b1ab-472290134be6.csv
1;89.6;2020-10-07;parcelas_995c6493-3061-450c-8159-eecb941554c0.csv
1;35469.91;2020-10-28;parcelas_995d09a3-a3aa-4138-9667-e8dd8a117da8.csv
1;576;2020-11-03;parcelas_9967fb72-9b7d-4b56-8aaf-28c6485df5c7.csv
1;3167.52;2019-12-30;parcelas_997551d4-ebec-41df-96f0-1ce0910d28e1.csv
1;5757.83;2019-12-30;parcelas_997b066e-8280-4491-9170-4bb95e90e683.csv
1;8332.51;2020-08-17;parcelas_997b80f5-44bc-4089-b26f-518a9135ca7e.csv
1;12527.94;2020-03-27;parcelas_998852da-b7d6-471a-a47e-a8a4ec31a3f7.csv
1;100;2020-03-18;parcelas_998c97f9-db0a-45af-a98d-7f9bd63fced8.csv
1;525.29;2020-02-28;parcelas_998e44f8-d63a-4060-a095-5ca3fa700f28.csv
1;677.9;2020-12-21;parcelas_99986361-8c88-422e-aef3-ac2520c54fac.csv
1;35463.9;2019-07-31;parcelas_99a92f47-1a8c-4f2f-a4cb-3bdf7d5893db.csv
1;59106.5;2019-05-31;parcelas_99a92f47-1a8c-4f2f-a4cb-3bdf7d5893db.csv
1;30.97;2019-12-31;parcelas_99b8c116-7c12-4907-80b0-647bea21bc16.csv
1;3775.01;2020-07-30;parcelas_99b9a500-607e-4eab-bbe7-fbf598f57013.csv
1;11720.14;2020-01-02;parcelas_99b9b98f-1d35-4db6-a2fe-1ef639b8d919.csv
1;1232.27;2020-07-31;parcelas_99be0e7e-4874-4e7f-ba66-45c346075be5.csv
1;19934.38;2020-07-30;parcelas_99be4910-4f6a-4390-a657-a1918156fc93.csv
1;26385.12;2020-03-19;parcelas_99c21e52-a204-407b-9acb-6ae73eaf3656.csv
1;2381.4;2020-05-14;parcelas_99c8c8c0-93af-4021-93b2-3c4287e80a39.csv
1;14042.74;2020-06-29;parcelas_99c96b50-77fe-4d27-8321-d677754d548c.csv
1;5609.69;2020-04-30;parcelas_99ca97ee-6f64-4f8e-b491-d87480454959.csv
1;39897;2020-07-13;parcelas_99d89498-2676-432a-8032-adb321014341.csv
1;226227.46;2020-11-27;parcelas_99db90e1-0da0-4095-80b8-1cd8b0c2d672.csv
1;7530.13;2020-09-23;parcelas_99e4a955-a643-4f30-a3e4-c973b21f4808.csv
1;8640;2020-12-21;parcelas_99e7b1fe-8085-4a61-9f7b-9b0deaa418c8.csv
1;66.7;2020-03-18;parcelas_99eb8252-da88-4be4-9dfd-9a79e54579e6.csv
1;307065.04;2018-12-31;parcelas_99ede4e2-8664-4bfa-ac6d-b4547878a359.csv
1;936.06;2020-12-01;parcelas_99f06866-f459-463b-b43b-44dbfbf2271b.csv
1;365.21;2020-09-28;parcelas_99f9ab5c-9d77-4ad5-9e98-c2cc2fdee52f.csv
1;13543.29;2020-09-23;parcelas_9a0142a6-13e1-496b-a2e1-1f4365d9e340.csv
1;108370;2019-12-30;parcelas_9a07e4da-cd12-4b1d-803b-cfbd5fc0eabe.csv
1;74980;2019-12-30;parcelas_9a07e4da-cd12-4b1d-803b-cfbd5fc0eabe.csv
1;82088;2019-12-30;parcelas_9a07e4da-cd12-4b1d-803b-cfbd5fc0eabe.csv
1;169472;2019-12-30;parcelas_9a07e4da-cd12-4b1d-803b-cfbd5fc0eabe.csv
1;174768;2019-12-30;parcelas_9a07e4da-cd12-4b1d-803b-cfbd5fc0eabe.csv
1;605.94;2020-03-09;parcelas_9a0d48a8-ecb4-40af-8c7f-2ea0f55d086b.csv
1;12387.03;2020-01-03;parcelas_9a17b8d1-a475-475b-8628-0a5ddc144cd9.csv
1;130000;2020-02-28;parcelas_9a280f55-0a6a-4c1d-ae4f-5bc601a88314.csv
1;439.93;2020-08-13;parcelas_9a2dc4eb-f031-448a-b200-7cf7c62bc814.csv
1;558974;2020-04-09;parcelas_9a2ec66c-d433-4b95-8804-c4b6320da76f.csv
1;942.63;2020-06-12;parcelas_9a2f42b1-df39-4ad9-9bc4-eb805247d15c.csv
1;2658.09;2020-05-28;parcelas_9a329188-bc64-4f65-914c-d5e4803d48cd.csv
1;18616.93;2020-07-30;parcelas_9a382c24-0f17-4dff-84b1-65d2aeae06e4.csv
1;77456.04;2020-01-02;parcelas_9a38f0d2-ae11-4081-be67-dea0afb3ae2f.csv
1;1880;2020-03-13;parcelas_9a3dcdde-4863-46ae-939f-0ef9ae87472a.csv
1;552.44;2020-11-25;parcelas_9a43798b-6be2-4ba8-a243-edcbbab6ef53.csv
1;54209.94;2020-02-26;parcelas_9a440481-26f4-4b51-a3af-709877d2f540.csv
1;26385.12;2020-11-27;parcelas_9a47a20c-17df-4045-8037-612f0aa94f50.csv
1;51480;2020-01-02;parcelas_9a47b6e9-ae87-4b89-b086-719bfa747975.csv
1;130012.99;2020-07-13;parcelas_9a4faed5-4fba-4fce-853f-ac14e49b5f0a.csv
1;1785.71;2020-07-15;parcelas_9a616bae-cbae-453e-a6f9-4e7a0fc69dcc.csv
1;7286.37;2020-03-10;parcelas_9a6303b8-37f9-4964-aafe-34e40408f53c.csv
1;10720.84;2020-07-01;parcelas_9a658251-b830-4b57-b074-3a58c671e12a.csv
1;18702.95;2019-12-30;parcelas_9a71ea46-66ac-4534-8ede-d091e47cddfb.csv
1;1118.11;2019-12-30;parcelas_9a71ea46-66ac-4534-8ede-d091e47cddfb.csv
1;4500;2020-10-05;parcelas_9a841137-ad2c-44fe-83e2-b8d9ac4017e0.csv
1;619.93;2020-07-06;parcelas_9a85aea6-8ce8-4487-aeab-29674f89c11d.csv
1;38635.88;2019-12-30;parcelas_9a8ab5c9-0085-4332-bdf9-c2c0281bce4b.csv
1;2582.81;2020-12-23;parcelas_9a9d1a04-f3f4-4198-b4e6-1977d636fc90.csv
1;13021.11;2020-10-22;parcelas_9a9f2ec7-361e-4c89-a8b7-f4f2c714707a.csv
1;8621.17;2020-10-20;parcelas_9aa38a1f-008e-4cc5-a13f-8fd174d0d886.csv
1;121116.03;2020-02-26;parcelas_9aafae15-37e9-4a01-8706-3d5d15970740.csv
1;70304.24;2020-07-13;parcelas_9ab04c41-eb5a-400c-81f4-af476a0b63ac.csv
1;2864.17;2020-09-28;parcelas_9ad1c184-9b3a-4642-ac5b-ecc459108729.csv
1;39000;2020-10-20;parcelas_9ada6a8f-e244-40db-9f11-9e349353128d.csv
1;450.5;2020-05-14;parcelas_9adaf622-4588-442f-9726-776780d90f56.csv
1;66.7;2020-01-09;parcelas_9ade08b5-32be-4825-b7c5-cc4282d70f21.csv
1;114.3;2020-04-20;parcelas_9ae250bf-cecf-4c23-8d5a-12811b053b61.csv
1;314414.7;2020-07-20;parcelas_9ae3c846-6f30-4170-94af-6a711acad507.csv
1;123.51;2020-03-30;parcelas_9ae48265-e6b3-4894-af8a-47c84d6f983f.csv
1;38818;2020-09-22;parcelas_9ae563a5-bd58-485a-8444-e11bb48d7ff8.csv
1;2000;2020-07-30;parcelas_9ae5fc0f-dfb7-49ab-bc69-4236e7d5d6aa.csv
1;115970.47;2020-09-28;parcelas_9ae60751-59ef-4ed6-8d73-a3b66e0acc74.csv
1;40000;2020-08-06;parcelas_9ae86e61-4707-493d-8b07-4f2463c8911d.csv
1;100000;2020-08-18;parcelas_9aec8770-20db-4a4d-bce4-828b540390ec.csv
1;3000;2020-12-21;parcelas_9aedf6d4-3c98-4703-8211-3818e165219e.csv
1;81.6;2020-11-03;parcelas_9aee7571-0566-411e-a0c4-3537047b0cd5.csv
1;11302.3;2020-05-20;parcelas_9af47921-1d60-402f-95df-900760e5d05b.csv
1;84.6;2020-11-06;parcelas_9af7f1a8-43f3-40c7-b13e-2b1b8318c121.csv
1;112318.41;2020-05-21;parcelas_9afc4a09-c3f9-4529-99d9-5de9629fcce3.csv
1;127.99;2019-06-10;parcelas_9b090994-40dd-4446-adab-02b0d3cc0aa7.csv
1;353.89;2020-08-14;parcelas_9b105639-b9f5-48b3-bd33-065cda79dbab.csv
1;1892.29;2020-08-14;parcelas_9b1553ee-5933-441d-998a-704e7669a188.csv
1;9246.6;2020-01-23;parcelas_9b1daed0-0d60-4cfb-a748-64e3d715416e.csv
1;200.1;2020-02-26;parcelas_9b1e15d9-1c4c-4f80-bf93-663a0e4a402e.csv
1;3992.15;2020-09-29;parcelas_9b1ed9e1-b920-4775-9cc3-5c3b2f7dbee9.csv
1;8109.63;2020-07-21;parcelas_9b1f2861-247f-46ab-bd87-15ab85b453f3.csv
1;1800;2020-01-02;parcelas_9b1f7d43-684e-4886-877a-baa80c1efd20.csv
1;1472.7;2020-07-28;parcelas_9b2465e0-a1c0-410e-a58b-b048d4ab4f96.csv
1;4946.55;2020-06-30;parcelas_9b24b18f-11ee-4f4d-83eb-a097b315c095.csv
1;2026.62;2020-03-26;parcelas_9b263df9-c2d7-41e2-9e0d-95bf4809b206.csv
1;1542;2020-01-23;parcelas_9b26acac-7bdf-4b94-bc41-6998ff7f9d9a.csv
1;47770.95;2020-05-12;parcelas_9b298ffa-e98f-4ab3-ae04-a80276b22aaf.csv
1;5934.25;2020-07-09;parcelas_9b2aacfc-ef10-4892-bf25-39b7578b0424.csv
1;6686.49;2020-05-27;parcelas_9b2ca49f-75c3-4bdd-879f-5e3897d2022c.csv
1;5213.25;2020-08-10;parcelas_9b2e0ea7-a92c-4f3b-a3dc-691e1eb75f2a.csv
1;272;2020-08-19;parcelas_9b2ec5b7-46d6-4be4-b742-642360162de7.csv
1;9415.59;2020-01-02;parcelas_9b303ad3-30d0-4484-835c-0c4cd39b88ee.csv
1;5413.35;2020-01-31;parcelas_9b37360e-f446-487d-a775-12ffcd919ac6.csv
1;5098.93;2020-10-13;parcelas_9b3fba6b-450a-4882-8257-ed12034a602b.csv
1;20105.92;2020-08-27;parcelas_9b4c5b0a-7d6d-4e93-ae07-ac62b0bcac69.csv
1;114065.81;2020-10-28;parcelas_9b55ae0e-8937-4a18-ab58-b36f45378cee.csv
1;3850;2020-01-28;parcelas_9b58e164-2300-45a0-8a15-f0653620af62.csv
1;867.44;2020-02-12;parcelas_9b5bc9a4-1b86-4193-9b67-46842cf63a91.csv
1;2489882.85;2020-08-27;parcelas_9b5d0ab4-d35e-425c-b874-872edbc23c4c.csv
1;66145;2020-04-16;parcelas_9b65955a-a7d6-44b9-9ca0-e7c39de9cec1.csv
1;586.57;2020-09-08;parcelas_9b78b536-3bc0-41cf-9d45-0ac62d3a8ce6.csv
1;73.26;2020-10-01;parcelas_9b7be5a5-2df1-4c5c-b169-70c8936a74f9.csv
1;7516.25;2020-03-26;parcelas_9b7f3dbd-e411-4134-ac56-57cfbfdbd7d3.csv
1;998.98;2020-02-18;parcelas_9b809da5-72b2-465c-9140-005958c026a9.csv
1;1172.18;2020-10-27;parcelas_9b940f26-6643-499a-be0f-a13905ef5be0.csv
1;7597;2020-01-28;parcelas_9b95cec2-a3a3-4c92-afed-4ae786628238.csv
1;3312.26;2018-12-19;parcelas_9b99f006-6e05-4c06-b025-a6ba5eafec2a.csv
1;3415.92;2018-12-19;parcelas_9b99f006-6e05-4c06-b025-a6ba5eafec2a.csv
1;1713.8;2020-04-08;parcelas_9b9b26d9-afbb-4eb8-84b3-05c87454365f.csv
1;242297.71;2020-06-12;parcelas_9baf9502-a04a-46e0-9d81-a32f5abde47c.csv
1;769.5;2020-11-04;parcelas_9bb0f9f5-ecfa-4cc5-a9de-58c95f45f59a.csv
1;1141.79;2020-02-18;parcelas_9bb23a01-f010-4fad-8226-86153a25e426.csv
1;570.15;2020-02-27;parcelas_9bb28e3a-ef29-4910-a49d-4c97f23f2d5d.csv
1;6778;2020-10-07;parcelas_9bb5a707-33e1-4963-9f9b-93ff96fca1b0.csv
1;5644.41;2020-05-14;parcelas_9bb67ff6-acee-46a7-be18-80a40176e833.csv
1;63761.8;2020-01-20;parcelas_9bb6dfef-f3ba-496c-a6e8-5468e1edc432.csv
1;2111.4;2020-06-09;parcelas_9bbf2340-0b3b-47ec-bcf3-f80b59850a89.csv
1;4050;2020-09-28;parcelas_9bc0e6d9-0f9b-4551-b3fe-30a111e63048.csv
1;14368.4;2019-12-31;parcelas_9bc31294-b63c-45c4-9042-4eecd385643f.csv
1;1451.78;2019-12-30;parcelas_9bc43fc8-84cc-4099-a42e-cf40a70447f0.csv
1;939.05;2020-05-13;parcelas_9bc944e3-13dc-4b33-9207-b2f5ab2f20c3.csv
1;561.95;2020-11-27;parcelas_9bca3ec9-8254-4023-91a5-82494c077ccf.csv
1;2810;2020-04-28;parcelas_9bcba7ec-26cd-4f33-afad-7f2e18654e8e.csv
1;1797.65;2020-09-08;parcelas_9bce120a-11d1-4057-a077-7d8f71db383f.csv
1;165.2;2020-09-29;parcelas_9bcf4eba-1f19-43e1-b414-75f0a02222ab.csv
1;70;2020-12-15;parcelas_9bcf591d-e786-451c-a1ee-ad5eaf30ad0d.csv
1;487;2020-08-20;parcelas_9bd17696-8d38-4f61-969f-707951a2d325.csv
1;11532.1;2020-02-05;parcelas_9be2ff28-d82c-4553-b01f-87a065f4eeaa.csv
1;835.1;2020-02-05;parcelas_9be6a209-a043-4adf-b65b-9fd03ec8dc54.csv
1;384464.79;2020-07-30;parcelas_9be6bba1-ceed-4529-87df-ffcfe18f6d5a.csv
1;50.4;2020-08-17;parcelas_9beb7796-4845-463c-aae1-a4eaa1c507b1.csv
1;53121.59;2020-06-02;parcelas_9bf235a3-0256-47ba-a23c-a51675658b3c.csv
1;70598.75;2020-09-28;parcelas_9bfb0118-d6b3-43f6-ac9f-9d63884b6cbb.csv
1;5645.11;2020-05-27;parcelas_9c02071f-3898-4ce2-96c7-328d42717049.csv
1;12960;2020-01-08;parcelas_9c03856b-762a-4b0e-a941-9140cea4a5ae.csv
1;977777.64;2020-10-14;parcelas_9c049b3b-d0b0-4c12-bd69-34578d907685.csv
1;2318.59;2020-01-20;parcelas_9c0914d3-df18-4462-9091-2f2577bb8b67.csv
1;787.5;2020-10-28;parcelas_9c099d2f-93e8-43cb-ad32-4e6041a74214.csv
1;4268737.2;2020-01-02;parcelas_9c0dfbbd-55ef-46e0-853d-2e17dd7c32b7.csv
1;14660;2020-09-24;parcelas_9c13100e-1d57-4ae7-97bf-2c78321b723e.csv
1;258610.44;2020-04-29;parcelas_9c14e393-3eb0-4bc2-a996-4d86c4b6bf37.csv
1;3740;2020-06-26;parcelas_9c155298-3304-4d11-8fd4-f1e996c89998.csv
1;29.49;2020-08-28;parcelas_9c15edef-6fcf-4366-85b4-269f7ab6671f.csv
1;3168.02;2020-01-02;parcelas_9c18edf6-07c7-40f5-a54d-e83d6238086e.csv
1;239.3;2020-05-14;parcelas_9c21b171-6349-4b17-8d97-7160a0113cec.csv
1;214.77;2020-11-04;parcelas_9c2a8953-c27c-4516-92c8-cb8869b0b2e4.csv
1;66.7;2020-03-20;parcelas_9c2fb152-471c-4716-a3aa-2345f4a5f287.csv
1;2158.33;2020-02-26;parcelas_9c3294ab-38a9-4bb9-a383-a518fa05f2d5.csv
1;23843.1;2020-06-08;parcelas_9c3cc680-f491-46d8-8b9d-356351404cf6.csv
1;20864.85;2020-01-31;parcelas_9c3d0c0a-a3c8-4a35-890b-67a507361cda.csv
1;1188.05;2020-06-16;parcelas_9c465708-a4f1-40cf-a066-99fb5da1b57e.csv
1;46325.33;2020-12-30;parcelas_9c484122-9fe2-4430-a392-8c11fcb4c004.csv
1;24757.29;2020-08-28;parcelas_9c551574-6579-44be-95ca-89962c5cc2b2.csv
1;204414.93;2020-12-23;parcelas_9c56d0a9-898e-45ef-8a81-7b23f8d1a436.csv
1;7629.75;2020-11-06;parcelas_9c5aa06b-5993-46d0-a6a8-1a91994ea9e2.csv
1;1108.15;2020-12-28;parcelas_9c61551f-7f3e-45f0-a9e8-e1443375c6e6.csv
1;1025;2020-10-30;parcelas_9c632971-5541-42c8-9108-5bf70c1100b4.csv
1;9900;2020-04-09;parcelas_9c634505-673c-4105-97fe-5ea25a139cfc.csv
1;234;2020-10-21;parcelas_9c64aa5e-77fc-4281-abfc-575dfc6e0852.csv
1;19036.7;2020-03-31;parcelas_9c79b841-360e-47ed-ad64-fda8363b6fac.csv
1;286380.7;2020-02-05;parcelas_9c7a0d6b-5f53-455a-a5bf-72e938ea4676.csv
1;9416.8;2020-06-22;parcelas_9c82fe09-2db7-4531-8768-1a13d6bc0127.csv
1;20906.43;2020-10-28;parcelas_9c8de09d-991e-4669-aec2-a495d4977afc.csv
1;1217.37;2020-11-24;parcelas_9c8e6f2c-f032-48b1-ab5d-ffd1fc548b04.csv
1;88.78;2020-10-30;parcelas_9c8fb927-fd8a-4d78-b94f-a0d3e64570ed.csv
1;800000;2020-11-03;parcelas_9c950c27-32b7-4f30-8f63-3ea56d0e3a5d.csv
1;163.34;2020-07-14;parcelas_9caea39f-a5c3-478b-8192-3e417a7022f6.csv
1;1927.28;2020-09-30;parcelas_9cb0f65c-85d0-4bf5-b501-dc007366460f.csv
1;2057.15;2019-12-30;parcelas_9cb1c1e3-8a8a-440b-bb4f-cd77d54291a1.csv
1;9300;2020-10-01;parcelas_9cb569f3-b4b0-464b-addd-58456934c141.csv
1;72850;2020-12-15;parcelas_9cb90157-a58d-4c4e-984b-ebf7d62880c4.csv
1;2529.97;2020-01-29;parcelas_9cc3d6ea-4440-4797-856d-6468ced016f1.csv
1;677.64;2020-02-28;parcelas_9ccb067b-8780-4825-92a1-4f07de6290d5.csv
1;13801;2020-05-11;parcelas_9cd2200c-7d9b-4524-acb1-df3371277487.csv
1;21927.38;2020-11-04;parcelas_9cd38ca1-064d-4e86-ab82-db35543643a0.csv
1;6371.61;2020-12-30;parcelas_9cd4b78f-c06f-4fe8-ba21-a8f20a7cabfc.csv
1;672.49;2020-11-04;parcelas_9cd4eed8-10ab-4af6-9690-03d896a50fd1.csv
1;246942.77;2020-07-30;parcelas_9cd5a88e-cc50-45fa-b46e-ac440da1c333.csv
1;9477.39;2020-01-27;parcelas_9cd70000-4291-411a-9e2e-9f474936470d.csv
1;7080;2020-10-08;parcelas_9cdbb4e0-bd20-45a7-b3fd-688f3e79c9db.csv
1;3662.78;2020-08-19;parcelas_9cdd0c83-64a8-427c-9e3b-085f2e0f49a4.csv
1;4611.07;2020-11-12;parcelas_9cde9e41-66b3-4177-976f-f9a4239061e9.csv
1;2235;2020-08-13;parcelas_9ce672d6-e096-4e58-b8f9-4d0257293af4.csv
1;111999.16;2020-09-28;parcelas_9cfb9ebe-7f0d-4ba3-b1af-187c28ecba8b.csv
1;18550.56;2020-07-31;parcelas_9cffcab7-7bd0-453d-82e0-b1fe08673a0b.csv
1;1255;2020-03-11;parcelas_9d0533bf-7a23-4890-9726-e460fec9d249.csv
1;53211.63;2020-06-26;parcelas_9d0ee59c-dedd-4a2a-b90c-c7c577fc8062.csv
1;390056.5;2020-10-28;parcelas_9d13fd07-8dc5-41de-b4f9-f1d64f7c9f6b.csv
1;173.28;2020-06-30;parcelas_9d1f725b-dc67-46af-99d8-af1a5b4a62b6.csv
1;577.04;2020-10-05;parcelas_9d1f8975-9e5f-42b3-bcf5-11781f80c537.csv
1;100000;2020-06-26;parcelas_9d2ad72d-a6f8-432a-b05b-5cf8ba9b942d.csv
1;7133;2020-08-07;parcelas_9d2e28bd-b282-4c08-9685-ad79b449c643.csv
1;1102.27;2020-02-28;parcelas_9d2fdae3-af96-4a6d-be7a-b029c2d4c7d5.csv
1;1651.09;2020-02-26;parcelas_9d356d2d-5a7b-4f1c-812e-ce80a110a4f3.csv
1;1755.29;2020-05-28;parcelas_9d3f8985-2ac1-4991-8800-d7026192dc06.csv
1;9600;2020-05-05;parcelas_9d3fc2c7-9650-4b7b-9d41-06566708327b.csv
1;54897.64;2020-03-06;parcelas_9d470e5f-88ba-412a-bfb6-39163b5abc38.csv
1;2047.5;2020-03-30;parcelas_9d48f448-bf0c-4503-8375-c92bd2e55621.csv
1;1100;2020-03-11;parcelas_9d4d7df8-3c18-4080-9e87-fa6e66d35aa5.csv
1;2171.35;2020-11-25;parcelas_9d5860cb-17cf-4176-a93e-0497a8d4a166.csv
1;19054.07;2019-12-30;parcelas_9d5f7eac-ebe7-4980-9924-aec63048ca25.csv
1;189;2020-04-14;parcelas_9d62facd-c795-4c28-9141-1d716ad76053.csv
1;1417.45;2020-09-29;parcelas_9d64bee0-4453-463d-b480-516ee1844f02.csv
1;1280;2020-10-07;parcelas_9d69176d-a2e5-4146-a58a-b39ccf6b677e.csv
1;43127.7;2020-09-09;parcelas_9d800bf3-9489-410c-9147-eb496cdbf4b4.csv
1;87893.47;2020-03-31;parcelas_9d82b675-5cfa-41bc-a792-257686047f2a.csv
1;5675.04;2020-11-09;parcelas_9d9bb653-ee85-4b5d-9418-7c64b04072d5.csv
1;275.74;2020-09-29;parcelas_9d9f88ed-91ac-44f6-a4d6-70d21d4dc543.csv
1;2800;2020-01-02;parcelas_9da96e5c-3b65-4449-b060-62cb8af7b31e.csv
1;13277.66;2020-06-08;parcelas_9db426fc-961f-4e17-b044-d16fdf96b515.csv
1;1500.03;2020-05-28;parcelas_9db573ad-76b3-4e2d-b067-c6e791d6ba92.csv
1;105000;2020-08-27;parcelas_9dbbcffa-007a-4535-a609-39d9806edbb7.csv
1;875.81;2020-12-30;parcelas_9dcddff5-1f15-409a-a1f5-ba4417c398a1.csv
1;1469.55;2020-08-03;parcelas_9dd3f10b-2735-4caa-9ead-78e879884059.csv
1;156.96;2020-04-20;parcelas_9dd5ad6a-a8c7-4441-a9bb-7743ed615031.csv
1;1440000;2020-12-30;parcelas_9dd8058f-06c0-49fc-804f-a8fb846d8d27.csv
1;2963.91;2020-01-23;parcelas_9dd96695-a12b-4b80-bde2-567c190706b3.csv
1;229.94;2020-09-11;parcelas_9de689c6-7cea-4e28-99aa-41424b9362a3.csv
1;44200.53;2020-08-28;parcelas_9dece986-8c72-473b-8cb1-03e383ad7d2a.csv
1;2800;2020-08-27;parcelas_9dfae509-45b0-42d9-a46e-ecc07b4f045a.csv
1;38140;2020-07-28;parcelas_9dfe8627-b81e-44d1-bdae-2e81f554c75c.csv
1;79.79;2020-11-05;parcelas_9e012773-2f07-4940-9950-6236d46fc282.csv
1;107459.39;2020-01-02;parcelas_9e026188-831b-4b5e-aa48-7715cde37b80.csv
1;1804.65;2020-07-21;parcelas_9e0bec01-7056-4665-95ba-c109ef555c94.csv
1;11833.6;2020-11-06;parcelas_9e0d540f-5020-47c8-86fd-1de3cc3365f4.csv
1;27640.87;2020-02-26;parcelas_9e0e260b-07f3-4bac-8707-8f6d4a859413.csv
1;13407.12;2020-09-23;parcelas_9e17378a-0b52-4537-b3e1-399f769011a9.csv
1;1050;2020-07-30;parcelas_9e17564d-3aa7-49c6-95cc-e9e77705f9b2.csv
1;8391.79;2020-01-02;parcelas_9e1e693a-bdf3-4286-869b-348eb809e88e.csv
1;64422;2020-02-14;parcelas_9e202023-fd90-4ae1-9f40-a75aaeffbf98.csv
1;4428.88;2020-08-19;parcelas_9e22f065-1d91-47e6-b12d-d6ae42b64739.csv
1;10195.53;2020-10-28;parcelas_9e2b8ca0-228b-47b9-a307-62f299336c9b.csv
1;547.97;2020-11-03;parcelas_9e2cb1ed-c96a-4a70-88e3-bc570a320736.csv
1;1050;2020-02-05;parcelas_9e2cd21f-1895-45e3-9432-7c855a290f35.csv
1;3644.81;2020-12-28;parcelas_9e34408d-b3e0-4329-8909-0b3ef5cd2a06.csv
1;234.78;2020-02-05;parcelas_9e4935a2-f45d-41f3-8cf9-8c41b81886f2.csv
1;288.96;2020-09-14;parcelas_9e49843c-4fd4-4d00-ad22-467346135265.csv
1;4017.96;2020-11-23;parcelas_9e4ecf2a-4ece-4572-879e-ab03efe93d5a.csv
1;26524;2020-04-17;parcelas_9e561c26-0f25-4aa4-9114-04977d6be4fc.csv
1;1475;2020-02-05;parcelas_9e588c32-5604-4099-8bcd-1cf1748fec8c.csv
1;178.15;2020-11-03;parcelas_9e614b82-0dba-47b0-87a8-e17bb867b35d.csv
1;30050;2020-11-18;parcelas_9e65eb9c-9fc5-45d6-a06c-94f0b604f967.csv
1;7219.6;2018-02-28;parcelas_9e763033-627c-40a2-aa0a-86e199ea0920.csv
1;2625.48;2020-07-13;parcelas_9e7c06cb-11b8-45c3-8096-82625aa153ac.csv
1;5400;2020-07-09;parcelas_9e7edc83-d716-40ec-bb0a-591447da9908.csv
1;4843.27;2020-05-27;parcelas_9e88e653-4883-4be6-81e6-7d4ee25fdf97.csv
1;4864.3;2020-04-16;parcelas_9e895094-1fdd-4113-9332-f72e37a06692.csv
1;6327.16;2019-12-30;parcelas_9e8c6cef-c497-4dbb-966b-1b697b423f40.csv
1;65.57;2020-12-30;parcelas_9e8d2e48-d217-482a-88f0-2f117559601e.csv
1;65173.92;2020-04-30;parcelas_9e99dc29-4631-44fc-8077-62d9bd976147.csv
1;3383.33;2020-04-29;parcelas_9e9e0212-aaed-48c8-84a9-852ec13454a3.csv
1;23.57;2020-01-28;parcelas_9ea2c8d8-4c18-423b-8951-867c22de7414.csv
1;2520.95;2020-10-07;parcelas_9eae153e-c5a3-4eff-afcd-8abad725ba58.csv
1;72938.8;2019-12-30;parcelas_9eb0f2ac-c737-4ecd-90d1-3e4011c8c8da.csv
1;57039.17;2020-01-02;parcelas_9eb3be0c-31d2-49a4-85dc-daca6139483b.csv
1;223.01;2020-04-14;parcelas_9eb48d3f-bbe6-4572-b947-0fca81bee69e.csv
1;84140.14;2020-07-01;parcelas_9ec09222-4fe0-4820-87aa-ea0b77f54183.csv
1;353.6;2020-05-11;parcelas_9ec277dd-5328-49fc-b034-2a33f152977a.csv
1;429026.87;2020-04-28;parcelas_9ec80631-d33a-492f-8e11-c5121d2549fa.csv
1;189057.25;2020-04-29;parcelas_9ec80a7b-f077-4784-aed9-243dea5e5b47.csv
1;6054.5;2020-02-17;parcelas_9ec8b64f-7f92-44d6-9d3a-c8b7b79412df.csv
1;39618.49;2020-06-26;parcelas_9eccc83e-8c97-44a9-8bf3-8b8dfe6461af.csv
1;36564.96;2020-07-22;parcelas_9ed3d1f8-3609-4fda-a9eb-52cf7463fd95.csv
1;3580;2020-09-24;parcelas_9edcc948-02b1-43d4-a648-901a5701bbb7.csv
1;53541.24;2020-03-26;parcelas_9ee1cdd5-baf2-4132-ac3e-9f30899dccf9.csv
1;115040.35;2020-03-26;parcelas_9ef2df1f-0fd7-4674-aac7-c6d6b6e66087.csv
1;11050.52;2020-01-10;parcelas_9ef44e5d-40d6-469f-8d84-15d47622def6.csv
1;58976;2020-12-21;parcelas_9efaa5ea-5b05-4ca4-8da5-35c7a0fa7472.csv
1;82.66;2020-02-21;parcelas_9efb4e2a-cb8f-4aed-b597-dd0e32fe766b.csv
1;4173.58;2020-03-30;parcelas_9efb714a-5fb3-45cd-b1ee-eda81e4fb9b2.csv
1;644.1;2020-04-30;parcelas_9efb8357-0df6-4dfd-a640-d4d9d48bcc80.csv
1;16800;2020-02-03;parcelas_9eff23bb-3d24-4306-b9b1-f387203455bd.csv
1;2480.33;2020-10-30;parcelas_9f03c06a-a100-4361-93bd-7b044cd5cba0.csv
1;900;2020-11-27;parcelas_9f125433-b873-4abb-b7c7-66cd9f39439c.csv
1;8510;2020-10-14;parcelas_9f13c8a4-f35a-4776-85b6-5c96207d7c6d.csv
1;647;2020-12-21;parcelas_9f155d2f-be9f-4f9a-a507-6442ab5ed8d8.csv
1;47410.34;2020-07-13;parcelas_9f287f0f-e26a-4f7a-a36e-353ad19c778f.csv
1;348.92;2020-08-31;parcelas_9f2d0276-aa67-4e46-8be7-1f5462f0b475.csv
1;49459.33;2020-06-26;parcelas_9f328573-4377-4b5b-ab6e-4224d29ce69c.csv
1;1486.74;2020-01-20;parcelas_9f36ba20-43de-440a-8cc1-5a282d4170c5.csv
1;2674.98;2020-10-07;parcelas_9f3d5c2e-2f8b-4cd8-bcd6-d7c174fb1896.csv
1;29166.67;2020-08-27;parcelas_9f3e5de5-823c-4861-9469-4478cb6d52e0.csv
1;33926.2;2020-08-31;parcelas_9f3f6556-d406-4426-b1c3-05e133c7570a.csv
1;250.64;2020-07-30;parcelas_9f47f10a-9af0-41bc-a079-62c2c34b1ab1.csv
1;210000;2020-01-02;parcelas_9f54b4de-d013-4740-ab75-52beb12f38d1.csv
1;10794.58;2020-10-28;parcelas_9f5a2341-c91c-4e35-86e5-1aed508ec068.csv
1;607727.92;2018-12-31;parcelas_9f5bf080-cf15-44da-bfbf-4d68e27f71e1.csv
1;71048;2020-07-02;parcelas_9f5f7d33-f9a2-44e9-9970-c75c93383fec.csv
1;56000;2020-01-02;parcelas_9f688186-9142-495a-9cf0-e009508341ef.csv
1;87322.73;2020-01-02;parcelas_9f6bcbc9-69ed-4007-bdb6-1c1b0d580663.csv
1;1018.6;2020-05-26;parcelas_9f767fee-e573-4f8f-8310-82af03cd51d9.csv
1;430883.3;2020-05-27;parcelas_9f894b65-bad2-467d-b20c-8f499ed1c1df.csv
1;1104623.46;2020-09-11;parcelas_9f896a2d-66cf-48bb-9a49-04ad805f678f.csv
1;72411.57;2020-11-04;parcelas_9f8c50c8-4446-461a-87fb-cb2a8fcf2eaf.csv
1;74240;2020-01-02;parcelas_9f95d1f8-114c-409f-8163-9e2c715bd963.csv
1;1689.35;2020-11-27;parcelas_9f96e289-595e-4bbb-b60b-e25bc82a5498.csv
1;36690;2020-05-01;parcelas_9f97c278-106e-4ff4-ab00-c4f4f64827a4.csv
1;58.7;2020-07-22;parcelas_9fa533d7-28af-445e-b780-bc0d3c73456e.csv
1;71965.24;2020-12-21;parcelas_9fa6f256-4725-48a9-af2f-2e3f1aa72fdd.csv
1;88.78;2020-06-24;parcelas_9fbbcd9d-623c-4bd4-aaba-8898b674f439.csv
1;1869.15;2020-10-01;parcelas_9fc41748-ac32-42da-ba9d-12f6dd08938d.csv
1;286.99;2020-06-26;parcelas_9fc5bc04-74c3-4c63-981a-f95010155093.csv
1;690;2020-08-07;parcelas_9fc9210d-aa14-4459-9cc9-e2e9ca38c83a.csv
1;596;2020-08-19;parcelas_9fcb372a-6583-48a5-9eec-b2eb50980d00.csv
1;1755;2020-11-06;parcelas_9fcc4e35-10ce-4939-a1ca-2ecc4c16499a.csv
1;198;2020-12-21;parcelas_9fd36451-af5a-45e1-8d29-829681a53929.csv
1;2023.93;2020-05-22;parcelas_9fdb1728-efb8-426c-baf5-0d77af2afd0e.csv
1;90000;2020-01-02;parcelas_9fde1e28-c952-4eb3-b351-e4374e07db4b.csv
1;953.8;2020-10-21;parcelas_9fdf6247-86f3-463c-aa78-47dc16e26369.csv
1;13121;2020-05-28;parcelas_9fe19cdf-4875-4e38-9fbe-1f011b663c1c.csv
1;71;2020-06-29;parcelas_9fe61053-994d-4928-831a-2074cd1c6af9.csv
1;6420;2020-07-06;parcelas_9ff3bf8c-b62d-464e-b5ff-16b9dce7bde3.csv
1;9.33;2020-10-06;parcelas_9fffe886-a99b-4eba-8546-91d40beeca23.csv
1;78124.87;2020-05-29;parcelas_a003b89d-3a42-4f8a-9197-a3afe2d8a9c4.csv
1;227.5;2020-08-10;parcelas_a00a745d-9835-4796-a19f-fbc9143e4474.csv
1;250;2020-02-28;parcelas_a00ad056-1c72-444b-82cb-5ad8abe5c72e.csv
1;11130;2020-11-19;parcelas_a00e4cd0-76c3-48e2-94c0-2553b7b35bb4.csv
1;255753.55;2020-12-09;parcelas_a015436e-84d4-4bed-b7f0-9dcd69ac11ac.csv
1;296.31;2017-08-31;parcelas_a01a9bde-88f9-4c3c-b623-0ce596542595.csv
1;1220.17;2020-12-30;parcelas_a01fb2cc-b96d-43a1-9a68-b6c2336adf01.csv
1;70;2020-11-09;parcelas_a0362360-e6b6-4af1-9c0c-e20e2249b9d3.csv
1;79.79;2020-10-02;parcelas_a0393d81-b6e3-4575-9181-b83d23db78df.csv
1;40860;2020-11-20;parcelas_a054b7a6-d221-4b84-b702-ad2d68ede0fa.csv
1;4500;2020-08-10;parcelas_a055b712-3514-4ff0-bda6-6aaa75e4fc6c.csv
1;2362.5;2020-10-28;parcelas_a055e9d6-fb9a-4a8a-8110-5f8f6dd6e743.csv
1;981.17;2019-12-30;parcelas_a05badf1-46c8-45c4-ad1c-3dc11ca4d8f9.csv
1;287.28;2020-09-29;parcelas_a076dd6a-0e21-4fbb-8749-d9a57a419046.csv
1;37530.3;2020-02-12;parcelas_a079aa2c-766b-494b-bb20-b3920185af0f.csv
1;91193.19;2020-11-27;parcelas_a085392f-7003-469a-8c26-72476c5a6f7d.csv
1;985411.24;2020-02-21;parcelas_a08e8cd4-fb3c-431e-b86c-3bd559d75bac.csv
1;119.67;2020-08-03;parcelas_a08ebb99-ff35-456e-b9eb-8cd15875a8eb.csv
1;88.69;2020-11-09;parcelas_a08f0eba-6b6d-46c1-8bf4-22a99c00c0cd.csv
1;5286.75;2020-12-30;parcelas_a0910911-0662-44c3-b014-a9d3367e0c30.csv
1;168;2020-08-17;parcelas_a094f494-d62b-4da8-b40f-11c64a5e0978.csv
1;31713.18;2020-03-06;parcelas_a0a5a1c4-2a3a-4de9-8a7d-3696216e000c.csv
1;783.98;2020-10-30;parcelas_a0a67b33-0178-424f-9087-e409237351f0.csv
1;22440.86;2020-08-05;parcelas_a0a7addc-85c3-4533-b606-c650dde1d81c.csv
1;319.2;2020-09-29;parcelas_a0aa2615-41ec-4c05-86d1-9138a159e2fa.csv
1;197.18;2020-05-22;parcelas_a0c4f010-847d-4ba0-8b8f-eb94f1221555.csv
1;283.4;2020-08-03;parcelas_a0c7c718-abf3-455a-a4e7-b98a4fab85e3.csv
1;535463.54;2020-04-29;parcelas_a0c8a9ad-27e5-4258-b9fb-369bc7fd2bd2.csv
1;87500;2020-10-08;parcelas_a0ca0a41-c388-49de-948b-37d85b5e6533.csv
1;607.5;2020-08-25;parcelas_a0cdf4b7-f958-4608-8492-41e6050e9a6e.csv
1;52744.03;2020-05-27;parcelas_a0d265e1-ace8-44fe-8ad5-fa97a22bb5b5.csv
1;129592.13;2020-12-21;parcelas_a0d969a5-c170-4731-812f-8e797e6255ae.csv
1;92688.61;2020-05-27;parcelas_a0e0109a-ef8c-44ac-8c10-6deeef4ff92f.csv
1;992.25;2020-10-21;parcelas_a0e0e171-f92f-4bf0-bd32-bf7860c57bfe.csv
1;146351.43;2017-04-28;parcelas_a0e5a5e8-fe7c-470f-aa66-1f5cf21affd8.csv
1;142025.3;2020-12-21;parcelas_a0ec0c24-f9f5-4a2e-bda3-33211ad9649d.csv
1;349.34;2020-11-27;parcelas_a0efd13b-1880-4b7e-958d-3fdadc505993.csv
1;160449.76;2020-04-29;parcelas_a0effed2-572e-4a90-9642-a584d43e1456.csv
1;14767.02;2020-02-05;parcelas_a0f1e77a-e221-40a8-aa08-31c1bd1b96d9.csv
1;8949.48;2020-03-18;parcelas_a10041e6-23bd-46e1-80ac-ddd5afab267f.csv
1;979.99;2020-05-04;parcelas_a1007335-751c-477e-ba82-8b4798980cd6.csv
1;70.18;2020-04-14;parcelas_a118cc3b-4282-4f96-bccf-59fddc24ceed.csv
1;11007.61;2020-07-13;parcelas_a11d51c7-c1e2-4602-8d05-b32036fc65e4.csv
1;66641.81;2020-10-30;parcelas_a1204a16-e89e-441a-a812-1127fab5f2c3.csv
1;2090;2020-05-29;parcelas_a126315c-6d1b-41ec-ad1b-2f3692c6ecfd.csv
1;81108.2;2020-06-26;parcelas_a12b4e3c-57c9-437f-ad7f-358f88934a03.csv
1;242297.71;2020-05-05;parcelas_a133469b-5ffd-48b7-ad0b-28fed51cebe5.csv
1;43539.42;2020-08-27;parcelas_a13e3785-d0b5-4eac-9fe2-23270b699083.csv
1;54.54;2020-03-09;parcelas_a13ed0a1-2857-4d01-bafc-fcd5ab1ea78a.csv
1;172.44;2020-08-28;parcelas_a14edac2-fd3b-4a49-8dea-4c8c22ed955b.csv
1;363785.07;2020-10-21;parcelas_a150941c-e5da-4d91-af24-d0b8d623cb5c.csv
1;28000;2020-02-28;parcelas_a152a42d-f862-49c8-95f6-7af8f05a5663.csv
1;95900;2020-01-02;parcelas_a153428f-c623-44cb-ac1f-85b923ff3815.csv
1;44310;2020-01-08;parcelas_a15c9f20-efde-4393-b2be-9fd22596a30e.csv
1;724.32;2020-02-28;parcelas_a15fd16f-32e1-4a15-8a2c-fa2ab9f45e54.csv
1;103.71;2020-05-29;parcelas_a168042f-486c-4e28-8272-dab2bc98de7b.csv
1;677.43;2019-12-30;parcelas_a16f6924-10aa-4d47-92f0-54999a44730a.csv
1;74.8;2020-11-03;parcelas_a176c578-a781-4eba-b2fd-3d1307e14e4b.csv
1;9837.88;2020-07-16;parcelas_a17f12a5-0f1f-4579-b09c-892b84871af9.csv
1;1153.24;2020-03-02;parcelas_a182a6a7-e532-4e02-bf85-88dc6a659b31.csv
1;1079.9;2020-01-23;parcelas_a1988be3-e181-4c41-afee-7fb5459a49d4.csv
1;2269.17;2020-01-28;parcelas_a19a0407-3a3d-4fc5-be54-46c5e7ba1e90.csv
1;2508.33;2020-09-28;parcelas_a1a37598-a1f8-4167-808e-d3d767c3bd37.csv
1;1789.91;2020-12-30;parcelas_a1b8ee32-6d08-42ab-80b1-25554790ebc5.csv
1;6374;2020-08-07;parcelas_a1bfe2eb-7562-4129-81c5-9ecdec6e3669.csv
1;6900;2020-05-14;parcelas_a1cf2eb9-93af-4cf4-8b87-0152132c75f2.csv
1;2447;2020-11-06;parcelas_a1d21c35-61bc-4f3b-a405-6d8b9ad38c47.csv
1;987.98;2020-09-30;parcelas_a1d54c14-e76f-4d63-8c96-7e4df66051bf.csv
1;150;2020-10-21;parcelas_a1f354b3-958c-4e59-b40f-1e8f45a69e90.csv
1;5486.23;2020-02-26;parcelas_a1f6b94f-6ec6-4b00-bbe6-83464fccadab.csv
1;601.3;2020-10-21;parcelas_a1f82dec-6a99-42a3-810f-efc53bc8d4d7.csv
1;5885.92;2020-07-22;parcelas_a1f86b04-fdd4-4ea7-bdea-f485ed84848f.csv
1;3133.32;2018-08-13;parcelas_a20fe57a-3f68-4d45-a47b-97defc4648bc.csv
1;264;2020-12-21;parcelas_a216afa9-f32d-4eb5-8b91-21a7ffd93c5c.csv
1;7255;2020-03-12;parcelas_a22bead8-9b24-48e8-9560-cae1130a9390.csv
1;1890.53;2020-08-19;parcelas_a23223b4-be19-4bfe-88b1-28c6f3ca1874.csv
1;59300.71;2020-07-20;parcelas_a23a4f7f-a1f4-4479-9a0e-fc68bbe4dc24.csv
1;36000;2020-01-23;parcelas_a2454b0e-ee8f-4e60-97bb-bb29eb21b3c5.csv
1;37875.5;2020-11-04;parcelas_a2518b61-7bdd-4c09-8460-eacc97a605b0.csv
1;6863;2020-12-21;parcelas_a2544f6f-0d1c-4aed-bbf6-e34b5ca48582.csv
1;500.9;2020-07-03;parcelas_a25ba242-6f7d-45cf-a59f-9de69f27167d.csv
1;275;2020-08-27;parcelas_a25d68f0-cd90-4203-879c-18710ab66545.csv
1;1291.88;2020-07-14;parcelas_a25e47d8-4896-42ea-8f76-02d1a7e8290b.csv
1;216;2020-05-28;parcelas_a264ee24-052e-4e64-9798-f8ac8e837032.csv
1;5075;2020-10-28;parcelas_a26be333-20ac-42e4-b932-47e0da4659ff.csv
1;552.27;2020-11-25;parcelas_a26cf85a-12af-4138-8b52-49dcd6e2f349.csv
1;3486588.85;2020-01-02;parcelas_a2762100-ec61-4da4-ba84-577bddc34a4d.csv
1;18500;2020-09-29;parcelas_a28bf1e7-b059-48ec-aa8f-32dfa10d71d3.csv
1;7261.26;2020-03-26;parcelas_a2970e2f-3901-4190-8de3-3e528714f12e.csv
1;2249.96;2020-10-14;parcelas_a29c5375-f5d9-4f33-9a18-6bed15be6600.csv
1;390;2020-09-02;parcelas_a2a71492-fba1-4725-a474-b8cef14e5a51.csv
1;508.73;2020-07-30;parcelas_a2b62dfd-e0be-4df4-a192-6482042a3306.csv
1;2084.4;2020-03-27;parcelas_a2b8c064-5290-4a34-b1c0-1ee43f180821.csv
1;11200.29;2019-12-30;parcelas_a2bbae9d-799b-4a07-b4af-9ffb10a71e89.csv
1;3801.38;2020-01-28;parcelas_a2c41bd4-3aa4-4a0b-b143-4d563966a8cc.csv
1;559.39;2020-01-02;parcelas_a2c4548e-002c-430b-b156-511577c3ab13.csv
1;176.17;2020-08-10;parcelas_a2c94bac-20b5-4482-b27a-e6927c43335a.csv
1;500;2020-11-27;parcelas_a2cf2c81-c936-4087-a009-09727237c03d.csv
1;17109.75;2020-11-12;parcelas_a2d1aa2c-ae90-4d72-9554-bfffc71863bc.csv
1;500;2020-07-22;parcelas_a2da869e-8ebf-412e-a2b2-c379660c46a4.csv
1;13691.72;2020-02-06;parcelas_a2e4678d-76e8-4eb6-9e43-3ca8fcddb195.csv
1;1087.97;2020-09-28;parcelas_a2ea4387-5808-476e-8921-1cae92e67921.csv
1;6966.19;2020-08-14;parcelas_a2f09e03-fbd0-495a-9d64-e31169cb37f7.csv
1;2602.99;2020-03-12;parcelas_a3092275-21cc-471c-876a-b2feded1ff6d.csv
1;126220.34;2020-01-29;parcelas_a3194f03-b0f8-400f-8203-86ad2dd25665.csv
1;3538.41;2020-07-30;parcelas_a31961bc-a91a-45a0-af45-c32f41a06378.csv
1;195;2020-03-27;parcelas_a31ae64b-ccb1-428e-a578-c24a091b0d74.csv
1;29.49;2020-10-16;parcelas_a31cc61b-a7a6-4ac3-bbfa-277572519246.csv
1;86.56;2020-11-16;parcelas_a31d0c89-39b2-452f-99ae-d08d2f9ebc29.csv
1;552.44;2020-11-27;parcelas_a31d189a-131a-49a5-8e50-d127def46049.csv
1;6688.94;2020-01-16;parcelas_a3281a71-bd85-4817-b8ca-b49a7f321d76.csv
1;61200;2020-11-26;parcelas_a32c88f0-9ae7-4efe-ab3a-b94d84f1f886.csv
1;175891.88;2020-12-10;parcelas_a32d9971-a67e-427e-a549-38b46b93d05c.csv
1;22500;2020-03-05;parcelas_a3304153-b7bb-4578-b3cf-26db412f15fa.csv
1;3540.62;2020-09-09;parcelas_a330ae89-daeb-49a2-8932-4c7d59607020.csv
1;2139.18;2020-08-27;parcelas_a334c818-cb3f-4560-bc91-9d5f57681fb1.csv
1;6377.64;2020-08-28;parcelas_a3435187-6811-4c54-bdcc-3661484b048a.csv
1;15400;2020-01-23;parcelas_a348ef35-265e-4123-a71c-e7dd9135930b.csv
1;44683.32;2020-12-21;parcelas_a34bbdb9-19e3-490c-aa0e-1df5c26376e4.csv
1;25685.32;2020-10-26;parcelas_a34e25e3-d57c-4def-b561-95394b7b48a4.csv
1;1695;2020-11-27;parcelas_a350c7bb-6ab3-4408-8f87-0f9773fdf4f0.csv
1;400;2019-12-30;parcelas_a3553478-83f7-4a98-9e11-914176ee8f22.csv
1;9811.37;2020-03-26;parcelas_a356013b-28d1-4435-9c83-deb5daaa82ba.csv
1;125;2020-08-19;parcelas_a35896e8-04ab-4062-baf0-eb4d5cd2f71d.csv
1;51777.9;2020-08-27;parcelas_a3594c6a-f580-446e-beb2-993c3416f943.csv
1;1332.41;2020-04-29;parcelas_a361274c-e425-43a6-9c3c-d2a463d2aea8.csv
1;66.7;2020-04-13;parcelas_a363805f-f4e1-430c-adc1-ec7f0482da89.csv
1;390329.23;2020-05-06;parcelas_a363e2e0-d8c7-49b9-a163-db6c4effa4ef.csv
1;5950;2020-08-27;parcelas_a367a99e-1cf1-4f49-9728-3da913f68aeb.csv
1;1304.35;2020-12-30;parcelas_a372a598-8d95-4e25-b972-e13a34fdb2ff.csv
1;15529.38;2020-05-20;parcelas_a376c6b8-3d7b-4bbe-8310-16211973c36f.csv
1;824.69;2020-08-19;parcelas_a37e381f-4a06-4e4f-837a-f20df57e8902.csv
1;130535.61;2020-10-15;parcelas_a39255cd-ae51-4aef-a6f3-2f2bfcb25698.csv
1;203653.51;2020-12-21;parcelas_a39756e2-80cc-4f31-8c5c-231a976381d1.csv
1;8187.59;2019-12-30;parcelas_a39ec7ca-5776-4eac-9cab-8e825b59784c.csv
1;344.75;2020-03-16;parcelas_a3a54890-6d82-4795-921b-eb5a58903247.csv
1;23779.09;2020-06-09;parcelas_a3ab6839-17c1-47a7-93f2-12961410b501.csv
1;966;2020-10-26;parcelas_a3ade974-8884-4702-bdd9-38aac4bc116f.csv
1;647.7;2020-02-28;parcelas_a3b4e76e-faf6-4b1a-9b24-e3afeea9061a.csv
1;3806.64;2018-11-21;parcelas_a3b60497-5900-46c8-842a-47e4a06a102a.csv
1;437142.86;2020-01-08;parcelas_a3bea7b5-a2b2-4502-b77b-39619077a53c.csv
1;41641.35;2020-05-11;parcelas_a3c1ab5b-44ab-4b9f-a568-a7c141328883.csv
1;4350;2020-01-02;parcelas_a3ce9178-46ce-4b59-af01-c0a589d08877.csv
1;1243.9;2020-08-31;parcelas_a3d71066-cef3-458e-b459-853f0cd35862.csv
1;34058;2020-11-23;parcelas_a3d83019-6a4b-41ec-80e0-783100374c62.csv
1;601731.65;2020-10-05;parcelas_a3dcb2db-1b32-4f57-99fa-0f065333d07b.csv
1;12913.19;2020-10-13;parcelas_a3dd5de9-d95d-4efd-a114-a32232e87237.csv
1;18490;2020-12-21;parcelas_a3e3ca4a-2e80-49db-bc2b-33436808a9f8.csv
1;8900;2020-01-02;parcelas_a3e4cb5c-8f0e-4584-bbab-7dd8eb31f89a.csv
1;7301.97;2020-05-27;parcelas_a3e621d9-a58b-40d5-96a4-d1c69b374678.csv
1;174.17;2020-05-26;parcelas_a3eca4fb-3429-472a-8f9a-4a02e6ded1fc.csv
1;688220.92;2020-01-02;parcelas_a3ee2d70-7c88-4deb-b814-55d74641f697.csv
1;19782;2020-12-01;parcelas_a3f2943e-3532-4f63-a243-9c2f88e69034.csv
1;695.06;2020-12-30;parcelas_a3fb8c26-1069-4abc-bf28-06222016cf64.csv
1;1274.67;2020-01-22;parcelas_a404395e-feeb-41f6-a943-377bfb5872d1.csv
1;116406.39;2020-09-28;parcelas_a40a059a-0df9-4e28-89fa-e959a8e6a4f6.csv
1;390000;2020-06-23;parcelas_a40b70fb-fa54-4b20-a099-dc24a44aab1c.csv
1;10077.6;2020-04-15;parcelas_a414eab2-33f8-4e74-9f65-a08063aba646.csv
1;36;2020-03-02;parcelas_a4168639-1480-4f09-a820-c14d05baa09c.csv
1;19496;2020-10-30;parcelas_a41da9cc-a384-425a-9e11-c8e7faf95581.csv
1;3300;2020-01-29;parcelas_a42169c3-a3a7-4019-8f26-d76cdbb44688.csv
1;30047.5;2020-06-25;parcelas_a4311e9b-8886-4258-a846-856919af2d95.csv
1;6497;2020-05-05;parcelas_a4324fcb-7635-4a57-8c01-5e64a5a7bdea.csv
1;3058.76;2020-12-21;parcelas_a43ff984-d27d-44a5-9a43-960b8116a3c0.csv
1;1199.4;2020-08-17;parcelas_a440b335-d7be-4f8e-b314-46203ab424da.csv
1;450446.47;2020-12-21;parcelas_a4450576-c50f-41a2-b71a-5f5141bec863.csv
1;1563.33;2020-11-27;parcelas_a445f88b-9b64-433e-aad9-4f8af4544b92.csv
1;1342;2020-04-16;parcelas_a449982e-e81d-4050-8e31-c267a4bad04f.csv
1;77845.58;2020-11-23;parcelas_a44c97bf-0c78-4390-90a5-b900f5301b2e.csv
1;35437.85;2020-08-12;parcelas_a44d01aa-acfd-4993-aa3c-e91354c5aaf3.csv
1;232909.18;2020-06-26;parcelas_a452b263-ba66-43a6-80f9-ce20de770b1e.csv
1;412.25;2020-02-26;parcelas_a452e4c9-7033-4ef9-a629-00a42f07ce97.csv
1;3291;2020-07-07;parcelas_a453921b-fd73-4417-8b86-60d5d06a81e0.csv
1;357181.81;2020-08-07;parcelas_a455e8c7-b667-4dd3-b9a6-d33929250bbc.csv
1;6947.49;2020-02-26;parcelas_a45f2bff-6f66-4cfe-8107-7301980789d6.csv
1;27324.07;2020-10-13;parcelas_a46b9487-72d1-4795-8034-901ad6855d81.csv
1;136.5;2020-03-16;parcelas_a46f48b2-c4cc-4d9a-9a07-d555e051b14c.csv
1;39593;2020-07-13;parcelas_a46f5ac0-2e43-479b-968c-f7c8b7d180b6.csv
1;1001700;2020-06-05;parcelas_a46f8501-9e4f-49b1-a180-fe750270d16e.csv
1;2065.3;2020-06-16;parcelas_a478b785-55dc-432c-ace8-c8c9d372c879.csv
1;16960;2020-03-06;parcelas_a483bd49-547f-4691-ad72-af56be98f974.csv
1;10185.02;2020-06-03;parcelas_a488d923-c751-4a4f-9298-f7e009a46395.csv
1;179.79;2020-07-03;parcelas_a48f1b70-7ea8-44fc-9ab6-9020715339f9.csv
1;22180;2020-09-28;parcelas_a49164c5-79a3-4531-81c4-5fd8496524f2.csv
1;47050;2020-01-28;parcelas_a49f41cf-199f-47c2-9588-2efe1c041b50.csv
1;91726.63;2020-04-07;parcelas_a4a64be9-ae58-42c5-ab19-c11c8a5ee381.csv
1;4441.3;2020-11-19;parcelas_a4a65498-9ade-44ef-8079-81ae26c378a7.csv
1;102.58;2020-02-12;parcelas_a4af5ad2-bd85-437e-b085-7f3a7ac0742a.csv
1;570;2020-06-08;parcelas_a4b10258-dbd2-400b-969b-05d953821bd4.csv
1;936;2020-06-08;parcelas_a4b3d70f-cb71-4902-b5b3-1a0235ba6951.csv
1;300000;2020-02-28;parcelas_a4c14e3e-4ab7-426a-87b6-28e579325999.csv
1;3429.46;2020-10-21;parcelas_a4c35d27-79c1-4bd0-99a2-828b4a2553ab.csv
1;452.65;2020-07-03;parcelas_a4c5a6f6-8ad8-4a43-ac1d-fc924f0fbf78.csv
1;3059.94;2020-06-09;parcelas_a4c7fe55-a20c-44f1-bd23-0dc60ce760ce.csv
1;7150.84;2020-08-25;parcelas_a4cc00be-0a88-4287-aa52-d3abf979b23b.csv
1;3360;2020-02-10;parcelas_a4d57d14-1316-43b7-9b9a-836032ac4585.csv
1;3555;2020-03-06;parcelas_a4d742e2-6aad-4539-bdb9-01bdf1d43ef8.csv
1;388.83;2020-11-03;parcelas_a4d82aea-a74f-47e9-9676-bf17791f0bea.csv
1;420000;2020-10-14;parcelas_a4d8ef0f-11ae-40de-b6a2-22e7f3b63103.csv
1;170823.51;2020-11-11;parcelas_a4dab6a8-cd36-421d-ad8c-c0826bb6147a.csv
1;9495.45;2019-12-31;parcelas_a4de5fe5-6603-4c43-974a-f6b62a270f29.csv
1;29697.5;2020-10-28;parcelas_a4e1cfeb-8779-443f-b393-b56910faa261.csv
1;544.04;2020-01-27;parcelas_a4e446b7-b254-4e97-baae-d1a5f753db88.csv
1;12069.22;2020-09-25;parcelas_a4eb8578-09fa-42ed-bddb-e35b045a71e5.csv
1;5926.66;2020-06-26;parcelas_a4edd059-3dee-4dc8-ac5f-eaad99ef106a.csv
1;124000;2020-03-24;parcelas_a4f3e9c3-db84-47f2-adaa-cf94fff4424f.csv
1;475.15;2020-11-03;parcelas_a4ff00e1-5f04-4e4c-983b-66de263c1543.csv
1;1676.2;2020-08-19;parcelas_a504a5cd-09a3-45c1-9d0b-823dca163419.csv
1;2586;2020-06-08;parcelas_a511c9f4-d690-4270-b9ca-c9d349997f66.csv
1;11880;2020-02-07;parcelas_a51600af-8601-485f-8092-048971c061f1.csv
1;79.96;2020-05-14;parcelas_a528ce55-edde-49f4-8810-5e80d41df188.csv
1;17000.63;2020-11-30;parcelas_a531f8e4-0861-4572-b6cb-17a5fc359a84.csv
1;13802.26;2020-08-12;parcelas_a5362613-a5e3-4383-8bf6-bb0cfa5d11b5.csv
1;2960.73;2020-07-07;parcelas_a53ca56b-c91d-4edb-a737-ba3755f6eb77.csv
1;1885.3;2020-01-03;parcelas_a5418054-9918-43e7-903d-c042c989bf1e.csv
1;57342.38;2020-03-19;parcelas_a541a833-8c23-4566-a517-4fc7434b2235.csv
1;30250;2020-06-29;parcelas_a54a4a2a-6b09-4294-9e39-2ea91add63b7.csv
1;239.8;2020-02-18;parcelas_a54eeacf-c8cc-467e-8fba-ec9ab3b569f0.csv
1;554.56;2020-08-27;parcelas_a54f199b-e8ec-47cf-84d4-d26dd1f75eb9.csv
1;100000;2020-04-29;parcelas_a553c265-0186-4bd8-b0ad-6b10b49187b9.csv
1;45573.78;2020-01-02;parcelas_a5595355-19b7-41a8-8161-7e055ee86469.csv
1;519.7;2020-05-11;parcelas_a55afd47-6632-48ae-b622-a9f947c9c912.csv
1;86539.34;2020-07-13;parcelas_a55d3a4e-e78c-48d7-8b1d-eff1093d96b3.csv
1;447.84;2020-11-09;parcelas_a55df25b-60ac-4024-8e56-f1662ef91b8b.csv
1;670;2020-02-11;parcelas_a55f4ac6-5803-49a3-bcdf-cef3c7ef6ebe.csv
1;8520;2020-10-30;parcelas_a5602f0e-c589-4f04-a6d7-295a8193ac99.csv
1;128.71;2020-02-13;parcelas_a562548d-22bc-4211-8495-9c03408e082d.csv
1;57524.38;2020-03-06;parcelas_a5681cfa-49a5-42eb-bdb2-6c7293b649c5.csv
1;3060;2020-03-02;parcelas_a571e269-bfbd-423a-a9c3-83b9e78a3fea.csv
1;525;2020-09-28;parcelas_a573b3f8-b1cf-495a-ba9a-3ebe993cf6b0.csv
1;24698.81;2020-08-26;parcelas_a57448db-677f-4f89-a485-a29da5f7b926.csv
1;27800;2020-10-07;parcelas_a5758db6-f062-4152-8a07-e12a12e4c9d5.csv
1;6068.36;2020-01-31;parcelas_a57710a0-b4b2-4d39-933d-2dc711ffbf8c.csv
1;1700;2020-09-30;parcelas_a582b799-c78a-4002-a92a-b63fc9f2d1d4.csv
1;34975.1;2020-04-01;parcelas_a584dcad-d803-4c69-ad13-522b918b3588.csv
1;2228;2020-10-13;parcelas_a587e40c-2d4c-4b2b-b4d2-9cf174663442.csv
1;10782.39;2020-09-22;parcelas_a5909a2b-637f-4d4b-a195-1e4e795587cc.csv
1;13950;2020-08-07;parcelas_a59a251f-2ce1-4bd0-84a2-9dba28e1db0b.csv
1;11967.9;2020-05-28;parcelas_a59cb694-6b39-4db1-ad27-5cff96e3ac5d.csv
1;33693.83;2020-06-26;parcelas_a59e1829-b618-476f-87d0-5570fcbd00ea.csv
1;135582.48;2020-11-27;parcelas_a5a43403-cfd1-44de-8a47-e39b201e163d.csv
1;39.89;2020-12-01;parcelas_a5babdfc-c32b-4b8a-a8d5-78dfbf0cb468.csv
1;983902.49;2020-01-02;parcelas_a5bb91af-8c13-4121-867d-3f4896549e0a.csv
1;12385;2020-02-05;parcelas_a5bf5ea8-23d9-4d2e-bffb-d37314f74791.csv
1;34598.56;2020-10-28;parcelas_a5c64711-51c0-4508-87ca-cb5e4b6ec938.csv
1;5359.71;2020-01-02;parcelas_a5cbbbcb-2c9d-4a6c-b552-9e4f90b8eb94.csv
1;2000;2020-03-12;parcelas_a5d00072-bc40-4f4e-84d2-8a46d46e352a.csv
1;2813.99;2020-09-28;parcelas_a5d06a61-56b7-4ff0-9fbd-855a358cb360.csv
1;10507;2020-11-09;parcelas_a5ec62ef-3216-4b49-9003-ad2128001cf4.csv
1;2085.14;2020-12-16;parcelas_a5f7b62a-497b-42e4-a9df-b02abad97cec.csv
1;4228.38;2020-01-24;parcelas_a5fca886-9b89-440e-8da5-9518c593bce0.csv
1;1511.13;2020-10-07;parcelas_a610882e-96bd-4953-ad4b-a6cd001de4e2.csv
1;54999.98;2020-09-01;parcelas_a61fa4f8-8dff-4728-91a7-23dc1e2a3b14.csv
1;111600;2020-04-09;parcelas_a623d50c-87f4-4abd-9fc3-1404f333b095.csv
1;3803.33;2020-05-27;parcelas_a62a03e2-3e7e-434b-a0c7-e97d9b97acdf.csv
1;35371.86;2020-06-26;parcelas_a62cc9c0-f76c-41ac-a666-af924ce014d2.csv
1;176.62;2020-05-18;parcelas_a62fe472-ecbd-4e28-a93b-1a92b2a28d9f.csv
1;30000;2020-01-16;parcelas_a638159e-5e44-4f83-8aec-48d6817e355d.csv
1;52000;2020-05-28;parcelas_a6386227-d797-493c-86bf-2f0b81ad9e2d.csv
1;705.58;2019-12-30;parcelas_a6391193-649e-4bf8-8bcb-db84ec5b0104.csv
1;1136.82;2020-04-08;parcelas_a639e62f-eb7a-463d-9705-674f9f1f0bc4.csv
1;1397.87;2020-04-07;parcelas_a63d6cff-c77b-4653-8cd1-1bd8387171db.csv
1;1400;2020-06-26;parcelas_a63ef43d-6893-4666-9a55-96aab772bd82.csv
1;5247.78;2020-03-02;parcelas_a6440239-3e3b-47b0-b8f5-d09a20bc605f.csv
1;28092.5;2020-03-06;parcelas_a6442dd0-2470-403b-8938-7bc797180f67.csv
1;46656.59;2020-11-26;parcelas_a64da8a4-6ded-49b0-a368-471c47183a93.csv
1;1035;2020-02-05;parcelas_a64e00a7-df6d-4d24-9d74-d272d7352174.csv
1;1274.25;2020-11-19;parcelas_a64ed27a-fc7f-4cb4-8b08-bd40987d075f.csv
1;396;2020-02-27;parcelas_a650a0b2-4320-4bce-9a71-a062839838e1.csv
1;240;2020-09-16;parcelas_a6538e5d-13e0-4745-a2c6-80874c143384.csv
1;495;2020-02-05;parcelas_a653e62d-50a4-42c0-96d1-62ec0162e43a.csv
1;553.66;2020-11-25;parcelas_a6592908-9add-4e33-89b0-d2c469f144fc.csv
1;23781.6;2020-02-05;parcelas_a65e434a-335b-4f02-88bc-3482493cb07d.csv
1;1106.91;2020-10-05;parcelas_a663c4d8-3fe0-4304-bc63-b8597d169a32.csv
1;1485;2020-09-24;parcelas_a67fc797-f3ff-47a7-826d-b84b03e112c8.csv
1;57642.86;2020-07-30;parcelas_a67fd02c-66ba-4a7e-b8e2-58de0276adca.csv
1;100.14;2020-11-09;parcelas_a684933d-6516-4364-9b44-0a8b90a765c3.csv
1;22646.45;2020-02-05;parcelas_a68503c9-2456-46e8-ab9d-c4281aa33e20.csv
1;9015.4;2020-01-02;parcelas_a692fc41-0065-41d0-a584-77000235be80.csv
1;4246.9;2020-05-27;parcelas_a6936708-001c-4051-933c-b24a415359ae.csv
1;34489.02;2020-07-13;parcelas_a6958937-2d77-4fbf-a594-e741f816cace.csv
1;36.95;2020-04-15;parcelas_a69a62f0-44f6-4618-aa9c-03e44839dfa2.csv
1;705600;2020-08-18;parcelas_a69daf7b-e96a-45c8-8e20-4c36dfec31e9.csv
1;85467.98;2020-09-30;parcelas_a6a0a5ce-8f1d-42b9-a5d7-860c1e1e719e.csv
1;19439.29;2020-07-13;parcelas_a6a3274a-f6a9-4836-afa1-85dca5126af0.csv
1;14800;2020-03-06;parcelas_a6aa61b2-ca1d-40dd-97ef-370b581978ff.csv
1;731.35;2020-10-07;parcelas_a6b6aa36-fc6b-4581-b012-62accbe182c2.csv
1;20412;2020-03-06;parcelas_a6b991a2-621a-4f06-94a3-5eac2bf047b4.csv
1;1520;2020-02-05;parcelas_a6bfcc21-4c6d-4c74-a8b7-7ad91cbf187a.csv
1;586.24;2020-06-01;parcelas_a6cb672e-2ade-41b9-a2c2-bb91f3e255f6.csv
1;32818;2020-05-20;parcelas_a6cddbe0-a021-47d0-abeb-c82dd6e300d5.csv
1;294;2020-03-09;parcelas_a6cf13ab-1e6f-44ed-875c-8dc595ff9406.csv
1;26385.12;2020-05-05;parcelas_a6d950d4-24ba-4d93-870f-67a90bd3b59e.csv
1;79.79;2020-08-07;parcelas_a6e38968-2e5b-4a6c-b8e2-08abdf769f3b.csv
1;2484;2020-03-20;parcelas_a6ea2ce8-f1c4-404a-971a-3f7ec83a3b03.csv
1;378010.25;2020-07-30;parcelas_a6f0181c-28ad-4c73-bf42-cbca82f50cd2.csv
1;204000;2019-12-30;parcelas_a6f1df45-c910-4b9a-af17-d69529022cb4.csv
1;4078.65;2020-09-22;parcelas_a6f22fa6-24a1-4bae-804c-208eb341adfe.csv
1;3917;2020-07-17;parcelas_a6f40a50-15c2-4def-afb9-ff32bdddf3dd.csv
1;4138.8;2020-09-09;parcelas_a6f6e8c9-3b9d-4576-9259-91221e1fed18.csv
1;22.3;2020-11-06;parcelas_a704d589-aa3c-48a2-b76f-5f138748a548.csv
1;13541.4;2020-10-26;parcelas_a71447f7-02ea-4af2-bc25-0faf274da6cf.csv
1;1481760;2020-11-11;parcelas_a7260f6d-007a-41b8-b206-8d52afa35ef0.csv
1;39600;2020-03-16;parcelas_a72af80b-0e0a-442a-a95c-a827972656e0.csv
1;59500;2020-07-31;parcelas_a73190af-9731-45b3-9565-0d5d87730b68.csv
1;924.89;2020-03-16;parcelas_a73aa3df-ea0d-419b-9a79-3dd0b994cc2b.csv
1;75644.5;2020-09-08;parcelas_a73acbdc-d936-4dcc-bd62-5ad865cdf0d1.csv
1;4740;2020-12-30;parcelas_a73d300a-706a-4002-8de7-da6ccfacfe10.csv
1;21960;2020-02-04;parcelas_a7404edf-a2d3-4e0a-bcf1-bab16b5790c8.csv
1;51666.6;2020-01-02;parcelas_a740ab4a-625a-449a-b863-6a03214be57f.csv
1;4787.25;2020-06-29;parcelas_a7461239-6882-411a-8401-fd8638b08b1c.csv
1;2772;2020-02-10;parcelas_a747d110-e4ea-4ea3-beaa-e93b1ef38c4a.csv
1;3400;2020-05-29;parcelas_a74ab183-1347-4858-9eba-b1437d6b9b74.csv
1;245.7;2020-06-08;parcelas_a74bb91f-d9d6-4607-9cf5-dd80af7d27cf.csv
1;687.69;2020-11-03;parcelas_a7582b75-11d9-47d9-a99c-29c2a19cf62b.csv
1;1299.8;2020-06-22;parcelas_a75fbc3c-4143-4d35-8e5b-f9bdaeed6784.csv
1;185.87;2020-01-29;parcelas_a76023f3-2e50-4ec1-8ec2-bd7b47f2992f.csv
1;18910.19;2017-08-08;parcelas_a763031e-79cd-44e9-a651-dbbddd0d6451.csv
1;184999.5;2020-12-16;parcelas_a76f6ffc-3fa4-45fe-9d6f-79525419d943.csv
1;241.75;2020-08-03;parcelas_a7724eb5-4bc0-4fb8-a303-2706b73ccb85.csv
1;250000;2020-01-02;parcelas_a773ebb8-8cf9-46ec-a008-8845bd7c295e.csv
1;19800;2020-10-01;parcelas_a777c11c-37a1-400a-990d-7cfeaf728ccf.csv
1;16524;2020-09-14;parcelas_a77a796b-91b9-4c30-9e72-eddea5d46258.csv
1;1945.56;2020-01-24;parcelas_a7831efe-1fc3-4bcc-9cce-c81b314ae718.csv
1;229.65;2020-05-29;parcelas_a78cf363-e67e-4847-a5b4-6a850a134088.csv
1;3000;2020-04-08;parcelas_a790812b-b63e-4a4e-b92a-446972e7d0f7.csv
1;368853;2020-03-20;parcelas_a79354c5-1a57-4bea-a250-52b95a23d7d5.csv
1;3560;2020-01-23;parcelas_a797381f-6615-407d-9e2b-124499a5f65e.csv
1;53720;2020-03-20;parcelas_a797531a-8822-45e0-b544-0e01f6147188.csv
1;54123.19;2020-12-21;parcelas_a7996340-18b8-44a4-b002-9994fd4ed801.csv
1;66.7;2020-02-11;parcelas_a79a1161-23a4-423e-844b-1a4a623f6105.csv
1;7743.05;2020-05-13;parcelas_a7aec346-eb6c-4a8d-9b14-69d214953a58.csv
1;46500.89;2019-12-31;parcelas_a7b471e3-b376-452f-beae-df065a57b34f.csv
1;1977.7;2020-08-27;parcelas_a7b7eeed-914c-49ae-8093-1d10af7b0d93.csv
1;560;2020-10-01;parcelas_a7bb483b-63bb-4f55-ba25-bb129ea26788.csv
1;208.26;2020-02-10;parcelas_a7bb97a3-97da-490f-a62f-b72ce5d86c99.csv
1;11099.71;2020-05-27;parcelas_a7cf6783-e237-4a6f-9e60-ec0aa20e5835.csv
1;11825;2020-03-20;parcelas_a7d6d1c9-ce06-4ea9-a6ea-ca45a71078d9.csv
1;142.5;2020-09-29;parcelas_a7d7c08a-039b-4357-a424-c00a07348921.csv
1;10323.93;2020-05-11;parcelas_a7df4938-762b-4488-8ded-ab3927725470.csv
1;658.2;2020-10-07;parcelas_a7e85cb8-6443-4797-a41a-48140d5104ee.csv
1;415009.04;2020-10-28;parcelas_a7ea4083-1401-400f-8ffd-c7774faebb6e.csv
1;29.49;2020-08-18;parcelas_a7ec48dc-d128-4620-83ff-be95504e55b5.csv
1;530.22;2020-08-10;parcelas_a7f020be-7664-42a7-9ead-b16c2db5d439.csv
1;3381.82;2020-12-21;parcelas_a7f1e524-b5fe-4d8e-9204-76e787db9cd1.csv
1;11985.48;2020-11-27;parcelas_a7f530a5-7c0a-4ec9-a799-bb1f5d967a22.csv
1;148.2;2020-06-22;parcelas_a7fd92ee-82cf-4da6-b316-7050a6aa7be3.csv
1;120;2020-12-09;parcelas_a803d612-a8b4-4a5a-a35e-3b4241045af6.csv
1;404.45;2020-10-30;parcelas_a815a4a9-e735-4fbc-865d-e71105f34723.csv
1;5625;2020-11-19;parcelas_a822a53b-e0ee-4bc8-8bc1-2ff51bad1538.csv
1;2244.02;2020-08-27;parcelas_a82774ea-adbe-4138-b58b-90e7242b3c83.csv
1;18159.13;2020-12-30;parcelas_a8315046-b16e-41df-bde1-618ea65a9d86.csv
1;70;2020-10-19;parcelas_a8380029-67d4-492b-8544-d283a2a0d6de.csv
1;2000;2020-10-06;parcelas_a83ce15a-b240-47a7-9952-3a1136e8ae86.csv
1;6184;2019-12-30;parcelas_a83db263-a9d5-4c1b-b84d-2b463facb21c.csv
1;520;2020-07-13;parcelas_a8425d83-1117-4ac4-882e-9eacf8b8712c.csv
1;75.11;2020-08-13;parcelas_a84e7c29-8a81-42d6-9f15-3a84cf3cdd70.csv
1;975.7;2020-10-07;parcelas_a85ec563-3cca-4432-8deb-17aacd5fb7e5.csv
1;3957.38;2020-07-31;parcelas_a86956e7-81ec-42f1-bb58-17709b64064f.csv
1;17732.4;2020-09-08;parcelas_a86b0984-fbd8-46c5-8668-0379ea48f1df.csv
1;1953;2020-08-25;parcelas_a87bea98-c312-48b0-8da9-a3fb57517c45.csv
1;18000;2020-04-27;parcelas_a87c9281-dd06-467b-9c6a-9a0179d27e6d.csv
1;720;2020-03-12;parcelas_a8854a2a-3973-4932-a61f-a1cfd115f7a4.csv
1;242297.71;2020-01-02;parcelas_a889ea4b-ee25-47d0-8a22-68b41e9853d8.csv
1;15946.48;2020-07-30;parcelas_a88e9a78-eab3-4336-aea5-79619c767725.csv
1;211756.79;2020-11-11;parcelas_a890622f-25f1-46ba-837d-4d74e0acdfc0.csv
1;51973.09;2020-10-30;parcelas_a89a1b2b-7e62-420b-9e25-c2a77bed2959.csv
1;2317.32;2020-06-26;parcelas_a8a89da6-6165-410f-b75e-e4ba8095596a.csv
1;2250;2020-09-14;parcelas_a8ad485c-b7b9-46a0-a526-7ca0efc03217.csv
1;51758.26;2020-07-13;parcelas_a8af001f-d460-4423-9a75-3300718c1bec.csv
1;1241.59;2020-08-14;parcelas_a8b34993-63be-4d04-b83d-9773e39c24fa.csv
1;16605;2020-01-30;parcelas_a8bcff52-5ccb-48ba-8369-248c71ba9e7d.csv
1;66.67;2020-03-12;parcelas_a8ca6efe-0e01-4222-bd8b-1ec9440c0d61.csv
1;1923.46;2020-09-28;parcelas_a8d23428-4183-444f-8742-58bdfb608c70.csv
1;3801.38;2020-02-26;parcelas_a8da3691-a4fb-4422-8269-62a0476c3e43.csv
1;70;2020-12-16;parcelas_a8f05c93-04ba-43f3-991b-48be2322bb5f.csv
1;44305.2;2020-02-27;parcelas_a8f42e1b-0fd3-403a-aef6-037368984fa0.csv
1;800;2020-02-10;parcelas_a8fd2a21-581c-405d-aaea-d41fab7bb3ae.csv
1;32788.92;2020-02-21;parcelas_a902f1fa-ba75-45b2-99c0-f12b9ad28819.csv
1;599.39;2020-02-12;parcelas_a90f84f0-ca9f-4cca-ada9-59734482b56b.csv
1;450;2020-08-19;parcelas_a927f61c-645f-4ddd-abc7-3cd64f467c2c.csv
1;10676.98;2020-03-27;parcelas_a93b4878-7db4-4b65-b337-d2f9953a27b1.csv
1;142149.28;2020-01-27;parcelas_a93db639-e7a3-43d5-a853-a53bf4c0ebc9.csv
1;29125.78;2020-09-28;parcelas_a947c58d-141b-4c05-83c3-172c35e55a34.csv
1;16322;2020-07-13;parcelas_a9538191-5a3b-4cf8-9784-21852bfe3ae9.csv
1;433.44;2020-10-20;parcelas_a954f223-bf10-40eb-8c14-bb0536425504.csv
1;357181.81;2020-03-05;parcelas_a95edd76-edce-44cf-bd1d-9435d4588b16.csv
1;1252.88;2020-09-15;parcelas_a964c1ec-4a2b-4881-a4e2-9dc70e363dc1.csv
1;26229.41;2020-09-23;parcelas_a964f1f8-1206-4577-8405-ec91c8d806fa.csv
1;11040;2020-09-18;parcelas_a9694463-6023-47f1-ae56-4ca20ffe45ca.csv
1;14258.46;2020-11-27;parcelas_a96bfafc-0d83-428e-85bf-cebc5622d619.csv
1;1836.84;2020-12-21;parcelas_a96c1a2c-9f64-4ac7-905c-b61dd44da9c9.csv
1;19155.52;2020-10-28;parcelas_a96df504-7577-4120-8262-cd4ee8fe345e.csv
1;119563.7;2020-06-26;parcelas_a97257d2-13e9-4ab3-995f-f91ce856007a.csv
1;10811.42;2020-11-27;parcelas_a9751339-3560-4927-b8c8-e85a6b643d0f.csv
1;29017.76;2020-05-27;parcelas_a97ed90b-a177-478e-bcc2-2de9d2e6379b.csv
1;252231.22;2020-05-27;parcelas_a97fba14-91dd-43d7-8a72-dee860e6e8ce.csv
1;101430.61;2020-01-02;parcelas_a984573d-1f47-4ced-96fe-a9a824b8dcd7.csv
1;70;2020-09-11;parcelas_a98cb116-675a-4fb3-9167-dcdd2a64848c.csv
1;198.37;2018-11-20;parcelas_a98dfca4-347e-4efc-bf3e-dce517992e90.csv
1;317.59;2020-02-28;parcelas_a991d736-c1a3-4f59-a31e-8f08f8556d20.csv
1;3322.57;2020-03-26;parcelas_a9967228-b493-421f-b2e1-9d33be14c9c1.csv
1;904.05;2020-02-10;parcelas_a9981574-cb97-430b-9eb6-8e1eb9f03d27.csv
1;9000;2020-01-31;parcelas_a9992fde-bfc6-4632-b41e-b082f391894f.csv
1;38795;2020-10-22;parcelas_a99fd3a4-f969-4f1a-832c-5a74f00f1a37.csv
1;1277.5;2020-04-29;parcelas_a9a56867-d059-4ea1-b867-f2fbd005d373.csv
1;140648.83;2020-12-21;parcelas_a9a72df7-4436-41c8-90de-e8f7f1ee1f8f.csv
1;122;2020-01-08;parcelas_a9ad156f-7936-4119-933d-4081f2636c1f.csv
1;3141.1;2020-01-29;parcelas_a9afcf85-21d6-4edb-acf9-2bf2a385d9a4.csv
1;141636.72;2020-07-13;parcelas_a9b16296-529a-43f8-9838-a223c2e4f12d.csv
1;100;2020-07-30;parcelas_a9b54ce2-6046-4ebd-a3af-1ab163e5d8fc.csv
1;610.16;2020-10-21;parcelas_a9b57c85-ba1f-4bf7-b016-190cccfd79b5.csv
1;4180;2020-11-09;parcelas_a9bbdfa8-7429-4467-abf9-3f95fcbf5a31.csv
1;286.5;2020-05-26;parcelas_a9bd918b-6ac3-4a99-8cce-40e5183f031e.csv
1;1674;2020-11-06;parcelas_a9be06a1-acb8-48b2-ab74-13c3568b09be.csv
1;35274;2020-09-09;parcelas_a9c3350d-5465-414a-8eaa-b4d0fde33a9b.csv
1;500;2020-07-23;parcelas_a9c3396a-d8de-4851-ac96-0861a7e3a14d.csv
1;436.87;2020-09-29;parcelas_a9c3e522-8a21-435a-aa9a-0e7c58ccefb6.csv
1;24426.71;2020-09-28;parcelas_a9cd7bf5-c0e5-4696-bd13-16066bab6a3e.csv
1;49533.5;2019-12-30;parcelas_a9ced71e-d379-4af1-8f40-8d5a9f11a4ec.csv
1;9334.75;2020-09-30;parcelas_a9cf8dd4-ed77-41ad-93da-d9d359c839c7.csv
1;6011.2;2020-11-30;parcelas_a9d60e51-e1dc-438c-a012-db1fdc9660a6.csv
1;15290;2020-10-29;parcelas_a9da524b-e790-4d6b-b467-5cea63903760.csv
1;17591.75;2020-08-31;parcelas_a9db8607-57ed-4585-bec7-96c51d3384ff.csv
1;60320;2020-05-07;parcelas_a9de2c90-9312-47c8-8279-34f8504331d2.csv
1;395264.64;2020-02-05;parcelas_a9ed4b5e-039c-4516-85f9-37b9b60b6e02.csv
1;23183.07;2020-04-06;parcelas_a9ed4cb5-0e9b-4c37-8fc2-9ee082c63cef.csv
1;181.02;2020-06-25;parcelas_a9faa0c4-9a77-4c98-bfcb-66cb917099d7.csv
1;215;2020-10-07;parcelas_aa056b4e-d6b3-4058-9639-15d68617db6a.csv
1;231.23;2020-05-27;parcelas_aa16cc9e-9924-496a-bd70-2e6cd23470e1.csv
1;2072.93;2020-07-14;parcelas_aa171b4c-5257-490d-8ae6-844b4e2c30a0.csv
1;25349.29;2020-02-06;parcelas_aa1767b0-1376-40d4-94bd-2ca9c02e1926.csv
1;32840.23;2020-10-07;parcelas_aa1bf131-8075-4437-a037-d95d137df3b9.csv
1;3450;2020-10-08;parcelas_aa1ee5ab-eb04-46bc-ae52-06aa0045e32e.csv
1;36;2020-11-03;parcelas_aa20a753-734a-4a75-978a-eab171022ebd.csv
1;6429.27;2020-09-28;parcelas_aa22cea3-7f27-48d1-8940-4b1f514cc395.csv
1;581;2020-03-06;parcelas_aa23e338-2e70-4008-90b0-26c2cc4615e4.csv
1;5273.33;2020-03-26;parcelas_aa27460d-65ab-4b58-a2de-002572727ac2.csv
1;398;2020-02-10;parcelas_aa322173-b5de-4187-9ba3-065489e33276.csv
1;6867.48;2020-03-16;parcelas_aa37888b-30a4-47ae-99a0-851230b93772.csv
1;4490;2020-04-29;parcelas_aa3c7cf7-3d0e-4eb1-b299-6ce38a0e60dd.csv
1;395693;2020-11-20;parcelas_aa3d6542-9c02-41b1-9b52-ff6c70e76770.csv
1;5070;2020-08-27;parcelas_aa4cabb9-c7c8-4e86-a812-2621cc57b6f8.csv
1;28839.29;2020-07-13;parcelas_aa58e045-99f1-430c-b7a4-232a3aa69ba1.csv
1;487;2020-06-17;parcelas_aa5afc1d-ad3e-43a1-bc74-a3dd16d94562.csv
1;133546.8;2020-11-27;parcelas_aa6957cb-30b0-4a67-8906-cef0c4426684.csv
1;29017.76;2020-11-27;parcelas_aa6b3075-595c-4dc0-8aba-878f6b89cfb2.csv
1;114.51;2020-04-27;parcelas_aa718c52-528c-4305-b6c8-e924143dc115.csv
1;2000;2020-01-29;parcelas_aa7ccc3b-7e1f-4f6e-8218-367f74c0c085.csv
1;172.33;2020-05-27;parcelas_aa7f89e5-39d0-4b6e-8935-510623bbfc73.csv
1;554.52;2020-11-25;parcelas_aa81088e-7e02-497f-85f4-9f795d8fea54.csv
1;891665.37;2019-12-31;parcelas_aa82ced8-e806-4f2e-8218-f68b47304b6c.csv
1;23744;2020-11-27;parcelas_aa84af7f-b99c-4833-8ba2-96bf926fe9df.csv
1;6300;2020-09-22;parcelas_aa863d31-5245-43b1-875a-5c364ab6a9c4.csv
1;3843;2020-09-10;parcelas_aa8b0bbf-3e00-46b1-a803-bcf55dc42b82.csv
1;2676.88;2020-05-27;parcelas_aa8f75a8-0a9d-4064-9d78-b38c7cdd53f1.csv
1;805;2020-03-10;parcelas_aa909f89-2997-46e9-a4c2-73ef66a2f456.csv
1;12325.83;2020-10-28;parcelas_aa9d2cbe-ffe9-4388-8f1d-ef5b4fef3198.csv
1;50568.36;2019-12-30;parcelas_aa9e0db6-d953-453a-958b-423418af3625.csv
1;224.4;2020-08-17;parcelas_aaa2cf59-9b27-4b5c-af90-cea1cbdc3796.csv
1;11538.32;2020-11-27;parcelas_aaa62282-8de8-48bf-a54b-82e896045aa2.csv
1;784.8;2020-04-17;parcelas_aaa9b9a2-05ad-4708-9cc6-df07d3dbcd51.csv
1;15740.97;2020-11-27;parcelas_aab1a4da-6d21-42d7-83a8-dd71156db848.csv
1;46475.73;2020-12-21;parcelas_aabd6ce3-5d1f-4557-bef3-12ded0646303.csv
1;64999.15;2020-02-27;parcelas_aabe9665-bf33-4036-86c1-2e9064aa473e.csv
1;8169.24;2020-06-30;parcelas_aac29052-7f58-4210-9cd5-53afe5dda76b.csv
1;1714226.71;2020-07-30;parcelas_aac6835c-6126-4ae5-b63f-d89585353c07.csv
1;45000;2020-05-11;parcelas_aacebd60-b4d4-4abe-820a-6ea532fb4511.csv
1;4290;2020-02-18;parcelas_aad98216-703a-4eb4-905c-73b16cd1ab02.csv
1;6170.3;2020-09-29;parcelas_aae36ad9-7793-4537-8400-742a1ccf7127.csv
1;2800;2020-10-28;parcelas_aaf0fb55-7b12-4467-b395-e68322f2eaff.csv
1;2028.18;2020-10-22;parcelas_aafdc23a-2682-409b-bc0c-52b1834d7628.csv
1;421685.64;2020-04-30;parcelas_ab096f94-60e8-4332-9659-600bcadf3484.csv
1;8619.65;2020-07-13;parcelas_ab0b6c5b-ba69-4ecc-963a-5f8ae21ab628.csv
1;51388.08;2020-11-27;parcelas_ab0d50e1-1c90-4d32-99e0-6f72dc3171ae.csv
1;21578.32;2020-12-15;parcelas_ab0fa3d4-c8aa-43c4-b863-952487d3dbe7.csv
1;1529;2020-06-30;parcelas_ab159360-49c2-4a34-bb67-d911faa49f9e.csv
1;1544.84;2020-10-30;parcelas_ab178c69-d9b6-4307-a2dd-99dfff1b122e.csv
1;1626.15;2020-10-21;parcelas_ab17f315-3266-4c4e-b253-fed116d692a7.csv
1;73000;2020-09-29;parcelas_ab222abb-2228-4ae0-8ac7-977c147c80dc.csv
1;7626.29;2020-12-21;parcelas_ab2dee96-178a-45ca-848f-5249bd8647b9.csv
1;4164.43;2020-11-04;parcelas_ab32a19d-e21c-49fd-9c97-6339ace8f44d.csv
1;245111.46;2020-10-30;parcelas_ab3d2f63-af75-420c-832f-6382202efdc4.csv
1;22439.59;2020-04-15;parcelas_ab4012bf-96cc-46be-9084-5ddc2a525c08.csv
1;1000;2020-10-01;parcelas_ab4f4ee0-43ec-4784-af08-9d5e4e2db548.csv
1;70;2020-12-03;parcelas_ab5b86c1-aec2-4ac1-8201-2a402c397a57.csv
1;11613.87;2020-02-05;parcelas_ab5c1337-652d-4c71-b076-ee04bf41d2b6.csv
1;695.27;2020-03-26;parcelas_ab680e36-81fe-4c48-a5ff-ac113fe74b77.csv
1;475.05;2020-08-31;parcelas_ab685623-4a7a-4bc6-bf57-f272e8e986aa.csv
1;947.26;2020-09-30;parcelas_ab6a5f04-f71f-48b7-879a-b63e4e9d19e8.csv
1;2756498.25;2020-10-28;parcelas_ab6a7321-e67a-4770-b705-bb52962530c3.csv
1;9760;2020-07-02;parcelas_ab6d1f7c-6748-461f-8362-31707205981f.csv
1;24420;2020-01-02;parcelas_ab7d61a7-35a1-4278-8b5a-5f819d5ace8d.csv
1;2629.2;2020-08-19;parcelas_ab896f6d-5572-432e-ba69-dc785ceac53b.csv
1;133.07;2020-01-31;parcelas_ab8a863f-e0c4-4009-ad01-a61c2d088b61.csv
1;60000;2020-02-28;parcelas_aba43a39-4d9f-457a-aca0-4eaa4aaf97fd.csv
1;16252.41;2019-12-30;parcelas_aba65488-d68b-4204-987e-6b0bd639fd5c.csv
1;79.79;2020-11-27;parcelas_abaa5ca2-c0c0-439f-9e34-afa417aa440a.csv
1;10829.1;2020-06-15;parcelas_abaac89c-b2fe-4996-8122-1262db4d22bd.csv
1;4367.5;2020-05-05;parcelas_abb18df7-1601-4e8a-928f-1cfe413d0b41.csv
1;54.09;2020-10-30;parcelas_abb5c0a2-c3f3-4845-b98a-00d3a1922c74.csv
1;5733;2020-03-27;parcelas_abbaf92e-1e58-4a22-8645-9b9a1c96b817.csv
1;617.5;2020-01-29;parcelas_abbc14f7-2a36-4a16-8cdf-530e67281a9b.csv
1;447825.65;2020-03-05;parcelas_abca3704-b382-4370-841c-22744bef3241.csv
1;3300;2020-08-27;parcelas_abd03058-7bc1-431d-be0b-33a70f3ef98c.csv
1;65495.29;2020-01-02;parcelas_abe55767-eea3-4434-afd8-a8d5e47b61bb.csv
1;2252.84;2020-10-13;parcelas_abe97018-7f23-4fe6-b1c3-e6ac97d58e3e.csv
1;300000;2020-07-17;parcelas_abfc1f94-6a47-48bf-941a-f9b1db977dc7.csv
1;2805.84;2020-07-30;parcelas_ac07feaa-2f06-40d2-b03f-45d6dd12e5c9.csv
1;41060.38;2020-09-30;parcelas_ac1259cc-56c2-4234-978a-d2140a5fcc7c.csv
1;7691.9;2020-05-27;parcelas_ac14b372-10b3-41dc-add4-52dece1e1f64.csv
1;23082.72;2020-12-30;parcelas_ac29d1e2-5aa1-495f-a6af-229d98dcd813.csv
1;1225;2020-06-26;parcelas_ac2f1546-59b3-4d3f-88ea-30aae599973e.csv
1;1403.2;2020-11-13;parcelas_ac30880f-e852-41d0-857a-d5174342223f.csv
1;5200;2020-03-10;parcelas_ac39bb78-3634-4a1c-9fe5-17166cf2213d.csv
1;253;2020-05-29;parcelas_ac3ab725-d3ae-4b46-bed3-55d9f86459df.csv
1;25774.6;2020-06-03;parcelas_ac4ac84b-eda4-4159-b8d1-55cfa85ad4a8.csv
1;750;2020-09-28;parcelas_ac4e71f9-e0f8-426c-b3cb-c44a8d3954d9.csv
1;50;2020-11-05;parcelas_ac4fe892-0e8d-4f7c-81d6-2d0dba8df178.csv
1;2738.72;2020-05-05;parcelas_ac5168cb-98be-49b9-8ffd-0d8df742239c.csv
1;22731.58;2020-03-06;parcelas_ac5544df-4422-43d8-b20d-7318b7346831.csv
1;4500;2020-07-20;parcelas_ac5a6bb2-5bab-44bd-8c90-ddc1e2246326.csv
1;3500;2020-06-03;parcelas_ac5ea1ab-2d4e-4c9c-918f-518d8ea5f724.csv
1;85467.98;2020-01-31;parcelas_ac630e1f-c41f-439f-abbd-ee46650bb527.csv
1;108290;2020-08-28;parcelas_ac68c2ad-a870-454d-8bdd-de2808117904.csv
1;905.5;2020-08-19;parcelas_ac6a63b5-a29b-4d29-8985-3720ca598929.csv
1;2340;2020-09-09;parcelas_ac7de893-4b31-4afc-96f4-08caf880d3ce.csv
1;5197.16;2020-03-25;parcelas_ac7e12f0-1697-446c-9c53-0303d6242f9b.csv
1;11150;2020-09-14;parcelas_ac897004-1007-4ecf-a4de-466b2d1d929c.csv
1;7495;2020-03-06;parcelas_ac8accd9-fcb1-499e-a413-1fbe333558e0.csv
1;27315.89;2019-12-30;parcelas_ac90b238-dc49-4fe7-a4ab-00fe1797765a.csv
1;3219;2019-12-23;parcelas_ac90b238-dc49-4fe7-a4ab-00fe1797765a.csv
1;1633.02;2019-12-30;parcelas_ac90b238-dc49-4fe7-a4ab-00fe1797765a.csv
1;5360;2020-05-04;parcelas_ac9156f4-f9cf-4d98-8fb0-22b46432f0df.csv
1;1075;2020-08-18;parcelas_aca6abf4-65f4-4c38-ad6b-2a72feaf8179.csv
1;2785;2020-05-26;parcelas_acac40c1-994b-4d62-b327-d381c05e0e66.csv
1;242297.71;2020-02-26;parcelas_acb2a120-3768-45f4-b999-0b2ad4dda00e.csv
1;2313.9;2020-11-19;parcelas_acb5058a-27ca-4113-a171-e662b399d950.csv
1;357181.81;2020-01-02;parcelas_acbf2b20-251d-421f-9d43-b2af801ebcb9.csv
1;3300;2020-05-18;parcelas_acc12d44-b280-43ef-b62c-4c15949b94de.csv
1;6392.05;2019-11-21;parcelas_acc4ade8-343b-4064-9b54-29dba17e0f76.csv
1;316852.83;2019-11-21;parcelas_acc4ade8-343b-4064-9b54-29dba17e0f76.csv
1;102309.3;2019-11-21;parcelas_acc4ade8-343b-4064-9b54-29dba17e0f76.csv
1;41606.68;2019-11-21;parcelas_acc4ade8-343b-4064-9b54-29dba17e0f76.csv
1;364124.14;2019-11-21;parcelas_acc4ade8-343b-4064-9b54-29dba17e0f76.csv
1;61847.52;2020-01-24;parcelas_acc91d1a-6490-4fea-bfd7-5a8494e93bdc.csv
1;220000;2020-07-09;parcelas_accba532-5322-42ae-a551-39d172b0e854.csv
1;3700;2020-11-04;parcelas_acd2ae01-baed-438c-8fc3-c6d5a6192b13.csv
1;20320;2020-05-29;parcelas_acd71a10-dc28-4f3b-b65d-8a38d0d132cb.csv
1;7540;2020-01-02;parcelas_acdc881f-0910-407a-a17d-430081d5625c.csv
1;43672.33;2020-05-27;parcelas_acde3b90-9da0-4e92-9bd9-1654410d5d18.csv
1;1360.46;2020-05-13;parcelas_ace0b6c1-ea05-4600-8da6-56695db1248b.csv
1;6212.5;2020-10-28;parcelas_acf11dba-d996-4a2f-8032-033571c56411.csv
1;75000;2020-02-14;parcelas_acf5b913-829b-4d01-bc68-bbbe20e7f169.csv
1;109737.46;2020-11-27;parcelas_acf9f72a-5ad0-4e34-a636-59ca5e9da09e.csv
1;14185.5;2020-01-29;parcelas_acfbb08e-6037-455e-9fcc-4905af18b7b5.csv
1;13825.2;2020-03-16;parcelas_ad00f823-945c-4e66-b886-b6a4efb0c63c.csv
1;50000;2020-10-14;parcelas_ad051761-7de3-4912-b00d-5bb7cfd1d48e.csv
1;55656.75;2020-06-26;parcelas_ad098b0d-4407-4a1d-ac88-566c0bbd5157.csv
1;2257;2020-08-19;parcelas_ad0cacc6-6b17-4dca-87c7-bdc5f466af92.csv
1;48928.5;2020-02-21;parcelas_ad135177-6a09-4ad0-b11e-0992a30784b7.csv
1;461218.89;2020-02-26;parcelas_ad189280-706a-4fe1-92ad-be9e199fb9ce.csv
1;85.02;2020-09-28;parcelas_ad1c02b0-6c5d-4057-badc-403e43db3d17.csv
1;20896.45;2020-09-30;parcelas_ad1e30cd-2696-4a14-8990-a7cad7060a6d.csv
1;204;2020-08-19;parcelas_ad267aa6-a1ff-40d7-95ef-7f59a36faf2e.csv
1;1591.37;2020-03-31;parcelas_ad27dc70-de73-4678-a81b-b5e9997011a1.csv
1;1643.05;2018-12-31;parcelas_ad29d8e2-c5ba-4356-b3c6-1c73ffa13b94.csv
1;20000;2020-09-14;parcelas_ad2f9196-c67d-48d9-aeb2-7f00c5d8f11c.csv
1;11470;2020-02-05;parcelas_ad4035da-e354-4e0d-875c-4bb12a128258.csv
1;1854.28;2019-12-30;parcelas_ad42884d-caca-40d9-897e-3f83c1a5b8cb.csv
1;31185.64;2019-12-30;parcelas_ad42884d-caca-40d9-897e-3f83c1a5b8cb.csv
1;6710;2020-08-04;parcelas_ad4ad1b2-9ecf-4aa7-a7d5-ab5646b00702.csv
1;4000;2020-01-08;parcelas_ad4ff17b-2795-4029-b72b-2baeee6ff7ab.csv
1;5172.5;2020-01-30;parcelas_ad51c36f-1065-4415-92c5-f60990b5a686.csv
1;294.54;2020-12-30;parcelas_ad58d76c-5c16-498b-8e16-e92180ee85c4.csv
1;64164.35;2020-02-28;parcelas_ad5a3dbc-a9a5-4c0d-9f20-9d0ae0709664.csv
1;784;2020-06-23;parcelas_ad5a972a-c87c-46ff-8828-e2bd7e3193e8.csv
1;1066.05;2020-11-23;parcelas_ad6b7d38-9164-4205-8676-277601d34be7.csv
1;3653.48;2020-04-09;parcelas_ad7578f0-975b-45ed-944a-c193d758494c.csv
1;29.49;2020-08-27;parcelas_ad764544-6ca2-4c3b-aef9-62e6c9a9d5fa.csv
1;1200;2020-01-02;parcelas_ad7c262b-6178-43b0-a73b-e505c1f95917.csv
1;1953;2020-09-01;parcelas_ad7c65f4-23e1-4a07-b5ad-cf3a219dd2ae.csv
1;5000;2020-04-17;parcelas_ad80e5ef-95d9-4ba4-b791-e4d15ed35f88.csv
1;10195.53;2020-08-27;parcelas_ad96492c-8f8f-4686-bd5a-d6b3a2743eb7.csv
1;69.21;2020-09-08;parcelas_ada0c780-414e-4142-a731-651226dbae8e.csv
1;34775.47;2020-02-05;parcelas_adb4595c-6df4-44bc-9467-ce7453b90ccc.csv
1;58.36;2020-02-28;parcelas_adb97680-c2a9-42dd-86d8-f2b7b15e9f35.csv
1;1901.6;2020-08-24;parcelas_adc2f7b6-897b-41a6-b6fe-cf58d265e536.csv
1;10275.41;2020-10-26;parcelas_adc76d6b-e6db-47dd-abf6-dff791a00f2f.csv
1;43956.5;2020-08-18;parcelas_adc8a16c-bb01-468f-b427-c20cdb5472cb.csv
1;30970;2020-11-16;parcelas_addfd9f8-c562-4f3b-9ea8-40eee3c49420.csv
1;1562.5;2020-07-13;parcelas_ade279b4-6652-41d4-9a9e-d027c6f7b043.csv
1;29379.86;2020-05-14;parcelas_ade28764-d8eb-40bd-b268-e62bab841fc4.csv
1;2634;2020-03-27;parcelas_ade384a9-cf15-4d66-b50c-c63c6c0d99c8.csv
1;690000;2020-11-16;parcelas_ade7eacc-913a-41b7-9cb7-950e682d832a.csv
1;1974.52;2020-11-03;parcelas_adeab8fe-eb39-46f3-bf8e-0a40abfef1b5.csv
1;251.72;2020-10-30;parcelas_adef337d-91df-4d0c-a215-a556ea29cb3a.csv
1;25265.92;2020-02-26;parcelas_adf20962-3476-48f6-8515-c5ac7160e1a8.csv
1;76.3;2020-03-09;parcelas_adf5e074-f973-41f6-a4b1-8d4e25871149.csv
1;6250;2020-02-06;parcelas_adf8b6c9-3f59-4e81-b80d-68b1188ed4d9.csv
1;10435.84;2020-10-28;parcelas_ae08b9f7-4fc5-4b1f-ae03-e38530df876a.csv
1;1460.05;2020-01-31;parcelas_ae11eb1b-53a7-4259-908c-0b01798a62dc.csv
1;29937.24;2020-03-26;parcelas_ae197d7e-0598-469d-8dbc-34dc93b1c8a1.csv
1;1132.36;2020-02-18;parcelas_ae1eca8c-7beb-4a9e-a811-eea843bef7fd.csv
1;3000;2020-09-22;parcelas_ae2a95d1-e77b-40a9-aa44-7ca34207e24e.csv
1;250.56;2020-09-29;parcelas_ae2d5046-d59e-4849-9bca-5787fa54d20a.csv
1;258539.45;2020-10-19;parcelas_ae3847de-99c5-4746-a8e6-06f1657fcf7c.csv
1;3959.1;2020-07-21;parcelas_ae38cdfd-f35c-4b22-825a-c0e0bb7ccb3b.csv
1;1360;2020-02-10;parcelas_ae3d10f8-a875-4853-b120-1eb3fdc87afe.csv
1;3125;2020-10-01;parcelas_ae411a9f-c128-4ae7-86fb-45fdfb02f3f9.csv
1;80.54;2020-06-30;parcelas_ae42d93d-9cf7-4fb8-8fc2-5ef07425a6c0.csv
1;23400;2020-07-28;parcelas_ae4a37c0-cc19-434d-8ba8-30ef879bdffe.csv
1;1899.4;2020-11-05;parcelas_ae4fd7c4-fc10-482d-87ba-c97c4fa02840.csv
1;2161.04;2020-01-31;parcelas_ae6a7971-edc5-4b97-9964-361c01fa317a.csv
1;10000;2020-06-01;parcelas_ae6fd134-1d9b-41f4-b1b5-3309270290af.csv
1;17928.46;2020-01-10;parcelas_ae7bdfb0-c2e0-445e-b85d-3a927c7b7b9b.csv
1;400;2020-12-07;parcelas_ae7f42ef-8039-4cf9-b0b6-1d6239c48975.csv
1;397.01;2020-09-14;parcelas_ae819030-f7b2-4a36-bab2-6ae593201e01.csv
1;38586.8;2020-05-11;parcelas_ae882cc6-2a4f-4fcd-8301-b31e439cbea4.csv
1;4198;2020-05-11;parcelas_ae884ae8-56e8-4920-a423-6749991c1e02.csv
1;111.06;2020-04-27;parcelas_ae8b729a-0347-4a50-93a4-d4de91908bab.csv
1;4425;2020-05-29;parcelas_ae92a052-27b0-4a89-97f9-b7ce9a12aeaf.csv
1;1568;2020-09-07;parcelas_ae95ffa3-1032-4641-a6ac-be18d0ca7928.csv
1;2503.9;2020-02-26;parcelas_ae96b559-ef5f-4a49-9cf2-b634b5426e5e.csv
1;1020;2020-01-23;parcelas_ae9a1027-0af6-437e-b0b3-2da23035886f.csv
1;1921.81;2020-07-09;parcelas_aea3dfb2-1fc6-4fc9-b7fc-d6e1deb2fc10.csv
1;2100;2020-02-26;parcelas_aea9ccd9-c183-47f8-9eb7-5e85787fb1c1.csv
1;9070;2020-10-28;parcelas_aeaa9199-a1db-4e70-8eff-aa788537497a.csv
1;5100.1;2020-10-29;parcelas_aeb7b5f9-65d8-4ab2-8e44-df1b63eb9a71.csv
1;952.17;2020-03-18;parcelas_aec21c2d-384f-4df9-bae5-1964f82dce83.csv
1;79.79;2020-10-29;parcelas_aed07ccc-9f3b-4a41-941b-fa88710a9936.csv
1;3043.46;2020-05-14;parcelas_aed2a305-559c-40f4-9130-fbbc9735c038.csv
1;90566.69;2020-11-27;parcelas_aedb5a7d-fde1-48a7-883c-28caed2aae3d.csv
1;1667739.39;2020-01-28;parcelas_aee76516-04cf-4dea-89c8-1292860549e1.csv
1;8256;2020-07-30;parcelas_aeefed0c-433f-49c8-a9fd-a15025fa8103.csv
1;1024.5;2020-01-13;parcelas_aef3e79f-fe82-4e7c-9070-0b2de7a161c5.csv
1;1942.5;2020-06-26;parcelas_aef458a4-f769-457f-834c-2a7ff4132034.csv
1;1340;2020-10-05;parcelas_aef71f5f-ba05-468f-9b30-94fd78cd936d.csv
1;264;2020-08-19;parcelas_aef9862e-714e-48b1-a872-ad06040f317e.csv
1;6619.6;2020-11-27;parcelas_aefd48da-634e-4ea3-a3c3-f0015c8174f0.csv
1;3597.96;2020-08-14;parcelas_af0074e8-5959-4400-87cc-8c9d5f195cbc.csv
1;554.81;2020-09-29;parcelas_af009408-719e-4787-8b5b-ff553926d4ed.csv
1;42545;2019-12-30;parcelas_af02db5c-b904-4ac2-b2c6-402347d06ed3.csv
1;110000;2019-12-30;parcelas_af02db5c-b904-4ac2-b2c6-402347d06ed3.csv
1;109000;2019-12-30;parcelas_af02db5c-b904-4ac2-b2c6-402347d06ed3.csv
1;51800;2019-12-30;parcelas_af02db5c-b904-4ac2-b2c6-402347d06ed3.csv
1;2208653.83;2020-08-27;parcelas_af03322e-799c-4889-88fb-b0dcb1a19b70.csv
1;300;2020-10-21;parcelas_af044420-5da1-47ce-b3e8-cf1f3123eb94.csv
1;900;2020-09-09;parcelas_af064b83-aca8-41b9-ae7b-aa45432f91d4.csv
1;1016.1;2020-07-16;parcelas_af0b2802-0a4e-43de-8340-54739b91ddfb.csv
1;173205.49;2020-08-07;parcelas_af0d285f-592f-42a5-a73f-21860f056875.csv
1;4470.92;2019-12-30;parcelas_af0ebb06-5359-4f40-9d6f-cc92b56594ab.csv
1;11894.16;2020-03-30;parcelas_af188677-387a-4ca1-af32-315fcef1c5e2.csv
1;1121.59;2020-07-02;parcelas_af1dc924-aa69-4b3f-990b-763a8b4b7dec.csv
1;2100000;2020-01-02;parcelas_af1e33ec-814c-4329-a0fa-0e4c4f8fca4e.csv
1;87.84;2020-11-13;parcelas_af2dbb19-ab04-486b-8172-f5d6505b20e4.csv
1;2038.98;2020-10-21;parcelas_af3e8508-149e-485b-b723-c5dad2b65382.csv
1;97.95;2020-08-12;parcelas_af43a7fa-23b1-42fc-8f01-26ab2e2071c6.csv
1;366;2020-08-17;parcelas_af467280-6a08-4562-964f-ea56de03f6d4.csv
1;2520.1;2020-07-30;parcelas_af47593f-80f1-416f-87f9-f9705f2a9aea.csv
1;4498.5;2020-09-28;parcelas_af485afd-b52c-444b-a8e6-81b58b106d7a.csv
1;7000;2020-02-26;parcelas_af553153-9ea6-48e2-b7d2-aaf0ff351989.csv
1;1117.52;2020-07-02;parcelas_af563b32-f495-43a2-b0d5-74020e127d87.csv
1;4959.3;2020-01-02;parcelas_af56e098-ffb8-43fc-b4d9-a12a46116dc3.csv
1;34000;2020-06-01;parcelas_af61ab94-f844-4c3e-a475-d2dfc8b176bd.csv
1;6810;2020-10-13;parcelas_af66de0e-4c35-4643-be32-a15963061465.csv
1;55086.69;2020-11-20;parcelas_af66e78a-4030-4244-92ec-6e3ced71ad35.csv
1;18846;2019-12-06;parcelas_af6956bf-053e-48b5-a68f-4aad2e39a339.csv
1;391;2020-11-26;parcelas_af69f6d1-ccbe-44d7-bfda-e14aa44e0e8e.csv
1;652.04;2020-03-31;parcelas_af7501b5-df0e-43eb-8eac-eb4ee556f928.csv
1;3575.06;2020-09-09;parcelas_af751e37-4cb4-4ee1-ae5a-68e38166e0fc.csv
1;53366.12;2019-09-10;parcelas_af765d99-9716-4d20-9eeb-c19041a29c2e.csv
1;68036.15;2019-09-10;parcelas_af765d99-9716-4d20-9eeb-c19041a29c2e.csv
1;1154.52;2020-02-17;parcelas_af87c7f3-a368-43c1-bccc-845231ded2da.csv
1;25000;2020-03-02;parcelas_af88cdfa-e7a1-41ab-9d5b-036f0fef789e.csv
1;70.4;2020-11-04;parcelas_af8978e9-a51c-465e-8f10-47b72894c53f.csv
1;75362.21;2020-11-06;parcelas_af8d653a-ca04-47c4-9b64-aee4df0fcab9.csv
1;10400;2020-02-11;parcelas_af8e8bae-dda9-4770-86a2-144b3d51f1c4.csv
1;15634.95;2020-08-27;parcelas_af8f383a-fd5a-4a28-91e5-66be09c6cf3d.csv
1;47086.65;2020-04-29;parcelas_af936eec-cf19-4f46-8e8b-419b361c316b.csv
1;499500;2020-10-09;parcelas_af99782e-37f7-4d91-af47-bc11099de6b1.csv
1;6;2020-11-27;parcelas_af9c5d7b-fcd4-4892-9538-23dff69378ce.csv
1;27000;2013-12-27;parcelas_af9c8aa6-1528-4fc7-9343-e8e5cd04a972.csv
1;2940.42;2014-01-20;parcelas_af9c8aa6-1528-4fc7-9343-e8e5cd04a972.csv
1;18403.88;2020-04-30;parcelas_af9ea93c-f81e-4435-a3c7-6f3bdb9101e9.csv
1;15540;2020-08-31;parcelas_afa2c8ba-5cea-487b-8183-c69989c53ca0.csv
1;3730.14;2020-07-10;parcelas_afa6338e-29a1-4f70-81f2-97bdae984521.csv
1;2924;2020-08-19;parcelas_afa6e065-9c2a-4668-be37-77483507d452.csv
1;63168.67;2020-09-16;parcelas_afb2180b-469c-4ffe-a90f-02ca5e25123c.csv
1;2546.53;2020-09-28;parcelas_afbfec19-d210-4c05-a597-2e36e7863ea8.csv
1;9612.61;2020-06-24;parcelas_afc5665d-e435-4b8f-ac80-2bd331c96001.csv
1;4771.67;2020-10-28;parcelas_afd01631-0174-4a0c-aa97-0fe63cbc83cb.csv
1;305.79;2020-08-19;parcelas_afde2eea-53ba-42a1-9ccb-65cd1e7a2a21.csv
1;346.27;2020-06-22;parcelas_afe7db96-d222-46ab-a58b-a31b8f80d73f.csv
1;13334.3;2020-01-02;parcelas_afeb9741-78bf-4c3b-81bb-ad804193cac1.csv
1;135.83;2020-08-14;parcelas_afee5412-8ac3-4a38-99b2-13d1424890b6.csv
1;5600;2020-08-03;parcelas_afef4161-953e-4e09-b13b-ddbf3a3a75bd.csv
1;5400;2020-08-18;parcelas_affd3e1a-0d6a-4eaa-a116-1e93994672b3.csv
1;8949.48;2020-06-12;parcelas_affd5a22-a3d8-464b-94fe-541a36b289c2.csv
1;4459;2020-02-11;parcelas_affda61f-4b1b-4f06-b73a-e4505ea6de42.csv
1;1575.2;2020-09-30;parcelas_b002b8fa-995b-432b-87a1-892215296ce5.csv
1;79.79;2020-02-13;parcelas_b0062a13-eb6c-4b19-9037-b30dd1e86501.csv
1;1529.76;2015-08-24;parcelas_b008f0f5-545c-49e2-afd6-af6eab640c15.csv
1;19045.46;2020-09-29;parcelas_b00bd62e-466d-494a-a0d7-b640e562895d.csv
1;200000;2020-07-08;parcelas_b00fcb34-1cf5-44db-8371-b24b7e1dd9ba.csv
1;6000.12;2020-02-26;parcelas_b0138481-2246-4eb3-9625-1949b005f580.csv
1;12000;2020-01-02;parcelas_b015855c-7fc2-41ca-9d5e-fb740cf9636a.csv
1;716.34;2020-11-30;parcelas_b019858c-75dc-49d7-b831-6afc2d2cbf36.csv
1;957.43;2020-03-02;parcelas_b023cf3f-fed8-478a-9e21-779a4d3eb4ea.csv
1;66.7;2020-03-24;parcelas_b030cab1-df1a-4b9a-9758-0a8d2018b222.csv
1;1045;2020-08-31;parcelas_b0331c04-8bd0-42b7-8113-c53b569ccaaf.csv
1;1911.76;2020-09-28;parcelas_b039ea3b-92b9-4ef3-aa05-476459de9c60.csv
1;2450;2020-09-28;parcelas_b03b3a3f-4cdb-4bd9-a2d4-3bb43eb76b09.csv
1;1868.98;2020-08-31;parcelas_b042c1db-cecc-4b12-96e0-59a472a080bd.csv
1;4691.32;2020-11-25;parcelas_b043bb2c-afc4-432b-951d-53f69227b07c.csv
1;49.26;2020-10-30;parcelas_b04ce14c-80e8-48fc-8075-2d38b0817802.csv
1;26050;2020-10-30;parcelas_b04de21c-cb07-4570-ba04-73a6eef7ba9f.csv
1;19078.35;2020-08-28;parcelas_b04f45da-73ed-47df-b86c-e822e7877d51.csv
1;925.78;2020-02-10;parcelas_b0539615-6646-4ccb-9676-202999d5fccd.csv
1;7642.7;2020-06-15;parcelas_b059cec6-0096-4b93-8a92-88a83f2ea1ca.csv
1;1508;2020-06-09;parcelas_b05b5b2e-d393-4a23-ac68-0a487c829169.csv
1;100;2020-02-18;parcelas_b05e61ac-08c8-4788-a2ed-18ff7986b26d.csv
1;7596.54;2020-11-18;parcelas_b05ed746-ab5a-4252-97ff-02fac56f6a52.csv
1;2595;2020-11-04;parcelas_b0679d0c-65b8-41eb-bb84-4f18771e0e4f.csv
1;450;2020-11-03;parcelas_b06844e6-4c38-4c5f-9435-ce16d06ec94e.csv
1;3850;2020-01-29;parcelas_b06927a0-1f2d-49ed-bea3-c2cc7b575cdc.csv
1;9438.2;2020-02-18;parcelas_b073bb69-288a-4f6c-a4ad-63fb8604799c.csv
1;2414.99;2020-08-27;parcelas_b07589f5-4b5c-4f9f-a435-f462ad1e3660.csv
1;122824.96;2020-10-09;parcelas_b0780701-72e7-4cb3-8e1c-52898b807672.csv
1;12500;2020-06-02;parcelas_b07b9c49-d3b6-42e0-b3c2-fe8a9ef7d73d.csv
1;2744.5;2020-02-28;parcelas_b0812c60-cd2c-4e57-8b66-2ce6c1cae05a.csv
1;24007.1;2020-12-21;parcelas_b08163d9-0103-41a3-aeec-8e0f1b3d6b4d.csv
1;3149.4;2020-08-19;parcelas_b085d795-a86d-42cc-86f7-1c1455b94379.csv
1;16.5;2020-01-13;parcelas_b0879013-d1de-4e11-bf21-69eb6c02fdd8.csv
1;380;2020-09-28;parcelas_b09213ef-1bcc-415b-bcd5-7fd4d3877e6a.csv
1;1213.08;2019-12-30;parcelas_b094f7cf-9b51-4e06-9840-d739810fa617.csv
1;40000;2020-06-12;parcelas_b0978150-a696-467e-a92f-757bac31519d.csv
1;811.15;2019-12-30;parcelas_b0a658ae-e9fe-48cc-b41b-ad97fd3c9ccd.csv
1;30.6;2019-12-30;parcelas_b0a658ae-e9fe-48cc-b41b-ad97fd3c9ccd.csv
1;811.14;2019-12-30;parcelas_b0a658ae-e9fe-48cc-b41b-ad97fd3c9ccd.csv
1;60.3;2019-12-30;parcelas_b0a658ae-e9fe-48cc-b41b-ad97fd3c9ccd.csv
1;3350;2020-11-04;parcelas_b0a9fbac-5579-4792-8644-be34d0b877a5.csv
1;1038757.56;2020-04-30;parcelas_b0af6008-4c92-4e86-843d-7f2ce1122c7b.csv
1;952.2;2020-09-24;parcelas_b0b260f7-ef0e-4d96-bb03-b830c6a06942.csv
1;400;2020-01-02;parcelas_b0b321e7-93b4-44d7-8143-210b1847ae04.csv
1;3690;2020-05-22;parcelas_b0b34f17-a5bc-40a6-ba42-3217086b5ad9.csv
1;2074.97;2020-07-31;parcelas_b0b5158e-1963-46e4-96f2-c799186dc5d5.csv
1;297881.14;2020-02-26;parcelas_b0b62256-4342-44a2-9f77-156d9f4affc6.csv
1;32666;2020-09-23;parcelas_b0c164e0-10a5-4f03-8a3c-41230f18716a.csv
1;5214.4;2020-02-19;parcelas_b0c56b23-e544-4ea1-a5a7-417bbf151648.csv
1;8000;2020-05-04;parcelas_b0d10987-efd8-44ea-8912-ea7b4b890155.csv
1;4075.31;2020-03-26;parcelas_b0d18968-7d75-4ae1-99e7-816f13adaddb.csv
1;10229.24;2020-11-27;parcelas_b0d53896-7acb-4146-bd87-ec8f50397993.csv
1;688580.02;2020-07-13;parcelas_b0d8a6a7-187e-43c8-b615-f77b6761114f.csv
1;1695.57;2020-04-30;parcelas_b0ddc648-f3f6-4676-90f6-b29032254d9e.csv
1;957.38;2020-08-11;parcelas_b0f1522f-bc2c-4326-b4dc-aeb4ab72e5ff.csv
1;36872;2020-08-10;parcelas_b0f71d5e-3485-434c-942c-dbac736f1580.csv
1;2612.5;2020-05-29;parcelas_b0fb2624-3bec-47c2-b3e2-9b05abce148e.csv
1;1025077.67;2020-11-27;parcelas_b0fd12b8-513d-45bf-948d-c400f73e96b5.csv
1;850;2020-11-03;parcelas_b0ff7270-b3ce-4ace-9903-aba67355bf42.csv
1;1390;2020-05-05;parcelas_b103d4dc-e5ff-4ffc-a1e0-85752d524303.csv
1;22367.34;2020-09-29;parcelas_b1065627-f915-4e0a-bb96-5c5cb7a06690.csv
1;88.78;2020-11-11;parcelas_b10a2776-3497-4671-a147-54c108dfee51.csv
1;82279.1;2020-12-02;parcelas_b111c5ea-2fca-4177-8e76-a7e994f67ca6.csv
1;56241.3;2020-08-06;parcelas_b112b01c-af05-427e-a1cb-776274b6e05d.csv
1;2956.35;2020-01-10;parcelas_b118ed3c-6499-4c17-a551-a7ddeeea3e7c.csv
1;29.49;2020-09-04;parcelas_b1224d9b-0e66-41a0-a739-39367e5a2701.csv
1;170;2020-06-05;parcelas_b122ae9d-e6f1-4a59-a72a-cb08792b27fa.csv
1;4843.27;2020-01-28;parcelas_b122da5a-7d11-456f-8e84-8ee7af280395.csv
1;66.7;2020-01-22;parcelas_b124c629-dfdc-4ffa-9d79-88bd85fddf9a.csv
1;1516.85;2020-06-09;parcelas_b125f40e-cd93-4251-b456-75c3b05b7893.csv
1;21328.86;2020-05-27;parcelas_b127e4cd-dcbb-49af-b615-f54ebca22715.csv
1;408;2020-11-05;parcelas_b12ac819-18e9-420f-93ac-b92e7494400b.csv
1;705.83;2020-10-01;parcelas_b12b101a-b910-44f4-94dc-fd4360297a0e.csv
1;300;2020-09-14;parcelas_b12f0f2a-aa45-4e96-bb81-6059808b3bc2.csv
1;19800;2020-01-31;parcelas_b1345cbb-075a-4299-9f58-0c6ce3421fb6.csv
1;1596.86;2020-02-05;parcelas_b1352166-1a0f-45bd-a91d-144bf8021c06.csv
1;19872.96;2020-06-26;parcelas_b136c2fd-7082-4d18-bbee-a0df609611c9.csv
1;2061.31;2020-08-31;parcelas_b1390967-ed2c-44fd-a442-ffd8e2f5cd28.csv
1;180.17;2020-04-24;parcelas_b13a3a7d-4ec9-444c-937e-c92af6d464ec.csv
1;960;2020-01-15;parcelas_b13adaf1-beb8-48b3-87ed-330260322958.csv
1;18071.78;2020-04-30;parcelas_b14547cd-6c06-4dc6-921f-e8c993611a44.csv
1;4246.9;2020-08-27;parcelas_b14d0821-5691-4da3-9976-50651b26547e.csv
1;93785.78;2020-07-30;parcelas_b1596b7d-2358-4821-9490-8ba67ca3b7a8.csv
1;19614.33;2020-03-26;parcelas_b15cf969-7772-4465-af47-f7d59c3351b7.csv
1;6609.55;2020-03-04;parcelas_b169c2a4-7748-4030-88bc-2c56d247ca1a.csv
1;243.41;2020-12-30;parcelas_b17ba46e-9dd1-4373-9cd8-56d6ef732387.csv
1;4978.9;2020-08-18;parcelas_b17e3cff-56a3-471b-8910-6dae7c960924.csv
1;500;2020-06-26;parcelas_b1821b84-223f-4fd9-894e-6f0ad3b19cdb.csv
1;296651.2;2020-10-30;parcelas_b18305a1-796e-42fb-8f44-7fc5ab6bfdf2.csv
1;574.97;2020-05-28;parcelas_b1842363-2032-46c8-b07d-402771ba89da.csv
1;1257.4;2020-01-31;parcelas_b1888551-e90f-4950-9a39-86d688bb658f.csv
1;32842.92;2020-12-30;parcelas_b193eac1-3cae-44c2-a298-40aef8a6bcc3.csv
1;18260.31;2020-09-11;parcelas_b1963187-3a47-4812-8e73-2c8568e72f76.csv
1;13340;2020-10-30;parcelas_b19734b2-e342-47c0-a20b-a955767f1ecb.csv
1;1102.27;2020-01-31;parcelas_b1a0631c-17d8-4f51-911c-5758b4381298.csv
1;88.78;2020-07-27;parcelas_b1a508c2-5ca5-4b4b-a73e-ec7ec428ab69.csv
1;88.78;2020-09-14;parcelas_b1a524fb-b27b-4100-a67c-0fd4cee539a4.csv
1;40000;2020-01-15;parcelas_b1b3bfe8-7b39-47be-bc47-ba07e3666295.csv
1;18844.05;2020-03-30;parcelas_b1b50cf7-4e9e-463f-a401-a26568dcab7c.csv
1;1238;2020-04-15;parcelas_b1b58f7d-ec6f-463c-867a-ea1a2ceeaaa7.csv
1;8197.86;2020-05-14;parcelas_b1ba8a84-ee09-4ce8-abc3-afd52ee5cb4c.csv
1;12048;2020-06-08;parcelas_b1bff977-e990-4002-a5dd-b188447febac.csv
1;2590.32;2020-05-05;parcelas_b1c14ddb-97f9-4c2c-abeb-23e37fb15fa2.csv
1;78177.34;2020-08-27;parcelas_b1c68f32-c77b-4c1f-9a16-4ce6614e2ea8.csv
1;222716.96;2020-02-13;parcelas_b1c76238-7a4e-448d-885d-988c2ba9115f.csv
1;28000;2020-01-31;parcelas_b1cc3587-94cf-4bd7-86ee-076c21274172.csv
1;31051.87;2020-07-13;parcelas_b1cd7475-c9ff-406d-93de-bbe6f93b7871.csv
1;4917.76;2020-06-23;parcelas_b1d7a661-c3f9-4d7a-a684-e2772f7395eb.csv
1;215.6;2020-06-30;parcelas_b1d87f04-eff4-4380-80b5-f7a287050632.csv
1;29.49;2020-11-13;parcelas_b1e465ba-ec7a-469a-8624-c9beb4038454.csv
1;124.6;2020-11-04;parcelas_b1ea79e1-5a92-4e7f-ae29-1777c9aa5636.csv
1;3130;2020-07-17;parcelas_b1eee23d-4ade-4bcf-b8a6-d388bf58d122.csv
1;1089;2020-08-21;parcelas_b1f602df-8a56-4add-b766-070d3108a391.csv
1;15562.8;2020-01-16;parcelas_b1fb8aa0-d16b-4485-9d3e-d4b6b00287ef.csv
1;2278.79;2019-12-30;parcelas_b1fd1fb9-98c7-4520-ab19-d10e7c057deb.csv
1;17194.47;2019-12-30;parcelas_b1fd1fb9-98c7-4520-ab19-d10e7c057deb.csv
1;1732.06;2020-02-06;parcelas_b1fd892f-cec3-420c-8521-9f168ded8707.csv
1;40;2020-11-27;parcelas_b2057e20-d55d-4c6c-8902-b6318544dcf4.csv
1;27999.99;2020-02-28;parcelas_b211a086-4518-470f-b813-cb44e72bf6b9.csv
1;347.75;2020-07-06;parcelas_b21a5d32-e278-443e-b546-7f2cba5378fd.csv
1;17866.68;2020-01-02;parcelas_b21f263c-9826-4f64-9672-db6257d9dc02.csv
1;27603.33;2020-06-26;parcelas_b2233b07-b81e-433d-bf23-2dca82f69d30.csv
1;14185.5;2020-02-26;parcelas_b22fab2a-a68a-4955-9f1b-129f0f94ca8d.csv
1;116400;2020-09-14;parcelas_b2346e94-71db-4e05-ad31-20e5d4661901.csv
1;6030;2020-08-18;parcelas_b2357c04-ce2b-49c8-beca-c4f1be1738b2.csv
1;1123234.72;2018-12-31;parcelas_b2387a29-6e1c-4b82-8281-5b88ad42ab77.csv
1;1240.79;2020-01-23;parcelas_b23b00b9-2cc0-4fc4-8764-610cf6320a4c.csv
1;12303.39;2020-12-30;parcelas_b23c981c-39b0-403d-9915-c32d42ddd042.csv
1;678.58;2020-09-24;parcelas_b23ca31c-a2f3-4674-b4e8-7a5ca893f835.csv
1;24386.52;2020-01-02;parcelas_b248ea3a-5796-43eb-a11f-a9e7fd66f325.csv
1;73;2020-09-24;parcelas_b24bae83-4f62-439a-81a5-6d160ab6df06.csv
1;18868.62;2020-02-05;parcelas_b24c7987-1a8d-4aa0-a86d-3ee720abab47.csv
1;298.22;2020-10-05;parcelas_b24e2d30-2456-4d6f-b7ce-8f4ccafc14e7.csv
1;3560.33;2020-12-03;parcelas_b2537d1c-9634-407b-af4c-0ec7d40d3787.csv
1;791.88;2020-08-31;parcelas_b2548293-ffdc-4068-9229-bc948d9c2329.csv
1;746.9;2020-05-28;parcelas_b2567c7a-f63f-4270-aed9-8551b9b9bb95.csv
1;21985.49;2020-07-31;parcelas_b25a80f9-9c84-43ed-bfd6-f708323a2a71.csv
1;3100;2020-09-28;parcelas_b265f7f2-d4bc-46c8-af70-c29499b6ea23.csv
1;151689.58;2020-06-17;parcelas_b2689499-9c99-470c-ad86-828b71fff5f9.csv
1;10106.59;2020-11-27;parcelas_b26e7391-23a5-4b77-8ff1-412aa19f50cd.csv
1;122596.16;2020-03-26;parcelas_b271fd14-4ce8-4318-ba9a-65dfa53bc959.csv
1;1404.28;2019-11-28;parcelas_b275f401-2879-43c4-b20e-8e92ec9bcb74.csv
1;2233.97;2019-11-28;parcelas_b275f401-2879-43c4-b20e-8e92ec9bcb74.csv
1;858.03;2019-11-28;parcelas_b275f401-2879-43c4-b20e-8e92ec9bcb74.csv
1;50080.85;2019-11-28;parcelas_b275f401-2879-43c4-b20e-8e92ec9bcb74.csv
1;10113.6;2019-11-28;parcelas_b275f401-2879-43c4-b20e-8e92ec9bcb74.csv
1;2775.07;2019-11-28;parcelas_b275f401-2879-43c4-b20e-8e92ec9bcb74.csv
1;87608;2019-11-28;parcelas_b275f401-2879-43c4-b20e-8e92ec9bcb74.csv
1;214.89;2019-11-28;parcelas_b275f401-2879-43c4-b20e-8e92ec9bcb74.csv
1;6871.64;2019-11-28;parcelas_b275f401-2879-43c4-b20e-8e92ec9bcb74.csv
1;69633.68;2019-11-28;parcelas_b275f401-2879-43c4-b20e-8e92ec9bcb74.csv
1;929.84;2020-09-08;parcelas_b2767fdb-c841-4ea6-bc80-6ef78c7e8b49.csv
1;698.2;2020-08-27;parcelas_b286a71c-a1b6-4fbe-9bdf-40e598f7d647.csv
1;1962.3;2020-11-23;parcelas_b2895445-0548-4a82-b55c-201b1c41303a.csv
1;53218.44;2020-07-30;parcelas_b28a754b-e865-4ff6-ab44-f4292175dc06.csv
1;1984.15;2020-11-03;parcelas_b28e1baf-472b-4b2c-8280-c8d01387c5e2.csv
1;786.1;2020-11-03;parcelas_b28fcc1d-5071-4b9d-929a-6d8c777e8e7c.csv
1;5896;2020-11-17;parcelas_b2998cfc-5e5e-46cb-b8ff-bd72d4b564fa.csv
1;4399.02;2019-12-30;parcelas_b2a2756c-aef6-4062-9a91-77c928f60549.csv
1;34752.31;2019-12-30;parcelas_b2a2756c-aef6-4062-9a91-77c928f60549.csv
1;1800;2020-07-13;parcelas_b2a36b34-b635-4c52-80f2-435295161bdd.csv
1;29636.97;2020-01-29;parcelas_b2a723a0-d6a9-42eb-9a34-8361175f362b.csv
1;2621.15;2020-07-31;parcelas_b2aad66a-418f-4e3f-8135-c7d2111c204f.csv
1;51556.63;2020-04-02;parcelas_b2b7aa9a-5e73-4b2a-b7af-8b3c1661c0eb.csv
1;8041.06;2020-04-27;parcelas_b2c0ea96-0123-4aaa-8a4c-9811823fccf9.csv
1;61516.18;2020-02-26;parcelas_b2c8ca15-2eb4-4c6b-9916-310f698bfa2c.csv
1;899.24;2020-11-18;parcelas_b2ccb1b7-7038-4294-9193-7dc328446fab.csv
1;804.05;2020-09-30;parcelas_b2cd9c89-f790-45c7-8933-5cf19f6c99b0.csv
1;315;2020-10-27;parcelas_b2d3ebca-1210-42c2-8e03-b62ce7cde148.csv
1;41568.3;2020-09-28;parcelas_b2e6950c-963c-4b8a-80df-a9dad782ec39.csv
1;573400;2020-12-30;parcelas_b2e75db0-3d00-4a85-aaa0-eaeadf05bba2.csv
1;1208.22;2020-11-19;parcelas_b2f691ba-ab28-4aa3-96d1-601303c9adcb.csv
1;434.4;2020-01-23;parcelas_b2f92487-3cb3-4ffd-93b8-6b3a31a412cd.csv
1;59500;2020-09-28;parcelas_b30992a4-4782-425f-95d1-4d57df2e1bb2.csv
1;111135.85;2020-09-16;parcelas_b30fd84b-7bb5-4218-8baf-5df7a6590d7f.csv
1;29.49;2020-07-06;parcelas_b31b6b5a-7ded-4b5a-bf5d-a0e0ec233a5c.csv
1;410452.5;2020-03-30;parcelas_b31ec107-a5ea-47d2-bce5-6d3b78c5d0db.csv
1;35637.12;2020-07-30;parcelas_b3200555-1480-4941-8248-9793d051dcb7.csv
1;1030.3;2020-11-16;parcelas_b33529e1-5215-42b0-8fe6-00b2636f61da.csv
1;105000;2020-01-02;parcelas_b336ecb8-5331-4e00-ad09-b86f104ee1bd.csv
1;1910.07;2020-09-08;parcelas_b33d946f-84ec-40ae-9357-b2d25eb33628.csv
1;1907.51;2020-11-04;parcelas_b3427b0f-fd88-475c-9d93-3cf5229ae816.csv
1;2780.88;2020-05-11;parcelas_b345a1a2-975c-479c-a800-743dddf89717.csv
1;26903.33;2020-02-26;parcelas_b347783e-34d2-4ad7-a800-527846c50930.csv
1;2612.5;2020-11-30;parcelas_b34c6576-5a06-4c6b-8319-efb89ca3fdd2.csv
1;200.1;2020-03-26;parcelas_b35416a0-d972-4279-a287-f2717ef54c15.csv
1;8391.2;2020-11-24;parcelas_b35446dd-d382-4d9b-979b-dbed72555509.csv
1;26413.79;2020-05-27;parcelas_b35784a5-c036-487c-89d0-1291d66ce288.csv
1;11596.67;2020-06-02;parcelas_b35ec502-5b14-4acd-a71c-952ca95ce2c3.csv
1;31008.58;2020-10-07;parcelas_b35f355c-a0de-4ec9-b86e-7b51f17da7ab.csv
1;5116;2020-07-01;parcelas_b3628b31-84ad-44e7-bcb6-02e70a250272.csv
1;6772.03;2020-02-05;parcelas_b3648c41-464b-48dd-9e36-7701ed91268c.csv
1;124943;2020-07-21;parcelas_b365cda6-31af-4ec1-bc73-1d6d411e95c8.csv
1;3758.7;2020-03-06;parcelas_b367adac-c5fc-4131-8f97-4bc23b7dc0e2.csv
1;70;2020-11-16;parcelas_b368d09b-4522-444f-ab90-424b3553f973.csv
1;11671;2020-07-21;parcelas_b36a4f68-b9b4-468b-89eb-7804107dcee6.csv
1;5384.13;2020-05-29;parcelas_b36db094-f641-4d76-84f3-9e9a3c8313ec.csv
1;30000;2020-10-02;parcelas_b371b3eb-a5c4-4980-ab1e-5b26d07c9e5c.csv
1;8100;2020-01-08;parcelas_b383a372-584c-43df-a598-76af95da782f.csv
1;46734.66;2020-09-28;parcelas_b384b501-5d9d-4347-bc0d-4cecd953d13e.csv
1;2635;2020-08-18;parcelas_b386492a-3279-46c1-be31-3fd1b3b69eb4.csv
1;1575;2020-05-27;parcelas_b38882ce-4228-494c-9286-41a7113212c5.csv
1;399893.68;2020-01-02;parcelas_b38f8729-70b7-45b5-b8f5-9f5c45edc39d.csv
1;11525;2020-07-13;parcelas_b391994f-6bfd-4b27-96a4-f5208d34071a.csv
1;12201.41;2020-07-22;parcelas_b3939431-ca1b-43d9-a09b-2510e1ecea65.csv
1;96.13;2020-11-27;parcelas_b39d7043-2dad-452c-9736-bff4de838062.csv
1;231504.06;2020-07-30;parcelas_b39d96b4-2d48-46f0-b12d-e17ca7a571d2.csv
1;2074.47;2020-09-23;parcelas_b3a350f0-ab94-4a5e-b343-85ad74949d09.csv
1;29017.76;2020-08-27;parcelas_b3acb375-37b6-4b99-b4f7-e460cd74cd5f.csv
1;39800;2020-04-15;parcelas_b3af5f7b-cf2a-4ace-8434-0210cb6cd550.csv
1;13000;2020-05-11;parcelas_b3b05d9f-444a-4c49-8c0c-ca6d18d8cd42.csv
1;5220.83;2020-02-26;parcelas_b3b8d448-3f8a-42d7-9fa8-6ed4465ba68e.csv
1;26385.12;2020-07-02;parcelas_b3c024cf-1eb9-4252-9507-c42c90491e2b.csv
1;58.35;2020-08-24;parcelas_b3c275a6-95b2-4dfd-9ff8-19241334fefb.csv
1;281569.21;2019-12-31;parcelas_b3c2b99d-61b5-478d-974a-c712eb7c3da8.csv
1;15113.96;2020-06-30;parcelas_b3c91c0f-f031-49ef-b47a-1a717f02949c.csv
1;39820.93;2020-04-20;parcelas_b3cd7a2e-5265-4bd6-8626-b2ad7975cdc5.csv
1;3776.2;2020-08-18;parcelas_b3d30020-143e-4416-a0d8-25982da8d1df.csv
1;110500;2020-10-30;parcelas_b3d30f8a-c4e4-42cc-9565-4130b5ee7abf.csv
1;2397.78;2020-10-05;parcelas_b3d57433-eb4a-41fc-8ef9-4b39e148d3bd.csv
1;2157.8;2020-09-29;parcelas_b3d5e709-9a4f-46a5-9ef9-caed41e33960.csv
1;787.71;2020-10-05;parcelas_b3e3351f-60dd-454e-8ee7-89f1c3a31948.csv
1;4900;2020-07-01;parcelas_b3e85614-43f8-4241-9ebe-144f9859b599.csv
1;90090;2020-07-15;parcelas_b3eeebf8-bdd3-4c9c-93a3-6d3a717681e4.csv
1;6547.49;2020-02-05;parcelas_b402818c-7632-4c5d-8ec1-535c24a75feb.csv
1;79.79;2020-11-10;parcelas_b4108fb3-1321-4eec-9d76-3adaa33ab9a6.csv
1;6118.49;2020-12-02;parcelas_b418f2e1-19e8-4227-9d93-d267b1947b82.csv
1;545.3;2020-06-08;parcelas_b4201d47-eee9-496b-ae35-766e4358aa51.csv
1;1451.6;2020-10-01;parcelas_b421539d-4f90-4ac1-a7ca-a0fea8bd65fb.csv
1;38285.5;2020-06-08;parcelas_b4242ad0-58c9-4bb3-b5d0-1f6869b0231d.csv
1;1925;2020-01-28;parcelas_b42b57ab-749c-493f-8c1e-86628a9f1a27.csv
1;255.14;2020-03-12;parcelas_b4394f32-3873-49d6-9649-5d96a5ba43fb.csv
1;207725.39;2020-03-30;parcelas_b4426109-dc32-463e-8d77-d7d9213c99f0.csv
1;63974.6;2020-06-30;parcelas_b45124b7-1924-4169-ac8b-fc605b78c207.csv
1;660;2020-11-26;parcelas_b456c58f-ed0e-460b-bc47-30d1a09b1fbc.csv
1;1956.68;2020-04-27;parcelas_b4642f99-73ec-4175-b86d-2571e655b6ca.csv
1;40800;2020-07-13;parcelas_b466bff0-af9d-4604-8759-b809679ab975.csv
1;3090;2020-01-08;parcelas_b476b295-6a14-4530-b7a9-e593373b536b.csv
1;419;2020-08-28;parcelas_b47917a2-ca79-4bdc-b6cd-3c32100d58c4.csv
1;2251.66;2020-07-30;parcelas_b47ec8a5-616f-4a57-bb27-a0ae9acf02c7.csv
1;13500;2020-09-09;parcelas_b4840952-4fb8-4c3c-9e7a-aae30dde7710.csv
1;3900;2020-07-07;parcelas_b489db5b-0859-4923-9623-c895385dee70.csv
1;5553.33;2020-09-28;parcelas_b492ece9-c85e-4831-ac17-40993b7fcce9.csv
1;6160;2020-02-17;parcelas_b49371d4-0473-47ff-a4b6-cf92c61dc66a.csv
1;0.02;2020-02-26;parcelas_b495ec40-dae2-4e24-9280-9f93a808bf40.csv
1;81520;2020-06-30;parcelas_b4965108-ed9f-46af-81e0-ed4ff1a044e0.csv
1;4508;2020-02-27;parcelas_b49a9f3e-0cb4-444a-b836-33302633fd5e.csv
1;32804.9;2020-08-27;parcelas_b49d4ad4-59f3-4d2d-bdbc-f380a1bd8131.csv
1;156228.28;2020-12-21;parcelas_b49e9ec6-6b12-46b9-a619-9135b00b2a0d.csv
1;6649.86;2020-08-25;parcelas_b4a02dbb-0b07-4a2c-9067-0efa0f36dd95.csv
1;299.5;2020-10-14;parcelas_b4a2dc2b-c98f-44f8-9f75-27473f5ca121.csv
1;1216.34;2020-03-06;parcelas_b4b6802e-782b-40a5-bf10-dad2f908e712.csv
1;4200;2020-09-28;parcelas_b4bdd86b-e207-4056-8b08-8951ce453fc5.csv
1;30918.45;2020-05-22;parcelas_b4bf0ad2-e607-4117-9d81-be3366ddd841.csv
1;2058.06;2020-08-19;parcelas_b4bf87c5-33d0-460d-801d-5a44b4e1bb91.csv
1;834880.88;2020-08-27;parcelas_b4c474b4-7077-4f30-9f92-23e913fd1d37.csv
1;41070;2020-01-08;parcelas_b4c84f40-f26e-4689-a78f-fbee9325583e.csv
1;3497.42;2020-11-19;parcelas_b4c9fb2b-188a-470b-b9da-6d4149555bd8.csv
1;8866.4;2020-11-16;parcelas_b4caaa37-41a5-46c7-99c0-7f9b56bab36e.csv
1;25800;2020-01-02;parcelas_b4d1ae44-b9b0-4e88-8388-98be76b9d4c9.csv
1;6740.57;2020-11-27;parcelas_b4d247af-0363-403a-ba19-339c4b8dcf72.csv
1;306576.6;2020-03-27;parcelas_b4d6231e-a1d5-4820-91e2-9fc973c85198.csv
1;6007.2;2020-08-31;parcelas_b4e16b35-c7a9-448d-ac95-40c1741f380f.csv
1;121313.37;2020-09-28;parcelas_b4e47bca-7d64-40b3-b35c-20fd50fc06a0.csv
1;1954.43;2020-04-29;parcelas_b4ec8e56-4be0-44ed-acec-1ad318ecbb09.csv
1;6166.59;2020-10-07;parcelas_b4ed53ae-911b-46b1-a1a0-aaa4c8ea3868.csv
1;30373.08;2020-06-26;parcelas_b4f54b75-48a4-426f-affc-186275ae4331.csv
1;162985.88;2020-12-21;parcelas_b4fdc63d-b1f0-4afd-9645-13a9b51716bd.csv
1;2443;2020-01-02;parcelas_b502e30d-8f4d-46b1-a8ea-b5e71090c76f.csv
1;61200;2020-08-17;parcelas_b5090326-af34-4224-bed0-88d6facfa2c5.csv
1;6314.39;2020-03-09;parcelas_b50d80fa-666e-43a1-af9e-6baf4791bf6b.csv
1;3125.2;2020-03-27;parcelas_b5122ce3-32a6-45ad-bc6a-83486c1a5f97.csv
1;2853.4;2019-12-30;parcelas_b51919e8-7e70-4e9d-aad3-22c7182ea471.csv
1;3473.72;2019-12-30;parcelas_b51919e8-7e70-4e9d-aad3-22c7182ea471.csv
1;536.11;2020-03-31;parcelas_b51d540b-7212-4171-93af-2aacb05f001f.csv
1;100877.53;2019-12-30;parcelas_b5253bad-a76e-4496-81ff-e6305f5b4d8c.csv
1;52845.8;2019-12-30;parcelas_b5253bad-a76e-4496-81ff-e6305f5b4d8c.csv
1;40578.36;2019-12-30;parcelas_b5253bad-a76e-4496-81ff-e6305f5b4d8c.csv
1;216548.04;2019-12-30;parcelas_b5253bad-a76e-4496-81ff-e6305f5b4d8c.csv
1;68207.22;2019-12-30;parcelas_b5253bad-a76e-4496-81ff-e6305f5b4d8c.csv
1;90942.96;2019-12-30;parcelas_b5253bad-a76e-4496-81ff-e6305f5b4d8c.csv
1;1175.12;2020-11-19;parcelas_b528cd5b-944e-4e61-92c7-9ecdde509e5e.csv
1;3025.26;2020-11-30;parcelas_b52ab355-a42e-4dbe-9217-eba40f7106d0.csv
1;50000;2020-08-26;parcelas_b53520f6-9f47-4616-b553-40598ccf5030.csv
1;6176.9;2020-10-07;parcelas_b53abc6f-82d9-4326-9417-91eb7dd01a59.csv
1;1167918;2020-12-30;parcelas_b53dcfe7-3ed5-403d-9fbd-9fc1de77bdb7.csv
1;135.6;2020-08-31;parcelas_b54b7da3-1af7-45f9-bfba-0d35d6d55904.csv
1;657.76;2020-03-30;parcelas_b55319b5-e3a2-472f-b6ea-e722b4a0310c.csv
1;288;2020-10-05;parcelas_b561f030-b564-4f23-9db2-b20c12a6c7da.csv
1;2242.91;2020-12-21;parcelas_b57433d8-8a80-4ba2-ade3-f57f4b5abcf3.csv
1;56165.7;2020-11-16;parcelas_b576c23f-31fa-402d-9b13-d454f1b52469.csv
1;748;2020-06-16;parcelas_b585881a-cc6b-48be-b3b3-dd1b22c2118a.csv
1;1954.43;2020-05-27;parcelas_b5869e03-2a64-491c-94e8-8ae5935fac53.csv
1;12051;2020-12-21;parcelas_b586b57c-4991-4f9f-9084-4ec71e7929e5.csv
1;85.96;2020-01-02;parcelas_b587a550-1bf5-43a5-bd9a-efecde3ba329.csv
1;496.4;2020-01-29;parcelas_b591f36b-d9b7-4a70-a51a-158a0303f1d0.csv
1;1102.27;2020-08-31;parcelas_b5947a64-d738-40c6-99ea-e639e40b445a.csv
1;140.6;2020-11-27;parcelas_b598dd89-060e-416d-8452-e7812697aedd.csv
1;2775.84;2020-05-13;parcelas_b59ac0ba-bafe-4425-b6a5-ca2d6e17c610.csv
1;22248;2020-10-07;parcelas_b5bacdc8-5660-4691-b561-2b38f2124949.csv
1;20.74;2020-11-30;parcelas_b5bd82ca-0db7-411a-ad37-6f6581b01794.csv
1;2000;2020-09-01;parcelas_b5c43dc3-6282-45c0-86a4-b15c8b665637.csv
1;219.2;2020-03-03;parcelas_b5c63133-7893-48f6-a941-ff410f21aed8.csv
1;19965;2020-02-14;parcelas_b5ce6ecb-b3dd-4203-b026-283559a6995f.csv
1;3213.6;2020-07-15;parcelas_b5ce999b-9e9a-4f16-bfef-91f389a198a1.csv
1;176863.96;2020-09-11;parcelas_b5d6599e-0a64-458a-9157-19ad8cca70d2.csv
1;4058.96;2020-05-27;parcelas_b5dd293a-aa5a-4b9d-9c94-a09e2467cf58.csv
1;228620;2020-09-22;parcelas_b5eea86f-4a51-4359-8585-2d7e95f630af.csv
1;29184;2020-11-10;parcelas_b5f2b3ef-62bf-4ea1-adf4-57a8c8b69215.csv
1;248.97;2020-08-31;parcelas_b5f4701f-4b95-4054-bad9-6d594528f198.csv
1;54588.34;2020-05-27;parcelas_b5f5ffc4-8fc4-4cab-bc06-429233a252dd.csv
1;28996.67;2020-09-01;parcelas_b5fb6b7d-962c-4313-ae03-50a1d478ce9c.csv
1;2604423.04;2020-12-21;parcelas_b5fd0381-1e23-4beb-a93b-7cc502bb9b74.csv
1;1050;2020-04-29;parcelas_b5fed4d0-b1d4-4232-b1b5-eb1fb0d572f2.csv
1;88.14;2020-05-14;parcelas_b601390c-9110-4273-8776-3c833af97f23.csv
1;11183.68;2020-11-27;parcelas_b6102c45-9759-4c21-bae0-06ad96cef3f1.csv
1;525.54;2020-01-21;parcelas_b6108853-f800-44a7-b563-66b067291c3f.csv
1;6680;2020-10-21;parcelas_b618c714-04cc-4eed-8276-c75eda8bc2c3.csv
1;70;2020-10-23;parcelas_b61c575e-ece7-45a9-85a3-7e670aed0ede.csv
1;16620;2020-01-31;parcelas_b61cbbac-2d1c-4fb4-ac28-e79503cfe6b0.csv
1;1663;2020-06-16;parcelas_b61db484-5285-4bef-b726-f1106930d675.csv
1;2352.37;2019-12-30;parcelas_b61f3dd3-3f9c-43a3-aff2-d6403f5b40a0.csv
1;849709.55;2020-01-31;parcelas_b62748b7-9eeb-420e-8aac-e916b3662f6d.csv
1;5600;2020-11-27;parcelas_b62a8e47-b47d-4fc8-9ec1-502a87056db9.csv
1;2835;2020-03-06;parcelas_b6392d0c-77ee-4061-8177-182ef9833ba6.csv
1;269.48;2020-06-10;parcelas_b63e0541-3567-4fba-8869-66472b749444.csv
1;2252873.56;2020-01-02;parcelas_b6448605-d73b-48cb-9338-41d70ed438f3.csv
1;369.87;2020-11-19;parcelas_b64665c1-158f-4605-b951-2d76088506a4.csv
1;598.76;2020-01-14;parcelas_b64bed73-c0af-437b-b34f-7c48347a42c1.csv
1;90000;2020-07-23;parcelas_b6602219-4a8a-473d-82a8-b54d0c166606.csv
1;39566.73;2020-12-21;parcelas_b6638ac1-2541-4fe6-bdcf-81f0530e5100.csv
1;194025.07;2020-10-28;parcelas_b6686c29-e53c-4414-9e5d-9d70f37cfbf0.csv
1;3502288.75;2019-12-30;parcelas_b6709fe4-e8c2-40d4-ba8e-0145edca9a8d.csv
1;2340;2020-04-16;parcelas_b675867e-701a-4cb2-8abe-1b7837dd741b.csv
1;8539;2020-11-16;parcelas_b67ab7dc-ed8c-417c-b153-c9dc91aaf978.csv
1;4299.38;2020-07-01;parcelas_b67c61ae-ffa2-4cf4-be9d-4fa4331283f6.csv
1;12899.3;2020-10-30;parcelas_b67e3958-eab1-464d-831a-15e4363d4a4a.csv
1;15414.02;2020-12-14;parcelas_b686a696-1b53-4f31-8c7d-ef6c641cedfa.csv
1;54503.58;2020-12-30;parcelas_b68dd278-0e0c-43a9-8c0d-7b1ae370445e.csv
1;2660;2020-02-05;parcelas_b6902611-764b-4c7b-8349-0d571bce55d0.csv
1;7332.5;2020-07-30;parcelas_b6914785-5dac-4a72-bec7-834558aa9393.csv
1;5051.56;2020-04-02;parcelas_b6960583-72c6-4b67-985d-38222d839e46.csv
1;439;2020-06-02;parcelas_b69b0958-857b-4fdc-a215-471ddacb63d0.csv
1;15368;2020-04-07;parcelas_b6a92eb0-1dae-41db-a16e-0ae7c09cc9e5.csv
1;70;2020-11-24;parcelas_b6afb781-b537-4689-9a7b-b9fdaea7faba.csv
1;4893.2;2020-05-04;parcelas_b6b50258-4d6e-44f4-a03d-218d5ad6f9f6.csv
1;951.2;2020-10-21;parcelas_b6c3b2f4-34ed-43e3-9fbe-214e99d8bc1c.csv
1;332367.55;2020-03-27;parcelas_b6c9ccdc-a801-4328-b34d-4fb7fa6550cb.csv
1;5139.08;2020-10-05;parcelas_b6ca199a-fc5f-4f13-8dd0-5f4a04119272.csv
1;29.49;2020-11-05;parcelas_b6cb8742-c145-42cf-89f5-f841b238a0b9.csv
1;3413.52;2020-11-16;parcelas_b6d1093f-1129-41c4-84ab-213766f24a32.csv
1;164;2020-09-29;parcelas_b6d23cfb-9a75-4ef2-8379-07a92858d0bd.csv
1;1174.12;2020-08-31;parcelas_b6d558dd-b9a5-4d4f-a287-239d905531d2.csv
1;3500;2020-04-02;parcelas_b6d55905-2667-44ed-be68-e64b7ff2f379.csv
1;22916.66;2019-12-30;parcelas_b6db3a3c-aabb-4564-a2a7-c725b3288680.csv
1;165;2020-10-21;parcelas_b6e7c4a7-9799-4c2c-9d31-76ab908f1ca5.csv
1;625.46;2020-08-10;parcelas_b6f5f13b-333d-49ab-b855-8b72de894d7d.csv
1;60000;2020-11-03;parcelas_b6fc67f9-41fd-4677-943f-cb417e21ef26.csv
1;72706.75;2020-05-27;parcelas_b6ff6ad8-7a26-4910-bab5-e04ab8b51a4a.csv
1;1170.64;2020-10-07;parcelas_b701dea8-39a7-4bb0-8164-ea3130e69693.csv
1;24680.9;2020-03-10;parcelas_b712582d-10c0-4001-9b9e-1442ba270887.csv
1;77319.63;2020-10-28;parcelas_b712a210-3746-4c60-bc1c-726fe91ffca5.csv
1;54036.19;2020-11-27;parcelas_b71550db-751c-49cc-aa83-976d9c7c17b4.csv
1;78906.11;2020-04-29;parcelas_b71e8908-e028-4a38-ab8e-884e1cbf41b3.csv
1;70;2020-12-21;parcelas_b729cbc9-2c5f-42a9-a56c-eb9346568041.csv
1;5664.96;2020-09-28;parcelas_b732461a-97af-4b8c-baa1-162670137945.csv
1;934.57;2020-11-05;parcelas_b740b984-8701-470f-b8fc-d0be6e0f4af5.csv
1;2988;2020-05-14;parcelas_b7539abf-89f2-4a4a-b366-a1d1cb26ac12.csv
1;39.89;2020-12-30;parcelas_b758d453-2afe-458f-8c94-063462fd2035.csv
1;84230.37;2020-08-21;parcelas_b765df13-5064-4135-9fb4-8981350092df.csv
1;50;2020-09-28;parcelas_b76b7a56-3136-496c-b6eb-85021b4c7241.csv
1;534.31;2020-11-03;parcelas_b76d6ac4-1a4c-4bda-989c-6ae71cf93ecb.csv
1;28;2020-03-12;parcelas_b7723577-0746-4f3a-ab96-02cce29cd340.csv
1;700;2020-03-30;parcelas_b7746ef7-760b-4974-bc0f-4765e646959c.csv
1;585.36;2020-12-30;parcelas_b777001f-6a82-4836-9f20-49612bb681eb.csv
1;5114.3;2020-06-26;parcelas_b777cf80-4fa4-47fa-8071-302ce007bfe2.csv
1;1901.67;2020-02-26;parcelas_b77aa088-1672-4ec4-84cc-55b9794c5c2c.csv
1;98.21;2020-06-26;parcelas_b77abefe-d340-4fb7-8dc7-e5c15bd4dce9.csv
1;20000;2020-07-31;parcelas_b78174e0-c312-4d16-a625-2de8ce70ec24.csv
1;107640;2020-07-30;parcelas_b78a0b84-cab9-4fd1-9702-b53cb0c4ef91.csv
1;438;2020-09-17;parcelas_b78ef74f-a39c-4714-8d97-886fab712cf3.csv
1;244.88;2020-07-13;parcelas_b796d3ac-58d6-456b-b521-7312dbd14c43.csv
1;79.79;2020-08-17;parcelas_b79d15dc-af97-47ea-9093-b73f2a70eed4.csv
1;4584.28;2020-10-30;parcelas_b7a1679b-c868-48ac-9e7f-be7c8b0eb43c.csv
1;52;2020-10-06;parcelas_b7a925d2-d398-4b9a-a5ab-5365cb3d96b6.csv
1;20337.73;2020-09-30;parcelas_b7ab8404-b494-4454-99ad-8215aa4dd253.csv
1;2143.2;2020-07-07;parcelas_b7be7d4a-17b9-4659-91b2-af89647786d7.csv
1;957.43;2020-01-31;parcelas_b7c33a53-2dfa-45e3-a82d-d17433b862d1.csv
1;9740;2020-09-10;parcelas_b7caa1b0-91b0-4141-8d7a-3249a54cf51f.csv
1;1000;2020-10-20;parcelas_b7ce7c8c-9a92-4efa-a03f-0c07a39389f1.csv
1;1037727.52;2020-09-09;parcelas_b7d3fca4-7255-4dcd-8d0f-ae408bbd75a7.csv
1;29570.98;2020-06-30;parcelas_b7d7df6c-685d-4d6e-9676-496bb729795f.csv
1;3881;2020-11-04;parcelas_b7e9b2d4-fa3f-4f9a-81fe-27a81a620f4f.csv
1;130535.61;2020-03-23;parcelas_b7eb8352-fd74-47aa-8e58-f8363b2fea41.csv
1;398.8;2020-01-30;parcelas_b7ef0516-acb5-49c1-9b90-f2b90984e08e.csv
1;2033.37;2020-10-05;parcelas_b7ef7bad-f734-49aa-aaab-06b10d51feb6.csv
1;11120.32;2020-04-07;parcelas_b7f0eec8-06f4-4edf-a7cb-a5d2c1894658.csv
1;20846.33;2020-11-27;parcelas_b7f6eb26-83bd-460f-b94b-e862f88035f4.csv
1;392189.27;2020-03-20;parcelas_b8010862-960f-48de-ac71-18b6c83d04d6.csv
1;23725.2;2020-03-31;parcelas_b8021d4e-8d46-48bb-99f4-88a68f2a9f10.csv
1;130535.61;2020-01-31;parcelas_b80278c4-059d-44fc-b7da-9cfe82e615e9.csv
1;738.49;2020-07-31;parcelas_b806beea-a1b6-423b-9354-c00a24a7f519.csv
1;71;2020-05-18;parcelas_b80eab1c-4c10-4747-add9-ae7cd64b8542.csv
1;2460;2020-11-04;parcelas_b8166636-dbd3-41ba-85de-c947caf8aa61.csv
1;7751.01;2020-02-18;parcelas_b816d0be-e7c1-4588-81b6-4d84808cd9c0.csv
1;2248950.43;2020-05-27;parcelas_b8213143-e9e4-4362-b79d-7a9758141d58.csv
1;1169.7;2020-12-30;parcelas_b8218ff4-81a0-4850-8c37-03663ac7b773.csv
1;623.9;2020-07-02;parcelas_b824dfe3-0d38-426c-89fa-d6849efe838d.csv
1;104214;2020-08-10;parcelas_b82e6b62-acb9-402f-8c6f-93c57a0cb80b.csv
1;7000;2020-07-30;parcelas_b83049ff-f80b-43cd-bc89-3c2beff1fa62.csv
1;1057.7;2020-02-06;parcelas_b838431e-b8e3-45d5-9907-45582d24f91c.csv
1;30241.39;2020-06-12;parcelas_b83905bb-c357-42a1-bbea-a0df08a4b608.csv
1;286.99;2020-05-27;parcelas_b83f2c83-e77e-4217-9415-69b5d9c8faef.csv
1;25703.44;2020-07-30;parcelas_b8407554-df9c-4318-ae0c-ab025ddcd892.csv
1;2220;2020-09-23;parcelas_b84a027c-282f-4e39-8630-10f71b2b5396.csv
1;16940.77;2020-06-03;parcelas_b84b6669-aaa1-49d8-8e3e-dfd4d80feda1.csv
1;11406;2020-10-30;parcelas_b8517678-a8a5-49b6-8f69-f5fa9fed2349.csv
1;952.15;2020-01-23;parcelas_b8561703-ccc0-4fe2-af66-b36d5b12f046.csv
1;1517.77;2020-09-24;parcelas_b85ebbc8-4e5d-4a72-bb9c-49174784e95c.csv
1;18778.94;2020-06-30;parcelas_b86ffd51-f0ab-4538-98a2-93f32c01f033.csv
1;96279.42;2020-04-17;parcelas_b87047ea-562f-406e-bd2e-2508743e7dc1.csv
1;100000;2020-05-28;parcelas_b8709b99-128f-4324-b16b-0f36302961a8.csv
1;219909.79;2020-11-27;parcelas_b87ada4b-05e1-42c6-be08-6b18ec9be23c.csv
1;1488;2020-11-04;parcelas_b87c5f23-5cdd-40f1-a5ea-9e726ededc28.csv
1;50000;2020-01-28;parcelas_b87d73fd-70b6-494d-8930-760d8a388c26.csv
1;2072.52;2020-09-23;parcelas_b87ebf85-b433-4b6c-9599-3f1f5adb8bd8.csv
1;2695.56;2020-09-03;parcelas_b891b71d-e6e8-4771-9271-e7bbbde22144.csv
1;56893.82;2020-11-27;parcelas_b89a5b68-63f6-42d2-b7ea-2b8548d2cabd.csv
1;550.38;2020-09-28;parcelas_b89dcbbd-5f87-4eda-8590-6bef4a45c171.csv
1;90534.03;2020-09-29;parcelas_b89df3f5-0882-4a4f-9b11-2b6b7a765a11.csv
1;485205.04;2020-01-02;parcelas_b8adbf5d-6f1c-4496-8ed9-68518561eb56.csv
1;856.97;2020-09-24;parcelas_b8b35d6f-ca01-488e-85eb-cc8fbcaecc5c.csv
1;2800;2020-01-29;parcelas_b8b5c4dd-23ce-4651-acb8-e4bcff3503fa.csv
1;30386.2;2020-09-28;parcelas_b8bb5b03-4013-4e0e-acfa-0a19ff297798.csv
1;76352.5;2020-07-30;parcelas_b8bfcd60-a159-40b7-bfbb-f2db32202e72.csv
1;58534.55;2020-07-13;parcelas_b8cd5819-f162-4669-a526-3a1a78d6d91c.csv
1;9975.42;2020-07-30;parcelas_b8ce3d24-34f2-4f11-8364-64b0410deea3.csv
1;3756.67;2020-10-28;parcelas_b8d7f38d-b093-4947-b19c-eebe53cf412a.csv
1;1045;2020-09-30;parcelas_b8d9bd2d-cff3-4e42-8b17-8433a6d9e28f.csv
1;77.14;2020-09-21;parcelas_b8e18581-a67d-4354-8fc8-7acbc0c02eb6.csv
1;31910;2020-02-26;parcelas_b8e365a1-44c1-47a1-8223-f2c886618f5d.csv
1;225.33;2020-08-13;parcelas_b8e3eee2-2e1f-4df7-ac3a-aff079b5b7c8.csv
1;93514.39;2020-03-26;parcelas_b8e40c90-a9b6-4b55-95dc-04524c5cfb2b.csv
1;550.09;2020-10-08;parcelas_b8e9a5dd-a32b-44f6-b780-62a761af33ee.csv
1;6101.06;2020-09-09;parcelas_b8f5cb20-6cd1-45a1-b204-bdca05eb8e09.csv
1;130535.61;2020-08-11;parcelas_b8f7d604-e675-4294-b12e-c66fe279d4f6.csv
1;8500;2020-07-22;parcelas_b8ff9cf9-6899-4352-ae14-f3a801b83b4e.csv
1;561819.12;2020-04-09;parcelas_b901af65-8666-45bb-b3c4-7d828d68903c.csv
1;69600;2020-01-24;parcelas_b907b6bc-7685-40e4-8268-b3cc141e0067.csv
1;898822.71;2020-11-27;parcelas_b90b620b-38ad-4891-bdcc-09e996d0a378.csv
1;1860;2020-06-08;parcelas_b9147f38-3990-43bb-8c27-68fad41d269a.csv
1;12947.52;2020-10-01;parcelas_b920b16b-ded9-4c8d-89fa-c7080755dfa5.csv
1;71759.57;2020-04-30;parcelas_b9220d8a-c4c0-49ee-8e45-9c92609af34a.csv
1;1248.2;2020-01-31;parcelas_b9246463-92fd-4896-8794-6bb3425213d7.csv
1;14890;2020-11-25;parcelas_b925ac7f-ccd2-4024-9816-e1ab8e7e0f83.csv
1;1190;2020-10-26;parcelas_b92da7ed-0fd3-4c07-b582-bc81907ddea9.csv
1;43020;2020-10-28;parcelas_b93a0bb5-1af5-4364-84bf-e40fe26f5fdc.csv
1;132327.78;2020-11-27;parcelas_b9433b16-d402-4200-b29a-c5688d458e5c.csv
1;20608.79;2020-06-16;parcelas_b947cf67-e1f1-4ed0-b2ff-3680021e178a.csv
1;2310;2020-08-24;parcelas_b94985e7-36ee-44d7-9e9f-471629dff19c.csv
1;2403.33;2020-03-30;parcelas_b94b8012-02e5-4aa2-a7af-7825f96e3400.csv
1;179.68;2020-04-29;parcelas_b94f9635-6b87-4fa0-a985-e26a7474e0dc.csv
1;409196;2020-08-12;parcelas_b956bbf7-531d-437b-a36f-2d499e234c84.csv
1;5000;2020-01-31;parcelas_b957933b-dca7-413e-8bf0-93c4ed850035.csv
1;23200;2020-09-03;parcelas_b9594e96-7541-42d0-b6f6-e6e4c69d1314.csv
1;9374.17;2020-06-26;parcelas_b95a3c4c-5340-418a-8647-f80d341c8a32.csv
1;16358.84;2020-03-02;parcelas_b95f32db-d341-47d6-9a8e-cad508cee8fa.csv
1;503.33;2020-04-29;parcelas_b962afec-ff51-4635-b49d-fd5626a5a5c9.csv
1;11283.84;2020-01-02;parcelas_b966eb5f-c442-4d5f-95d3-f30935306ec2.csv
1;2192.72;2020-01-28;parcelas_b967096a-cd7e-4351-8523-f0ecdc546056.csv
1;550298.4;2020-12-21;parcelas_b96a5412-ef83-4d21-bcf3-069fcb392cf8.csv
1;708381.46;2020-11-25;parcelas_b96b4145-4245-413d-ad00-7eb1e1d8409b.csv
1;2111.68;2019-12-30;parcelas_b977fabf-3862-49ca-8c2d-3d0eb2e5efef.csv
1;1475.28;2020-10-05;parcelas_b978cf62-457a-45d6-8186-ae3649937491.csv
1;24510.13;2020-04-29;parcelas_b982897f-4612-4a17-a43c-9bc7ed63dd02.csv
1;55117.53;2020-10-05;parcelas_b9838c0a-7923-41c5-b293-9ab3d54429d7.csv
1;23600;2020-01-02;parcelas_b9838c11-b173-4822-aea3-2952be3409d0.csv
1;337811;2020-02-05;parcelas_b984c833-7d12-414e-ad4e-5ddefdfe0c4b.csv
1;87.82;2020-12-30;parcelas_b98b8877-424e-46f5-a953-a9230e7c06fc.csv
1;200;2020-12-21;parcelas_b992438e-8b4b-43a2-b87f-c3a76be274f6.csv
1;575000;2020-10-08;parcelas_b9929e97-a398-48de-bfb4-a0482d88ec08.csv
1;12520;2019-10-13;parcelas_b99984e4-c043-437f-be58-6be186fd370e.csv
1;1450168.4;2020-11-27;parcelas_b99da260-1a17-45f8-8c53-8cb30c9a924e.csv
1;544;2020-10-07;parcelas_b99e9b45-41ec-44d7-8c40-fe8abd34bd2e.csv
1;150;2020-03-16;parcelas_b99ed06a-2437-484b-8865-da7000edff3e.csv
1;11.48;2020-03-13;parcelas_b9a15b67-f47b-4753-9245-0a6732d874b7.csv
1;1065.23;2020-10-05;parcelas_b9a60ad4-77fc-4778-8b07-366f4137581f.csv
1;11025;2020-01-16;parcelas_b9a71973-9b71-4cd6-9057-8102520a5067.csv
1;894.87;2020-07-31;parcelas_b9a82176-0287-4196-b16a-8f0126949539.csv
1;2722.25;2020-08-18;parcelas_b9a8e5c6-fa30-4440-9b05-7cd11924a1ed.csv
1;5105.28;2020-10-07;parcelas_b9b02aa4-60ad-4a1c-81e7-cbbbd187f0ac.csv
1;1954.37;2020-09-02;parcelas_b9b4390d-26e0-4e48-8950-1a8542c4a6ce.csv
1;16000;2020-07-31;parcelas_b9b4feef-6628-4913-b3b1-ec9c59628882.csv
1;21.71;2020-08-21;parcelas_b9bada21-15c8-4278-a105-ac8b56e31304.csv
1;3275.08;2020-09-14;parcelas_b9bce868-8c6b-475b-be1f-bd47a3bdb9b6.csv
1;1870;2020-05-05;parcelas_b9bffbbd-5cbf-4ef2-9485-3c92ef666a21.csv
1;8115.43;2020-06-23;parcelas_b9c19081-af0f-4391-bc6e-38a2fd786957.csv
1;14271.4;2020-02-28;parcelas_b9c7be16-c5e4-4a47-b76f-5e091492e11c.csv
1;34;2020-09-24;parcelas_b9d7392f-9020-4d53-9a88-9fd7f0865cdc.csv
1;59190;2020-05-14;parcelas_b9d83263-e973-4d4e-8b22-ecbaab77250b.csv
1;360000;2020-09-28;parcelas_b9d9779e-fcab-4399-8db7-f1534aecf50f.csv
1;546017.17;2020-09-30;parcelas_b9daa2a7-86f2-4639-9b91-d48e9bd9d4ad.csv
1;2887.5;2020-10-28;parcelas_b9e5f8ef-73c8-4c25-9af6-790a7dc60740.csv
1;20000;2020-08-20;parcelas_b9e90465-1bfe-47ae-918d-3a6540f42a1e.csv
1;3059;2020-05-13;parcelas_b9f04c5d-5aa1-4dda-b16b-b34c872197a8.csv
1;7000;2020-01-02;parcelas_b9f05ab9-2459-41c9-abed-c5923c3d1712.csv
1;46772;2020-02-14;parcelas_b9f739b0-bec1-42ef-925e-c1e913dc9034.csv
1;11429.71;2020-11-23;parcelas_b9fb55de-7091-48f5-8153-c24ab7e08176.csv
1;6995.02;2020-01-02;parcelas_b9fbc43f-162d-47b8-b108-31cf80502d9a.csv
1;78986.34;2020-01-02;parcelas_b9fe9928-4b58-4016-a146-50f2e1915525.csv
1;284314.55;2020-09-28;parcelas_ba00ad4c-314e-4d27-9267-5f572efdd2b6.csv
1;1139760.8;2020-11-11;parcelas_ba00fe8b-fb22-4fc4-aec5-ffc141a76e94.csv
1;940.8;2020-03-30;parcelas_ba027036-0325-4bff-85b4-5e34345dfb80.csv
1;109;2020-07-01;parcelas_ba039fda-27b0-4e30-b4fd-b6e138bd4c31.csv
1;3220;2020-07-13;parcelas_ba0baf26-6021-4ac7-8049-c571f2bec0c1.csv
1;24.63;2020-12-30;parcelas_ba1c99e4-8ce2-425a-89fe-3efc60029694.csv
1;2293;2020-08-12;parcelas_ba2368c2-4cdb-44e5-bc14-5a3bac5797fe.csv
1;12411.2;2020-04-15;parcelas_ba2823c3-ad96-4570-95b4-b1884d3159c5.csv
1;199.33;2020-01-31;parcelas_ba2aadc2-894d-4c6a-b089-0ddeab8ba932.csv
1;7717.2;2020-04-17;parcelas_ba3073fb-35b9-437f-87a9-d43153b552ee.csv
1;92.52;2020-12-30;parcelas_ba3c1edd-1d62-49f5-9afe-cfb77d8381af.csv
1;75.55;2020-04-30;parcelas_ba463161-48a4-420b-a38e-1d4dba3d06e3.csv
1;6218.42;2020-01-29;parcelas_ba4c4e31-c878-439a-a444-636ac4a4ce68.csv
1;50000;2020-04-27;parcelas_ba50aec9-0699-4657-8871-c02d8b08c737.csv
1;270;2020-08-12;parcelas_ba568fc7-20a8-43b6-90f6-c2654c52e404.csv
1;1515178.24;2020-01-02;parcelas_ba5badcf-b89d-48ba-807a-7b88b87643d8.csv
1;1600.56;2020-11-20;parcelas_ba6083dd-0467-41f8-8799-b4f9866d5422.csv
1;100;2020-09-28;parcelas_ba62a947-c195-4fa0-a23c-c39a33bb9923.csv
1;666.17;2020-06-09;parcelas_ba64c561-a997-4af5-b4af-2ca66d308e93.csv
1;863.33;2020-11-27;parcelas_ba675f31-a1de-40b4-ab76-f8df897fcefa.csv
1;255;2020-08-19;parcelas_ba6b617c-5083-429e-b8d2-cab6642fc3aa.csv
1;3081.05;2020-11-27;parcelas_ba6e1f13-b603-458f-b18f-8531757b5e7a.csv
1;115706.49;2020-08-27;parcelas_ba6fb2aa-da89-4b89-95a4-b0259c496218.csv
1;532.01;2020-11-11;parcelas_ba6fffde-04f8-45ec-af51-f83590ec5877.csv
1;54270.39;2020-09-28;parcelas_ba821ca9-a3c2-4729-a4b5-9218acb9c622.csv
1;5472;2020-04-09;parcelas_ba8ce5dc-678b-4b7f-9940-4957907ff62b.csv
1;29797.35;2020-01-02;parcelas_ba96eb06-0c78-4626-a302-703a4abf97fe.csv
1;3997;2020-01-23;parcelas_ba9abebc-1abd-46e2-b1d4-6eb4faf6e0ef.csv
1;1988.51;2020-06-19;parcelas_ba9eb342-6c6e-4df2-bd11-bebf248082bf.csv
1;67353.8;2020-07-27;parcelas_baa60e18-6a21-4927-85a5-34d4580cc460.csv
1;1100;2020-07-02;parcelas_baa62d03-d2f9-4dcd-b406-f9dbd35671e5.csv
1;113.16;2020-02-28;parcelas_baa6b4ba-c150-4d30-ab12-9ab963239708.csv
1;318;2020-09-02;parcelas_baae3939-1f1d-4f75-b833-ba8d5ad72baf.csv
1;1034.4;2020-11-17;parcelas_baaf86cb-f0cd-4efc-8afe-b39137126300.csv
1;16660;2020-07-22;parcelas_bab00907-bf64-40c3-a4bb-3f647be652a8.csv
1;3796.03;2019-12-30;parcelas_bab85702-ba96-456e-8114-6b38da41a9bf.csv
1;5410.77;2020-07-21;parcelas_babe3ae0-3d70-447f-8a07-acf0e4f3d237.csv
1;136.59;2020-10-02;parcelas_babe94cb-2dac-41ef-8483-9bfb38093c29.csv
1;49964.18;2020-01-29;parcelas_bac0e1a4-a850-42c0-aae6-e0c6b34899ef.csv
1;1978;2020-11-09;parcelas_bad80812-4444-4070-b8ab-f55e483c06c2.csv
1;89210.29;2020-06-12;parcelas_baddcbd1-f0fe-474e-b365-d636a6767925.csv
1;301000.3;2020-02-14;parcelas_bae2226d-89fa-451c-86e7-0b72fd15ffc6.csv
1;5605.83;2020-07-30;parcelas_bae50498-e26b-4aa7-b15e-6b3fbd7c29cd.csv
1;4917.35;2020-09-24;parcelas_bae8abbe-9638-4d4c-96e9-02317fe53d4d.csv
1;1954.45;2020-11-27;parcelas_baf6d26f-282e-430b-a9a2-b3bc18b13573.csv
1;9859.91;2020-05-28;parcelas_baf7ab31-68ed-4dd9-93e1-96f4ce48b92a.csv
1;29.49;2020-08-20;parcelas_baf8244f-07c9-47ef-81f3-cbaa85a98db3.csv
1;20253.36;2020-03-12;parcelas_baf8991b-ba01-4633-ad8f-7a6c8cfad82e.csv
1;56479.96;2020-01-28;parcelas_bafc06f4-d6d3-48d8-901b-71d6789d7000.csv
1;8728.26;2020-06-30;parcelas_bb009452-e02d-4b24-b23e-cb74aa59d352.csv
1;717.67;2020-07-29;parcelas_bb17dcc9-3eb9-4fa6-8814-846dca1863f3.csv
1;66.7;2020-03-11;parcelas_bb201730-296c-4275-94d3-413be16af37d.csv
1;1348.52;2020-11-24;parcelas_bb2337d3-cd6c-4631-9067-d78b24d096df.csv
1;9121.61;2020-04-29;parcelas_bb2c77eb-dd51-48d1-b36a-dca6e03da7f9.csv
1;1471.64;2020-02-19;parcelas_bb2ebbec-ebc1-41a1-ace0-595fdf6fa881.csv
1;1933.47;2020-05-29;parcelas_bb3ab2f4-4aad-4b1f-b43d-5e702bc080e4.csv
1;2946.55;2020-10-05;parcelas_bb3d2498-6794-46d9-9cda-972c172d4b3e.csv
1;17683;2020-04-30;parcelas_bb473cc1-7c2b-4554-beaf-f0c24a557b9d.csv
1;16475.92;2020-03-10;parcelas_bb50e69d-a53b-45c6-94d8-41d7bae75f5b.csv
1;1085.37;2020-01-31;parcelas_bb59b1d6-1210-47ab-9618-d4fbc1b7fb1c.csv
1;72785.65;2020-12-29;parcelas_bb5b2b38-ab1b-46ae-b265-acdca65f0dc3.csv
1;14140.6;2020-06-19;parcelas_bb5d6d3c-ab9d-4ddc-a5a6-3e439db603f4.csv
1;180000;2020-02-26;parcelas_bb662203-874f-4a9d-8b54-8798fd567cef.csv
1;9250;2020-01-13;parcelas_bb68fcb2-b584-4a97-bcdb-9a054c6bb3e7.csv
1;3087.68;2020-07-31;parcelas_bb6998be-e74e-4f20-a139-9ca2ead59a84.csv
1;4440.28;2020-02-26;parcelas_bb72aa1c-7c54-415b-a95a-9cd09f162cc8.csv
1;74.16;2020-12-30;parcelas_bb72c43b-cb7f-4d17-9bee-bd2880b1cd66.csv
1;3060;2020-06-05;parcelas_bb836ebe-03fa-459e-87e7-56d01ccc3b11.csv
1;5361.91;2020-07-30;parcelas_bb84a426-1617-44ed-a457-27693c99cb90.csv
1;2612.5;2020-02-28;parcelas_bb85a3d0-e7c6-44b0-ad98-ce9832aa6eb4.csv
1;1816;2020-11-09;parcelas_bb8ac725-ea7e-4d3b-bb87-29cd7687c0dd.csv
1;128.78;2020-07-14;parcelas_bb99e880-d54c-4cf1-9935-13603e68615d.csv
1;26593.49;2020-11-16;parcelas_bba3e237-3c98-4cc6-a10d-08faf79a78dd.csv
1;5707.01;2020-08-28;parcelas_bba969d1-9976-42a5-83cc-2d4884c0d577.csv
1;14096.74;2019-12-30;parcelas_bbacac3c-ce26-4620-8644-07cc3f02d9db.csv
1;514.47;2020-09-29;parcelas_bbb1bec5-9e73-4ac7-acff-0db46a5972a0.csv
1;104.13;2020-01-13;parcelas_bbb616c4-ffdf-4a7a-8f4f-1e51c4ae9a75.csv
1;6877.26;2020-01-29;parcelas_bbc1e996-55cc-4266-b03a-9d2b86a8ba44.csv
1;1029.43;2020-01-27;parcelas_bbc8d094-52b2-42ee-ab96-e322698daeeb.csv
1;2676.98;2020-07-21;parcelas_bbd19b8d-efbc-4882-aaa0-c6786a9db9dd.csv
1;7000;2020-01-28;parcelas_bbff8e8d-d880-41d6-9558-4d32fa3f3952.csv
1;231.59;2020-04-29;parcelas_bc0c0d5b-fcf0-4285-8c40-cf83b1adff53.csv
1;1301;2020-11-16;parcelas_bc191e4d-bef7-4a98-bb78-cd17be4e52b6.csv
1;8203;2020-10-21;parcelas_bc1de77f-6723-4d18-8f96-bece8d387d1d.csv
1;40000;2020-10-15;parcelas_bc1f0890-369a-4693-8349-6f795164c6f8.csv
1;67490.48;2020-05-04;parcelas_bc1f42ef-ca5d-4d88-a2a0-f82485b7af61.csv
1;7000;2020-08-20;parcelas_bc2316ce-85d2-415f-8434-8bfaa592df15.csv
1;2331.27;2020-09-29;parcelas_bc26ff2c-3bd4-4407-bca1-c7bb57f642c3.csv
1;27540.26;2020-07-15;parcelas_bc2b603c-a4f0-41b9-bb2b-3144079890c4.csv
1;1767.49;2020-06-26;parcelas_bc2b66b3-5042-49b3-b01f-813f20fc3210.csv
1;1455.63;2020-05-29;parcelas_bc3561a3-a282-4186-b28c-2da470094f4f.csv
1;5544;2020-03-06;parcelas_bc387688-6e22-466d-b311-72f0da295b39.csv
1;38723.64;2020-01-31;parcelas_bc3aa556-8c08-4a2e-bca5-6c039fe975ca.csv
1;76333.06;2020-09-08;parcelas_bc42eb7b-766f-433e-97bf-fccb248f5389.csv
1;3990;2020-05-05;parcelas_bc4b94fa-0f6b-4cad-aa0f-ad6b582882f1.csv
1;2356.64;2020-03-02;parcelas_bc54ecb3-4f7d-42fc-9a4d-bc3db84a0e66.csv
1;3039.2;2020-07-07;parcelas_bc73445c-67bc-4622-b443-de9c3185d925.csv
1;2482.08;2020-08-27;parcelas_bc7ada44-9f00-44e2-a3ea-6c867e90c882.csv
1;118.72;2020-07-27;parcelas_bc84d54b-b725-47e0-aeb0-6c5502db0911.csv
1;1500000;2020-01-02;parcelas_bc89872a-b9fc-4359-9c63-587fb8875da1.csv
1;5967.9;2020-01-15;parcelas_bc942bf8-e102-42e0-a151-4643f76a66bf.csv
1;10218.7;2020-02-05;parcelas_bc9a7bf1-4c8d-4b21-9d64-d2884d1168b0.csv
1;1515.5;2020-08-18;parcelas_bc9ad5ba-9264-444c-aaf3-16d354228a0e.csv
1;690;2020-01-08;parcelas_bcaa5f3b-4872-482b-8bf4-ccddc48ba0ce.csv
1;368640;2020-05-05;parcelas_bcaab637-c80b-4fc8-a9d2-5ea1f6df432a.csv
1;316.1;2020-05-18;parcelas_bcbb2856-bb11-41ef-8e81-1752f50fad26.csv
1;1606.59;2020-11-03;parcelas_bcc6ba0f-77eb-42bb-ae70-8e350d3355b0.csv
1;66.7;2020-01-29;parcelas_bcd751f4-600d-4218-98b4-2911e6cd1103.csv
1;1568;2020-09-24;parcelas_bcdbf9b6-3cf2-4155-b299-98e20ba8c795.csv
1;4025.38;2020-05-11;parcelas_bcdcd451-b590-4f1a-8732-bdbf5670fb5d.csv
1;79.79;2020-01-28;parcelas_bce140c9-7f08-4953-8da8-ff73a423559c.csv
1;1578.1;2020-08-26;parcelas_bce96682-a1cb-476c-b3b2-e90bf5141141.csv
1;210;2019-12-30;parcelas_bceaf75d-17d9-441a-a358-b4a474ea146f.csv
1;7489.6;2020-02-26;parcelas_bceff770-7b59-47ee-ba43-96c2376194b5.csv
1;2705.43;2020-01-28;parcelas_bcf22bac-3070-4252-bf2c-43229b95540b.csv
1;19966.83;2020-12-30;parcelas_bcf7b565-cced-4c4c-84fc-b5546c7e9890.csv
1;106350.53;2020-03-26;parcelas_bcf9994b-05bd-4ef9-906a-ea15643bf1b5.csv
1;736.35;2020-06-26;parcelas_bd01803f-dc0a-44ee-a3f3-6f50cab54258.csv
1;22970.43;2020-04-29;parcelas_bd01c267-5e7f-4d98-944e-9a773797311b.csv
1;205757.88;2020-08-12;parcelas_bd0526cb-2925-4700-9f63-71b06f049004.csv
1;9000.44;2020-05-13;parcelas_bd054e76-88d4-410f-ba47-ebaeac7e7e22.csv
1;20545.54;2020-03-26;parcelas_bd063396-bda1-4b6c-b387-9afd187f395c.csv
1;500;2020-01-31;parcelas_bd09c340-8c7e-4cef-ad19-85f63aeeb583.csv
1;1554.53;2020-10-13;parcelas_bd0f990c-46bd-41fc-8aac-0eb8a8ba929d.csv
1;125;2020-10-21;parcelas_bd1962b1-b72c-4401-a55d-57be5a9fda65.csv
1;57218.48;2020-12-07;parcelas_bd22026d-8f46-4532-b824-0b03c3999ad9.csv
1;13343.62;2020-11-10;parcelas_bd27d2e2-6c6e-4e51-b70a-7d86dcc2144c.csv
1;3950.25;2020-08-04;parcelas_bd2ad78a-e950-4da5-bced-9e9f2be117c2.csv
1;248.08;2020-09-30;parcelas_bd3a41d3-b662-435c-9adf-6a62614f00a9.csv
1;157.76;2020-09-29;parcelas_bd464b92-2857-48b3-b5c7-d2659af14a7d.csv
1;37550.54;2020-08-27;parcelas_bd559171-41f9-4c29-aab7-c7dc27731047.csv
1;36490;2020-10-02;parcelas_bd5d0156-ac7c-4b6d-b91b-8f85fddb6ac9.csv
1;240000;2020-05-01;parcelas_bd63774e-2d77-41d7-8713-c6dbaa5c38ee.csv
1;123900;2020-08-28;parcelas_bd6abb39-8fa9-4e4b-b624-7b22f5e2ee9c.csv
1;10241.72;2020-09-15;parcelas_bd6cb1d0-0cc9-4f2a-8ad3-bcee822a34b9.csv
1;623219;2020-01-02;parcelas_bd71e1b1-f7b7-4b21-8357-016834ebcd99.csv
1;1155900;2020-01-02;parcelas_bd786585-232a-4a7e-8be6-976bc52b3e32.csv
1;641.06;2020-10-29;parcelas_bd786d35-ef77-4368-94ba-a54f98563648.csv
1;2500;2020-09-28;parcelas_bd792afc-5181-4a2b-9e9f-7c2ea23441c6.csv
1;6758.68;2020-12-08;parcelas_bd7cd1d9-187b-4314-a3a1-3388100af546.csv
1;21426.8;2020-02-27;parcelas_bd7db11c-6771-4fdb-863b-4127c5246cc3.csv
1;14600.61;2020-04-30;parcelas_bd7ea499-1451-4e52-98e3-eeaa63034fd3.csv
1;174921.58;2020-02-26;parcelas_bd802b70-6c21-435f-b025-5eb0544cd279.csv
1;4226.04;2020-08-18;parcelas_bd81b6f5-c97e-41cd-8a17-1e45f369f7b6.csv
1;14504.13;2020-01-02;parcelas_bd825d0e-9a02-45b2-a162-0479969e1048.csv
1;614.72;2020-08-31;parcelas_bd84052e-24c5-4715-8a56-e496c0a12e2c.csv
1;2842.4;2020-01-03;parcelas_bd855bf4-d4c7-4a68-96db-63db365dbcec.csv
1;5962;2020-11-18;parcelas_bd8717c7-982f-42a2-a85c-7bd3790f4718.csv
1;1093.4;2020-11-04;parcelas_bd897f8d-f4e3-4bf9-9757-1804e35176f5.csv
1;256263.6;2020-06-26;parcelas_bd8d8477-6fea-444c-877a-833a99ad9562.csv
1;1961.7;2020-01-02;parcelas_bd8dbf22-68b0-4802-8b24-6436c53d3f91.csv
1;36412.71;2020-05-25;parcelas_bd8e6a05-0436-4d08-bef3-29e4157e2605.csv
1;943.5;2020-09-01;parcelas_bd90f8dd-f9bf-47ef-935f-d440ae09cb17.csv
1;51488.11;2020-01-20;parcelas_bd9a3e8b-0e4d-4fa3-b33d-86d3fc11d558.csv
1;344.25;2020-02-18;parcelas_bd9f34e8-eed6-4204-a8a2-e2117e254994.csv
1;36;2020-06-09;parcelas_bda8c536-9058-4b14-a5ff-6c8ef8a158aa.csv
1;384.98;2020-09-29;parcelas_bda8d634-73bc-49fe-9ecf-91074fb88fd3.csv
1;650;2020-09-24;parcelas_bdb39564-2013-4273-9514-fc600edb70e1.csv
1;8792.13;2020-11-03;parcelas_bdba41cb-2d43-455f-ae6c-db5ce8c9a5d5.csv
1;500000;2020-08-19;parcelas_bdbbf36e-7bbb-466b-989d-14db482c07ef.csv
1;390010;2020-12-30;parcelas_bdc02c5b-c2a7-427f-8f9f-f563bae554ed.csv
1;137116.33;2020-10-22;parcelas_bdc195bd-5f82-43ea-b783-71550bc7ae41.csv
1;26372.06;2020-12-30;parcelas_bdc89435-b564-41a0-ba7a-aa125c9179af.csv
1;4341.12;2020-11-16;parcelas_bdc95698-2dda-42e3-8c44-e9097a6c75e0.csv
1;4062.62;2020-03-25;parcelas_bdca5461-66c5-427b-a742-074b0b05bea8.csv
1;900;2020-06-15;parcelas_bdd3f814-1815-487b-a1e1-7e48d67a07d2.csv
1;253948.66;2020-08-07;parcelas_bdd9430a-1340-45b7-84be-507463aedbe7.csv
1;37414.67;2020-10-28;parcelas_bdd94b40-d2cf-422e-8b34-62fab8198f9e.csv
1;29579.84;2020-10-28;parcelas_bddc75ad-a33f-4904-ab73-5ed2e98aa860.csv
1;2533.06;2020-04-27;parcelas_bde01419-b60f-437b-896d-7733dbf76a55.csv
1;354.99;2020-11-05;parcelas_bde03f83-2f2b-4d77-9b8b-2fbeb44b0c45.csv
1;20320;2020-08-27;parcelas_bdee4762-de13-4798-9989-22903a394844.csv
1;6988.47;2020-01-10;parcelas_bdff4cfb-9c99-4fee-9785-47f7c24beae1.csv
1;145415.52;2020-11-06;parcelas_be0018d5-e9ba-4ab8-ac76-47cc2f3cc982.csv
1;4;2020-11-03;parcelas_be0407ad-98d9-4f25-9d0e-2693f13ef07a.csv
1;4076.97;2020-11-30;parcelas_be050b6b-fb2a-407e-906a-50efb8fe1a4f.csv
1;46934.9;2020-09-30;parcelas_be090b95-f2d4-4d88-8860-2977f5154c40.csv
1;350;2020-05-27;parcelas_be16affd-4c81-461b-9b30-5146964a0883.csv
1;90;2017-11-30;parcelas_be1933e2-0f82-49d8-8dfd-a2352fcfdc20.csv
1;756;2020-07-27;parcelas_be1c75f4-aaf7-4099-8e35-f1c53ac317e9.csv
1;1586.6;2020-07-01;parcelas_be21837c-ff8b-4024-a9fc-b69c911e9dcf.csv
1;389000;2020-02-17;parcelas_be24055a-c937-4363-96ed-f80bf1d50f96.csv
1;4770.85;2020-09-30;parcelas_be24df04-3fcc-4448-90d8-c395ba761ada.csv
1;2463.31;2020-05-29;parcelas_be255a5b-dad3-489e-a41b-1c7e44e54a37.csv
1;88.78;2020-07-10;parcelas_be43ab45-c98c-49cf-bdc5-43ff7ff1243e.csv
1;270.58;2020-01-28;parcelas_be4810ee-1671-4c74-bde5-2d26c2906eb3.csv
1;675;2020-03-06;parcelas_be4a3cfe-8503-4254-9638-57e42e00950a.csv
1;13393.69;2019-12-30;parcelas_be69a58d-7e92-4756-bb4b-cdad50b55755.csv
1;15470.77;2019-12-30;parcelas_be69a58d-7e92-4756-bb4b-cdad50b55755.csv
1;260190.21;2019-12-30;parcelas_be69a58d-7e92-4756-bb4b-cdad50b55755.csv
1;225257.49;2019-12-30;parcelas_be69a58d-7e92-4756-bb4b-cdad50b55755.csv
1;82.67;2020-09-16;parcelas_be6f45cd-7711-4fdd-ad42-229232816859.csv
1;1222.77;2020-11-03;parcelas_be7279da-d977-4d4c-83cc-2822bd303c62.csv
1;8286.88;2020-05-18;parcelas_be73e431-8c18-4eb7-b237-c6e97b4e3467.csv
1;408492.36;2020-02-13;parcelas_be770be2-3ba5-4672-bf5a-87a9c49c5ab3.csv
1;27816.33;2020-11-27;parcelas_be7bf509-89bd-4c43-93e2-679109787bcc.csv
1;3574.5;2020-12-21;parcelas_be7e0f9e-7848-4623-a5b0-ef948f3ae915.csv
1;5040;2020-09-09;parcelas_be84f3dc-fb79-4d0a-9373-0225e301ede3.csv
1;695.27;2020-12-21;parcelas_be86f446-b3d8-4f6e-b884-4ff33550ddb2.csv
1;73110.79;2020-04-29;parcelas_be8985bb-4526-4c4a-bb4b-f00af149327e.csv
1;288;2020-02-06;parcelas_be8ade37-f8b6-47ce-b663-8a9a4ed8380a.csv
1;1340.96;2020-02-17;parcelas_be8db0ef-7e8b-40b5-be37-51c1b924c76e.csv
1;1100;2020-11-06;parcelas_be8df149-ae54-4a07-97ec-be492f4007b7.csv
1;76.3;2020-07-01;parcelas_be90f83f-b75e-4f6d-bf90-5ad76478da06.csv
1;4113.41;2020-09-24;parcelas_be91eb54-bb20-4477-b698-7ab9ce944153.csv
1;61.23;2020-04-27;parcelas_be93324f-c0ec-4515-8f2e-0da3bbb3fa38.csv
1;49062.46;2020-12-21;parcelas_be9903b0-dd32-4f78-839f-a3d4e5db31d8.csv
1;2823.11;2020-10-30;parcelas_be9a1cdb-5830-492d-9805-8b70a5416f08.csv
1;1080;2020-03-02;parcelas_be9c1e7b-f500-4e21-b718-7f5d99aa50b8.csv
1;572.46;2020-08-31;parcelas_be9eb318-f38b-4bb1-8e1b-041195015d4e.csv
1;2650;2020-09-23;parcelas_beac4409-6048-4b4b-8a7a-c6972b6a83f5.csv
1;6184.85;2020-02-17;parcelas_beae7186-d0ca-4daa-b9e2-7fae3a703016.csv
1;1055.34;2020-10-22;parcelas_beb40b1c-bd8a-4226-8af7-c01fe3b8f2c2.csv
1;1000;2020-02-03;parcelas_beb7371c-d10e-4e70-996a-1e9c7717001e.csv
1;4742.68;2020-07-08;parcelas_beb78763-374d-4379-bf2b-c69a9765a773.csv
1;23696.14;2020-08-10;parcelas_beb7eeb6-28d9-4c33-ab50-955e4ab129a3.csv
1;72;2020-02-07;parcelas_bec5a469-eb35-41c6-897e-386a428cbb60.csv
1;34388.14;2020-02-10;parcelas_bec9232a-0188-41f2-b4a7-e3e1bb9605bf.csv
1;5607.22;2020-01-31;parcelas_bed519c3-ed76-4194-984b-091f7bb9ab6a.csv
1;39323.34;2020-03-30;parcelas_bee540af-0acb-4bf6-9740-c2806741f001.csv
1;31460.09;2018-10-25;parcelas_bee5c79f-26ba-445f-8d56-b89d55203dd2.csv
1;1500;2020-11-13;parcelas_bee72cfc-52d6-4c08-8fca-db71091c9db2.csv
1;123139.79;2020-07-30;parcelas_bee98dd8-86c0-45a0-ae56-b674624301dc.csv
1;0.03;2020-09-28;parcelas_beeea7bd-7e87-4edb-bfa7-3468022ecb21.csv
1;31046.6;2020-02-26;parcelas_bef014da-2b66-4320-a0af-3857c72269b5.csv
1;39357.18;2020-04-17;parcelas_bf17d34b-7ed3-4b73-9c37-4e860adb74fc.csv
1;6101;2020-09-10;parcelas_bf20334e-18ba-4109-a189-21d3c38cb734.csv
1;102.38;2020-04-24;parcelas_bf29610c-c022-48e8-994e-887ee8899b3e.csv
1;4325;2020-06-08;parcelas_bf3474aa-e2db-4984-860d-71fb7c089b68.csv
1;12220.72;2020-02-05;parcelas_bf379655-77b4-4bc3-955b-b12484c9251e.csv
1;19460;2020-03-06;parcelas_bf4b52b0-4b95-4a6a-ab18-0ed6327da354.csv
1;382485.72;2020-09-28;parcelas_bf4c4d1b-5692-4c45-832a-daa2bfd1ace2.csv
1;8826.54;2020-10-13;parcelas_bf501358-727f-4291-a5e1-3a4670c61ad7.csv
1;36531.9;2020-12-21;parcelas_bf56fec3-197a-430a-a6ee-e7b86f9c9504.csv
1;3508.12;2020-12-16;parcelas_bf5d882e-939d-4ee7-b2cf-6cd8f9fd39f4.csv
1;14329.4;2020-08-28;parcelas_bf5e3d76-56c4-4155-bc0d-f0175461349b.csv
1;19614.33;2020-10-28;parcelas_bf5e595b-102d-426e-91cc-d31c66976dfc.csv
1;10213.76;2020-03-02;parcelas_bf5e6dfd-a24e-42d7-b559-29f7c23d6fef.csv
1;1405.83;2020-10-28;parcelas_bf5ee82f-4b59-4191-ba01-a9e9096f8f07.csv
1;522.5;2020-11-23;parcelas_bf687378-6621-4ca7-87c7-1be4495b34d1.csv
1;12220.74;2020-02-05;parcelas_bf830a8c-869c-45dc-8c71-739e944e8f2f.csv
1;16982.5;2020-10-01;parcelas_bf998c9c-f556-4bdb-93aa-79b4f47795b7.csv
1;990.84;2020-04-30;parcelas_bf9a8475-76ef-4845-a8ff-e3d845db5760.csv
1;20640;2020-05-05;parcelas_bf9b27f9-1f2e-49e3-8847-2d9f43f8d941.csv
1;3000;2020-06-26;parcelas_bfa7e250-80ad-4bee-966b-03330728b211.csv
1;5699.17;2020-10-28;parcelas_bfaddc1e-a932-4506-b6d7-6a4d2f0f9a00.csv
1;1797.45;2020-09-08;parcelas_bfd5ff0a-1fa0-402b-a90d-f303cf6fa971.csv
1;66012.72;2020-07-31;parcelas_bfd9e2c6-710e-435c-b8b8-d9e15c1dedda.csv
1;1960.76;2020-06-26;parcelas_bfe05728-06f2-4b7a-b733-9596b6dfc9d8.csv
1;1975;2020-04-17;parcelas_bfe10ae9-e0f5-4461-aabe-535d594b9836.csv
1;550;2020-09-25;parcelas_bfefe0c3-0289-4130-bcaa-b5f160c28be7.csv
1;565962.94;2018-12-31;parcelas_bff53fb9-8c12-41bb-84ed-ef15cf85b0d8.csv
1;591105.37;2020-03-30;parcelas_bff7853e-05b8-458d-bd41-a5d20d110beb.csv
1;13950;2020-02-28;parcelas_bff82e96-c15d-42a3-9c0e-0e1ea5aaf56f.csv
1;4065;2020-02-06;parcelas_bffac0b2-9e9a-4f94-a6dc-4e1a8c1aef1b.csv
1;4363.7;2020-11-25;parcelas_c0013cca-e628-48a3-a59d-4f4586b3b9bb.csv
1;9099.81;2020-01-21;parcelas_c0108224-82f2-4167-8063-96087f334390.csv
1;2037.2;2020-10-16;parcelas_c0191e3e-7664-4ece-9e91-13a179d1fbb2.csv
1;341.94;2020-02-05;parcelas_c02a4a3d-e1f8-428f-9b94-923249e01082.csv
1;332367.55;2020-05-05;parcelas_c02c0b22-8aba-4c53-8b79-21c4c9e1c0a2.csv
1;57627.44;2020-04-15;parcelas_c02cc385-2af6-4c3a-a290-d022192db306.csv
1;3366.06;2020-11-27;parcelas_c02cc4cd-ac15-4695-9e57-5d57061f3c33.csv
1;3329.4;2020-02-18;parcelas_c030216e-449f-4f02-b471-74c97ab75bf5.csv
1;249.58;2020-09-29;parcelas_c03e1255-4fed-4db8-b186-50e4c394ee9a.csv
1;5049.02;2020-12-21;parcelas_c03e4e7c-1441-4756-bab4-bc7c971970fb.csv
1;839.7;2020-08-19;parcelas_c0467e4a-c26b-45e5-9133-32c48e1c7823.csv
1;567.76;2020-09-29;parcelas_c04e2fb2-937f-404b-bf6f-0c050fb4d705.csv
1;1190.9;2020-12-29;parcelas_c0510fe5-a45a-49e6-b323-6e3713a2ac16.csv
1;2377.42;2020-11-24;parcelas_c05a751f-51c1-4639-a3bc-43e51f6d3578.csv
1;257.48;2020-01-10;parcelas_c05c9814-78a1-4c7a-8997-b01a7c48ffdf.csv
1;12136.36;2019-12-31;parcelas_c062d1db-eadc-4ae8-9e83-519b0510fc86.csv
1;763;2020-11-09;parcelas_c06325e8-e346-49dc-8d5c-e43531093c64.csv
1;10108.24;2020-11-04;parcelas_c0639468-7be9-4ce4-af3d-ce386346ae83.csv
1;480000;2020-09-11;parcelas_c063be16-11c3-4bab-a6ce-c7bed2cfbd67.csv
1;13974;2020-11-13;parcelas_c06546ca-4908-4eb4-a61e-705980fd8504.csv
1;360;2020-11-27;parcelas_c0674588-a8e0-49b4-8196-92e5b9296f6c.csv
1;838.95;2020-09-11;parcelas_c06855b8-827c-4d5b-9867-5cdac6e6de8f.csv
1;1962.28;2020-09-30;parcelas_c06a63fe-6336-4566-bf35-1fa903d21329.csv
1;1574.12;2020-08-10;parcelas_c06ac0ca-158c-49de-8541-263c407efcf5.csv
1;68860.82;2018-12-31;parcelas_c07bff56-4da0-4142-a081-710aa3a53bbc.csv
1;4950;2020-09-25;parcelas_c07c81d7-1bc6-4977-9c50-2c511104d84f.csv
1;37755.49;2020-12-21;parcelas_c07f1488-5407-4795-a989-65c130c6eb30.csv
1;2231.4;2020-07-02;parcelas_c082cd82-2778-49fe-9536-71e663cf137f.csv
1;8260;2020-02-26;parcelas_c083a616-f009-407c-a65c-d52691776e8d.csv
1;617.93;2020-08-17;parcelas_c084ef35-cb70-46ea-9bc1-766d5a814da5.csv
1;1226.07;2020-10-14;parcelas_c0930321-c948-4470-b9d5-ae9e304c0a93.csv
1;1860.23;2020-08-31;parcelas_c0931995-a785-499c-b6f8-ae15a1ab522c.csv
1;213873.3;2020-05-27;parcelas_c093a417-a9da-482c-aeab-27efd2f2ee00.csv
1;1026.72;2020-05-14;parcelas_c094bd71-aaad-44d9-8ce3-2d1b43e41348.csv
1;8668.77;2020-09-29;parcelas_c0a08126-c11a-4db8-bb24-2891a6a2749e.csv
1;500000;2020-03-16;parcelas_c0a7acc9-6470-4049-a467-3ee633a9eb7d.csv
1;9098.99;2020-11-24;parcelas_c0a8a3bd-1cd0-457a-9a39-1d0f34151497.csv
1;4930;2020-06-15;parcelas_c0ae5510-2af6-4404-9562-78178ada8568.csv
1;20000;2020-11-10;parcelas_c0aed9cb-7a4b-4a80-89d5-d4dbcb5762bd.csv
1;5586;2020-10-23;parcelas_c0b447f5-c3a4-4475-a09b-b4597be2aa10.csv
1;22526.07;2020-09-28;parcelas_c0c5f4a6-dca6-46bb-ae34-7fc02f5af2a9.csv
1;70800;2020-10-14;parcelas_c0c73f2b-1ded-48ed-b2b8-825d24b589ba.csv
1;2443;2020-06-01;parcelas_c0cc1e9a-dda6-41df-98c5-d840484acdba.csv
1;232000;2020-11-23;parcelas_c0cf2b6a-f4b2-4b6f-8eb4-db4e662ae963.csv
1;31.6;2020-06-10;parcelas_c0df0346-7ebf-4416-9add-8d75c1595111.csv
1;416.06;2020-02-28;parcelas_c0e1af9b-f255-4f8e-b636-cbfaa021900e.csv
1;826;2020-02-10;parcelas_c0e23b43-62e8-41d8-bd09-37d8a177b38b.csv
1;55060.53;2020-01-02;parcelas_c0f66712-51bd-45a0-8192-543d8735ad43.csv
1;3600;2020-01-08;parcelas_c0f960c5-d5c0-4642-8597-a6e61e798c08.csv
1;5258.17;2020-11-26;parcelas_c0fb2175-864f-47c9-9394-696c87d58280.csv
1;16192.28;2020-04-01;parcelas_c11e6821-44b2-4d8b-8383-99b834f63799.csv
1;53625;2020-01-15;parcelas_c11fa393-1af4-4bdb-8f76-2ce186ca9cca.csv
1;500;2020-03-02;parcelas_c1221805-73ac-4a36-b0fc-ad332e58ed83.csv
1;19782.64;2020-07-13;parcelas_c12b35b8-4053-4423-a6c7-0b99ca5560b5.csv
1;103.63;2020-04-20;parcelas_c1301d4e-c853-43f5-812e-f157fe86a375.csv
1;3289.3;2020-03-13;parcelas_c13134f9-c8c6-4508-b9f2-c81fd4236e2a.csv
1;2350;2020-02-26;parcelas_c131c3e5-2019-43fa-85ec-367276f34e04.csv
1;14816.85;2020-10-30;parcelas_c131e6b9-910c-47e9-8e3a-39a9b8685ad8.csv
1;6900;2020-01-02;parcelas_c1389a77-363f-4fcb-a1ec-da328d7930ee.csv
1;296.4;2020-06-10;parcelas_c13aa253-03fc-4874-ad40-bb8e57a8bbbc.csv
1;50329.01;2020-06-12;parcelas_c1414f06-6f67-4e1f-98b5-a94123e749e7.csv
1;675;2020-06-16;parcelas_c147cdc1-efb6-48f8-a03d-92cc95e39479.csv
1;1610;2020-07-30;parcelas_c148b4e0-65ed-4b15-b21a-ab1de40086f9.csv
1;66.7;2020-01-16;parcelas_c154b678-321b-49b2-b2bb-59d559ef5949.csv
1;11959.5;2020-03-31;parcelas_c15694e9-3c0b-4739-9aa6-96fb2799f77b.csv
1;45968.29;2020-12-15;parcelas_c15de685-2fba-42d1-b91a-c8122511cc80.csv
1;24859;2020-03-25;parcelas_c15e6d8e-6b23-4497-816f-b30cf3e9bd11.csv
1;170.7;2020-02-28;parcelas_c15ed787-2b7e-4d38-9472-219b47e25622.csv
1;7551.77;2020-05-19;parcelas_c1612db9-ce10-4623-8742-7243dedf5355.csv
1;3955.75;2020-11-27;parcelas_c16f91e9-acaa-4569-a5f7-fd2a14931373.csv
1;94;2020-08-13;parcelas_c173f1a6-6348-4d24-8a1e-40174dad132f.csv
1;128.74;2020-10-01;parcelas_c17a1e5e-3848-42b0-9ef2-8cf6d7a41d21.csv
1;2500;2020-11-26;parcelas_c17c95ef-75f5-4452-a821-ed8dec398687.csv
1;18270;2020-10-13;parcelas_c185d805-c194-4630-8d5b-3d35fa7980e1.csv
1;700000;2020-02-18;parcelas_c1872c62-db3b-4dd9-90f4-289bc5e09f1a.csv
1;4321.32;2020-08-27;parcelas_c189f809-82c9-40dc-9e63-31712228fb48.csv
1;102.58;2020-10-26;parcelas_c19aa101-3224-448a-8251-3b7d4dd4d556.csv
1;5400;2020-08-07;parcelas_c1a29a6d-22f6-4b77-9426-e2e7b50d9c89.csv
1;109000;2020-04-17;parcelas_c1a3121a-9c22-4969-a1fb-43c6e974c689.csv
1;182.51;2020-06-25;parcelas_c1a35bb9-c487-4c11-8ab8-ebc256c31ba1.csv
1;58500;2020-01-14;parcelas_c1a81ff3-e195-4e92-97ff-a1f3770ecaf6.csv
1;26496;2020-02-10;parcelas_c1b093d7-3ef6-49cd-9b43-5a824fd1b632.csv
1;94527.27;2020-09-10;parcelas_c1b110b7-8935-4ffa-ad95-e0e90cddb9d2.csv
1;1562.5;2020-03-06;parcelas_c1b2179c-2066-48b7-aa81-6b3b17a30acc.csv
1;36784;2020-09-09;parcelas_c1b48871-49b3-4161-8b85-1ba61148ab7d.csv
1;61.03;2020-08-28;parcelas_c1b56498-3441-4aee-9fa2-a32ee5466b30.csv
1;911.61;2020-05-13;parcelas_c1ba1e77-e38f-493c-a04d-a8b321d9587f.csv
1;3111.05;2020-05-28;parcelas_c1bc16c4-84a4-4acb-94e5-6b827703cb6e.csv
1;2180000;2020-01-02;parcelas_c1c0071f-9349-4125-98aa-1a1aa593db89.csv
1;238189.77;2013-10-25;parcelas_c1c10b4f-7f3f-40ae-95e6-88c390865b5e.csv
1;204016.71;2020-06-26;parcelas_c1c81b5e-2f2c-4c6e-b77f-7afb1a12dc3a.csv
1;14243.5;2020-09-25;parcelas_c1cf80d7-a1dd-4824-87ad-d83be8851c0f.csv
1;1342.95;2020-09-14;parcelas_c1d3b104-e169-42c4-8f09-fa5b46bfff6f.csv
1;131.89;2020-11-09;parcelas_c1dce077-15bc-4c05-861c-0e16f431debe.csv
1;10800;2020-09-14;parcelas_c1e62c8f-347c-431e-9f25-39f27f5fb31f.csv
1;51185.35;2020-06-02;parcelas_c1e7ab70-1897-4f4c-91b5-20cdbf1a1fa5.csv
1;3840;2020-05-07;parcelas_c1f4156f-cbb3-4d25-bbb0-9dd623217a24.csv
1;350439.21;2020-04-30;parcelas_c1f6bc02-60ec-4fd4-8a54-67ac1652ff5f.csv
1;63000;2020-09-01;parcelas_c1f8d386-6cc7-452e-a3b1-24a6a2357004.csv
1;930.8;2019-12-30;parcelas_c2061921-9ae5-4c23-a8e2-5be99a11b90e.csv
1;6300;2020-09-09;parcelas_c2069277-9a42-4ec0-b4bc-6caff2b27396.csv
1;6387.5;2020-03-26;parcelas_c208c432-a8c8-43a9-80d0-2d3da1f2e7de.csv
1;26060.38;2020-04-29;parcelas_c2091595-5971-421f-8794-4ddf22cc5ec3.csv
1;9541.58;2020-03-17;parcelas_c20e7682-3009-4785-b4f3-f47dd7fcd79b.csv
1;42003.76;2020-04-29;parcelas_c20ed704-63cd-4881-bd88-9c0c1b69d160.csv
1;107606.88;2020-04-07;parcelas_c21b475c-f91f-4e68-8eff-522a2c0f1064.csv
1;126240.48;2020-06-26;parcelas_c21dae70-cfa5-4d2a-b48b-95b32eaccb02.csv
1;6574.16;2020-12-21;parcelas_c2235c80-3f41-4dc9-8057-9c2927cd709d.csv
1;2876.44;2020-07-09;parcelas_c22b4d45-1af5-4307-bbed-ed6503282c60.csv
1;1537.47;2020-09-14;parcelas_c22c9cb2-623d-4268-b551-826cef946429.csv
1;7301.97;2020-06-26;parcelas_c236324a-3ebf-4406-8b90-91c497f4413e.csv
1;45558.08;2020-10-28;parcelas_c2370b6e-7d20-4684-b081-68d7ab8673f8.csv
1;49169.82;2020-04-29;parcelas_c2387756-f483-4684-80f3-fc69e95ececd.csv
1;3042.11;2020-01-29;parcelas_c238d96e-8ad5-43a4-a2f3-b287229f8662.csv
1;2778319.45;2020-05-28;parcelas_c23a2328-4ea7-4fcb-a2aa-81e6eef2a1fa.csv
1;14.56;2020-06-10;parcelas_c23e682f-3930-46d7-9590-862559e193a6.csv
1;19277.2;2020-04-20;parcelas_c23f4168-fa88-4241-8822-a3a9af2bd53b.csv
1;4897.79;2020-06-30;parcelas_c2441799-8a27-4634-ac67-25baa31f82e4.csv
1;42130;2020-12-21;parcelas_c245b038-ccac-4220-a6f4-a2f3132419ea.csv
1;71535.87;2020-08-27;parcelas_c249653a-d7bc-4b9c-bc85-185d43db2ec6.csv
1;265.83;2020-02-27;parcelas_c249c9e9-f63d-4109-8543-2552b0ec8d06.csv
1;24;2020-09-07;parcelas_c24c1f70-1958-4e32-8174-41cad5a42a7b.csv
1;10195.53;2020-06-26;parcelas_c24efbff-e698-404a-b3a9-b42f67a512b5.csv
1;7561.89;2020-03-20;parcelas_c2533c21-c148-41b6-89b3-61f759868915.csv
1;579;2020-05-14;parcelas_c25c9100-869c-48b8-a6b3-79a81a82382e.csv
1;97280.09;2020-11-27;parcelas_c260f5ba-ee22-4d91-a6f4-db2c7bccf405.csv
1;179.03;2020-10-14;parcelas_c262ad05-cb8f-447d-8ece-24793d677380.csv
1;128.76;2020-10-14;parcelas_c262b64a-9ddc-4076-982a-c7f88b553795.csv
1;360;2020-11-03;parcelas_c26472b4-5042-41b5-a4ac-8abef983fde8.csv
1;3500;2020-02-26;parcelas_c264f8ba-89ee-4b49-8178-3aba7b26e757.csv
1;107314.74;2020-04-29;parcelas_c26d20fa-5e90-40d2-a65c-a1f9659a1818.csv
1;122824.96;2020-02-13;parcelas_c2733c09-c6a0-4d5a-9185-2b2da9cf62cc.csv
1;945;2020-11-17;parcelas_c2772457-4543-4262-a6c2-1b97560586fa.csv
1;545.87;2020-12-02;parcelas_c27f4a68-0043-4312-9410-4e89728d5687.csv
1;1818.94;2020-03-06;parcelas_c28edb05-5282-40c6-a6b8-11a5aa8be436.csv
1;2037.15;2020-11-03;parcelas_c2949fed-44a4-4266-87e2-d3f704703547.csv
1;9992.4;2020-10-30;parcelas_c29ac3d0-d353-453b-828d-7f9db507ce3b.csv
1;6850;2020-10-22;parcelas_c29f1d46-9107-491c-bc0b-70e5be529fa0.csv
1;23735;2020-03-06;parcelas_c2aaf900-1545-448f-a48f-e9458c4834fd.csv
1;100000;2020-02-26;parcelas_c2be44ec-9d31-436d-bdb7-e62c3565ab8f.csv
1;267.94;2020-07-09;parcelas_c2c75433-3b44-4887-a264-7bf4fcf1ce54.csv
1;133675.69;2020-01-28;parcelas_c2d4715d-71fe-4b35-b24d-b8b706cace11.csv
1;244500;2020-01-29;parcelas_c2d71655-0245-4541-95d4-c64e6f594e23.csv
1;12600;2020-07-13;parcelas_c2d9c9d8-bbc1-4734-8012-918290839aa3.csv
1;88.78;2020-10-29;parcelas_c2dbceb2-c815-464a-9a5b-1f96565d0e47.csv
1;334340.47;2020-06-30;parcelas_c2e48988-f15c-446c-97a1-69e25c8cab40.csv
1;33250;2020-10-30;parcelas_c2e6b591-e3b3-4bf2-a263-35cdf40f5df1.csv
1;1952.2;2020-11-06;parcelas_c2f3d122-834b-4f90-b17d-09eee458b663.csv
1;210000;2020-05-06;parcelas_c30b9fea-7616-4cec-acc6-581193c7a223.csv
1;30763.25;2020-04-23;parcelas_c315ca9a-8627-4757-8a81-6e1240a5ed1f.csv
1;2322;2020-08-28;parcelas_c322180c-d02a-4961-968d-c600d5cf3724.csv
1;6101.06;2020-07-16;parcelas_c327140a-63b4-48a7-a853-75322d16ad09.csv
1;14560.49;2020-07-02;parcelas_c3381aeb-381e-489c-81e7-8e65c8cff3f5.csv
1;122425.26;2020-10-28;parcelas_c33efbcf-80cc-467f-a40b-5d5deb958b46.csv
1;180000;2017-01-10;parcelas_c341aa19-5fb0-46ae-a81a-dd3b17a69922.csv
1;233.49;2020-09-29;parcelas_c351a7b3-2b9a-421f-a295-28f58555a896.csv
1;5996.67;2020-08-27;parcelas_c36abce2-34da-43ed-94e6-3640c7483c7b.csv
1;19555.96;2020-02-26;parcelas_c374ef62-787b-41ea-81d9-fce0df0d3450.csv
1;34.14;2020-04-15;parcelas_c3752a91-ebb1-40b5-b8d5-d85b1030c3fc.csv
1;250000;2020-05-28;parcelas_c376eabc-0793-47bb-afe9-083125c888d7.csv
1;47097.6;2020-07-01;parcelas_c376f000-1e58-43c5-bc46-285f5f043c96.csv
1;2941.78;2020-07-31;parcelas_c37e5eaf-6eaf-43de-a15f-ec292b2c36dc.csv
1;686;2019-12-30;parcelas_c38614d0-b9a2-44d3-9e86-2682e0099fae.csv
1;8052106.89;2020-05-14;parcelas_c38daa0b-4c0f-45a9-b7bf-354ad61125fb.csv
1;1132.98;2020-02-17;parcelas_c38e0f92-20e9-4b48-bb21-23c003fb9453.csv
1;139966.2;2020-11-27;parcelas_c394bc03-2405-4ea0-8c0f-ccd4a520e00a.csv
1;29582.54;2020-07-13;parcelas_c3a3501e-b1fc-4f0f-80fa-c3deac986cd8.csv
1;1275;2020-09-14;parcelas_c3a803c2-6cc8-453b-8906-cc1aa9a8e3f4.csv
1;7030;2020-11-03;parcelas_c3a86327-51b3-4316-b640-ba637270c8fc.csv
1;957.87;2020-05-29;parcelas_c3ab75f8-25c9-40d4-8348-8eda9518b0b0.csv
1;23218.15;2020-11-27;parcelas_c3b00a40-e08f-404e-ac9a-1cccb708fa04.csv
1;32627.63;2020-06-25;parcelas_c3b036dd-79a4-491e-bf39-a3a69de6471b.csv
1;51344;2020-08-07;parcelas_c3b6c331-c809-4d3b-9c72-b1cdbf7556a1.csv
1;44810;2020-09-15;parcelas_c3b8f071-6420-479a-b2df-6c6415a3ce55.csv
1;15982.72;2020-04-07;parcelas_c3bf797e-bc70-4b47-89c1-042bdea7ff50.csv
1;427096.21;2020-09-28;parcelas_c3c4f198-cc27-44af-ab3a-15c5517d365f.csv
1;2612.5;2020-08-31;parcelas_c3c7c548-7f38-459e-a4ff-d37d3159b0f8.csv
1;47219.56;2020-04-29;parcelas_c3cb1adb-7f31-452c-b1ee-9a4ca2439638.csv
1;19.94;2020-01-31;parcelas_c3e112d8-d54b-4bd4-b39f-298f85e82e05.csv
1;98.66;2020-01-10;parcelas_c3e27b70-27fa-4a59-afc2-9b4c13b132bb.csv
1;2484.75;2020-04-06;parcelas_c3e4c334-ea6b-4e73-af66-46ff7ba97cfc.csv
1;33388.09;2020-02-28;parcelas_c3f66540-a64e-455b-bc9f-026e93d2408f.csv
1;780;2020-03-27;parcelas_c3f71734-6f2b-41a1-affe-681c89ac82c5.csv
1;2347.3;2020-08-06;parcelas_c405b056-5eff-494f-931a-ce23da325bdc.csv
1;37728.57;2019-12-30;parcelas_c409a8bb-8a22-47e6-a98e-c8c558da7a48.csv
1;77547.16;2019-12-30;parcelas_c409a8bb-8a22-47e6-a98e-c8c558da7a48.csv
1;65240;2020-09-25;parcelas_c40a45b3-8107-42d6-853d-4a6876c9409d.csv
1;1283;2020-04-13;parcelas_c40e1fa4-e7b8-4da0-b2dc-f5078a99f5d9.csv
1;25103.52;2019-12-30;parcelas_c414d072-cb3a-47b0-886c-b10b252f51b1.csv
1;29357.32;2020-06-08;parcelas_c4155b3b-81df-4a17-a753-c06695f7e78e.csv
1;20963.24;2020-01-02;parcelas_c4173348-8e58-4b3e-8055-b451542f197a.csv
1;1475;2020-01-23;parcelas_c4203c24-0425-467d-a74f-4a1922070f7b.csv
1;515.29;2020-07-09;parcelas_c42a06a2-a95f-4a7b-ba12-10e418029ca3.csv
1;40000;2020-07-02;parcelas_c42c67b7-cb9a-4e21-9907-aae3246dd07d.csv
1;114059.31;2020-04-29;parcelas_c4322f8f-dab6-434c-9230-972fdb45aacc.csv
1;1440;2020-09-10;parcelas_c440a9b4-e9c0-455b-aca8-a07d74d34241.csv
1;33013.3;2020-01-02;parcelas_c44de28a-0111-4778-8500-cf9a04f4320e.csv
1;17460.6;2020-09-16;parcelas_c45a3a66-25b7-485c-8bf3-4c6f63402e8f.csv
1;124680;2020-05-08;parcelas_c472f7dd-1e0b-4ede-93ae-a94b53b91658.csv
1;21900;2020-03-30;parcelas_c473a0a7-99fc-4caf-9bdc-43afa9d25c9a.csv
1;1342.61;2020-09-29;parcelas_c473a7e9-4a0e-48d7-80bf-af33df2f85e4.csv
1;1182.1;2020-06-09;parcelas_c4789eb8-850d-401c-8368-51d31abcff61.csv
1;194.5;2020-07-20;parcelas_c482d836-4404-4416-9714-c9c5ea45031c.csv
1;11750.69;2020-02-28;parcelas_c48993a5-f650-4d37-bf1f-ea44b5dbe92e.csv
1;5979.37;2020-06-26;parcelas_c48fc0ce-0884-4e9a-824f-fb11fa336acf.csv
1;93.6;2020-10-07;parcelas_c492f4d0-24c8-4484-88a8-e0767d4e49a9.csv
1;707.27;2020-06-29;parcelas_c4961804-545a-444c-828f-b6476e6f1055.csv
1;8836.5;2020-02-17;parcelas_c49f1161-e050-4318-8e1e-031d48cbd69e.csv
1;393388.47;2020-05-06;parcelas_c4a3ca44-92b6-410a-b13e-50169cfe204a.csv
1;624;2020-10-21;parcelas_c4a768a4-7429-46ee-a344-212ef9feb86e.csv
1;648;2020-04-15;parcelas_c4b7fa70-25e2-471d-9ff6-d66554eb2bbf.csv
1;2823.82;2020-11-09;parcelas_c4bcf019-5051-48e9-9d72-a809ee9db6b1.csv
1;1216;2020-05-27;parcelas_c4c70453-7d04-4af9-9b82-e30610c7b852.csv
1;10000;2020-01-23;parcelas_c4c8d91f-a4b6-48f0-8d67-5dab41caca69.csv
1;5255.83;2020-09-28;parcelas_c4c9f9d1-773f-462f-bc30-c0e2f7c90fa1.csv
1;3963;2020-06-09;parcelas_c4cb0413-4bf6-42d4-852a-250506b36998.csv
1;536132.2;2020-07-30;parcelas_c4cd7977-2d6c-4a7e-98b7-9f8b1a16e893.csv
1;649.55;2020-11-09;parcelas_c4d81aad-b385-427c-9358-cbea22bc1051.csv
1;1932;2020-05-11;parcelas_c4db6773-966f-4bc0-8f86-a9114ceb16b2.csv
1;327505;2020-01-21;parcelas_c4e20156-747d-4de8-b773-07dfddfbcf46.csv
1;756.81;2020-11-03;parcelas_c4e2ad2e-3e41-4c81-9ec5-4b76c103b21a.csv
1;69028.41;2020-02-05;parcelas_c4e48a34-4129-443c-ac9b-b166d652745c.csv
1;3000;2020-01-31;parcelas_c4e671fc-cda4-441a-8b8a-2a8038f31d1d.csv
1;3822.83;2020-02-12;parcelas_c4e6d489-9310-459e-8fb8-a05679df4fd0.csv
1;97446.53;2020-07-30;parcelas_c4e93355-f852-48fb-be5d-04ed903bc4ae.csv
1;2254.4;2020-03-06;parcelas_c4e9d8d4-f10d-4ef9-b9a7-d41129b57c77.csv
1;28534.5;2020-03-03;parcelas_c4eeb5b5-2467-4d2e-a804-1845ae467768.csv
1;425;2020-09-14;parcelas_c4f2ac87-b67d-4c93-8795-164ebbc7d5bf.csv
1;4862.44;2020-07-22;parcelas_c4f2bb0c-7c84-4188-abc4-43f0e3d7a522.csv
1;35849.44;2020-08-27;parcelas_c4f623f6-bb20-45cb-b0e9-b3473a4f8bd9.csv
1;1793.56;2020-10-21;parcelas_c4f98ca6-dc4b-4f50-b91a-092d31cff4fa.csv
1;628.02;2020-03-16;parcelas_c50616c9-29e5-47a0-867b-fec56c528fcd.csv
1;27920.11;2020-07-30;parcelas_c507e442-58d7-4754-aba8-1bba34237e22.csv
1;19331.53;2020-02-26;parcelas_c5085714-b7fb-46e1-bec3-44cbcd15e171.csv
1;154995.41;2020-01-02;parcelas_c50e8dde-a6b2-4c98-9984-3349e8e71b02.csv
1;4013.59;2020-01-09;parcelas_c5141efa-3540-4ecc-a140-918ee8b6c2d5.csv
1;1000;2020-01-02;parcelas_c5159ca1-b91c-4330-884b-172544a5a5d2.csv
1;18140.19;2020-11-27;parcelas_c51b632f-0481-4522-8e79-67e09b00edc1.csv
1;323802.35;2020-05-12;parcelas_c51d4ddc-2c3b-4502-83ab-4ae097ae5cfa.csv
1;14810;2020-06-08;parcelas_c51ff356-965f-4167-be07-52f818d2e8c8.csv
1;11495;2020-01-27;parcelas_c52aaf9a-aaac-4d3c-8429-f2fdb3113a6e.csv
1;232.36;2020-11-05;parcelas_c52ce14c-1b02-467d-8912-be27b31bce62.csv
1;10367.38;2020-02-26;parcelas_c52df586-b237-46ad-8802-6778fcc72356.csv
1;189.24;2020-05-28;parcelas_c5363068-83bd-4e32-96d8-441fb1c0a366.csv
1;30444.38;2020-02-28;parcelas_c537470e-4cbd-416b-ac16-dca4d297a5a0.csv
1;1818.07;2020-06-30;parcelas_c5394774-ee72-488f-9c23-6360aa9605cc.csv
1;1627;2020-01-16;parcelas_c53b694b-be86-447f-9426-fbeddc947acf.csv
1;2000;2020-05-05;parcelas_c53b74cc-8bcb-4a1f-bbe9-07d10d5de054.csv
1;21611.93;2020-05-22;parcelas_c54754ec-dced-44d4-94c2-a8997aa9a549.csv
1;217550.43;2020-04-09;parcelas_c552ad19-c260-4e94-b766-d68f2939532d.csv
1;648.45;2020-11-03;parcelas_c558e45b-4838-4531-9820-4aff295b4f02.csv
1;970016.9;2020-01-02;parcelas_c55b12c4-52c4-4db0-a7c1-1d632eb0c401.csv
1;426530;2020-12-21;parcelas_c55b1f99-f26c-4042-b98b-e582a149d81d.csv
1;3966.87;2020-09-28;parcelas_c55d6421-343b-4c22-b037-493b4ee2d3c9.csv
1;128197.83;2020-11-27;parcelas_c55ee09a-5e9b-4eb3-a9eb-e1aac200b95d.csv
1;9804;2020-04-15;parcelas_c55f1e86-a060-4772-96a7-6d6e17df973d.csv
1;1795.2;2020-09-29;parcelas_c55f97bf-8261-44ac-809c-5504c37bb1dd.csv
1;6000;2019-12-13;parcelas_c577163e-2093-44e8-b47a-bb42e9d7f159.csv
1;261.7;2020-07-22;parcelas_c57a2f5a-a7ee-47cb-8922-bd37544a8217.csv
1;4770;2020-05-27;parcelas_c582dae0-b604-495d-bca2-615194b7f0c4.csv
1;466.9;2020-09-29;parcelas_c583fb85-de65-4bd7-87c1-29eac950e212.csv
1;4157.34;2020-07-01;parcelas_c586fa5d-d536-4e58-9cd5-4c26d8f69022.csv
1;6062.4;2020-05-28;parcelas_c58770d3-6a38-4321-bd86-875eb690b723.csv
1;2118.45;2020-11-04;parcelas_c59023e7-76da-4022-8385-8eec7cbe56d7.csv
1;2800;2020-04-29;parcelas_c5932b16-8a88-4549-9edd-8e563aac7fc3.csv
1;2160000;2020-01-02;parcelas_c59468ea-84e5-4e40-b60e-5ed1fb3c6b3b.csv
1;274.15;2020-07-14;parcelas_c5a031a6-2eb2-47f9-a072-87e529a0765e.csv
1;365;2020-08-19;parcelas_c5a36dd7-0ec7-46d4-85dd-b514b9168e2f.csv
1;567848.69;2020-03-26;parcelas_c5a9e882-0560-4264-89ac-ec5ed584672c.csv
1;510.4;2020-10-21;parcelas_c5b467b6-cdd2-4c30-9ed2-b7ad1bceb369.csv
1;1102.27;2020-05-29;parcelas_c5ba9731-bfcb-4b62-bfd3-3f8dd0dc0253.csv
1;2826.88;2020-05-27;parcelas_c5ceec6e-f8eb-4645-ba29-f494281829c5.csv
1;122824.96;2020-05-14;parcelas_c5cff860-659d-4095-972e-5e74a90df4e2.csv
1;23022;2020-06-03;parcelas_c5d3bbf9-81e9-4d83-8cd7-e60908035282.csv
1;43520;2020-04-16;parcelas_c5d66b79-5ad0-453a-b73e-429ece55c10f.csv
1;3081.05;2020-08-27;parcelas_c5dc1a3b-8ef3-442f-a509-f3fa50f1428e.csv
1;180;2020-08-17;parcelas_c5dccbb6-1d58-427b-b4e0-ed4ceff6127c.csv
1;25232;2020-05-18;parcelas_c5ddde4f-4779-4d62-b368-5dcd218aef84.csv
1;9415;2020-10-02;parcelas_c5f15c15-8d21-44c6-9f56-b6a6737b6ca1.csv
1;3641;2020-11-09;parcelas_c5f1a755-c698-4dce-8f36-9765a6cccbac.csv
1;9320.16;2020-06-26;parcelas_c5fc0355-6d46-41b9-8c7f-519b8b956a19.csv
1;58265.12;2020-07-13;parcelas_c604caad-c2c4-4fcf-931a-a43a3e0d6432.csv
1;10000;2020-09-15;parcelas_c6058730-da02-476f-a44c-42f7718dabcd.csv
1;6318.8;2020-09-14;parcelas_c605a46f-e79e-4030-9786-a9ec541825a7.csv
1;3188;2020-08-19;parcelas_c609d868-a048-48b3-9e34-e6f87cf507d6.csv
1;5242.5;2020-09-04;parcelas_c60c676f-dd58-4b82-8521-37f0426a935c.csv
1;11.54;2020-10-23;parcelas_c61564e9-fc19-4bec-855b-432dd864152f.csv
1;7739.62;2020-03-30;parcelas_c6183ef2-a9ed-441a-a5b5-17caa2f75357.csv
1;2275;2020-02-26;parcelas_c618ac94-e2b1-4017-b406-9888b3bdec60.csv
1;1155.11;2020-11-03;parcelas_c6196637-ec2d-4b94-8217-2d8eae4f244b.csv
1;20545.54;2020-02-26;parcelas_c61f114e-9e24-40c0-bbbc-0b1bc975de9b.csv
1;4900;2020-07-30;parcelas_c621b195-cb66-4083-aa9f-8bfd71aea7c9.csv
1;5913.4;2020-03-12;parcelas_c62c68aa-4693-4eca-bead-a936d16994ac.csv
1;147759.9;2020-10-28;parcelas_c632265c-5b63-4079-8b8c-07d49c621bfb.csv
1;2149;2019-12-30;parcelas_c634515c-a5a5-422e-ac63-1b51f272a835.csv
1;7021.4;2020-09-15;parcelas_c6349857-2c84-4537-984f-52fabf6ea1a8.csv
1;2269.2;2020-11-18;parcelas_c638ebcd-910a-48e3-ab53-144603fd88ae.csv
1;16000;2020-03-13;parcelas_c63b7335-1e1b-48b2-a8a6-8a0e52214cdf.csv
1;10170;2020-10-26;parcelas_c63bd989-e65c-4881-aafe-3f50aed4df96.csv
1;55542.42;2020-01-31;parcelas_c646d86e-72ab-4178-9e8a-41c5623f5b2a.csv
1;1485.59;2020-08-31;parcelas_c64954c5-3d67-4ae5-b02c-de5ca422689d.csv
1;1460.93;2020-09-30;parcelas_c64cc16e-5353-4b62-bc5c-7d662ad7b451.csv
1;875;2020-02-26;parcelas_c6528e50-b276-4d20-abc6-37dc7c3d2727.csv
1;2979;2020-07-16;parcelas_c65fdfab-4e56-4126-b7a3-04f82cb3528c.csv
1;1196.79;2020-05-29;parcelas_c668f01c-88a6-4fc1-86ec-3a3311370ae5.csv
1;259;2020-02-05;parcelas_c682f7c6-1da8-4340-b52b-34409902efd0.csv
1;106250;2020-10-30;parcelas_c68429e0-f39d-4396-ad49-14d3b4b0d5c4.csv
1;29.49;2020-06-25;parcelas_c6893950-e158-4df5-acf8-fd3c000b441b.csv
1;933.23;2020-05-28;parcelas_c6a7a3c4-87cd-45ab-a9be-ef3e0b7caa2e.csv
1;110429.67;2020-04-30;parcelas_c6b0a3c5-33ce-410b-a0f7-2f66783a459d.csv
1;3465.05;2020-01-02;parcelas_c6b2662c-11dc-4e95-97ce-6f0f83411a2a.csv
1;5577.5;2020-06-02;parcelas_c6bf9a66-811b-41f3-873d-9b10a41dfc40.csv
1;728.14;2020-03-31;parcelas_c6cdaf28-6aeb-4875-84e2-1efa3ad1cce8.csv
1;16540;2020-04-20;parcelas_c6cf84dd-9cb8-465c-89e4-5d1f6eef7090.csv
1;3290.56;2020-11-03;parcelas_c6d2cb64-5e12-4a36-bfa6-900ac394732f.csv
1;2613.8;2020-10-21;parcelas_c6d30025-9d8f-488b-916f-e7540a096f7c.csv
1;1050;2020-06-26;parcelas_c6d691ba-5924-4ee3-a98a-04b612a8174a.csv
1;2625;2020-10-28;parcelas_c6d6e1d9-cb12-4d8f-a339-9f21f7a01cc9.csv
1;850;2020-11-04;parcelas_c6de36f5-56fd-48fb-90c4-41e473bc3d36.csv
1;106382.71;2020-12-30;parcelas_c6e24066-d3e2-474f-a56b-8baf7342cfd1.csv
1;560.76;2020-06-30;parcelas_c6ec1683-7112-455d-af8f-a60f60b54ff0.csv
1;122824.96;2020-03-10;parcelas_c6fdb7ab-7003-493b-9b2d-d9b446c8e5f6.csv
1;2110.91;2020-02-05;parcelas_c700890c-fc09-4c47-9b24-4e0e3b146509.csv
1;12952.92;2020-11-27;parcelas_c700a501-b1d6-4948-8dec-a374d7885180.csv
1;1385.12;2020-06-29;parcelas_c702bcc1-923f-4325-9602-a4ae662c777a.csv
1;366472.57;2020-05-27;parcelas_c70bd883-867f-4474-b869-565791f38b97.csv
1;400161.03;2020-08-27;parcelas_c70e3acd-cbfc-470d-bc69-9d9b3b3a438a.csv
1;9405;2020-04-01;parcelas_c7104414-30a4-419b-bd01-e13692323404.csv
1;1720;2020-02-14;parcelas_c7137823-5d76-4f40-a985-1c4f43acc2bf.csv
1;12039.36;2020-01-29;parcelas_c717ba28-41ec-4255-90df-6e9a6393745b.csv
1;2222.5;2020-03-12;parcelas_c72c4277-394c-4121-9b74-6261ba19ba48.csv
1;244;2020-10-07;parcelas_c734c161-5682-4e63-a306-9c41b1789e44.csv
1;8230;2020-04-23;parcelas_c7388b33-b1ed-47bc-adba-a43fab4d54ca.csv
1;413875.71;2020-08-27;parcelas_c7417a01-0968-47b0-bff8-10096059ce87.csv
1;9626.3;2020-02-17;parcelas_c7476a05-20ab-49ff-935f-2605a027ebb0.csv
1;79.79;2020-06-30;parcelas_c7496c8b-bbcf-49a2-b113-ee75459696a9.csv
1;26000;2020-09-14;parcelas_c754d992-9534-4312-9ba4-0a2ecafc62c3.csv
1;130535.61;2020-06-12;parcelas_c75765dc-54b6-4675-8950-e4337dc23efe.csv
1;848.18;2020-11-03;parcelas_c75850e0-3f25-44e7-a5e9-8a934dad310c.csv
1;1552873.4;2020-11-30;parcelas_c75eabde-e66d-426a-afa2-6b8ba6436e93.csv
1;60.47;2020-09-23;parcelas_c76835b4-9a5d-4316-9378-e654d0c9f353.csv
1;4532.52;2020-03-06;parcelas_c768697f-fc52-438b-8ad6-60a9a8550ec5.csv
1;600;2020-09-01;parcelas_c77a49a5-2dce-431b-b8ba-a62f259c97f6.csv
1;400;2020-09-28;parcelas_c789b9d6-d49b-487f-b19c-3626722b770c.csv
1;8870.43;2020-01-28;parcelas_c7904fe3-e946-4030-956f-8aac4df0f111.csv
1;90974;2020-03-23;parcelas_c7948dff-0f80-47cc-b828-4623b3942713.csv
1;28949.43;2020-11-30;parcelas_c7a7a423-3ed5-4a06-b6ee-db9296306bbf.csv
1;50310.37;2020-02-03;parcelas_c7a84db2-20a9-4b08-94f0-8712f36d2118.csv
1;380;2020-10-06;parcelas_c7a9a3be-0334-467f-9d2a-3c9a64767df1.csv
1;225.72;2020-09-22;parcelas_c7ab70ca-3936-42e9-8b19-4c17c3621d62.csv
1;11521;2020-10-09;parcelas_c7acf251-51af-4400-829b-a5c604864b2f.csv
1;129421.99;2020-06-16;parcelas_c7baa3d5-1d8b-448b-8442-f23291903a5a.csv
1;1199.98;2020-11-17;parcelas_c7bcbb8a-bf43-4ba0-a149-e10df9d8bff3.csv
1;1804074.32;2020-01-02;parcelas_c7be0980-9a70-4d86-ba75-21cb2974296a.csv
1;447825.65;2020-01-02;parcelas_c7beede6-9ff4-486b-8f9f-87dc62d4cdb0.csv
1;6450;2020-10-14;parcelas_c7c8b35b-053b-44fb-989f-f5e1efa9af42.csv
1;145907.53;2020-05-27;parcelas_c7c8ca15-1dcf-4500-8927-2a47bc40698c.csv
1;1039040.53;2020-03-31;parcelas_c7cb5fe5-dceb-4354-8813-5cbd63b58c9a.csv
1;120030.19;2020-08-27;parcelas_c7d0ec86-19d4-41e6-889b-b54608773da0.csv
1;4047.88;2019-12-30;parcelas_c7d22615-2e4e-4768-9207-1a1fa743d74a.csv
1;153;2020-09-11;parcelas_c7d3d3ad-5888-4c0d-a97a-708a7db90733.csv
1;38963.35;2020-06-26;parcelas_c7e389ab-e42c-44fb-8d3b-9d4e52c8ad89.csv
1;3196.3;2020-10-05;parcelas_c7e4a4fe-5e81-411b-99ae-9f70a5c9f5c6.csv
1;8697;2020-09-23;parcelas_c7eb6a71-f0c8-4788-a745-e86707686815.csv
1;1600;2020-03-06;parcelas_c7f46a10-5c1b-4a8f-b668-6c0eee55f92d.csv
1;29.49;2020-08-06;parcelas_c7fcff52-3082-4eb3-884e-b0e22070c424.csv
1;2847.5;2020-12-21;parcelas_c7fdbd54-a991-426a-a7ad-9f432c5709c1.csv
1;535463.54;2020-02-26;parcelas_c7ffab0b-cc71-499d-8d39-2be5c3b73544.csv
1;320;2020-05-22;parcelas_c8054260-e317-48d5-829b-576c447b3379.csv
1;1125.09;2020-08-19;parcelas_c808f4a7-8ec9-4369-afa2-edc683ec184d.csv
1;89411.8;2020-05-25;parcelas_c80d6ed9-cc57-4276-9fde-88a340df6de1.csv
1;7500;2020-01-02;parcelas_c80ebadb-305c-4d85-b18c-c597ff66ede1.csv
1;4900;2020-11-27;parcelas_c8118ec4-13b9-4932-b9fe-48bdcf687b96.csv
1;41552;2020-03-06;parcelas_c8143f4c-6850-4b0f-9b49-f4f0c456b456.csv
1;38734.65;2020-05-11;parcelas_c81daa1e-39c8-4c16-8862-b7989d8ff166.csv
1;7500.18;2020-07-17;parcelas_c81de79e-a170-4327-a9aa-ffbcaa64b4a7.csv
1;99600;2020-07-17;parcelas_c8217f9f-ade4-41ca-bbf0-cdbb448ca0c8.csv
1;50000;2020-01-09;parcelas_c825f422-0d9d-4639-8656-bd0e17460251.csv
1;608.44;2020-11-25;parcelas_c8315c71-eedf-4738-9bd3-7629c3787546.csv
1;10154.88;2020-01-07;parcelas_c833ad45-17e9-44a9-ba13-12d35ea5b9f2.csv
1;564.57;2020-09-08;parcelas_c83d2362-ff99-47b7-adc9-4205234af207.csv
1;33359.75;2020-06-17;parcelas_c83d36bc-106e-498c-bf62-f0d4d65ede89.csv
1;63981.26;2020-01-31;parcelas_c840864a-08ba-4899-a320-96cdcdd3a299.csv
1;88827.43;2020-05-27;parcelas_c846ac94-1d40-4ee0-ab3f-6cb656707b33.csv
1;63255.54;2020-02-28;parcelas_c849747d-883d-4ba0-8f7e-ace8bde3005d.csv
1;5600;2020-08-27;parcelas_c8653d93-b08b-44f6-830a-6097ec0c8d42.csv
1;71.4;2020-11-03;parcelas_c8660cc3-67b5-4cd9-a1db-77508af2f49d.csv
1;402.68;2020-10-05;parcelas_c86c4847-7491-49fe-8da9-276f32a3f4d9.csv
1;421795.37;2020-05-27;parcelas_c8725bee-1803-4ace-8a05-388e01e26077.csv
1;1160;2020-02-03;parcelas_c873104a-312e-4c50-a20b-bcd1d5841513.csv
1;4287.88;2020-05-29;parcelas_c874d5b9-0560-45ed-9424-c13e2e580152.csv
1;207.76;2020-05-29;parcelas_c87b3377-ecf1-4391-9b9f-c53254a3182a.csv
1;48769.42;2020-06-26;parcelas_c880a58c-27f6-4727-9573-87fa43816019.csv
1;46820.68;2020-04-29;parcelas_c885100c-0ceb-42f7-8613-fee051953fc6.csv
1;4560;2020-06-09;parcelas_c88a65be-6263-443d-b6ce-2adecb3b1867.csv
1;3770;2020-12-21;parcelas_c8907972-40a5-4320-be7f-4a1b17357a30.csv
1;401.78;2020-09-16;parcelas_c8939c96-e04f-485d-b18d-f82a6c9b8479.csv
1;870.15;2020-10-13;parcelas_c8a348cf-0fe7-4c4a-87e6-bcb680623fee.csv
1;744.26;2020-08-27;parcelas_c8a5aa85-ba04-419e-9d68-e72748d69181.csv
1;18286.49;2020-04-29;parcelas_c8b030e3-fe7e-4757-a17f-72181aa336e5.csv
1;1577.03;2020-05-18;parcelas_c8b68acf-908b-43db-b0df-577a9780e52c.csv
1;1170.58;2020-06-26;parcelas_c8b82f11-7c60-4ead-b4d1-3d27baa348d5.csv
1;48652.7;2020-02-17;parcelas_c8b897e2-d8cc-4da0-a9d7-83d14d232ff7.csv
1;41752.46;2019-12-30;parcelas_c8c028da-75c3-4ceb-8ebe-822da0730061.csv
1;8799.53;2019-12-30;parcelas_c8c028da-75c3-4ceb-8ebe-822da0730061.csv
1;323700;2020-11-10;parcelas_c8c0a2e7-1e76-4d17-902c-3115e0b6eb91.csv
1;1198379.45;2020-07-30;parcelas_c8c4fbea-32ad-4086-a138-75dab8fa1d66.csv
1;39.89;2020-11-11;parcelas_c8c89fec-4bee-4a23-9de2-e9962746bf40.csv
1;2976;2019-12-30;parcelas_c8c9822a-72e2-4850-a2a2-070e17f0402c.csv
1;19825.74;2020-02-05;parcelas_c8c98fe5-1b7a-409d-8e69-86e643c42924.csv
1;2756.22;2020-03-05;parcelas_c8ca6da8-531c-436c-9c5e-ca8cba40890d.csv
1;66.7;2020-01-14;parcelas_c8d1274c-0340-45a8-bec8-3180d6ca91e4.csv
1;2300;2020-12-30;parcelas_c8d1c8eb-7d75-4cdd-9b72-0a415e930349.csv
1;192771.24;2020-01-02;parcelas_c8d31c3b-f8b2-42f7-9082-238273d82712.csv
1;126975.34;2020-04-29;parcelas_c8d4cb3f-79b3-4e29-b8e1-9d73fdbba5ef.csv
1;51833.59;2020-11-18;parcelas_c8dca644-b1bc-44e1-946d-acb4ff7394a3.csv
1;447825.65;2020-05-04;parcelas_c8e277a7-7d8f-4127-90a0-3b4dca55246d.csv
1;33323.73;2019-12-30;parcelas_c8f15c0d-593f-4aed-96c1-c0e4aae9ed96.csv
1;4945.12;2020-01-23;parcelas_c8f565b2-5f10-4ec1-8c86-7b6195abcc5d.csv
1;10000;2020-05-29;parcelas_c906b366-dcda-4554-8be6-83f6f465830e.csv
1;1485.42;2020-04-30;parcelas_c909241c-aa6a-4a03-ada2-4a39f6039b29.csv
1;12916.66;2020-06-01;parcelas_c90e60c8-7c15-47e0-90f6-8e26b9760cdd.csv
1;13646.06;2020-10-30;parcelas_c91c1c41-31da-473c-ac61-0d55db75d7fc.csv
1;501755.76;2020-11-30;parcelas_c91ce978-31ba-4986-8426-386442263872.csv
1;40800;2020-01-02;parcelas_c91ef192-08b2-4673-8449-4c7cf57e4c13.csv
1;214289.55;2020-01-29;parcelas_c93520f6-aef2-4237-a6f4-99d39fe9fb0a.csv
1;4325;2019-12-30;parcelas_c9372da5-5522-42eb-9cab-ef8633dc1997.csv
1;17587.18;2020-10-19;parcelas_c937ed66-72e7-4791-8f5f-d3536db6ca24.csv
1;3775.01;2020-11-27;parcelas_c93aa78e-55bd-421f-bd77-4c043a5963e5.csv
1;17662.7;2020-04-09;parcelas_c9400236-6a58-4397-a236-1c7afcae72a7.csv
1;27192;2020-01-29;parcelas_c94378ba-c48e-4294-baf9-43489ae7a921.csv
1;1004232.34;2020-08-26;parcelas_c9450308-a1fb-466b-9d90-a6b1d946c274.csv
1;144896.69;2020-08-31;parcelas_c95e5c0f-c95d-4ee0-af58-b3c6b541aa53.csv
1;219436.24;2020-01-29;parcelas_c9741c3d-68ec-45dc-8ae2-e86877df560f.csv
1;216;2020-02-07;parcelas_c979e948-3532-439c-b405-7565a2279379.csv
1;1025665.93;2020-02-26;parcelas_c9854ca6-f691-451a-b466-bde86545a2e3.csv
1;914.66;2020-09-25;parcelas_c98c5082-b4f1-4d89-b767-f531ad22e9d9.csv
1;47928.91;2020-02-26;parcelas_c99a296d-28be-44c7-8921-4d5ba8c37903.csv
1;96766.13;2020-08-10;parcelas_c9a575e8-07c3-472e-8bce-a7d7eb28e0db.csv
1;88.47;2020-11-27;parcelas_c9ad080a-52e7-4187-b327-f69c72d21456.csv
1;2628;2020-02-06;parcelas_c9b2238c-8c6f-4ed9-9aaf-87c2eda3ffc7.csv
1;400;2020-10-21;parcelas_c9b2bc34-b419-46c2-b762-9660c43a001e.csv
1;185.6;2020-09-29;parcelas_c9c1c305-08cf-41d5-8525-60c83ac7586e.csv
1;774108.7;2020-11-27;parcelas_c9cc2e89-9889-41f1-b852-c3bd7139fd99.csv
1;68473.31;2018-12-31;parcelas_c9d1a7fb-9ead-418c-b21a-9fb5f5f98c8e.csv
1;402.22;2020-03-02;parcelas_c9dbe74a-ab0f-4371-94f8-8f7a2dfdb4c1.csv
1;704.32;2020-01-22;parcelas_c9dce9f5-676c-42c6-b6e7-2ff4ef8a6568.csv
1;2187.5;2020-08-27;parcelas_c9ec3a9f-4eef-423f-9db5-5d25c96595cf.csv
1;323965.59;2020-05-27;parcelas_c9ecf1e6-6f02-45e1-8ba5-e780a2f130a9.csv
1;868;2020-05-14;parcelas_c9ef751a-b3c7-41d4-8b87-6f0f803512ad.csv
1;1960.92;2020-07-30;parcelas_c9f0a3b1-f250-4460-b8e3-8487e4415f76.csv
1;128.74;2020-01-02;parcelas_c9f0b0a9-b3f8-46ea-aee5-938fb5c8231d.csv
1;10800;2020-07-24;parcelas_c9f2c58d-edca-4a12-90ca-daab79b8c5d7.csv
1;866.71;2020-12-21;parcelas_c9fd088a-5624-4674-b2b9-5479ac88c49f.csv
1;361958.33;2020-11-27;parcelas_c9fdecac-4352-450a-9dd1-ce1b8b0cf39e.csv
1;2733.74;2020-06-09;parcelas_ca021550-7312-4c0f-b6f8-bd9d56c8ad0c.csv
1;5459.19;2020-03-26;parcelas_ca0853b0-7a87-4597-9312-6a627c7cad90.csv
1;1261.94;2020-10-14;parcelas_ca08e37f-fae0-4dab-8752-6841e5ebf107.csv
1;15000;2020-09-08;parcelas_ca09c095-8f9f-4766-8bf1-e01dc794989f.csv
1;70;2020-11-30;parcelas_ca11b5e5-72dc-4881-9848-3c4b9cd7c84f.csv
1;72280.5;2020-04-27;parcelas_ca13c1a7-d215-411c-901c-d426180c6ba9.csv
1;273000;2020-02-28;parcelas_ca1814fc-1468-4fc5-b037-a81159ad363b.csv
1;172584.68;2020-06-24;parcelas_ca2913e7-414b-4587-90b3-1bd269301b67.csv
1;1655;2020-06-16;parcelas_ca2c68c6-890c-469a-bf68-008979f3b0c2.csv
1;6996.32;2020-01-23;parcelas_ca3e65f6-3f94-4260-95e1-d190cdefc460.csv
1;1279.5;2020-07-22;parcelas_ca492cf3-ccb2-4bc8-8313-f8f0325f30bf.csv
1;68381.73;2020-04-29;parcelas_ca4a65c0-c355-4d23-8e5d-3bff7644ddcc.csv
1;2152;2020-08-04;parcelas_ca533e43-e13b-42d6-ac4f-5f1c814e2ae0.csv
1;49190.06;2020-01-28;parcelas_ca56bdb0-4be6-4c10-8a80-f9dc15cfd78a.csv
1;11882.4;2020-01-02;parcelas_ca590aab-de33-4398-aef2-ae88a4001ac7.csv
1;78530.1;2020-01-02;parcelas_ca65951f-2b0b-41f3-8767-5c02f99fd88d.csv
1;1954.45;2020-10-28;parcelas_ca6a8163-86c5-476c-9ef4-1217c4a161cf.csv
1;46179.59;2020-02-26;parcelas_ca719a0d-9e71-4895-9a75-7046cd825023.csv
1;102022.3;2020-12-10;parcelas_ca72c86f-043c-4cfe-aa11-bd4b09de7eb3.csv
1;7504.58;2020-12-21;parcelas_ca7983a5-cb72-4c33-b216-e87f7d77039a.csv
1;154.16;2020-10-15;parcelas_ca8b1a42-4fc4-469c-815c-672284c88367.csv
1;7911.5;2020-09-09;parcelas_ca9257d7-fb63-4f2c-8fbf-5692f20e79bd.csv
1;5250;2020-08-27;parcelas_caa51fb1-6f69-437d-936b-bc70697e7e4d.csv
1;12070;2020-01-08;parcelas_caa9003a-422c-4d63-835b-f6fd9d2b4d86.csv
1;212311.39;2020-04-17;parcelas_caaa98a7-2c74-4c96-bf3e-c23b6a024638.csv
1;1143.19;2020-10-14;parcelas_cab08366-99f8-425b-aa45-a5c22e69eb5c.csv
1;219.05;2020-10-28;parcelas_cab9bc72-84f3-4630-b3c0-e88fb0c1dee5.csv
1;26133.28;2020-07-30;parcelas_cabae75b-e7a9-46f9-be96-632cee180651.csv
1;39.89;2020-12-10;parcelas_cac204c1-1c35-456a-8e8f-4c3dd6d34255.csv
1;22800;2020-12-01;parcelas_cac61d19-51eb-428c-b2ab-b114c339a4cb.csv
1;1098;2020-09-21;parcelas_cace3085-3074-4f19-86df-08185f9e443b.csv
1;50872.46;2020-07-22;parcelas_cad097d3-09db-4a24-8be1-4369396b2b0b.csv
1;47092.17;2020-11-27;parcelas_cad42516-2a06-49b2-998a-e5e9d01e98d0.csv
1;654.55;2020-11-25;parcelas_cad4537a-5801-4daf-8679-f7b22b94640f.csv
1;148336.82;2020-04-01;parcelas_cad54810-c92a-41d0-add8-f15c6eb5292d.csv
1;200;2020-05-05;parcelas_cad57d28-2a9d-405a-8256-40b55c47b720.csv
1;99.35;2020-06-12;parcelas_cad8f390-6ffb-4cb4-8fd6-cf112656890e.csv
1;577115.74;2020-09-29;parcelas_cae123a2-5870-4c07-9ca0-1c90e2e18472.csv
1;1276.44;2020-11-16;parcelas_cae3ece7-1a18-4d07-9b45-efa329a05269.csv
1;43298.51;2020-11-30;parcelas_caebc696-da92-4306-ae96-aa30fccb57ee.csv
1;9935.95;2020-11-12;parcelas_caeef31b-3e7c-41c1-846d-14c08e21dac6.csv
1;94353.12;2020-01-02;parcelas_caf66045-4a87-430c-bd9b-2158f98031b9.csv
1;837.92;2020-02-12;parcelas_caf935e1-fe8f-41c5-8bb2-d236c7463637.csv
1;1196.79;2020-01-31;parcelas_cb0010ce-e8ed-41cf-a514-2e198b6b4d42.csv
1;2318.4;2020-08-24;parcelas_cb00a36e-511c-4c3b-81f6-690cfab65712.csv
1;1486.68;2020-10-05;parcelas_cb0f9484-eb4a-4a74-8723-a8f742a88443.csv
1;22491;2020-11-12;parcelas_cb11ed66-e330-4217-82c1-1f1864adc835.csv
1;460952.38;2020-02-27;parcelas_cb1e172b-724f-4fe6-bff7-4962fb220de7.csv
1;25320.5;2020-02-17;parcelas_cb1fa169-2e86-4d08-a570-ecb4e6cb9da0.csv
1;419.26;2020-09-08;parcelas_cb21e5af-93d3-40a2-af54-9a31aea18e00.csv
1;432;2020-11-03;parcelas_cb3f2c26-92d6-496c-a872-7b3396fef5ae.csv
1;70;2020-09-23;parcelas_cb485a03-6453-4125-ab75-2671bfbeda4b.csv
1;2631;2019-12-31;parcelas_cb4b64ce-2390-4052-91d6-bd3568a4ac2a.csv
1;506.84;2020-10-07;parcelas_cb540972-0391-4c22-9ec6-3dc9ea471912.csv
1;336;2020-04-08;parcelas_cb5a8946-92f9-4557-af67-66dd83bd190e.csv
1;3640;2020-10-01;parcelas_cb671de1-d5d0-4de9-b09d-24ec9a8f2ed8.csv
1;396;2020-02-05;parcelas_cb671f15-8ba5-466d-9fb8-ea744c6d63e9.csv
1;4232.51;2020-11-27;parcelas_cb6dbd7a-f27c-4703-af9f-235f1db0cc18.csv
1;259.2;2020-03-10;parcelas_cb70d3f7-2b14-43af-801c-dadadf0e2833.csv
1;136257.82;2020-04-29;parcelas_cb72185d-2900-406f-b8c8-d8de49b5509a.csv
1;81.44;2020-11-30;parcelas_cb72772a-a3d3-43c9-9e2a-4fa30b5464c7.csv
1;278400;2020-06-05;parcelas_cb74fc15-8992-43a7-963c-5da01d882c2a.csv
1;778.6;2020-08-12;parcelas_cb8650c7-4c21-4d67-9c27-4c38358d585f.csv
1;650.29;2020-08-31;parcelas_cb8bb543-bab7-4351-9f3f-5d2388bf2281.csv
1;22567.9;2020-08-03;parcelas_cb8c78a0-129e-4242-8e8a-b89b97bf2bfa.csv
1;675;2020-11-17;parcelas_cb8e7a8c-c87d-4951-87c8-6a76d1c8de62.csv
1;200;2020-11-27;parcelas_cb93856d-3d4b-43c5-b2f1-73731a2bd15f.csv
1;7245;2020-08-19;parcelas_cba26aa3-a9ab-4850-aa94-fcc3604a297c.csv
1;6374.35;2020-11-30;parcelas_cba2bfca-583b-4359-9348-4f4a185a2711.csv
1;659731.56;2020-11-27;parcelas_cbab26e6-12c9-4621-acb8-0485bbc63915.csv
1;1330;2020-07-31;parcelas_cbac286d-0770-49ea-9f8c-e25908bfc3fd.csv
1;122.74;2020-04-20;parcelas_cbaeef17-6aa0-4625-9e57-1633b0c45fe4.csv
1;5500.2;2020-11-20;parcelas_cbb7460a-c04e-4744-87ae-6878f92b5a73.csv
1;46829.99;2020-08-27;parcelas_cbb8c086-3346-40d4-b7d8-f7f0dadbc24a.csv
1;28519.43;2020-08-05;parcelas_cbc3008c-632b-4f73-b570-7f9b49bcbb94.csv
1;114177;2020-05-11;parcelas_cbc38f9f-131d-4525-b231-49acbf3c595c.csv
1;3540;2020-10-01;parcelas_cbcabc13-a0ab-4080-94d7-a1cdc54a793d.csv
1;540.39;2020-10-22;parcelas_cbcacb34-044e-4c49-8eaf-cdbee1ae0ecd.csv
1;6941.9;2020-09-14;parcelas_cbcb5cf6-dec2-472a-af43-e0606de2b042.csv
1;102.58;2020-11-18;parcelas_cbcb6ae6-7f70-490e-9bb6-822aac5ed51e.csv
1;1034935.92;2020-07-27;parcelas_cbcd476d-4c77-4c75-9333-d043c66de45e.csv
1;103430.83;2020-02-28;parcelas_cbd4bd6a-5311-49dc-980e-e5b1d7896212.csv
1;1460.35;2020-04-30;parcelas_cbd9f4e3-4cf0-41ad-9c30-0623c86835d4.csv
1;365;2020-10-13;parcelas_cbe82f5a-413b-4509-998d-e8c28e41ff2e.csv
1;343.5;2020-07-06;parcelas_cbec52bf-160c-4585-a28f-6fb826c18771.csv
1;135.3;2020-07-02;parcelas_cbf58427-d270-483e-821b-741c67b7fd79.csv
1;4707.5;2020-09-28;parcelas_cbf69616-8c79-4682-9867-2b6a800a62e3.csv
1;6101.06;2020-09-17;parcelas_cbf70ece-7fef-4306-8a8d-c8d70e9ebd36.csv
1;6138.6;2020-10-22;parcelas_cbf9751a-d792-4f6e-b98f-e97648d1fa71.csv
1;5755.2;2020-03-31;parcelas_cc00111e-4482-4ca2-a62a-7c4f66529d5d.csv
1;1996.57;2020-12-30;parcelas_cc04642a-b408-4437-b009-ccff20a7bf89.csv
1;1651;2020-10-22;parcelas_cc051c60-ee85-4daa-bcd6-c56b0eec47e2.csv
1;19569.5;2020-09-09;parcelas_cc0a6ac1-1c59-4aed-aced-512e1c0fbff6.csv
1;3325;2020-12-21;parcelas_cc1ef9d6-f88b-410a-9a1a-8578aba82b6f.csv
1;30424.36;2020-03-26;parcelas_cc1f261e-88f5-4e23-b3f9-95d2f915081c.csv
1;1179.29;2020-10-20;parcelas_cc27061d-7208-4bc6-9c9f-5d692eeadb0d.csv
1;2860;2020-01-07;parcelas_cc2a8157-ca5d-4408-b22a-feea6be04572.csv
1;2651.72;2020-04-13;parcelas_cc36e21f-4914-4af8-8f71-ccc4a405c934.csv
1;5950;2020-10-28;parcelas_cc453748-b0ca-4847-aa99-3e4e51629c2c.csv
1;46431.06;2020-02-26;parcelas_cc496c73-ca90-4c59-acd2-e08a419d5542.csv
1;42144.4;2020-06-23;parcelas_cc4b05cf-eb46-4875-816b-7b6a4885d92e.csv
1;5457.64;2020-09-28;parcelas_cc54eb96-ce64-4eb9-8234-763d7e419400.csv
1;4403769.04;2020-10-28;parcelas_cc573db2-b13e-4451-b5b7-3ab7e9c075db.csv
1;3549.6;2020-09-15;parcelas_cc62c003-0cc5-4916-a973-423018e1a919.csv
1;1417.6;2020-09-24;parcelas_cc65701d-afa2-416c-bd91-0101f18d9a70.csv
1;2746.67;2020-05-27;parcelas_cc6620f2-0a13-4e86-8f86-3c6f81e2d2a7.csv
1;70;2020-09-21;parcelas_cc6ddfe6-953d-4837-8da8-b1a915bfe5f8.csv
1;791.1;2020-09-23;parcelas_cc73c94c-4a4d-43bf-89e5-f29f41840336.csv
1;2400;2020-09-16;parcelas_cc75333c-492f-45c8-b8ef-2d966950945d.csv
1;332367.55;2020-01-31;parcelas_cc7a0330-993c-4f84-a9bd-027ccb353e9f.csv
1;1039040.53;2020-05-13;parcelas_cc8cdcf2-3637-4f58-9735-d7422d3f6d7d.csv
1;276;2020-02-05;parcelas_cc8dd144-0f59-4d00-ab76-11b313c482d6.csv
1;34578.76;2020-01-02;parcelas_cc9730bf-cbbc-4e18-8b51-07ba3ca40721.csv
1;10497;2020-04-09;parcelas_cc9b3816-fd74-4ef9-9da2-ad2254198bf0.csv
1;6387.5;2020-04-29;parcelas_cc9c763f-8f89-4861-8fa3-ab5912d166bf.csv
1;428.64;2020-11-24;parcelas_cca40dd8-0d93-4ac9-bff6-4851d0c5cc74.csv
1;5700;2020-03-16;parcelas_ccb06526-aa24-4a25-893c-f4fe604cf4f3.csv
1;108453.33;2020-03-30;parcelas_ccb4fca0-1c99-4978-b71f-9aa1d831d563.csv
1;49.74;2020-02-12;parcelas_ccbd2a32-2e92-4dae-bcef-3332a2b62c26.csv
1;1549.7;2020-12-21;parcelas_ccbf9d71-d62e-47ea-b4c6-d38c099447fc.csv
1;10201.15;2020-02-05;parcelas_ccc30115-247c-4dcb-be47-b19ecb94800a.csv
1;1200;2020-10-07;parcelas_ccc451d8-a12d-463a-bada-cf0994a361c4.csv
1;2115.82;2020-03-02;parcelas_ccccc322-523f-4bd4-8b99-959c9fe4205b.csv
1;3058.76;2020-07-30;parcelas_ccd37933-e395-4a27-823d-7dec2f49872c.csv
1;196.2;2020-11-09;parcelas_ccd89101-198c-4f1a-949e-edb61a514deb.csv
1;4881.69;2020-11-11;parcelas_cce24295-09e2-44b5-8bb8-21f40a90cf47.csv
1;15671.27;2020-09-30;parcelas_cce29d48-f207-43ed-b2db-bb269fb9760c.csv
1;477000;2020-03-12;parcelas_cce3fc35-7dba-4845-bccc-5cb2e6ca6217.csv
1;1389.72;2020-11-27;parcelas_cceb4afc-a810-4dc8-870d-463245e47cda.csv
1;12285;2020-04-29;parcelas_ccef5a5d-f7f7-4b12-8790-5d7a7f6f31a7.csv
1;1269;2020-08-19;parcelas_ccf4ccb4-88f7-4452-880b-a57419f8a3cc.csv
1;268768.12;2019-12-31;parcelas_ccff3df8-47b1-4d52-8f8b-92f5dbd56afd.csv
1;66.7;2020-02-20;parcelas_cd0f8f2f-edba-4450-b0ea-0bc797785e8d.csv
1;33692.05;2020-08-27;parcelas_cd11ac50-2f7a-474e-86da-ac5a31ca1be3.csv
1;242297.71;2020-09-14;parcelas_cd125593-3a90-4c4d-8940-5ae58d9e08ee.csv
1;1139.1;2020-08-14;parcelas_cd126e10-7f8d-4379-8558-97136f4a0406.csv
1;3965841.86;2020-08-27;parcelas_cd1381c9-2c8e-4742-8ac9-719271287669.csv
1;8484.14;2020-02-28;parcelas_cd1714f7-dfd8-4c94-8d22-395df3665e40.csv
1;582.81;2020-09-08;parcelas_cd245869-5cc6-4dca-9a5e-0d42e04bc86d.csv
1;8282.67;2020-04-30;parcelas_cd2acd89-dc32-4558-ab0c-f6cfa4f48dc2.csv
1;167700;2020-10-20;parcelas_cd2d73d5-d5df-4d65-888c-ad06db0c8ffb.csv
1;88.86;2020-01-27;parcelas_cd32377e-ca6d-4b4b-8a60-c6c89af3ae53.csv
1;8090;2020-03-04;parcelas_cd421c9b-6cab-4aa0-97eb-a0fc7d40bf5c.csv
1;1196.79;2020-06-30;parcelas_cd535668-62aa-40c9-8313-7665e4334ee1.csv
1;71759.57;2020-07-31;parcelas_cd56005c-853d-4dcc-9cb7-00e6d7425ff2.csv
1;2675.5;2020-10-19;parcelas_cd66a510-404c-4f5b-9dd2-659bb3878e7d.csv
1;1245;2020-02-26;parcelas_cd701385-e556-4c2e-85b1-b1e0230a632e.csv
1;4200;2020-01-31;parcelas_cd757dff-2f1c-4ac2-ad36-d2fe413187c2.csv
1;2746.8;2020-09-28;parcelas_cd7f3813-07c6-44aa-829c-282b4668fa2e.csv
1;10760;2020-01-08;parcelas_cd81b49c-d620-4651-b0a0-91adf042203b.csv
1;9140;2020-01-14;parcelas_cd8faa39-dfd5-4935-8ad1-950241fb6aeb.csv
1;141839.82;2020-02-26;parcelas_cd91eec8-e6cf-4638-80a7-bbfb5d0ba864.csv
1;20000;2020-05-29;parcelas_cd934d04-acf0-4a4f-96af-7b6a6d9c5152.csv
1;20928;2020-01-29;parcelas_cd941645-93e0-4bfd-9533-970950ef1c36.csv
1;697.6;2020-06-23;parcelas_cd94ff8d-a7b2-43a2-be61-92a4e935810f.csv
1;3249.17;2020-08-27;parcelas_cd975742-8789-4eb0-9646-304aee19d0a0.csv
1;470;2020-07-27;parcelas_cd98484e-f712-4d66-b706-f4d7b0e4bf0f.csv
1;15000;2020-07-13;parcelas_cdb07150-0694-4441-b616-d3883b83006f.csv
1;8999.7;2020-02-14;parcelas_cdb5ce8d-b09c-476d-a097-92e18f5ecb87.csv
1;6827.2;2020-11-04;parcelas_cdb77633-11cb-44aa-a356-ce2c6ec9018a.csv
1;188.64;2020-06-08;parcelas_cdbe6805-0e05-4e37-b8a2-c94e159b2848.csv
1;82500;2020-02-14;parcelas_cdcb0e71-f384-4f67-8648-7990dddd2dc3.csv
1;47060.72;2016-11-18;parcelas_cdcf2bd8-8477-44c9-a636-b595d8d825a5.csv
1;36360.31;2020-05-27;parcelas_cdd5f467-e3bc-4064-b827-d58230e6c891.csv
1;470;2020-09-28;parcelas_cdd9308c-609d-45bb-a45f-48073a1934ad.csv
1;1230.34;2020-11-24;parcelas_cde09c78-ee80-4696-a4fd-6eddec0e8fd2.csv
1;10040;2020-03-16;parcelas_cdebea63-3a0b-4beb-b2cd-725bd02eb0d2.csv
1;2255;2020-06-01;parcelas_cdf060cf-1804-4b9c-af30-c5be02abe6e2.csv
1;11064.96;2020-07-27;parcelas_cdff9983-4820-4af3-b90c-f136308d5da0.csv
1;5290;2020-12-30;parcelas_ce025d15-07b4-459e-b35c-b6be50261c63.csv
1;174.4;2020-07-16;parcelas_ce056fd4-cfb4-49e2-be80-52f0d6d72b43.csv
1;30921.58;2020-01-08;parcelas_ce05d2b3-9641-4f52-ad84-85ed0f3cd3f4.csv
1;59.27;2020-05-29;parcelas_ce1750ed-3a93-400b-b061-1c7a45463d5d.csv
1;500;2020-11-30;parcelas_ce21475f-425a-4bde-aca9-a2b7a051b5dc.csv
1;40027.13;2020-10-30;parcelas_ce245209-9584-4d20-8322-f8415852f9ab.csv
1;24200;2020-08-06;parcelas_ce317d89-ab5a-497e-ab1f-1f15e95c02bf.csv
1;1063.5;2020-02-18;parcelas_ce37e665-5d65-4b64-b8ac-7035db762d0e.csv
1;6800;2020-08-28;parcelas_ce3b7fbc-49bc-4777-bc50-50511e1c7817.csv
1;70908.33;2018-12-31;parcelas_ce44a3c5-d1ba-436d-8e91-6490a23022d6.csv
1;235000;2020-06-29;parcelas_ce4960b4-4f59-47fe-8f6d-ecd373c21805.csv
1;2985.84;2020-05-22;parcelas_ce4ec9d7-86cc-4220-ae8d-32895a2c5a42.csv
1;590;2020-11-27;parcelas_ce64f548-de01-4e3c-ab90-66e0212dcc3a.csv
1;165;2020-09-24;parcelas_ce66859d-01d8-48d1-8478-ef33d1368f40.csv
1;9450;2020-09-28;parcelas_ce67ca3b-72d1-448d-922e-be811258f72c.csv
1;120290;2020-11-10;parcelas_ce67d1e7-1bc2-4cb4-bcc0-12e4c071119c.csv
1;3746.03;2020-09-30;parcelas_ce68be99-1fb6-40a2-8e8d-5741cfb7335d.csv
1;752;2020-08-10;parcelas_ce7087c3-70e2-4d2c-bf0b-cd5fb6757968.csv
1;1180.8;2020-11-30;parcelas_ce75fe64-ac12-42d6-977c-52ad7278778b.csv
1;142749.02;2020-03-10;parcelas_ce761484-19cd-4935-b23b-edf279fcc10a.csv
1;1570.27;2020-07-14;parcelas_ce7b010d-c47a-4399-848c-65353cf2080f.csv
1;66.7;2020-01-08;parcelas_ce88f46e-72f2-49a3-9c0b-6779ce44496c.csv
1;2829.5;2020-07-13;parcelas_ce8d4142-16b7-40da-9fbe-364c31e50663.csv
1;658.48;2020-05-27;parcelas_ce8f6f46-596e-4a8e-b947-f56735eb9322.csv
1;1245172.54;2020-01-02;parcelas_ce91dd97-ad11-447a-a2ec-d44cf6b264cf.csv
1;2593.44;2019-12-30;parcelas_ce964758-0d25-4868-9916-77a98d88c0b7.csv
1;3555;2020-05-05;parcelas_cea4a912-433f-4a33-bb8d-095a740040b1.csv
1;40661.2;2020-01-29;parcelas_ceac7566-ea63-48d3-b611-fb63de9c40d1.csv
1;245000;2020-10-05;parcelas_ceaeb071-629c-4e55-b1f9-1d2182f6b4a0.csv
1;386.77;2020-01-10;parcelas_cec342c4-3a0d-4f0a-b20a-7b4c9608d956.csv
1;7775;2020-07-13;parcelas_cecc173a-e732-4f25-a925-d0b0b0eff8c0.csv
1;138267.9;2020-02-26;parcelas_ced4eea2-de14-4dbb-9988-5af376f648f3.csv
1;127234.34;2020-07-30;parcelas_ced807c6-9058-4a2e-9c83-3aeb75a646ca.csv
1;1115.05;2020-08-14;parcelas_cee38fd8-7485-46de-b425-c89c8943a9bc.csv
1;553.76;2020-02-12;parcelas_cee3b1f8-15ee-4536-acef-d1125cae11a5.csv
1;650;2020-08-19;parcelas_cee59fed-3db9-4478-832c-b1ff46e547ca.csv
1;11993.33;2020-02-26;parcelas_ceef0a3c-14d4-4924-917a-c732928a1689.csv
1;15000;2020-07-28;parcelas_cef1dd21-2d94-4e96-8910-3ab6971743af.csv
1;4282.99;2020-01-02;parcelas_cef557b7-b695-45c6-9ae6-f29cd2a5620e.csv
1;1950;2020-09-28;parcelas_cefff6de-cbee-472b-aec9-b15b2d3f93df.csv
1;2406.22;2020-07-30;parcelas_cf00d887-665e-4207-a767-3df8440c3382.csv
1;3058.76;2020-08-27;parcelas_cf1502b3-2ae0-4ba5-a460-558e992f6b84.csv
1;4388446.56;2020-11-27;parcelas_cf16d403-f76a-4071-ba84-2bb520c6260c.csv
1;2154;2020-10-21;parcelas_cf18a9ce-926c-419b-bb5f-436899f00561.csv
1;19416;2020-05-11;parcelas_cf1a507f-6584-48c5-a3f9-26e59ec39be8.csv
1;354.09;2020-09-14;parcelas_cf1c6566-4717-4dc6-be67-3a79b92910ee.csv
1;150.72;2020-06-25;parcelas_cf1e7e55-05a0-42e9-86a6-a259abc4dba5.csv
1;500;2020-08-31;parcelas_cf2bd55b-6f41-4264-901d-4915c6bb5fdd.csv
1;631.9;2020-05-18;parcelas_cf3157bf-c39a-4372-84cf-6a72d116ea7d.csv
1;416.65;2019-12-30;parcelas_cf3190a4-982e-4a25-95d3-290fbd64053b.csv
1;770.18;2020-10-13;parcelas_cf3a09ea-bd90-446e-a4fc-c756c9cd24b7.csv
1;8337.5;2020-10-30;parcelas_cf3c5149-c333-4588-8d54-c85a86c29dc5.csv
1;1478.79;2020-04-30;parcelas_cf48aa32-8e72-445e-ac39-96f3d8fa6c29.csv
1;336;2020-09-29;parcelas_cf4b9e4d-fd3f-49db-b614-46204e660e5d.csv
1;882.06;2020-09-30;parcelas_cf4e43cb-592f-43e0-b11e-5d93ec4e3efb.csv
1;9310;2020-11-18;parcelas_cf56c825-6618-491a-bcec-e12b64aff421.csv
1;9794;2020-07-31;parcelas_cf612473-fadc-4c72-8af8-3c7d7a152d31.csv
1;1323.76;2020-11-04;parcelas_cf61ffd7-eb0a-4116-8133-a3e3460fe40d.csv
1;7740;2020-10-21;parcelas_cf64b8bd-e7dd-4931-b9c1-34e19ceb35df.csv
1;2168.4;2020-10-23;parcelas_cf6e0c19-8d8f-443a-9465-4c18c9be84b1.csv
1;30849.76;2020-04-15;parcelas_cf7082bb-c8e6-43f5-b757-c46fe27fe626.csv
1;500000;2020-02-17;parcelas_cf71fbdf-8a24-49ab-9fc8-bbb9b013b384.csv
1;410;2020-08-18;parcelas_cf725548-ae57-41cc-a60a-8be3a1f25062.csv
1;25421.63;2020-08-27;parcelas_cf78c02f-d03a-433c-80d5-6200a4bdf688.csv
1;20586.31;2020-01-24;parcelas_cf81edd0-1846-4e3c-a119-2781f9c9e83f.csv
1;81563.22;2020-08-26;parcelas_cf825bc7-4a39-4966-b490-3a9cdf03b75f.csv
1;3840;2020-09-28;parcelas_cf87bc06-9ca9-4e59-85cd-38aa5726d4d1.csv
1;11442.84;2020-10-21;parcelas_cf889107-3eb9-4a08-be92-4bfba88f455f.csv
1;2192.72;2020-04-29;parcelas_cf8b0257-b963-4d65-b5fa-d722a0627ee5.csv
1;1320.65;2020-04-27;parcelas_cf8c9094-334c-4925-b4f6-dc66505e3e4b.csv
1;10279.9;2020-04-30;parcelas_cf8dfd5e-707e-4231-9acc-b184a3ad1ac5.csv
1;12759;2020-03-27;parcelas_cf942b3c-bb9b-4f9b-a451-5af79593e8e7.csv
1;356250;2020-01-31;parcelas_cf9cfd57-70d9-4e65-bebe-15f2d5a3a873.csv
1;54204.05;2020-11-30;parcelas_cf9f8a23-f316-4d09-8502-d877c7957270.csv
1;1650;2020-10-14;parcelas_cfa2cfe3-452f-4a20-b190-4710edf88e52.csv
1;2845.07;2020-09-30;parcelas_cfa83d4b-db3d-483a-8c5f-20eb82dd223c.csv
1;9000.32;2020-02-26;parcelas_cfb26e72-8b98-45b2-bc01-4788ff52fc05.csv
1;3399.28;2020-02-05;parcelas_cfbb9afa-281c-4833-82a6-d2744a1198d5.csv
1;23321.22;2020-08-12;parcelas_cfbfd69a-e546-4a1d-9902-3a939522f3b7.csv
1;2684.56;2020-10-28;parcelas_cfc37810-8d85-420f-938d-3efed0162dba.csv
1;3474.5;2020-05-05;parcelas_cfc55694-a0c3-4f88-9047-8f2bcd19f0e7.csv
1;3245.7;2020-05-29;parcelas_cfd689b1-5bd2-4d3f-9db7-d31ac336298d.csv
1;7036.8;2020-05-27;parcelas_cfd6cedb-065a-4324-98e1-4aad4413a155.csv
1;143282.75;2020-01-02;parcelas_cfed0263-3ef7-44ee-a296-158a0f6e57ce.csv
1;1259.73;2020-08-28;parcelas_cff61409-315c-49d6-b52d-724f433c2ce4.csv
1;30205.76;2020-01-23;parcelas_cff6f106-9e89-439d-a4a8-44b4ea1c4f54.csv
1;103;2020-11-27;parcelas_d00361c0-4871-4f38-a70e-656b233e9a22.csv
1;43045.12;2020-07-31;parcelas_d00b3bd8-9250-468e-8a6f-c25e9f55b0d5.csv
1;800;2020-05-26;parcelas_d0116a71-e0a5-4f1e-a55e-245209b6afbf.csv
1;239936.73;2020-02-06;parcelas_d015c750-50f2-4110-b63a-7b8be809d3d6.csv
1;1800;2020-09-23;parcelas_d01f8e8e-0446-4135-b9ed-9d5da3c29250.csv
1;143442.02;2020-04-20;parcelas_d0206ab5-31a9-4938-8735-dffa100d8387.csv
1;48371.6;2020-11-27;parcelas_d0225660-ee6e-4dc4-94d3-b66e2677f88a.csv
1;164.47;2020-06-25;parcelas_d023cbc4-2c34-43e3-96e8-796911378563.csv
1;4975.83;2020-02-26;parcelas_d02b1512-6150-4d84-b130-9f1c76d939f6.csv
1;552;2020-11-05;parcelas_d02ebaf6-b356-460b-adf7-8f0b8f380169.csv
1;35370;2020-04-20;parcelas_d02f0281-e61a-4dd4-b774-2d654eafd3cf.csv
1;3812.04;2020-10-06;parcelas_d03b037d-3bc2-4c9a-8d9c-48ab7d5420e1.csv
1;6974.7;2020-03-02;parcelas_d0432966-a59f-4d32-a22f-d17aa545c5a4.csv
1;16.8;2020-08-27;parcelas_d047ce3d-99c1-4d7e-9641-b0910a7709db.csv
1;8180.32;2019-12-30;parcelas_d04bc33d-5f71-4d11-b78b-2cd97e1e5410.csv
1;17875.24;2019-12-30;parcelas_d04bc33d-5f71-4d11-b78b-2cd97e1e5410.csv
1;1230.9;2019-12-30;parcelas_d04bc33d-5f71-4d11-b78b-2cd97e1e5410.csv
1;175.85;2019-12-30;parcelas_d04bc33d-5f71-4d11-b78b-2cd97e1e5410.csv
1;31223.75;2019-12-30;parcelas_d04bc33d-5f71-4d11-b78b-2cd97e1e5410.csv
1;10340;2020-11-23;parcelas_d052881e-61d5-41ce-aa30-55684f77c432.csv
1;88.78;2020-02-10;parcelas_d053614f-cd32-4a1d-8f4f-970e0ca14a50.csv
1;148874.09;2020-02-26;parcelas_d05583fc-b660-4c0b-80c2-a94e4d124d85.csv
1;407131.94;2020-11-27;parcelas_d0663d56-64dc-4851-9c94-4704dee9a177.csv
1;1423.14;2020-07-13;parcelas_d070903d-d9c3-4532-8b27-ca67c9e4e529.csv
1;36217.42;2020-03-31;parcelas_d0782e01-2fbf-49e1-9f09-ae99bd88f253.csv
1;155350;2020-02-28;parcelas_d078e945-9fc7-4e93-bbe5-92a03894953e.csv
1;49319.56;2020-05-27;parcelas_d07a0c11-60cb-478d-8a8a-c609276aa288.csv
1;1346.16;2020-11-24;parcelas_d07a71f7-aef1-4c85-a325-7a55d20db0c7.csv
1;1039;2020-01-31;parcelas_d07bf9bb-be40-4e95-94f8-f26697fad319.csv
1;5425;2020-12-21;parcelas_d08dc1fc-993d-4ea6-a0d4-9ff9de0472a1.csv
1;275;2020-08-13;parcelas_d090fbf5-26d0-4e17-aaec-9c73598aeb41.csv
1;28023.34;2020-04-29;parcelas_d09389fb-64da-418f-a4f9-8d127a54db16.csv
1;109548.11;2020-02-10;parcelas_d0950e5f-ce95-4aba-be27-0c66ec260ba3.csv
1;886.8;2020-08-17;parcelas_d0b0f8d7-ba58-43cf-acd9-899db03d563f.csv
1;422.73;2020-10-07;parcelas_d0b10cfe-10bd-45dd-91c4-20c4c9cb849d.csv
1;19764.36;2020-11-27;parcelas_d0b1fb5d-cf90-446f-bb30-a00ceec986fd.csv
1;1314111.39;2020-11-30;parcelas_d0bcb6f2-c92d-4c42-84e0-9b08ed66cdf1.csv
1;5950;2020-05-27;parcelas_d0c5c59b-a177-449b-b9eb-c5841eeaeba3.csv
1;6688;2020-07-13;parcelas_d0cc78ef-4ac9-4918-80cd-eeba6b596df4.csv
1;2368.82;2020-06-26;parcelas_d0cfd5b8-a312-42ac-a828-6b6e525b7469.csv
1;161.6;2020-09-14;parcelas_d0d15328-cca7-47d1-b800-b0bfeef05430.csv
1;28596.44;2020-05-01;parcelas_d0d1d957-0f37-419c-9ebe-51f6d0bed826.csv
1;1212.46;2020-02-17;parcelas_d0d2ae6f-9381-441d-8d9f-df5023e6c02a.csv
1;3203.3;2020-03-20;parcelas_d0d3b886-55b3-429e-8d3e-443192b185d1.csv
1;103200.26;2020-10-28;parcelas_d0db7bb3-615f-4921-a068-7b892f84be97.csv
1;3075.8;2020-08-14;parcelas_d0e03f23-020e-47c9-95f2-083126d684bc.csv
1;197.75;2020-07-30;parcelas_d0e07c46-8b0c-4e9c-bf9b-00d2f2c93a33.csv
1;36600;2020-04-02;parcelas_d0e77588-3a90-46b1-a25b-aa7433ab8297.csv
1;3081.05;2020-10-28;parcelas_d0fe47c7-de91-4733-ae5a-dd9f1bd10940.csv
1;8208.2;2020-07-21;parcelas_d1042b1e-9f41-4f5b-816d-5a535dba69db.csv
1;3578.75;2020-03-30;parcelas_d10880e0-d4e4-4d0d-a258-0125fbc699fb.csv
1;1500.88;2020-06-29;parcelas_d1096df2-44b1-44f6-9d22-15aad507c7d9.csv
1;800;2020-09-25;parcelas_d109f0b4-d518-4865-af66-db7d309c0cd2.csv
1;4724.77;2020-06-16;parcelas_d10e1a00-41c4-48bf-b9c7-d58f39b86b0a.csv
1;9;2019-12-30;parcelas_d1104dad-2243-48fd-9f50-43329502b048.csv
1;3160.93;2019-12-30;parcelas_d1104dad-2243-48fd-9f50-43329502b048.csv
1;21600;2020-10-26;parcelas_d1114900-68d9-4445-9a26-e7164ddd2234.csv
1;390;2020-09-25;parcelas_d111bb66-3724-42b1-97b3-ec9c62c7152e.csv
1;10848.2;2020-11-05;parcelas_d1144256-8c36-4735-acae-fa6d6032cc9b.csv
1;24720.33;2020-08-27;parcelas_d11470c1-9091-4dce-a1a3-f45562b51825.csv
1;2400;2020-11-20;parcelas_d119ebd7-2e1a-459c-a606-2254d2e242ed.csv
1;4484.76;2020-03-02;parcelas_d121c811-670c-47ce-bba5-06a0a825f9a8.csv
1;14910;2020-06-08;parcelas_d1225540-c496-463e-b835-4b43838ceca3.csv
1;8381.4;2020-09-16;parcelas_d12d6b41-f14d-49ed-8469-200971c67d2c.csv
1;1024.78;2020-09-29;parcelas_d1365ede-9914-421d-8710-8edd1c5dfc0f.csv
1;1117.22;2020-08-19;parcelas_d138b4ca-9501-42cf-9f8c-848f414c473c.csv
1;45598.79;2019-12-30;parcelas_d13d4a31-91f9-4d00-a21a-fa2d110bfc3b.csv
1;409.5;2020-10-05;parcelas_d1448d11-7994-4323-96d0-8c44e2d15a3e.csv
1;6125;2020-10-28;parcelas_d144d35b-2c49-47bb-b40c-e5ac3b70995a.csv
1;72583.09;2020-06-23;parcelas_d14d291d-fab0-4a8c-82fc-71edbe9b0a20.csv
1;18949.63;2020-01-30;parcelas_d15313fb-75de-4ee0-bab6-b434298cf678.csv
1;19117.6;2020-01-29;parcelas_d15c8603-4924-48d9-a4e0-8a26d892bd47.csv
1;6540;2020-03-06;parcelas_d15e0781-72e8-4588-9862-b710da88bf9c.csv
1;29757.01;2019-12-31;parcelas_d17ce59a-7ad0-4e44-8a40-1c9106da9e63.csv
1;3007.8;2020-11-03;parcelas_d17eb93f-c801-4dcf-8fc2-304723df3a79.csv
1;277926.58;2020-06-19;parcelas_d1803eb8-cc0c-4d01-9537-d93a1d3655cd.csv
1;62486.1;2020-02-26;parcelas_d18270e4-af79-4b87-a380-8c4a0421c52d.csv
1;122824.96;2020-07-24;parcelas_d18cc197-5e88-4d5d-8f31-a41c9ee4469d.csv
1;1950.49;2020-01-29;parcelas_d18db2d5-19da-4e11-be99-f37d5ac63af1.csv
1;142317.45;2020-12-21;parcelas_d1928471-fa98-405e-a967-5cf17724a7fa.csv
1;950;2020-09-24;parcelas_d194cc66-c46c-42fc-ac93-244c96ab0996.csv
1;900;2020-09-28;parcelas_d1973eb9-97ce-41ba-9f9f-9a7ffd0dead8.csv
1;2435.48;2020-10-05;parcelas_d19bed5b-bc5e-4f07-8fee-db71cc304d89.csv
1;40478.85;2020-08-18;parcelas_d1a4d8b5-c818-42f8-841c-f4d335e69d0c.csv
1;1116.8;2020-08-10;parcelas_d1add8fb-3573-43e1-a30a-be8ea3b27368.csv
1;100175.28;2020-11-30;parcelas_d1ae7ec6-3d79-4687-9538-bd2d4664b189.csv
1;1248.33;2020-03-26;parcelas_d1b26608-10ab-41e7-be1e-ebf29b4347ab.csv
1;8735;2020-07-17;parcelas_d1c9956a-5e3d-43f5-919e-5918c36117d0.csv
1;76648;2020-10-19;parcelas_d1c9e4f7-46b2-4d0a-abca-68e07ee3d185.csv
1;8081.33;2020-05-14;parcelas_d1ca3334-94b9-420b-aeea-d0d6eb12580b.csv
1;3775.01;2020-06-26;parcelas_d1d26a2b-6dbc-4aa8-ac16-f4caef15a8f6.csv
1;32587.5;2019-12-30;parcelas_d1da3feb-06a4-44e7-bc96-b84014b15e4b.csv
1;229637.5;2019-12-30;parcelas_d1da3feb-06a4-44e7-bc96-b84014b15e4b.csv
1;3480;2020-08-07;parcelas_d1da75f4-320f-4be7-a4f3-1a6836aae896.csv
1;40450.32;2020-01-28;parcelas_d1e383f5-d25b-42d5-815d-89fb6c3a8a51.csv
1;6232.19;2019-12-30;parcelas_d1e5f905-d0d2-4c75-8707-884784722569.csv
1;7344.16;2020-01-28;parcelas_d1e6faf6-51e3-4de5-8276-b5e411ab1708.csv
1;62618.8;2020-06-29;parcelas_d1e82d7f-21bc-4bb6-8859-cce68a3e36ee.csv
1;3705.75;2019-12-30;parcelas_d1eb19d1-3551-4097-a056-6209b19c42b0.csv
1;196.01;2017-12-29;parcelas_d1f6f830-7cd0-4021-867f-be026705ca6a.csv
1;1045;2020-05-29;parcelas_d1f750cd-af8b-4f13-b125-5cd40481f876.csv
1;1.63E7;2020-01-02;parcelas_d2075b95-3c68-4842-8dbc-dcd67984ed16.csv
1;2000;2020-07-14;parcelas_d2083c25-9f7b-4b9c-852c-b2e48987ba77.csv
1;64806.95;2020-03-31;parcelas_d21383e6-590e-43a3-9b75-a56f876cd3d0.csv
1;2027.32;2020-04-15;parcelas_d215d945-92b7-41ec-995d-0628d4b9ad07.csv
1;58.5;2020-12-21;parcelas_d2171b34-1a06-4fcf-b0aa-c1c9c8f7a758.csv
1;170.97;2020-12-08;parcelas_d2190581-ea06-4d01-996d-8ea88fea90b5.csv
1;90676.8;2020-02-14;parcelas_d23033be-c425-4a4b-8fda-5d4c0d0adc60.csv
1;39270;2020-07-21;parcelas_d2329d15-8ba3-448e-b496-fd0505094fda.csv
1;120.88;2020-04-09;parcelas_d233648e-01d0-4e7f-a8b8-16cc36853595.csv
1;267.44;2020-11-27;parcelas_d23474da-7ff8-4233-8a23-dd1d34c9e688.csv
1;136.47;2020-12-01;parcelas_d2376f25-dcbc-4bec-bd6f-bc63bf93c803.csv
1;418792.93;2020-06-26;parcelas_d245dbd4-36e7-4f5a-ad22-71db03e1f5c5.csv
1;38734.49;2020-11-26;parcelas_d2482479-9b36-491a-9871-f0e08ff68d5a.csv
1;1400;2020-10-28;parcelas_d24a4bf9-17bd-43d5-a8b9-2bbfa7d2755a.csv
1;400000;2020-01-02;parcelas_d24b0238-1d6e-45ab-b3bf-eece427e3898.csv
1;122907.74;2020-08-27;parcelas_d25232a6-3f62-41d9-92b9-b683a381c415.csv
1;2275.45;2020-02-05;parcelas_d254ce6f-807f-4693-aba7-0c38e7b57c92.csv
1;112;2020-08-27;parcelas_d25b3266-82db-478b-80e5-dbc9467ef067.csv
1;985;2020-11-24;parcelas_d2616085-55b1-4068-a977-9ea2da3fedb4.csv
1;2918.07;2020-02-26;parcelas_d26e2253-ccad-4e45-9190-1c5c826bf257.csv
1;1710660.49;2020-08-27;parcelas_d26ff9ed-80a9-4f3c-93f0-3c37647207a8.csv
1;5328.65;2020-11-27;parcelas_d27392b4-ff56-4f47-a840-d30d8b7012f0.csv
1;6440;2020-10-07;parcelas_d2775bb3-8770-4688-9616-33add5a2c277.csv
1;1100.01;2020-03-02;parcelas_d27bea1d-98be-453e-abc0-ce57a9ec5110.csv
1;706668.2;2020-08-12;parcelas_d27d62a1-0635-47f2-bb5a-ce963c53b72a.csv
1;1888534.07;2020-07-13;parcelas_d283229d-25ef-4656-bc4b-7e7dba3d9225.csv
1;7403.83;2020-01-02;parcelas_d2876bac-fb4f-4e25-9aba-0a3cd39ad9e8.csv
1;130298.94;2020-07-30;parcelas_d287e229-17ae-4d6f-ba8b-f564b45e1c03.csv
1;8705;2020-12-16;parcelas_d2907358-df63-4853-ab0d-048e2d2967d7.csv
1;112565;2020-02-28;parcelas_d297c586-5359-48d4-a46d-7723800bbfa6.csv
1;133.4;2020-02-26;parcelas_d2994eeb-df6f-4d78-9faa-3c5788c0df92.csv
1;4828;2020-02-05;parcelas_d29ca886-46e0-4584-a4f7-0ae254db9ed9.csv
1;4246.9;2020-03-26;parcelas_d29f85be-a770-4454-9536-6693ac604eed.csv
1;32681.17;2020-02-28;parcelas_d2a30037-abad-4d6c-a982-e885e730af47.csv
1;1527.98;2020-03-31;parcelas_d2ac43ad-2e28-4596-8d6e-a41012d21e57.csv
1;11920;2020-04-29;parcelas_d2af06e0-2f9c-47fe-9148-372351a58405.csv
1;52;2020-12-14;parcelas_d2cc36d5-c88d-4ae1-97ee-92d740153a25.csv
1;336532.1;2020-12-30;parcelas_d2da25a3-32c0-4244-8143-5299e3bcd4f3.csv
1;36399.9;2020-08-26;parcelas_d2db5f2c-e201-4c13-8354-a1278448c57f.csv
1;8553;2020-11-18;parcelas_d2e2b7c1-07da-4d33-b334-5c2f8a41ad47.csv
1;457.94;2020-11-05;parcelas_d2ebea88-1bfe-4900-b98c-7a601ffbe817.csv
1;1090;2020-10-21;parcelas_d2ee4e28-4e24-44ca-9042-2beeba2b78b7.csv
1;1190.17;2020-09-10;parcelas_d2f3dc9d-4162-45ad-aec9-2fffad7736e0.csv
1;73166;2020-11-04;parcelas_d2fdb4f9-3798-44be-8197-5e7ba2ac7700.csv
1;9480;2020-06-01;parcelas_d2ff172a-7958-4247-8aea-96a7e5715f16.csv
1;2185;2020-04-15;parcelas_d30f38ea-e5df-4276-aa17-52eb2dd76c1b.csv
1;1028064.5;2020-08-27;parcelas_d31e2ce4-a812-4990-88a6-51ef7da1e7c5.csv
1;26385.12;2020-08-05;parcelas_d328266e-a2aa-42ca-82a7-9972546482e3.csv
1;98.26;2020-03-10;parcelas_d32a1a90-2abb-4a58-ab48-24ce2e5962f4.csv
1;430;2020-06-18;parcelas_d32e21d1-4072-40a8-b05b-1feec25b9bd0.csv
1;2450;2020-10-28;parcelas_d32ed0eb-c88f-4727-826e-61457adf05a8.csv
1;3629.45;2019-12-30;parcelas_d3327e12-2abc-4fa5-9ce6-4b677fc20a7a.csv
1;17481.5;2020-03-12;parcelas_d336f0da-207d-4f6d-a255-188221cd8a54.csv
1;380.64;2020-03-20;parcelas_d3390f2e-c004-46e1-a01a-d0436c78335f.csv
1;532427.93;2020-10-28;parcelas_d344d2fd-26df-457a-a902-68bdefae7a5b.csv
1;1057.54;2020-10-21;parcelas_d34d08d0-120f-404b-a8ac-ab5d28f5bce0.csv
1;26631.86;2020-11-30;parcelas_d34ed6c4-1028-4909-9e9f-f6d3df63e0c4.csv
1;135.78;2020-06-19;parcelas_d3556959-050c-45b3-bdd5-68f32288216e.csv
1;447825.65;2020-12-07;parcelas_d3570a99-adb9-4a58-88cb-e9dff3169696.csv
1;72216;2020-06-19;parcelas_d35af860-37a8-4726-912e-e8f304120ec1.csv
1;229212.08;2020-09-28;parcelas_d36aa46e-c2c8-4726-8fec-6e0ac97d0e5c.csv
1;6600;2020-01-13;parcelas_d36d3e23-8c2c-4d38-be71-9eb50a0a5a6b.csv
1;61051.78;2020-04-29;parcelas_d372d29c-7d83-4f4a-a984-827c93c95166.csv
1;104.13;2020-03-05;parcelas_d37aeace-10a7-426e-b95c-8b192ac4e3dc.csv
1;1869.15;2020-11-16;parcelas_d37b1991-822b-4c6d-a2d5-b2c5e4e7f114.csv
1;1580;2020-01-23;parcelas_d37b9fd1-b2ba-4078-9e1c-a112a2c60385.csv
1;320.85;2020-08-10;parcelas_d3856a2f-8e21-466d-8e7c-55d4401087d2.csv
1;24628.8;2020-07-14;parcelas_d388a93e-37f0-4956-bee3-d61ac0bf5dd1.csv
1;396.56;2020-06-15;parcelas_d390b1c7-6fb7-49e0-94dd-5b64c5e08f83.csv
1;13682.76;2020-04-07;parcelas_d39751a6-7378-4566-8575-54bd906a5cc3.csv
1;9570;2020-03-12;parcelas_d398db62-8cf0-4bb4-89f4-820e5acb816a.csv
1;980.29;2020-04-30;parcelas_d39a537e-24bf-4f44-acf3-87d88a2135d2.csv
1;759.83;2020-11-30;parcelas_d39cda32-3881-4f2d-8241-3c2537b33bd1.csv
1;8186;2020-04-30;parcelas_d3a2e952-d5f3-4ee9-b592-cce5c1184e12.csv
1;5401.67;2020-03-26;parcelas_d3a4c69b-4856-4322-9314-65e23421deb9.csv
1;181.81;2020-05-28;parcelas_d3ab29d2-12fa-459e-89f1-0f41d953d56b.csv
1;399.01;2020-11-11;parcelas_d3ac4fbe-c252-4c05-9e47-1086f52bff6a.csv
1;70;2020-12-14;parcelas_d3b3e683-43aa-4c1a-838d-c01c2b7bfcff.csv
1;189;2020-11-16;parcelas_d3b926cf-9e4d-435b-9cb0-d6243d0fc420.csv
1;59312.21;2020-06-26;parcelas_d3bc0357-934d-4ee4-968b-71aeb9b6abe5.csv
1;44251.47;2020-07-21;parcelas_d3cf493e-82e3-4096-bd2e-84a0aabe055c.csv
1;8050;2020-12-30;parcelas_d3d85512-56e8-414a-a064-ff149365cb41.csv
1;28733.5;2020-10-21;parcelas_d3dd8424-a4a0-4261-9205-60aba1789a7d.csv
1;75957.19;2020-11-27;parcelas_d3df6f14-356d-4ca2-a114-623378e3a1f8.csv
1;285944.88;2020-01-02;parcelas_d3e87906-39b8-445b-bae3-b853634b047b.csv
1;4225.96;2020-09-28;parcelas_d3eba764-261b-44e5-a768-fa5e237fc8d4.csv
1;4900;2020-12-21;parcelas_d3ec4ed6-5880-41a5-a954-21913ce49df5.csv
1;25.26;2020-01-31;parcelas_d400d67f-726e-4625-9a27-b65a2af457c7.csv
1;20400;2020-02-11;parcelas_d4022ac7-9818-4eaf-8f66-bfff12ebcea1.csv
1;5436.56;2019-12-30;parcelas_d40c9cc3-5b1f-4718-bb3a-2562bdd290ea.csv
1;1716.18;2020-11-24;parcelas_d4140a68-e77b-4f37-b680-dd44718ec50f.csv
1;64155.1;2020-12-16;parcelas_d4154348-ee30-4a51-a468-62f14b4a832c.csv
1;5545;2020-08-13;parcelas_d41ccd08-c194-418e-8e5a-d7519dba5118.csv
1;3081.05;2020-07-30;parcelas_d42194b8-a27a-4a15-8c4f-7b18007d0069.csv
1;1953.22;2020-04-24;parcelas_d425a650-ba52-4098-997c-d50dc83d8998.csv
1;126232;2020-12-21;parcelas_d426e919-7096-4b23-bcf5-12f9879bbf3f.csv
1;2250;2020-03-30;parcelas_d42e10b2-b661-404e-a977-5f85026d2023.csv
1;232537.16;2020-01-02;parcelas_d438bb9e-aed2-420b-baf8-d576b90bea5e.csv
1;151063.67;2020-11-27;parcelas_d44ae67e-10da-448a-89ca-b2540d3ba30b.csv
1;590.36;2020-11-04;parcelas_d44e69b1-bbe5-4c20-9df1-c7c7f0a15b48.csv
1;4240;2020-08-07;parcelas_d44ea75e-3158-428c-8883-2d860b91e5d2.csv
1;3973.77;2020-02-05;parcelas_d44f1fda-091f-464a-955c-8dd21d5cac12.csv
1;34791.04;2020-10-28;parcelas_d45461d7-5b93-4e15-992f-0c97fe6db1e9.csv
1;32262.99;2020-10-28;parcelas_d45d2189-3038-4b79-add1-d1f810b7bdb2.csv
1;88.78;2020-02-27;parcelas_d4610dde-76f4-4775-a813-0ed3e13187bd.csv
1;851;2020-07-09;parcelas_d46145ce-1f52-41d0-8c93-eb64f857a82f.csv
1;66.7;2020-02-26;parcelas_d46b00bb-ca82-4742-9117-1221dc02c823.csv
1;857.5;2020-03-02;parcelas_d48fbcba-7e6f-4ccf-a093-c93ee88fe8dd.csv
1;135741.41;2020-10-30;parcelas_d49762e4-6fb3-4a73-a557-e953876cfa7a.csv
1;46084;2020-03-30;parcelas_d49bcf30-a208-4b27-91c9-6ade5a6f8d16.csv
1;57636.75;2020-09-11;parcelas_d49be403-dbce-4cbd-9b8c-f52536665d8f.csv
1;105000;2020-10-28;parcelas_d4a878d7-c368-48a6-893d-46c417a55fa8.csv
1;23200.42;2020-01-28;parcelas_d4ae7458-9f9d-41da-b8df-32bc436d7e5e.csv
1;2873.45;2020-11-04;parcelas_d4bc0279-8eba-43d6-94a6-9fb390a9f97c.csv
1;992.86;2020-03-31;parcelas_d4c17c1e-eaa1-4998-9421-80598f1e4258.csv
1;12925.46;2020-04-15;parcelas_d4c4f690-639e-4b10-8ae1-2edbd39b5f9c.csv
1;380;2020-06-09;parcelas_d4c690c7-1000-4ddc-b420-2c34467eb293.csv
1;725.13;2020-10-02;parcelas_d4c922b6-0fc6-43c5-a2bf-8fef3803de70.csv
1;10529.98;2020-06-24;parcelas_d4cb5ae0-5dc2-420c-9d8c-d9d5b1f9f090.csv
1;5726.47;2020-06-15;parcelas_d4dd163c-e2c7-42b3-bf4c-1913c93d95f5.csv
1;19.37;2020-08-31;parcelas_d4e5635d-3e4b-408f-af46-6b694d989251.csv
1;1174.54;2020-01-24;parcelas_d4ea3296-1876-4e19-b672-e0c44825af85.csv
1;11200;2020-02-21;parcelas_d4f171f1-4e8e-4b8b-8cf2-8d0e898b5984.csv
1;1842.4;2020-08-17;parcelas_d4f1f09c-ff8b-494a-8984-cc2be26b8fe4.csv
1;5142.83;2020-07-14;parcelas_d4fe30f9-9abd-43ae-841b-b7ec753a1d5b.csv
1;1359410.63;2020-01-29;parcelas_d4fee2e8-ef0e-4691-ad0b-60a3ded37ff9.csv
1;4487.37;2020-11-30;parcelas_d4ff02ec-9ebb-40da-bf3c-60acb1615402.csv
1;80293.63;2020-06-29;parcelas_d5017433-1b2d-4eda-a02f-234f060cefa4.csv
1;1259.7;2020-07-27;parcelas_d506dfa7-f816-4bda-8af5-bec0b67ee873.csv
1;7703.66;2020-06-26;parcelas_d507a44e-8579-49a7-b55f-703db93d3197.csv
1;2718.33;2020-03-26;parcelas_d508a3d7-bdff-4a71-b91c-c4f2097709de.csv
1;2975;2020-08-27;parcelas_d51cecc8-bca6-4c54-9445-1c9902a04a49.csv
1;100000;2020-11-03;parcelas_d5227836-6e4a-4551-818c-dce1393a059f.csv
1;740.89;2020-08-31;parcelas_d5245d01-f499-4f91-b4d9-95462a87f082.csv
1;29.49;2020-09-16;parcelas_d525833d-0d61-4cfc-96fe-1b29fac239c7.csv
1;27460.42;2020-11-27;parcelas_d5268949-7959-4eb6-90f8-0411d7340e4a.csv
1;849709.55;2020-11-27;parcelas_d528a67e-2a84-48b6-b026-193383c455b1.csv
1;330;2020-10-21;parcelas_d52b193c-bc9e-48e6-a293-5e80f9919ea4.csv
1;9639.2;2020-11-30;parcelas_d52be9a1-60e8-452f-bede-db616577d60b.csv
1;10000;2020-12-15;parcelas_d53095a6-5ac0-46d0-bc06-7a7b2b8d5643.csv
1;69.96;2020-12-07;parcelas_d531715f-17ae-49a2-aca8-efc6725d136c.csv
1;138468.9;2020-03-30;parcelas_d53f3dfd-7e77-444d-a64f-853005bb8da4.csv
1;3971681.25;2020-07-30;parcelas_d543fe4f-b1bd-4bda-be53-8c86fc43424d.csv
1;25072.2;2020-10-20;parcelas_d557d1da-2aba-4a7b-beca-415f74de4fb3.csv
1;13536.63;2020-08-17;parcelas_d55ba321-5050-4e2b-9d5d-722133b55af7.csv
1;1410;2020-08-07;parcelas_d55d34b5-cf88-498d-a4ec-be91fa42ec18.csv
1;1535.2;2020-02-28;parcelas_d55e96dc-3030-4cc1-9cf4-c3037365f18f.csv
1;137;2020-10-05;parcelas_d55f4368-1d7d-4472-bcc2-5a5852b0ddfe.csv
1;233073.54;2020-04-29;parcelas_d56350d1-021e-4da8-bfc1-39a877f858c8.csv
1;97.6;2020-09-29;parcelas_d56ddad1-5cfc-4e8e-8b63-40176bbdf0fe.csv
1;2322.47;2020-07-14;parcelas_d570077a-14a6-4dfe-b4c0-0482b5fcf95e.csv
1;1035.5;2020-02-18;parcelas_d571a33b-95ae-48bb-a5db-f74a75a51a95.csv
1;29.49;2020-08-04;parcelas_d57296da-b7a6-457c-909a-cc8550d4c3e6.csv
1;3968.63;2019-12-30;parcelas_d579f164-be36-450f-b8d0-c616f178636c.csv
1;3792.78;2020-11-10;parcelas_d5885f72-e8a9-4b6c-9bec-979e98c9b43a.csv
1;1898.08;2020-02-11;parcelas_d588e228-2034-4e52-aab9-626aca57f3fe.csv
1;5480;2020-11-16;parcelas_d5891c52-384c-4337-aa70-cfbe57d47e5d.csv
1;78657.23;2020-12-29;parcelas_d589eca2-e6d4-41ed-a2fe-879a6b2a7429.csv
1;176516.41;2020-06-26;parcelas_d58c50b1-0e6f-4d96-a6e2-cc2474ec3fe9.csv
1;1368565.24;2020-10-13;parcelas_d596b7d1-902b-4c29-8de7-8b82fa780536.csv
1;18382.31;2020-11-27;parcelas_d5980b2d-fc4c-411b-8524-e3036eeb5592.csv
1;417.6;2020-11-05;parcelas_d5a70a7c-44aa-4336-9c40-b93cd377490c.csv
1;120000;2020-06-12;parcelas_d5ac4b82-b0dc-4526-a0e9-df4e9e4c93b3.csv
1;1801.98;2020-06-30;parcelas_d5b1f782-012c-4125-a9b4-69b2e229f8a9.csv
1;2411754.31;2020-10-28;parcelas_d5b27d0c-e685-48f4-868c-2b0a5e0cd95c.csv
1;5670;2020-07-13;parcelas_d5bb6f19-d619-4e00-acde-7a13bea51546.csv
1;247.5;2020-08-19;parcelas_d5bc4e75-d8a3-4c21-a03d-db9879c2269b.csv
1;3288;2020-04-14;parcelas_d5bd06ef-1daf-4caa-9c6f-43cd04b5d62d.csv
1;7197.04;2020-02-18;parcelas_d5cc01d8-a355-494a-8084-8e167475295c.csv
1;3530.4;2020-11-27;parcelas_d5ce2e1c-c64b-4c01-961a-649ad1ca5240.csv
1;1225;2020-04-29;parcelas_d5d0104f-9ea2-44c8-82b7-71b6214df4dc.csv
1;2200;2020-03-12;parcelas_d5d2b19c-e6d8-41c1-b170-94deb193f1ee.csv
1;25859.17;2020-03-26;parcelas_d5d6d72a-7bc3-44e9-882d-fb730e677fd9.csv
1;2687.15;2020-06-16;parcelas_d5ecd911-0bee-41b3-b60a-a2128ac45538.csv
1;14118.23;2020-08-27;parcelas_d5f2b51c-4f79-4070-bdc3-78334b7cb700.csv
1;554.99;2020-09-15;parcelas_d5f995d8-16bb-4447-9542-0fadf58c048b.csv
1;101785.58;2020-04-29;parcelas_d600899c-8efc-4011-9e89-5646161f91f8.csv
1;61.01;2020-07-21;parcelas_d601015b-19a4-4c71-8354-3eb021b02ea6.csv
1;2503.9;2020-01-28;parcelas_d6071dec-a28f-4dc8-a762-054ef5db9187.csv
1;13355.41;2020-12-21;parcelas_d60cd378-6e51-4ffa-a351-c4fb0662b726.csv
1;805.95;2020-03-12;parcelas_d610d09a-2bfb-4b82-a86f-070911435eea.csv
1;3069;2020-02-19;parcelas_d61cf148-7933-4ef3-8407-607993a6f03a.csv
1;804.45;2020-06-29;parcelas_d6223bf0-fc2f-4ab8-9015-c1c2b42ab3bb.csv
1;7301.97;2020-07-30;parcelas_d628ff57-ae5d-42ef-90fc-db76a1880c61.csv
1;4811.62;2020-11-30;parcelas_d62aea4c-a276-492f-a565-c8c39f671c7b.csv
1;2640.5;2020-03-27;parcelas_d6320ae6-51c3-4693-9882-490c5985b28c.csv
1;17070.85;2020-01-10;parcelas_d63b84c5-4f1c-4021-bb34-18ee15d60f85.csv
1;46500.89;2020-09-30;parcelas_d646286f-662b-47d3-a206-9363edcfc11a.csv
1;6472.27;2020-04-29;parcelas_d64bfff5-77c1-4fa6-ae17-5e1db30fcd31.csv
1;134804.3;2020-03-06;parcelas_d65507fb-890a-427a-bdd5-d5cf22820dd2.csv
1;5135;2020-01-31;parcelas_d66042c2-c5d9-42f4-b5d4-16e2f182c0ba.csv
1;954;2020-10-28;parcelas_d66ab748-7964-462c-84a2-5a3df530b071.csv
1;92119.82;2020-07-30;parcelas_d66aed33-073d-483a-8b0f-1c9af5a3c446.csv
1;7539.43;2020-09-28;parcelas_d66dc318-18bc-47af-ad7e-af450982fdae.csv
1;2686.09;2020-06-16;parcelas_d66e56b6-14f3-4e42-85c2-a16787c2fe40.csv
1;5097.77;2020-07-13;parcelas_d671b48c-5476-4907-a52b-383cf15a705f.csv
1;48.24;2017-12-31;parcelas_d671f535-c007-414f-9114-cc610524714a.csv
1;613.96;2020-09-30;parcelas_d6770c35-d8cb-4000-ba98-58c378273d6e.csv
1;1399;2020-01-27;parcelas_d67ff4ad-716b-41dc-a69e-4248e81736ea.csv
1;4246.9;2020-07-30;parcelas_d68071ae-34e3-45d1-8769-4fa85072b500.csv
1;3471.79;2020-02-27;parcelas_d680c330-2d18-49c0-94cf-f3dbf536adc9.csv
1;7629;2020-04-14;parcelas_d688a83b-b144-4b55-850b-08d894534d0c.csv
1;1588.88;2020-05-28;parcelas_d68c6601-3b2e-4bcf-9abe-58e46230eb0d.csv
1;3013.36;2020-09-28;parcelas_d6976c81-2168-4c3c-8125-12535bd3b351.csv
1;806;2020-02-10;parcelas_d69a2524-dc98-4fe5-85f3-fdd4a772e51a.csv
1;2775;2020-02-05;parcelas_d69f8de9-b8e3-4148-99c5-8668e07f65b8.csv
1;177.8;2020-05-11;parcelas_d6a9ef6a-f759-46ae-a54e-2d7b84a9c6d1.csv
1;608.65;2020-10-05;parcelas_d6b332a6-de63-460a-9c8f-fcd6136e5bc0.csv
1;2000;2020-01-31;parcelas_d6bacb4e-bab2-4d90-bfc9-92d9da11ad69.csv
1;78000;2020-06-26;parcelas_d6c57a37-fd93-490e-ae2b-d017124d7e40.csv
1;40000;2020-10-08;parcelas_d6c63613-7df7-4b73-841b-9dcf88b57a1f.csv
1;75247.05;2020-01-28;parcelas_d6c80586-bef5-4753-9005-2ec4cb2c623e.csv
1;42000;2020-12-30;parcelas_d6c9c160-5085-4f31-89ec-823d1dc5977c.csv
1;242297.71;2020-11-27;parcelas_d6cbacae-e355-441d-b77e-3c3de1279689.csv
1;149119.66;2020-06-26;parcelas_d6d0158b-254b-40fc-acbd-646049d7583b.csv
1;30590.09;2020-12-15;parcelas_d6d822a4-36f1-4c05-af54-c3233b3adc96.csv
1;11293.88;2020-01-08;parcelas_d6e7e376-48f8-44f5-80ff-56ec6e990f3f.csv
1;11881.9;2020-06-16;parcelas_d6f70a3b-a942-4683-b021-74935785a672.csv
1;4250;2020-12-21;parcelas_d6fbf510-f9b6-4fec-ad8e-4ed907a4fa2a.csv
1;31666.84;2020-04-22;parcelas_d7014014-e5b7-4b1b-9605-2944e235dfda.csv
1;2268.6;2020-01-14;parcelas_d702219d-c3dd-4dfb-9a77-3e4b91712c1d.csv
1;1642.34;2020-11-03;parcelas_d705050b-3c15-4d07-b8fc-b3bb0a8dc6b5.csv
1;701894.03;2020-03-10;parcelas_d709725f-5294-4ff4-91d8-4cd791eb2afb.csv
1;2331.29;2020-10-21;parcelas_d70eb9ad-fc72-4a1f-9e12-1ad64d3e2aff.csv
1;422;2020-10-07;parcelas_d7123c6a-bd03-4bc9-8dcb-eb6f0084d0f1.csv
1;43.6;2020-04-17;parcelas_d7132a02-7d57-458a-a3a6-28ea2ea987ee.csv
1;193130.73;2020-09-30;parcelas_d7190ecb-2508-4ade-9c58-70e505986bd7.csv
1;649.9;2020-07-27;parcelas_d7194642-f506-4eec-8f15-4e05f85c508e.csv
1;65.43;2020-06-29;parcelas_d7195b25-09b3-47db-83b1-7391a6641d3d.csv
1;11967.9;2020-07-31;parcelas_d71c1ca8-7483-49ad-bb94-b7af8da6027c.csv
1;4700;2020-10-30;parcelas_d72db147-1ffa-4568-b263-e60a2d07dec1.csv
1;40000;2019-12-13;parcelas_d73061e0-984c-4141-84cb-11fdeecf4f05.csv
1;259.12;2020-09-25;parcelas_d734567a-2360-4f53-af14-84f71d315385.csv
1;138848.82;2020-06-26;parcelas_d73a1f75-2023-4ec5-a892-6a719c32b79b.csv
1;249800;2020-07-30;parcelas_d744981e-9dad-4045-aa38-519291a1e530.csv
1;938.99;2020-08-11;parcelas_d74ac646-b600-4d67-a4c6-c56ed261c9fc.csv
1;2833.88;2020-03-30;parcelas_d74bed34-1db7-45d3-a177-e5bee3438654.csv
1;357181.81;2020-11-06;parcelas_d75943c6-7988-43db-a002-810ed9ebc466.csv
1;1614.52;2020-02-18;parcelas_d75990bb-1984-470b-82a1-a05066e48fae.csv
1;10910;2020-09-09;parcelas_d759ea90-e0ff-42f9-a4a6-dcc30329d03a.csv
1;2706.99;2020-11-03;parcelas_d7604e75-ba5b-486d-9186-c032493f9339.csv
1;97.95;2020-07-29;parcelas_d760c15e-adb0-41b8-a38f-60efedeaeb34.csv
1;361958.33;2020-01-02;parcelas_d7647d05-545c-45ed-bc71-62f7dbaf58a4.csv
1;8626.75;2020-08-25;parcelas_d76bc0a8-f9d3-47ee-b3f9-2d94c0f19c3d.csv
1;307878.13;2020-09-16;parcelas_d779b8b0-7ea6-4549-9bf8-2fdf6612bc74.csv
1;451345.22;2020-11-27;parcelas_d77c7ac4-39ba-4196-b354-cb25baf6074b.csv
1;12430;2020-10-14;parcelas_d78887ab-7a2a-4bf5-8176-3347386d3d7b.csv
1;6459;2020-05-05;parcelas_d78dbda6-8322-41cf-a0e0-0bfbda928875.csv
1;2350;2020-02-28;parcelas_d78ef903-e438-4022-91d9-6c109b06c378.csv
1;87667.43;2020-08-27;parcelas_d79a9503-c5cb-4bbc-b2fe-0cd6fa0bd1d1.csv
1;9044;2020-11-18;parcelas_d79afcf6-a2e7-41fd-8bb3-44ecd483da75.csv
1;54961.74;2020-04-29;parcelas_d7a662bd-7229-4eb3-888f-d5abcb10a03b.csv
1;132560.63;2020-09-28;parcelas_d7b3cd3e-bfa6-4075-b028-321ed8869a9a.csv
1;85.02;2020-05-29;parcelas_d7b3d420-55fc-4e19-ac95-4abc53283876.csv
1;368134.84;2020-10-14;parcelas_d7c055d1-6d72-49c6-919e-3db85a41a71b.csv
1;70;2020-12-17;parcelas_d7c7f173-aa21-4b06-b949-161654749b6a.csv
1;1551.32;2020-07-14;parcelas_d7ce4c9f-47c9-4070-8c42-8b78aeba3b44.csv
1;40000;2020-04-27;parcelas_d7d0e49a-e541-420e-b9ca-07dcba945a3b.csv
1;1036426.81;2020-03-30;parcelas_d7d155aa-3ed7-4f48-93c8-a10202e9aa9c.csv
1;5285.47;2020-06-30;parcelas_d7e9f5aa-7bf9-4261-805b-a20e2933fe5a.csv
1;155040;2020-10-13;parcelas_d7eb201b-70ac-4ab8-b59c-a6cff2009d18.csv
1;646.49;2020-07-31;parcelas_d7f88506-01c6-4fc9-892a-72965306fba2.csv
1;361958.33;2020-12-30;parcelas_d7fde9b4-5cf7-42a8-b63d-6f452c79d356.csv
1;123;2020-11-17;parcelas_d7ff53ac-0c5c-41ff-b1e6-738ae93a9576.csv
1;2072;2020-09-29;parcelas_d8071c28-3365-4851-b515-77039fbde3a5.csv
1;85;2020-10-27;parcelas_d807e709-18e5-428f-8377-bf3cd4485d7e.csv
1;66.67;2020-03-03;parcelas_d80879db-80c5-4197-b443-2f70cf5a0e0e.csv
1;7500;2018-12-21;parcelas_d809341c-e98b-4671-91cf-8d77ee92171d.csv
1;342.18;2020-08-03;parcelas_d80d2698-5dbe-4b9c-a0a7-e16a84480b66.csv
1;6180;2020-10-07;parcelas_d8148f7e-c7a5-458c-a6f5-c33a8d637ab4.csv
1;26385.12;2020-06-12;parcelas_d81a8b11-7aa3-46dc-a743-8ae1c857ddbb.csv
1;139900.18;2019-11-28;parcelas_d825722b-b888-40ee-9442-27557f2ec14b.csv
1;71799.59;2019-11-28;parcelas_d825722b-b888-40ee-9442-27557f2ec14b.csv
1;9850.29;2020-10-30;parcelas_d8285228-b09c-4c38-af8f-b88445674beb.csv
1;577.8;2020-11-18;parcelas_d82bac89-3d5e-4649-b166-d26baeb41de0.csv
1;1272.34;2020-05-04;parcelas_d8328f01-714f-4b22-a7cc-197362e1bc8a.csv
1;304477.53;2020-04-30;parcelas_d836ff31-7129-4e82-b8f3-519000f8b1db.csv
1;137.1;2020-06-29;parcelas_d83c2035-6698-47a4-80e6-c08422c46da1.csv
1;139.61;2020-11-09;parcelas_d83c7507-059c-45d0-9ad9-4a9c5f79266a.csv
1;30401.44;2020-10-28;parcelas_d842c841-eb07-4173-8193-3dbf4c68baa0.csv
1;423130.56;2020-06-12;parcelas_d8456dcb-60c1-4ec1-a4a8-473a61ae7120.csv
1;170.97;2020-01-29;parcelas_d84623c4-26af-408c-8f8b-6e7b62ac71c2.csv
1;4816.64;2020-03-26;parcelas_d84b8492-eedc-484f-80ea-0bdc92d39e61.csv
1;640.76;2020-09-29;parcelas_d84e27fc-cc2d-4493-b879-1691efb63d61.csv
1;34301.6;2019-12-30;parcelas_d8504e33-01b4-49b8-84b2-fad28cc31aba.csv
1;104102.54;2020-06-26;parcelas_d859e442-a730-4cae-a1c6-ae59757d5915.csv
1;820;2020-08-19;parcelas_d8722c3c-c478-44f9-969b-3a1c2505a536.csv
1;8185;2020-01-29;parcelas_d8764839-6d2e-4c12-bc28-8726ed1df6f3.csv
1;2929.05;2020-08-07;parcelas_d87aa701-6027-477d-98a3-9db1720221d6.csv
1;12010;2020-02-10;parcelas_d87d461b-752f-43e9-809c-8a52eaf5a776.csv
1;1100;2020-05-07;parcelas_d87ea79b-15c3-42dc-82ca-35bdbe5ec32f.csv
1;622.67;2020-09-17;parcelas_d87ebb3f-5c32-4862-b721-f6141c082e6d.csv
1;26852.98;2020-04-13;parcelas_d8811823-b76b-4e1f-86be-c313139761e2.csv
1;333.3;2020-08-19;parcelas_d8815247-eb19-4161-b2d8-9474f4ea6291.csv
1;20105.92;2020-09-28;parcelas_d889d7b3-f21c-4ed5-9af5-2aaa1b134fb8.csv
1;56894.94;2020-02-05;parcelas_d88c8448-61e4-4c32-abd1-65c9f73327bf.csv
1;3638;2020-09-03;parcelas_d88dfd73-5527-4b01-9146-972e136c8189.csv
1;78381.15;2020-05-27;parcelas_d890bc81-a7bd-4b10-8cf6-956f3dcf2e14.csv
1;1265.6;2020-08-19;parcelas_d890cb7f-bc1d-47f0-8829-a15b2ca58d88.csv
1;280.2;2020-10-30;parcelas_d8936678-788d-437f-a506-48be6b5f35a4.csv
1;2852.5;2020-07-07;parcelas_d89412dc-efc9-405e-b84d-8f66b49ea326.csv
1;33.6;2020-10-08;parcelas_d8945136-f492-49dc-a71e-06f31f434a84.csv
1;200;2020-09-09;parcelas_d8989f52-4bcf-4c61-bf9c-62315547cc14.csv
1;68797.28;2020-11-19;parcelas_d89f2048-8953-4690-92b0-697cece8e497.csv
1;67932.48;2019-12-31;parcelas_d8a37aa4-2118-4ae6-aadc-3cb12f687311.csv
1;433330.91;2020-12-07;parcelas_d8a37aa4-2118-4ae6-aadc-3cb12f687311.csv
1;507571.99;2020-11-30;parcelas_d8a37aa4-2118-4ae6-aadc-3cb12f687311.csv
1;507383.33;2020-10-30;parcelas_d8a37aa4-2118-4ae6-aadc-3cb12f687311.csv
1;505478.93;2020-10-15;parcelas_d8a37aa4-2118-4ae6-aadc-3cb12f687311.csv
1;489151.18;2020-08-31;parcelas_d8a37aa4-2118-4ae6-aadc-3cb12f687311.csv
1;1577.86;2020-09-08;parcelas_d8a3ce8b-f645-4c0e-b868-ed2678d38f4f.csv
1;4807.29;2020-01-31;parcelas_d8a41941-d4ec-4006-9c16-3be3755fda24.csv
1;1144.55;2020-06-22;parcelas_d8a8ec36-ae57-4648-8354-3079dfe0a3ad.csv
1;3358.59;2020-05-29;parcelas_d8a9005b-aa7d-4e3a-867b-a5450c9c4b0a.csv
1;769.22;2020-07-01;parcelas_d8ce2956-7238-4392-bbe7-c23210e1216e.csv
1;880000;2020-01-02;parcelas_d8cf5bbb-e994-48d9-8328-a9f57cfcbbc9.csv
1;129600;2020-04-09;parcelas_d8cfa72d-217b-4499-8738-4a913554b05f.csv
1;28.8;2020-04-15;parcelas_d8d397c5-04bc-4efd-9e7e-be9c8f897f9b.csv
1;965.16;2020-09-29;parcelas_d8ddcb95-8ecf-42e0-b1c4-94ff9f6ebe50.csv
1;67636.9;2020-05-15;parcelas_d8dec6f1-f101-40f3-ac58-2423d5ac5536.csv
1;156350.28;2020-06-12;parcelas_d8df9655-a7bf-4b00-9b57-ab5177b257b9.csv
1;246.42;2020-02-27;parcelas_d8eb5232-aea9-4c6a-9668-7e39596089e9.csv
1;40000;2020-07-21;parcelas_d8ebb113-9535-43a3-9058-b448793bdf23.csv
1;2829.5;2020-05-11;parcelas_d8f59640-b92c-4141-be1f-875f5dee69f7.csv
1;113850;2020-12-29;parcelas_d8f5b7e5-6fb1-49eb-9075-fc8642dd3494.csv
1;14689.97;2020-10-08;parcelas_d8fc715f-3868-4bc3-92fd-4f348ebfa991.csv
1;17291.09;2020-11-23;parcelas_d9041a2c-df4f-41da-9b10-0737ff4f020a.csv
1;14478.39;2020-09-23;parcelas_d904b782-2e12-413c-86da-7a70af90a706.csv
1;7819.6;2020-01-08;parcelas_d9154004-2c10-4506-b3f9-902fdd4b17e1.csv
1;44166.72;2020-08-11;parcelas_d91feccf-36a2-4bb7-944a-567703267d3e.csv
1;2887.5;2020-11-27;parcelas_d929c13c-d074-4ccc-bd22-8012433a547e.csv
1;36692.2;2020-07-30;parcelas_d9325a98-8f7f-4af8-bdc8-18c8026220b4.csv
1;367551.31;2020-04-29;parcelas_d935618e-d9f3-4c4b-bb48-812a454a7d5e.csv
1;775221.78;2020-12-21;parcelas_d938f286-9bc0-4296-961b-28d57ba31dea.csv
1;26453.44;2020-11-04;parcelas_d939254c-779a-4960-b35f-b9af3446d5ed.csv
1;227.94;2020-05-14;parcelas_d9395fe8-e550-4aa0-bf69-32aaf7ef0521.csv
1;13216;2020-01-21;parcelas_d93e5aae-8d54-49c9-8e41-4ed03f84a290.csv
1;848.1;2020-11-04;parcelas_d9432cb7-601c-4194-8b02-2ec372f77e94.csv
1;1700;2020-09-08;parcelas_d94f5de5-2ad5-4d39-8e0c-cc7c4578d3ff.csv
1;5108.75;2020-08-18;parcelas_d94f8b21-4075-4852-a214-edf7c3f11f07.csv
1;124727.77;2020-03-31;parcelas_d953cc52-97df-45f6-bf41-8c1708052f22.csv
1;233.33;2020-02-14;parcelas_d9545e55-0c53-4e72-8cc4-85673436a7d1.csv
1;2228;2020-10-14;parcelas_d962c6e2-a528-4dd2-8bd9-9093cddebb69.csv
1;58.5;2018-08-31;parcelas_d96527e9-9280-45e3-9c9e-436ea674272e.csv
1;5862.5;2020-06-26;parcelas_d966b51d-dbbe-4ccd-82e0-3c7d69e97e5c.csv
1;9007.41;2020-03-26;parcelas_d968ad3a-7d76-49cf-b846-a90e79f537e5.csv
1;8127.21;2020-01-02;parcelas_d96aeedc-5244-4f7d-8358-3aebb6b7e883.csv
1;28199.35;2020-10-16;parcelas_d9734c0c-d55a-41a6-a52e-3f0b83a26071.csv
1;160000;2020-03-20;parcelas_d9736da0-cdfd-4e37-83f5-f094a17ca071.csv
1;120.27;2020-08-10;parcelas_d9762636-d8f4-4cda-a14a-d8524632e5c9.csv
1;201.46;2020-12-21;parcelas_d976d42f-6103-4ebe-b710-b2c062284b0c.csv
1;3184.89;2020-09-24;parcelas_d985ec14-405e-4020-925d-08fad985ca6e.csv
1;526.95;2020-02-13;parcelas_d98736c8-c05f-42c1-bdb4-bb6831f0fb66.csv
1;1851.62;2020-06-29;parcelas_d989003d-f498-4277-aa8b-b26cf0747f93.csv
1;750;2020-10-26;parcelas_d98b673c-1038-432b-87ed-f3da7ac27f44.csv
1;11277.6;2020-09-23;parcelas_d9942a9b-4712-48de-8b31-8674c018bef7.csv
1;361958.33;2020-10-02;parcelas_d99841bb-8946-4c2f-bc47-a88d2a0418e1.csv
1;6380.21;2020-12-21;parcelas_d9984cc3-878d-4616-8ac9-f611468e2fcf.csv
1;2160;2020-10-23;parcelas_d9a02462-c3a0-4772-9661-4096b314e248.csv
1;210;2018-05-30;parcelas_d9a82d17-f632-4cb2-8808-1b6b16a89ce4.csv
1;9882.41;2020-04-07;parcelas_d9adb137-3ebd-4dab-a5a1-5721fa923706.csv
1;2002.92;2020-01-02;parcelas_d9b1f631-57ec-4dfd-9329-4ed91cf53339.csv
1;35000;2020-07-13;parcelas_d9b6af2e-0850-4322-91d1-9c3b49afa91c.csv
1;2922.8;2020-11-16;parcelas_d9bb0e6b-0b8a-4388-a687-c37b6def88c0.csv
1;204535.24;2020-11-30;parcelas_d9bc063a-c09a-4883-beba-cbaab538796c.csv
1;159.8;2020-05-13;parcelas_d9c12d6b-576f-40d8-ae23-846aadb3ee31.csv
1;2268;2020-05-11;parcelas_d9c5369e-0199-4fd1-9f4d-e459ed8cdd08.csv
1;10000;2020-01-28;parcelas_d9ced5ea-ddd5-477c-8641-e49cf13ad564.csv
1;10495.88;2020-05-27;parcelas_d9d061e8-815f-44a8-8cc4-17d2acd789b9.csv
1;602.8;2020-01-29;parcelas_d9d5a4c6-4616-42f3-8c93-b038da51b1f0.csv
1;2138;2020-02-10;parcelas_d9d5d338-ba20-4bfa-be88-17d38bec3c3a.csv
1;137000;2020-02-10;parcelas_d9d9e2fe-e259-4f51-9fb1-ae0c32a0efc0.csv
1;1868.75;2020-06-25;parcelas_d9ef05c0-1ee3-4395-8be1-9a41bcdbbbdb.csv
1;108820.69;2020-12-21;parcelas_d9f0e5fe-5fbf-4700-888d-f3f98ddc8a87.csv
1;548;2020-02-10;parcelas_d9f249d4-b301-4c66-948e-246900b74dc7.csv
1;1614.44;2020-02-27;parcelas_da042878-4016-4edf-b333-c9ff9b7f8c2d.csv
1;23424;2017-12-29;parcelas_da0a9e13-adaa-4d90-b6e7-5e751b5675a9.csv
1;2310;2020-11-04;parcelas_da1427d9-9ef9-4998-9d62-7dd330f558e4.csv
1;140.8;2020-06-10;parcelas_da185809-7a69-45d0-b647-3107d6cd8ea1.csv
1;5134.3;2020-11-18;parcelas_da1b87a8-339c-4661-af07-942d99eae955.csv
1;70;2020-11-06;parcelas_da1d47c1-00ec-4611-a05d-d68d307a2ff6.csv
1;63260.74;2020-06-26;parcelas_da270daf-d95c-4af9-8121-0e5a1dc9a850.csv
1;262.5;2020-03-26;parcelas_da278841-ea12-416c-8f2e-7c0a585fe222.csv
1;828;2020-05-11;parcelas_da318682-d371-48aa-8638-a70aee29a1bb.csv
1;2251.67;2020-12-21;parcelas_da51e5fb-60fa-42c2-a7ba-bc67f0fbf3b6.csv
1;7000;2020-04-30;parcelas_da668ca0-08da-469b-91f8-2ddd248fe7d3.csv
1;26487;2020-02-14;parcelas_da6ef8db-2d8f-4ce9-b943-abf9a835b8ec.csv
1;3029;2020-06-09;parcelas_da71d266-1049-4ddf-b942-7bcfcadd6384.csv
1;1350;2020-01-08;parcelas_da7869ae-4863-4293-8c71-6320cfa2a310.csv
1;6137.15;2020-02-28;parcelas_da81e95a-d2bc-4629-9624-3e3e79b11d5c.csv
1;12194.28;2020-10-01;parcelas_da827258-b09c-407b-af69-f98f001a4ea3.csv
1;16708.33;2020-05-14;parcelas_da8a8e23-c704-4b4a-9004-a220eaabee25.csv
1;877.5;2020-09-24;parcelas_da94cae5-8bd7-401c-9e84-44d6f7fc1fdb.csv
1;126630.33;2020-07-28;parcelas_daa0a8e2-f734-447f-b39f-dbca81026d6e.csv
1;112.44;2020-10-29;parcelas_daa22d34-2e84-47e3-b5ab-fd34fe2735a3.csv
1;7443.9;2020-10-27;parcelas_daa3c144-d054-4220-b427-80f3cf602264.csv
1;16503.78;2020-11-27;parcelas_daa9429f-e029-43a3-828e-d3a62d67098b.csv
1;359.7;2020-01-23;parcelas_daac3170-8348-4d56-a3de-927775aa3c22.csv
1;7951.58;2020-03-06;parcelas_daad7648-b8a0-4ce9-8697-d28e2cc554a8.csv
1;29.49;2020-11-25;parcelas_dad5d02d-b403-4de3-8b4a-ed72e3411a74.csv
1;72.57;2020-04-29;parcelas_dad7995c-70d0-4692-8e3b-410167133cb2.csv
1;2736;2020-04-16;parcelas_dad895f9-79f5-4804-8874-6e4ca983e3a5.csv
1;695.27;2020-11-30;parcelas_dad9b6cf-29d6-44d1-9270-14862ac6fcd9.csv
1;444000;2020-02-21;parcelas_dadac29a-7de8-46de-962d-1f220b6cf6fb.csv
1;75.43;2020-11-03;parcelas_dadcfc28-2bfb-41e8-a7e1-ec472dc45a6a.csv
1;664.53;2020-08-19;parcelas_dadd0c9e-7588-40d8-8819-ad408f4e31c2.csv
1;162970.05;2020-09-10;parcelas_dae0ac84-d429-4eeb-91d3-a36f7fe60045.csv
1;31163.57;2020-03-16;parcelas_dae1243c-c517-416e-9ee8-6f6088306593.csv
1;762738.52;2020-12-21;parcelas_dae297bb-bb89-4891-8a5d-dc594fcd289e.csv
1;5045.47;2020-11-19;parcelas_dae692c1-a1c2-4f68-9b08-19b1c6e3d2e1.csv
1;79284.14;2020-03-02;parcelas_dae77494-4b1c-4a8f-8a0d-81f9191cea95.csv
1;2841.35;2020-04-13;parcelas_daefc2fe-5fa1-479b-8dc3-6ebb53c76049.csv
1;35969.07;2020-09-28;parcelas_daf2e9ce-3f23-46f6-9b5b-b8801b68594e.csv
1;4670.13;2020-07-23;parcelas_db06de08-9f52-4085-9dad-7ed1d4a0c128.csv
1;31350;2020-03-27;parcelas_db079251-8dad-4efe-a618-058aaeb9a881.csv
1;50141.61;2020-12-30;parcelas_db08389e-640b-4b3f-9110-3a89b9d05239.csv
1;780;2020-05-11;parcelas_db0b12fb-54b1-4612-ac1a-cf31f6214daf.csv
1;76500;2020-01-02;parcelas_db0f8db2-327d-4556-81c7-9bb1f46e2f83.csv
1;8180;2020-01-08;parcelas_db13c0f2-2b60-4287-91e4-8fd129f3baca.csv
1;465.72;2020-05-29;parcelas_db14071b-9ef9-4f71-9b09-272613a83447.csv
1;140.17;2020-07-09;parcelas_db182162-7758-4f50-824c-2d15ee2a5278.csv
1;1000;2020-05-26;parcelas_db1a1d6f-e7e3-42ac-81ed-982f8befb95c.csv
1;1492.49;2020-10-08;parcelas_db1fa6ce-247b-4df9-8c5a-e159c1ae006a.csv
1;443.42;2020-08-24;parcelas_db20c9ad-3660-4c78-904b-9b8be67b3469.csv
1;36756.73;2020-06-26;parcelas_db2e15e1-46a0-4a1f-ae49-d896a7573a7e.csv
1;1056.94;2020-03-18;parcelas_db3699e2-a6fa-44cd-9a76-840fad60f83b.csv
1;1722;2020-10-13;parcelas_db3d6820-4ff3-4590-807c-a8b800592865.csv
1;6440;2020-08-12;parcelas_db4a9595-cf25-4720-b0dc-b1120beeca57.csv
1;17789.96;2020-11-27;parcelas_db5531b1-e339-4b96-a311-d4bb62e2db05.csv
1;49476.25;2020-03-12;parcelas_db5a098c-1f92-4496-9db3-0cc1adeec50c.csv
1;918;2020-11-10;parcelas_db5a5d00-3a28-4594-832e-b4e65353bbf6.csv
1;2560;2020-01-10;parcelas_db5b6e8d-1cd5-4898-9905-c290b213c099.csv
1;4194.68;2020-07-09;parcelas_db68f9af-9f9f-46de-b71e-9b408f626f6e.csv
1;30873;2020-11-03;parcelas_db6a1ed3-d655-424f-8ce5-4b618fa0335c.csv
1;4013;2020-12-30;parcelas_db6c36ff-1873-4ac4-97dc-9ee927a6d1de.csv
1;9521.75;2019-12-30;parcelas_db70f39f-43a6-4adb-9db2-aae315278713.csv
1;25833.34;2020-06-01;parcelas_db724229-2e82-434e-a183-45d106f4242e.csv
1;4246.9;2020-10-28;parcelas_db8944ac-6309-42b3-9a71-17d6ebaad5b7.csv
1;6101.06;2020-06-26;parcelas_db9227b3-7a02-4d19-ac71-c36eb0bc5062.csv
1;79.79;2020-12-22;parcelas_db9ce5af-932f-41d4-9d11-e5b92dfdc369.csv
1;114285.34;2020-03-30;parcelas_dbaa63b4-0ef4-414d-81a7-9ff57cb992c8.csv
1;890.96;2020-12-28;parcelas_dbb12830-0097-4d46-a863-e84e0d2f8897.csv
1;10800;2020-07-21;parcelas_dbb8a796-8292-4892-841a-48b9a72167e8.csv
1;201.74;2020-07-13;parcelas_dbc0174c-7d3e-439e-8010-d896c5d9451c.csv
1;6215;2020-12-30;parcelas_dbc06b11-9fcd-470a-80b6-4e346e6091d3.csv
1;2708.18;2020-06-29;parcelas_dbca75eb-18c4-4ffe-b3eb-25eb9270a58c.csv
1;2077;2020-06-08;parcelas_dbe1885b-412a-420e-8fed-5515037aa102.csv
1;4646.91;2020-03-31;parcelas_dbe386f8-1b94-422d-9dee-1840424d8610.csv
1;63831.23;2020-11-27;parcelas_dbe8cddf-fcbe-466f-b59c-e01e499ccbec.csv
1;1376.15;2020-04-27;parcelas_dbf06b19-a50c-4d8c-b9a9-b620a28674e9.csv
1;3081.05;2020-09-28;parcelas_dbf28514-b471-4c3e-98a4-e494e2770ae4.csv
1;373091.81;2020-01-02;parcelas_dbfd4b92-0558-4a6d-a50b-9155c1ba66fd.csv
1;580;2020-08-26;parcelas_dc03c0cd-4c27-44a7-9723-614cc3c3522d.csv
1;19948.91;2020-05-29;parcelas_dc0cd797-6704-4ea6-8972-cf473eba9cf6.csv
1;29.49;2020-10-26;parcelas_dc0fd1ae-2cf8-404d-9e26-0c5726a9c3de.csv
1;1596.92;2020-08-17;parcelas_dc1099db-2876-411c-9c7b-3caa6d39cb66.csv
1;1697.7;2020-01-13;parcelas_dc13afc5-55a2-413a-adfe-f81aea7719db.csv
1;670.96;2020-12-30;parcelas_dc172e78-48f1-41b0-aa4d-6c484abb78d6.csv
1;4075.31;2020-05-27;parcelas_dc1da733-fda9-49ab-a178-e20eae1be1ef.csv
1;490518.55;2020-05-27;parcelas_dc20d6c5-92e9-4748-bd8b-d9a629417a4e.csv
1;1081.28;2020-05-05;parcelas_dc2991c0-f679-4ac5-a51c-a6371046ba7f.csv
1;750;2020-08-19;parcelas_dc2b2efe-4da5-4f23-994e-243e62557174.csv
1;2765;2020-10-28;parcelas_dc2ed8a0-eaf2-49db-9e45-6faf13579eca.csv
1;28145.8;2020-10-21;parcelas_dc31c2eb-a61c-4fb1-9698-fff2fe58cc84.csv
1;8367.05;2019-12-30;parcelas_dc325c2b-81a9-4311-a5bc-6d15dffa3e85.csv
1;16353.12;2020-07-24;parcelas_dc3404f3-3ec1-409b-bd1e-1df520f277a9.csv
1;24500;2020-09-25;parcelas_dc35580a-443a-4149-a546-0ca97d0e313b.csv
1;267.81;2020-01-13;parcelas_dc377c06-b74c-4f7e-bb35-465c443813d3.csv
1;36.46;2020-08-31;parcelas_dc38b9e5-44ed-4b70-91b5-33ca5abd1e0d.csv
1;26894.98;2020-10-30;parcelas_dc3f491d-fc8b-486b-bbf9-682c70134f09.csv
1;73.6;2020-09-11;parcelas_dc417fd9-e343-48c2-8b35-1c1b97d052c4.csv
1;2800;2020-05-14;parcelas_dc46ec9a-bae7-4af7-b504-797be287da8b.csv
1;38685.6;2020-03-26;parcelas_dc47a816-6f76-4ea8-aa8d-ea948dde9f07.csv
1;862.56;2020-10-21;parcelas_dc504f27-1f2b-4f52-ab85-bf5c3855c668.csv
1;45045;2020-06-25;parcelas_dc51ed39-2072-4b5a-802e-a4ca91063a67.csv
1;4406.75;2020-01-29;parcelas_dc67514c-213b-426f-b9cf-a0a293c4bcdb.csv
1;85.02;2020-12-30;parcelas_dc6d08e4-ada4-44f8-acbe-0007ec24cbbd.csv
1;462.65;2020-07-21;parcelas_dc6e06c2-ff0f-419c-ad97-8aa98c932106.csv
1;5921.81;2020-04-30;parcelas_dc71dabb-4cb3-4cbf-a91a-1b953bc7b76c.csv
1;40000;2020-03-27;parcelas_dc7cd459-7eae-4b71-9591-e365acbe82b1.csv
1;447.6;2020-05-05;parcelas_dc7ce9dd-8c58-4ffa-bbca-8e769e59624d.csv
1;40360.67;2020-04-29;parcelas_dc801812-c61d-4c61-b8c2-88060c8e974e.csv
1;725.6;2020-05-21;parcelas_dc81847c-9758-45ff-bfea-3dac5aeecea6.csv
1;782.39;2020-01-10;parcelas_dc81cbd2-9bb5-4b38-89cd-ef71e3be017d.csv
1;5080.32;2020-11-25;parcelas_dc835242-8ef7-46df-87ec-469cade46ab3.csv
1;29.49;2020-08-13;parcelas_dc8dc595-3708-4242-811b-afee91d476d7.csv
1;444.81;2019-12-30;parcelas_dc923662-36c6-4528-a7d0-3ed039021195.csv
1;850;2020-06-09;parcelas_dc96b6bd-bf45-4941-9279-6f7ffe7ac5f4.csv
1;1632;2020-10-23;parcelas_dc9d032a-fb6e-4701-8466-9f2a42ad0621.csv
1;17.31;2020-03-06;parcelas_dc9e3585-a966-4c02-bea3-5c0055759be5.csv
1;536643.88;2020-03-26;parcelas_dcb832db-6166-4251-98c2-0eb1e1d57f03.csv
1;426530;2020-12-18;parcelas_dcb853d2-10b5-4049-be0b-65b99f09a976.csv
1;8299.37;2020-03-26;parcelas_dcbca81a-40d1-4e83-957a-e84bb29d7197.csv
1;51700.79;2020-05-27;parcelas_dcc578de-9848-4b41-88e8-1507265fc3d7.csv
1;6845.94;2020-04-16;parcelas_dccb9983-43ef-42ce-b938-441a8d4dbcaa.csv
1;417.6;2020-11-04;parcelas_dccd1644-5a7c-4e60-a70a-9d587d6e4367.csv
1;65335.46;2020-05-05;parcelas_dccdf29b-a9fc-4243-8476-27e4792071a5.csv
1;73349;2020-04-14;parcelas_dccf3521-7b5c-40de-96c0-1e711e3b0846.csv
1;216;2020-11-05;parcelas_dcd0adaf-dc9e-4f03-9128-4f8b3853d524.csv
1;54578.55;2020-04-16;parcelas_dcd841ce-be8a-4093-a71f-a24713122e8c.csv
1;13545.34;2020-01-02;parcelas_dcd8fa74-a7ec-4246-a64f-282c3f9cfa99.csv
1;6000;2020-03-30;parcelas_dce2e80d-29bd-43c0-b9ce-04f6ff3192b3.csv
1;112;2020-10-23;parcelas_dce36bff-65a8-4e89-b555-9013c7ec51da.csv
1;5660.61;2020-01-02;parcelas_dce9b764-34ae-48e5-9021-376015417e3d.csv
1;4410;2020-01-08;parcelas_dcf76069-7eae-4983-b392-ec10b9de0449.csv
1;1025077.67;2020-12-01;parcelas_dd0031db-02bf-4a25-b1f0-b6b054b10245.csv
1;2687.5;2020-02-05;parcelas_dd0460b9-d188-4608-a029-f78fac1f30a7.csv
1;2971.44;2020-10-14;parcelas_dd0aad55-a2d2-43c6-a8fb-af357c2112f0.csv
1;2500;2020-08-10;parcelas_dd0bfc3e-35bb-4bfd-a47e-f33db4b70ea5.csv
1;34800;2020-04-06;parcelas_dd33831e-b709-4077-911b-c38288955e49.csv
1;25283.13;2020-04-14;parcelas_dd3604d3-aa5b-4e7b-8544-14ee7a79ef41.csv
1;1809.78;2020-05-19;parcelas_dd3775a7-620b-49ce-b64c-057b85c11d6d.csv
1;84488.76;2020-08-27;parcelas_dd3a1ac9-e849-432d-bf3c-f252b43283dd.csv
1;4020322.5;2020-04-29;parcelas_dd3b9baf-9db8-474a-9c72-4826389a7358.csv
1;10528.42;2020-11-27;parcelas_dd3d5d20-9385-464f-913e-4670be001412.csv
1;4503.52;2019-12-31;parcelas_dd4104c0-745a-4f2e-a828-30a8911e8204.csv
1;41900;2020-04-27;parcelas_dd415fc4-902a-4e4c-ae4a-5ac64efde9cb.csv
1;1568.07;2020-10-06;parcelas_dd43c0da-731a-47f2-80b6-34ef4b0878db.csv
1;708.19;2020-09-29;parcelas_dd45b8a4-9853-4451-b104-571a3e1e9fd9.csv
1;78.25;2020-04-01;parcelas_dd4607ee-0eab-4ad1-abb8-f988c5d85089.csv
1;2146.67;2020-03-26;parcelas_dd4d7c63-9324-4ad9-80ae-49f73ec9f129.csv
1;3928.92;2019-12-30;parcelas_dd503fc7-1d35-467d-9198-7d6bdec7d62f.csv
1;7133.06;2020-07-14;parcelas_dd51601f-4769-47fc-9bd5-2ce16b61ac48.csv
1;2187.85;2020-09-30;parcelas_dd51691b-0dc8-4686-a28f-819ef151048b.csv
1;115;2020-08-19;parcelas_dd53df5b-5a0f-4311-8c60-decab68a6e0f.csv
1;2727.08;2020-07-30;parcelas_dd5a0b8a-f678-4de5-bb6d-55b7d03b9966.csv
1;16950;2020-07-01;parcelas_dd65eb3a-bf8b-4b29-8e28-a1178d3a43b5.csv
1;1102.27;2020-07-31;parcelas_dd660c07-7640-4100-96e0-fe52ec8d65f5.csv
1;740;2020-07-27;parcelas_dd715a91-d7e1-4742-ab06-517a66ee83d6.csv
1;101532.96;2020-09-28;parcelas_dd77ab92-27b9-4e42-aaaf-3428d635d4ed.csv
1;14591.78;2017-08-08;parcelas_dd77c03d-9533-43e6-8279-04643b56cc80.csv
1;17514.45;2020-02-05;parcelas_dd7badad-1342-4e9a-a04f-a512153dd842.csv
1;4079;2020-08-13;parcelas_dd89478a-166e-4a5e-a949-92e394ae50fa.csv
1;135.78;2020-10-14;parcelas_dda0ff9e-f72d-4cac-9736-1d86584fe9d8.csv
1;1710.4;2020-11-12;parcelas_ddaef495-7298-49f3-ad9a-1c82dbf93269.csv
1;300000;2020-02-05;parcelas_ddb05ab3-d7ae-4980-9dbc-268eed980771.csv
1;100000;2020-11-11;parcelas_ddb10416-f5e1-4437-9070-a16ca03664f3.csv
1;738.17;2020-10-07;parcelas_ddb89ab5-05a1-4c78-9409-e5de370f377b.csv
1;23480.97;2020-11-16;parcelas_ddbb3812-c6a4-4f55-9adb-53f239b4c7b2.csv
1;17600;2020-11-27;parcelas_ddc1b82f-deb8-4a17-b948-ec379b3d24b6.csv
1;5617.2;2020-07-24;parcelas_ddc1ccc1-a120-4ca8-83fe-18325622da56.csv
1;345444.02;2020-11-27;parcelas_dddc5fa5-20ad-4aa6-81f8-e81fe32dbe42.csv
1;148376.49;2020-01-29;parcelas_dde45ac4-be03-468d-a850-b5d99e506a6e.csv
1;161.66;2020-02-03;parcelas_ddec0028-ab92-41d0-8676-a68a8e895ff2.csv
1;24.94;2020-02-28;parcelas_ddf25876-885d-489d-b98f-f28081fac37c.csv
1;40000;2020-05-26;parcelas_ddf49126-7de2-4470-983c-ad0ae54fbdab.csv
1;7960;2020-01-29;parcelas_ddf8f660-6934-42a7-bf5c-278344007bbc.csv
1;242297.71;2020-10-15;parcelas_ddfd0c2e-0241-4d35-b329-4669cc68f1cf.csv
1;69486.26;2020-06-08;parcelas_ddfdd416-d227-4431-83fb-f6430050eb85.csv
1;32339.97;2020-04-29;parcelas_de0329b8-819d-4f70-b991-95bc3334fc7e.csv
1;700000;2016-12-08;parcelas_de0575c1-5a10-4e97-8aac-d8ad9caf47c7.csv
1;53295.93;2020-12-21;parcelas_de0678cf-9b46-4030-8354-18aef2120bed.csv
1;1045;2020-11-30;parcelas_de07c984-a7a0-40c0-9a5b-6ed224f3c0ca.csv
1;29575.44;2020-10-07;parcelas_de1bcd14-ceb3-416b-a015-f4cb6ae0fb47.csv
1;205.84;2020-02-26;parcelas_de1c21cc-eaca-4e01-89f5-1f549d2264da.csv
1;677;2020-02-13;parcelas_de1d4490-f60f-42f0-836a-ae812b3a68bb.csv
1;11004.84;2020-07-13;parcelas_de218fe4-f9b2-4b50-b11c-b21ec5248912.csv
1;120612.23;2020-07-13;parcelas_de23babc-1053-4774-8b57-4fde0b409473.csv
1;769;2020-04-16;parcelas_de242feb-d6df-4eec-9862-77816e9db7b0.csv
1;265.89;2020-07-30;parcelas_de2c4470-3ab4-4176-a3d0-4d4495c91868.csv
1;315215.94;2020-02-26;parcelas_de2c6d3b-ee19-443c-b7ad-af1bf2b21b7f.csv
1;4630.58;2020-09-08;parcelas_de3aa936-2109-4e33-9846-f9c9473ed7cc.csv
1;1691073.02;2020-02-26;parcelas_de466dd2-50b4-429e-b28a-894fd7fc66c4.csv
1;455596.76;2020-12-15;parcelas_de4719ab-a139-4106-b78a-3e5eed89eec2.csv
1;170.97;2020-01-30;parcelas_de4938ff-5967-447a-a69e-226450bfbc8a.csv
1;270.03;2020-07-07;parcelas_de49a85c-e36b-4264-8299-fef565fadad9.csv
1;6409.95;2020-03-31;parcelas_de4c396c-bcdf-4a1c-9221-cac2ad4e745c.csv
1;1018.6;2020-02-18;parcelas_de5586ac-45d3-46a3-8e59-c293d2c557d8.csv
1;10960;2020-09-17;parcelas_de58e4a1-a457-4339-8f03-91bf626c1c55.csv
1;2356;2020-12-21;parcelas_de597375-bba6-40c2-9395-d6c16c936df9.csv
1;4386;2020-02-10;parcelas_de63d590-0bcb-4b90-86ec-61115401cf47.csv
1;6672.9;2020-08-18;parcelas_de64c42e-d062-4924-af51-ac8a9e6bb332.csv
1;2035.72;2020-09-29;parcelas_de712aab-3293-45c2-90b0-888188baa68f.csv
1;5459.48;2020-11-27;parcelas_de7347db-9fa0-4c0b-8680-bf1c020133f2.csv
1;75680.9;2020-09-10;parcelas_de7fb4ab-7f89-4dbf-8778-b99ed40f218c.csv
1;29.49;2020-10-02;parcelas_de81b4bf-93c8-4f2d-a16c-bb7c79ef5608.csv
1;1880;2020-05-22;parcelas_de8cd835-320c-4566-8814-186f801d0cbb.csv
1;210640.85;2020-01-28;parcelas_de92ec95-75f4-4226-84ff-32895b9afe9f.csv
1;27.2;2020-09-11;parcelas_de9cad36-9926-4fb0-8d4f-990d064b2287.csv
1;3280;2020-01-02;parcelas_dea23542-52c3-4ec8-a97d-b9a726576504.csv
1;168;2020-07-03;parcelas_deae419c-a448-4749-9021-f8bec15f1237.csv
1;1038229.97;2020-05-27;parcelas_deb1cb69-61e0-48a7-b94d-5253bb518b3b.csv
1;41371.98;2020-07-30;parcelas_dece0de2-5ce4-4dd4-b730-e13f30016d27.csv
1;239.8;2020-08-19;parcelas_decf0e4e-2a73-496c-9487-afad95728ce4.csv
1;2090;2020-07-31;parcelas_ded89f20-b117-4205-b1d0-ea1b42b9a933.csv
1;189.98;2020-09-29;parcelas_dedfc6ba-c166-4652-a2dd-01f5d42871c7.csv
1;49875.72;2020-06-26;parcelas_dee0ca54-fb93-492d-81cb-685b5d7ef23f.csv
1;1552873.4;2020-10-15;parcelas_dee79fe5-0139-4e7c-a017-a9df8fde82f4.csv
1;40.83;2020-09-08;parcelas_dee8d827-77ac-4b77-a996-c3c662a7b3cc.csv
1;2396.97;2020-07-13;parcelas_def0da8f-9793-450c-9e9f-f9bb8fe06c2b.csv
1;4740;2020-11-27;parcelas_def123db-d7dd-4cf1-8d10-5a1b0f3cab44.csv
1;40905.76;2020-12-30;parcelas_def3cd09-901d-445c-be28-c56c3cfbf8b9.csv
1;81.67;2020-08-10;parcelas_def4334d-0f0b-472f-a2ea-53bcff2982c9.csv
1;6446.2;2020-08-12;parcelas_def9ae0f-bf65-418c-bf5e-788a0792db7c.csv
1;63700;2020-01-02;parcelas_defb11fe-e7f4-4e47-a949-ecfec9646c86.csv
1;13613.99;2020-11-17;parcelas_defd57bc-cbcc-4c99-b4b5-3252bf43f92e.csv
1;484.64;2020-12-30;parcelas_df04c14a-9b32-4c88-ac78-68e25c8aa580.csv
1;42063.01;2020-11-05;parcelas_df14408d-4c02-4d7f-b84f-def8358bfadf.csv
1;83324.79;2020-07-13;parcelas_df27393f-bdf6-4ab5-8151-42d9824fb6c4.csv
1;780;2020-11-19;parcelas_df2f01f7-222e-419c-8e6e-a2146334e1e6.csv
1;820.45;2020-12-30;parcelas_df33a2cb-a621-42a6-9e23-6b23d9337af8.csv
1;486.75;2020-05-05;parcelas_df37bc68-3f5d-4610-b9c2-e77591384e03.csv
1;800;2020-11-10;parcelas_df399950-580c-425a-b04a-1b26464fd0c9.csv
1;246.5;2020-11-04;parcelas_df3fdc24-6800-4c88-bf50-7d461de3f18c.csv
1;3220;2020-05-19;parcelas_df4543fa-d740-44e7-affb-36e75fb1dd84.csv
1;955.08;2020-05-13;parcelas_df4c80bf-3e77-4436-9b59-ca0533669ff5.csv
1;331.2;2020-09-29;parcelas_df4cb486-59d9-4bf8-9df3-d60ce5417173.csv
1;769.25;2020-03-06;parcelas_df516e69-c5be-4c31-900e-6bedb264eb55.csv
1;2118.66;2020-11-03;parcelas_df579f75-dcfd-4b42-ae0c-7896ce79426e.csv
1;6299.5;2020-04-28;parcelas_df64694d-2f71-4d82-bb11-9870f0d26e74.csv
1;92873.16;2020-12-14;parcelas_df6e9e04-ca2e-4e25-9e6b-548f35ab94a9.csv
1;34036;2020-08-26;parcelas_df72809e-f46c-44b3-8f9c-7fce648018b9.csv
1;695.27;2020-02-26;parcelas_df735f06-b356-4fef-8ad6-649096c68776.csv
1;22410;2020-08-06;parcelas_df7eab96-c870-495a-82a1-5f2dff2878d5.csv
1;133.71;2020-04-29;parcelas_df7ee979-354d-44a2-be63-0b7d37e76137.csv
1;33600;2020-04-09;parcelas_df88ba63-d2de-4736-9039-2fa0cb82ba91.csv
1;22571.25;2020-04-16;parcelas_df8b9c86-4cf9-4a17-a603-1d1cdcd33471.csv
1;7002.65;2014-03-31;parcelas_df8d9d67-4ea8-4e39-afee-b5302c4579d1.csv
1;589.2;2020-08-18;parcelas_df94672c-0429-4fbe-b4ef-3e661a374db3.csv
1;3342.3;2019-12-30;parcelas_df949b16-fbc8-4568-81f8-e85bfa58c65d.csv
1;294426.28;2019-12-30;parcelas_df949b16-fbc8-4568-81f8-e85bfa58c65d.csv
1;3050.84;2020-09-28;parcelas_df9c7d9f-161f-4b66-a528-ef63e958e2bc.csv
1;26024.16;2020-02-21;parcelas_dfa9cd49-2f75-4e95-8264-9902645d74e8.csv
1;2065.01;2020-07-30;parcelas_dfa9e5c2-8c4f-4fc6-8338-e0f79b49ba7f.csv
1;3113.76;2020-11-16;parcelas_dfabaf11-6945-448c-9332-4c331a6d30e7.csv
1;206.37;2020-09-29;parcelas_dfb8cce2-0b95-4ea1-b2b9-18a3e2089218.csv
1;768;2020-10-07;parcelas_dfbf6528-f1d5-4460-9eb6-4e09a767015e.csv
1;7280;2020-02-05;parcelas_dfc0d57f-3417-462e-b37b-6475713e640b.csv
1;3459.38;2019-12-30;parcelas_dfc270df-b6c9-4166-810d-c37953029b74.csv
1;1100.86;2020-10-05;parcelas_dfc40c71-a05e-4868-9b34-233c40fa2fa8.csv
1;62081.43;2020-01-02;parcelas_dfcddc4d-e270-4762-ab25-d5110146be3f.csv
1;3935.98;2020-09-29;parcelas_dfce6862-2058-4688-a383-4c51cac38aee.csv
1;3700;2020-10-30;parcelas_dfd0d62f-211c-40c7-9f19-16a35bf763fa.csv
1;8255.37;2020-11-26;parcelas_dfd806b5-d8e3-4c8c-aae1-c42eb2e670c4.csv
1;208.56;2020-05-14;parcelas_dfe4b3c7-8880-4ac2-8363-b1b8da648894.csv
1;52.5;2020-08-10;parcelas_dfe70345-34a3-45ee-94d0-26619c7e4618.csv
1;1197.95;2020-02-17;parcelas_dfeaf502-a419-4b2e-9662-525b3a69b797.csv
1;15200;2020-01-02;parcelas_dfeef27a-c787-46e1-8873-7513508960f0.csv
1;4551.66;2020-12-30;parcelas_dff077d0-ca9e-4c68-ad2f-934a45b7e603.csv
1;200000;2020-04-09;parcelas_dff6b063-8280-431e-be6e-e58e0b486f6a.csv
1;400;2018-02-28;parcelas_dff7a62b-af32-4ff1-b286-6edceba4c7f2.csv
1;5272;2020-02-10;parcelas_e004f136-d18d-412b-a6bd-ea7e493cc554.csv
1;60569.39;2020-04-29;parcelas_e0096574-f9bc-4404-9c70-c85560441afe.csv
1;66.7;2020-03-12;parcelas_e00e0e0a-3721-4e62-86b3-7b34e4b39391.csv
1;9875;2020-09-03;parcelas_e01c2b9a-730e-4ba5-9e14-8bd6a43a0b87.csv
1;2395367.64;2020-11-27;parcelas_e02685d4-c35c-4353-acb1-9cad59040737.csv
1;1394;2020-09-14;parcelas_e026febf-8bdf-44a1-8909-4a728eccc7cc.csv
1;131602.27;2020-09-08;parcelas_e0272a8f-6f38-471b-afde-cb8c0c9792ec.csv
1;15818.9;2020-10-19;parcelas_e0276561-1f39-43a9-bdc5-63e18b3c1142.csv
1;66.66;2020-06-22;parcelas_e02aa705-35d5-4a33-bbbd-915543485732.csv
1;702.69;2020-07-13;parcelas_e03b2c88-d5b1-419c-a0f5-0b4f7400bcb7.csv
1;847.2;2020-02-17;parcelas_e0431186-5ec6-47f5-b095-a7dae5885f43.csv
1;21311.45;2020-04-17;parcelas_e04dd3b0-8d33-4d24-a744-dd0251e975b7.csv
1;306000;2020-12-01;parcelas_e053d637-7a86-4175-8791-4319ec2be3c7.csv
1;5879.99;2020-06-26;parcelas_e0696514-9024-42ac-ab71-21e8a10f5b55.csv
1;3550;2020-09-28;parcelas_e06a5875-1302-4144-9dd4-efd2798ba4df.csv
1;57561.79;2020-01-28;parcelas_e06df6b0-bfd2-41d5-858a-7d83f61312a5.csv
1;9635.73;2020-02-27;parcelas_e0705bab-ec7f-4e25-b576-3c2b2c760022.csv
1;10960;2020-11-19;parcelas_e07450f6-6c3a-44b1-affb-f5d0737e35f0.csv
1;900;2020-03-06;parcelas_e0773791-cb47-443d-b3ca-0a836240e569.csv
1;68.13;2020-10-28;parcelas_e0777df4-9853-431d-b808-006f0ff23a1d.csv
1;88.4;2020-11-03;parcelas_e07c2238-4c70-4817-9cdb-2610574e38dd.csv
1;105.57;2020-12-30;parcelas_e0843c8d-cac2-4dbf-80db-e1cbc555479b.csv
1;9700;2020-04-23;parcelas_e0848eff-6c9d-4387-8cf8-fd3cab14bdd8.csv
1;14936.63;2019-12-30;parcelas_e0884a5c-8897-432a-8811-6e7f7ba029b8.csv
1;5829.24;2019-12-30;parcelas_e0886b75-6f87-4551-8235-67fd1adfe538.csv
1;8001.4;2019-12-30;parcelas_e0886b75-6f87-4551-8235-67fd1adfe538.csv
1;122824.96;2020-09-10;parcelas_e08d07c6-6e23-436c-b525-6dd3178280d2.csv
1;9015;2020-11-17;parcelas_e08e74af-8160-460d-beaf-672ecf633346.csv
1;2350.2;2020-01-31;parcelas_e098399a-d80d-41a2-ba8a-aa72a4785021.csv
1;249902.88;2020-11-27;parcelas_e09a9ff0-186a-4e02-82ac-87a251a3f788.csv
1;59312.21;2020-12-21;parcelas_e09c8cac-1d4e-462c-848e-65784ae89a6d.csv
1;159.58;2020-03-05;parcelas_e09f3307-b5ef-42ae-aef3-44b60a425368.csv
1;18920.14;2020-02-05;parcelas_e09fac52-63ef-42ce-8c99-a36a24809a4c.csv
1;1061.35;2020-09-28;parcelas_e0a55e5c-cb77-4765-860c-c0c4368813c0.csv
1;1690.7;2020-08-19;parcelas_e0a7d484-ed83-4419-b957-ab9126bf4d1f.csv
1;392.5;2020-04-30;parcelas_e0b594da-6f76-490f-824e-9e03b283bfb3.csv
1;10380.74;2020-09-29;parcelas_e0cf81a7-9920-48d0-a841-b88d40908f6d.csv
1;1039040.53;2020-02-21;parcelas_e0d5ee0e-3f37-40d2-bbe5-7b203a9ee9c9.csv
1;71759.57;2020-02-28;parcelas_e0e38e55-b464-4164-989c-14b77814f8d5.csv
1;50.4;2020-08-13;parcelas_e0e8b896-5357-4469-a96b-0dc59f9ba44b.csv
1;7559.36;2020-01-20;parcelas_e0ecabe2-64ac-427c-8845-c7a1a61241cc.csv
1;133.71;2020-09-28;parcelas_e0febb98-3def-49ca-8b99-370f5edde5cf.csv
1;1184;2020-02-05;parcelas_e10655e3-6122-4c9a-9232-7600e34b6019.csv
1;502.63;2020-12-23;parcelas_e1082851-8166-4048-bfac-821a1bdbd1b1.csv
1;17121;2020-05-22;parcelas_e115f893-621c-4090-a495-fcf1088e902a.csv
1;106772;2020-08-05;parcelas_e11665c1-ea1a-4847-8873-c962dd9c0991.csv
1;3111.05;2020-06-12;parcelas_e116a4c8-5d58-42fe-8dfb-fad0909406c2.csv
1;3800;2020-04-08;parcelas_e1179f35-a5b9-45e9-b134-0d15b42c8945.csv
1;1552873.4;2020-09-22;parcelas_e119f55a-bff0-4bf0-8ec1-5a007ae8463a.csv
1;26777.3;2020-11-17;parcelas_e11baf96-f0e7-4302-ab41-1744264b774a.csv
1;341.94;2020-01-24;parcelas_e11d7ceb-7e9b-4003-897b-e0a8cc918777.csv
1;100;2020-07-16;parcelas_e12f5a2e-3cb7-47e1-9f28-03d2e324a50f.csv
1;16657.2;2020-06-16;parcelas_e139daa5-f1e8-47a0-9cad-9c4ed63e49a9.csv
1;4021;2020-07-13;parcelas_e13abadb-07a0-4262-9f41-5e4f85b68420.csv
1;533.65;2020-09-08;parcelas_e13bcf57-aa02-466c-932e-188062a3718a.csv
1;13700;2020-05-15;parcelas_e13cc4e2-7288-40a4-a0ef-cac452754434.csv
1;2432.5;2020-02-26;parcelas_e13d814d-82a5-461a-b0cf-48411365e5f4.csv
1;131.78;2020-11-11;parcelas_e144e931-d339-4c94-b174-90f4acc2b9d2.csv
1;2352.99;2020-05-07;parcelas_e1510166-7f10-49b8-ba18-0b88fca13dab.csv
1;129377;2020-04-17;parcelas_e154fcb9-75b8-4b85-a419-b652e95ba365.csv
1;2225.06;2020-01-10;parcelas_e15a403f-9bc4-4f2f-9a30-988159653050.csv
1;22717.35;2020-01-10;parcelas_e15a403f-9bc4-4f2f-9a30-988159653050.csv
1;100;2020-01-28;parcelas_e160349f-4e41-4483-b659-5ad9ae3c0bc0.csv
1;2675.5;2020-05-26;parcelas_e1634b5e-0f2c-45d5-ad16-cc1ca9fbdcdc.csv
1;4070;2020-09-25;parcelas_e16b7bec-e5b7-4ffb-aced-fccd4d6a9754.csv
1;5812.72;2020-02-28;parcelas_e17085ae-3585-4201-bb87-f49c8a2ede3b.csv
1;279077.37;2020-05-06;parcelas_e18e4e06-a53d-42e3-b947-0cfc4f09079c.csv
1;5647.2;2020-07-29;parcelas_e199d466-0558-45bf-a6ec-e82a434fd66f.csv
1;25980.58;2020-11-27;parcelas_e19cf0bc-8e5e-4e76-8f4d-8cee9fed83d5.csv
1;89989.82;2020-03-06;parcelas_e1a7ea28-62dc-48b8-87e0-b11acaa7aa90.csv
1;33462.9;2020-03-26;parcelas_e1af9b13-07cf-4281-8af8-9313f0af4b82.csv
1;2100;2020-09-03;parcelas_e1b010af-96f8-4065-ba91-6af312b4ec0d.csv
1;538288.4;2020-11-12;parcelas_e1cfcb80-2c78-49e8-9e4c-887e9cd2d6cc.csv
1;3122.44;2020-03-02;parcelas_e1d2bc88-bd85-4689-9303-5c66d99412fe.csv
1;352;2020-10-07;parcelas_e1d2c409-3a29-4f80-a4fe-6eafaaa36cbe.csv
1;148.92;2020-10-06;parcelas_e1d5d60b-41c8-4ea4-8561-9bbe5116a3dd.csv
1;381125.37;2020-07-30;parcelas_e1dfcef4-8d29-4dd2-afa0-c1b9331c9496.csv
1;1050;2020-02-26;parcelas_e1e05ef2-cfc1-44f8-b1e8-508c8f435bbe.csv
1;456.3;2020-02-27;parcelas_e1e3683b-d4e9-4b2f-b238-a6a38dc4583b.csv
1;67409.16;2020-03-30;parcelas_e1e87abc-22ca-44e2-aaa5-48a62959b60c.csv
1;20475;2020-08-14;parcelas_e1ea8875-4bdb-47bf-b0df-eac987b68063.csv
1;1223.51;2020-03-25;parcelas_e1ee3f31-c066-4a6b-96e2-a66664a2024a.csv
1;49971.9;2020-05-28;parcelas_e1f05c8f-38e6-4912-8d70-d722925fe0e4.csv
1;46500.89;2020-02-28;parcelas_e1f96c5d-2dd4-4eb1-9287-a3fdd4c9ffdf.csv
1;172954.72;2020-03-26;parcelas_e1f98692-14ce-429f-b91f-bc11113b75bc.csv
1;5647.5;2020-08-26;parcelas_e1fcd976-e215-4324-81b5-4a3e3ddfb181.csv
1;1369059.73;2020-05-27;parcelas_e207f3c6-0251-43f4-a37e-caf77724f5e3.csv
1;950000;2020-08-03;parcelas_e2191107-048b-466c-883b-a2488530a86b.csv
1;1178.6;2019-12-30;parcelas_e223fd0c-2d30-411b-ac55-5f92a70a6a49.csv
1;245;2020-08-19;parcelas_e2269671-040a-4bd1-b705-00dfb08a5949.csv
1;145637.26;2020-03-30;parcelas_e22f0eba-d2f4-4ab4-bfdf-c6b85789791f.csv
1;1420.03;2020-10-07;parcelas_e22fcffa-acb9-41ef-8850-46674165e938.csv
1;3475.43;2020-01-02;parcelas_e2395228-5b55-4613-ac1a-dec389339c9e.csv
1;56747.3;2020-04-24;parcelas_e23c6ff5-ade8-4520-bf98-7280b15282df.csv
1;446.16;2020-02-05;parcelas_e24ae64a-7bbd-47bb-9b1f-1566301144cc.csv
1;421408.99;2020-01-02;parcelas_e25515e4-f2ad-4f6d-8706-b9909da3fc69.csv
1;524161.5;2020-12-30;parcelas_e2595e71-503b-49a9-9575-fa4c5deb6e4a.csv
1;9272.56;2020-04-15;parcelas_e25b5a4e-a4ff-4a82-8057-ce7ecf5d7071.csv
1;24958.15;2020-12-21;parcelas_e27bac85-9a81-44c4-aab6-49b2ee06eecf.csv
1;54694.39;2020-09-30;parcelas_e284a06a-718c-4ba0-bddd-2d8bffbef1a4.csv
1;2840.83;2020-01-29;parcelas_e284be40-2bf1-486d-919f-02e7d247edec.csv
1;743.42;2020-08-31;parcelas_e2896807-893e-41f9-94a8-4a70aa247179.csv
1;2008.47;2020-07-31;parcelas_e28fff99-04dc-4f31-aa1c-b6093096c289.csv
1;61.98;2020-09-11;parcelas_e29520a4-e37b-4b54-a55c-56b7c11f3c71.csv
1;2139.18;2020-05-27;parcelas_e299bff5-ad39-42f7-98a9-d7921d48e510.csv
1;12500;2020-10-30;parcelas_e29d2e56-2fbb-444a-a366-ed10ff7b1165.csv
1;111459.42;2020-09-08;parcelas_e2b4ed92-4c54-466e-9b4e-2fcbd64f0539.csv
1;3648.75;2020-01-29;parcelas_e2b6a23d-2ee4-4c91-a4a2-2d2cc1d9c879.csv
1;1612622.65;2020-03-30;parcelas_e2c02446-5ea6-44e0-b9ca-00f5f89e7d1c.csv
1;974.64;2020-08-19;parcelas_e2c6e0fb-05ab-4e52-bc8b-e91e6e299ddd.csv
1;21920.59;2020-08-18;parcelas_e2c9b98c-7cea-4201-bc2e-c17ad7e6c223.csv
1;4073.02;2020-07-13;parcelas_e2cba2da-b5b6-4c0f-8e96-180fb6378532.csv
1;3325;2020-11-27;parcelas_e2cba4b2-199d-4415-950f-c346558dd514.csv
1;988.7;2020-11-04;parcelas_e2ce2fa7-19f7-440f-b3ae-b38225c4abb9.csv
1;65763.7;2020-06-26;parcelas_e2cf64ec-2992-4774-908a-69a139f6b85a.csv
1;32627.63;2020-05-05;parcelas_e2d56b99-88ac-42e9-9002-9ce70a6339d5.csv
1;127218.84;2020-05-27;parcelas_e2e389f4-375a-4a1f-b455-20918a6abf36.csv
1;4110.8;2020-11-03;parcelas_e2e6296e-196f-4faa-8f0c-2d7ca6ba80e3.csv
1;6971.44;2020-06-23;parcelas_e2ec3422-696a-4487-be95-95a7f966a39e.csv
1;32488.15;2020-12-30;parcelas_e2f105e2-8139-434c-a3ac-f7fb293da702.csv
1;8349.22;2020-02-05;parcelas_e2f2154f-12bf-4064-bdfd-b7185c358484.csv
1;336532.1;2020-08-05;parcelas_e2f36fb2-8cb5-412b-b50d-4cb99c07ef10.csv
1;18624.47;2020-03-20;parcelas_e3027393-4404-4098-bb40-739e3f84d9d1.csv
1;4600;2020-11-24;parcelas_e304589a-70be-40db-a9ed-56eb1c7b9831.csv
1;3192;2020-09-28;parcelas_e307d04c-cc88-43f3-97e9-095fafce64fd.csv
1;239.28;2020-03-11;parcelas_e30acb0d-d515-4fc6-8dc6-67a681cb0359.csv
1;129.71;2020-07-31;parcelas_e314b6bf-f663-4445-bba5-0b05e7a2cc16.csv
1;3010;2020-06-08;parcelas_e3168064-9720-4aea-9260-85424b658876.csv
1;448667.76;2020-07-30;parcelas_e316facb-32b2-4437-8595-a31ac87a996c.csv
1;743.48;2020-10-06;parcelas_e317a0b2-aeb3-48fb-a4a9-1a48b2af4b5c.csv
1;79.79;2020-07-06;parcelas_e3251d4f-447c-40ad-838c-863d86153648.csv
1;947.74;2020-10-14;parcelas_e32ba5db-ec87-4ff6-afb5-237bf423a390.csv
1;20000;2020-02-18;parcelas_e32fea03-e9ee-4326-8bb9-0d187743483c.csv
1;742.5;2020-09-24;parcelas_e3333128-4f76-4312-8b4e-c9393a32a36f.csv
1;4608.32;2020-03-26;parcelas_e333f49a-cccb-48fe-80c6-2c996eddc114.csv
1;306.66;2020-08-19;parcelas_e33f4be8-8e26-4a7c-a63f-0baad252e566.csv
1;123132.47;2020-10-28;parcelas_e3413985-0368-42e8-a481-0bf6e81cf799.csv
1;233314.24;2020-08-27;parcelas_e344407d-51dc-42d5-9194-6cd8e12bd2c2.csv
1;79.79;2020-08-31;parcelas_e3511b45-9dc1-4e95-a355-a060177611c2.csv
1;1635;2020-10-30;parcelas_e351dcd5-371d-43d1-9830-7457982d7a3a.csv
1;66.67;2020-03-27;parcelas_e3532036-519c-4970-8323-1e33871b826a.csv
1;1753.21;2020-12-28;parcelas_e35578a2-cc25-4913-9df4-ba759810e66e.csv
1;102.58;2020-09-09;parcelas_e35b07dc-70fe-4ae4-8c9f-6fe964cc4cf9.csv
1;82000;2020-10-28;parcelas_e35fb170-76c3-4fbd-a5e2-34e20cc52766.csv
1;6920;2020-03-02;parcelas_e3650bb0-b5b1-4b5f-a7b7-a4267e7a00ed.csv
1;6076.52;2020-07-29;parcelas_e36a728e-33b5-4be5-ac38-f25e7db23e6b.csv
1;2490;2020-04-23;parcelas_e36b1ac4-44b4-49fb-877c-651fb8af8893.csv
1;2450.68;2020-01-24;parcelas_e36bf59f-20b7-46a2-8036-ca4e5c6003b8.csv
1;1916.32;2019-12-30;parcelas_e36f7b21-9953-4746-a7d4-b9cad537b1b9.csv
1;2141.02;2020-10-21;parcelas_e36f8a65-6f22-47f8-9ad9-e335245a6efd.csv
1;97000;2020-07-28;parcelas_e37053cb-2c88-4fd5-9a42-c2a42cf5ea36.csv
1;596817.29;2020-01-28;parcelas_e379be0f-009b-474e-bbc7-f5ecefabaee1.csv
1;13361.67;2020-01-02;parcelas_e37b86ef-031b-45f8-adcb-53eb0e44bb3d.csv
1;151.44;2020-07-20;parcelas_e382fd05-ade6-4b25-abc6-5e159a4e2395.csv
1;108000;2020-11-26;parcelas_e385107d-61fe-47b7-999d-ca3963dcf51d.csv
1;111951.58;2020-08-27;parcelas_e38e40a3-0203-4ba9-be22-c23fc075615a.csv
1;1486.74;2020-05-19;parcelas_e398c292-4262-4125-8c7d-15940cdceb63.csv
1;2613;2020-06-25;parcelas_e39b7306-880e-42de-903d-eb7f3ac975f3.csv
1;232.74;2020-05-14;parcelas_e39c7f21-5ba5-4d2c-b26b-af0f17a80089.csv
1;572.2;2020-11-18;parcelas_e3a05b05-ef5b-48d5-b339-51fb3a96f2ca.csv
1;4840;2020-07-28;parcelas_e3a127e9-a2ee-453e-8e51-2c72d54419cd.csv
1;51024;2020-01-23;parcelas_e3a24a05-248f-427b-8c57-457d55eff2d7.csv
1;50396;2020-12-14;parcelas_e3a266e5-bc3d-4c5d-b6a1-fe37d883c64c.csv
1;3390;2020-07-30;parcelas_e3a660cf-6965-418f-b92d-93396c7c3b95.csv
1;15034.71;2020-08-27;parcelas_e3a985cc-3b81-4551-bada-cc2ae2a32870.csv
1;1048.04;2020-09-29;parcelas_e3af506d-947a-43c8-9853-0c3f2b439574.csv
1;3371.67;2020-03-30;parcelas_e3b1fb1c-4dd4-4326-8826-676358b8cc12.csv
1;24876.86;2020-07-13;parcelas_e3c6441c-331e-43fa-907b-3e02e6b93c94.csv
1;94497.1;2019-12-30;parcelas_e3c907d5-d3cd-4f74-8d6d-dade9f24fc59.csv
1;4533.88;2019-12-30;parcelas_e3c907d5-d3cd-4f74-8d6d-dade9f24fc59.csv
1;51800;2020-04-15;parcelas_e3cf754d-f920-4489-a897-5fd788181e5b.csv
1;154227.12;2020-12-07;parcelas_e3d80c99-3bd7-4137-8264-2c05ebd6a22d.csv
1;3050;2020-01-29;parcelas_e3dba8da-4312-4242-b4e6-54e8f65075dd.csv
1;93020.79;2020-11-27;parcelas_e3dc2bdf-e7d1-40f3-b33e-301ea8814fa1.csv
1;5276.25;2020-09-28;parcelas_e3dc98aa-229d-4455-870b-9346ce012173.csv
1;40000;2020-02-26;parcelas_e3dd7d7a-87bc-4cab-86ea-c97c977df9d2.csv
1;59312.21;2020-03-26;parcelas_e3dd9627-29a0-454f-bf53-c3bb41dc015b.csv
1;1800;2020-08-12;parcelas_e3de0c5a-f5e7-4e41-b420-401b801905dd.csv
1;19616.14;2019-12-30;parcelas_e3e5f35c-7278-41c1-9d5f-915a68a63924.csv
1;4889.39;2019-12-30;parcelas_e3e5f35c-7278-41c1-9d5f-915a68a63924.csv
1;7000;2020-10-27;parcelas_e3ea7c91-8c31-4b25-bde1-a4f200817fb8.csv
1;200000;2020-01-31;parcelas_e3fb4914-c62e-4738-ad1e-ca8137f9df57.csv
1;4188.43;2020-07-29;parcelas_e3ff40df-9dd1-4357-8c0a-b24bc5b3dda5.csv
1;26269.66;2020-08-25;parcelas_e404d6ed-269f-4c8c-b5ba-5b9117ed0c70.csv
1;2315;2020-09-01;parcelas_e40772c9-e8f4-4245-9481-2cbb60d47aa5.csv
1;2347.74;2020-06-24;parcelas_e4118be5-3508-4074-bd8e-119366c41a28.csv
1;16000;2020-01-31;parcelas_e412b9bc-ccc0-46e0-8098-e259df335fd3.csv
1;457240;2020-02-03;parcelas_e41e54f6-fe29-47c6-9d26-4a657a703f5d.csv
1;10204.31;2020-09-14;parcelas_e4200a13-3c08-4cc7-8853-35a7b4e8c68e.csv
1;16990.69;2020-07-01;parcelas_e4266416-fd8a-4f2b-baec-ffda932cd134.csv
1;2090;2020-03-26;parcelas_e426fa24-5545-4c5b-969d-0f502b4d2e5e.csv
1;49281.44;2020-03-16;parcelas_e42b284b-a529-42e0-a4a1-e52f2df39f62.csv
1;5453.1;2020-10-21;parcelas_e42bba6c-ebd2-4700-8a03-2d6cc6be481a.csv
1;2111.88;2020-06-22;parcelas_e42c04df-e08f-45eb-bae6-175c88be288c.csv
1;150000;2020-06-01;parcelas_e42d2a77-0a6c-4485-9207-0c5a89662fea.csv
1;89210.64;2020-10-05;parcelas_e433fb7f-54e2-4fc1-9a39-36d3a2d9caa0.csv
1;2300.67;2020-05-29;parcelas_e43a2542-821b-450f-ba72-83cd3884b6f3.csv
1;428.46;2020-11-27;parcelas_e43c712c-f200-45eb-81db-00b09e5ce310.csv
1;6029.38;2020-03-27;parcelas_e442b06f-39cf-46f9-9c75-dca7b4bbe154.csv
1;5990.83;2020-04-29;parcelas_e4434c1b-4d3e-41e7-b274-74e0355b3543.csv
1;118083.33;2020-09-28;parcelas_e444f42a-7788-4399-a2fd-062b55488406.csv
1;1220;2020-05-14;parcelas_e4470e92-19d8-4918-b408-4dc3d156900c.csv
1;108020.27;2020-09-28;parcelas_e452eca5-7f7f-4401-8678-713c42e82255.csv
1;29.49;2020-10-05;parcelas_e4530adb-6f29-429e-95c8-a9fc1dd287a3.csv
1;551.84;2020-08-17;parcelas_e4543a41-81d6-4248-bbcd-50cbbee33401.csv
1;10224;2019-12-30;parcelas_e456fcf4-3239-4024-9b48-433d4f40a59b.csv
1;423130.56;2020-05-05;parcelas_e457c31e-5d8e-4985-9fa8-7c041e88f025.csv
1;1254.19;2020-11-04;parcelas_e458d63c-7d93-41f2-af9d-293a10e4292a.csv
1;1588.48;2020-07-31;parcelas_e4613ff8-d370-4df3-b213-e137c55ff6fc.csv
1;9934.65;2020-12-30;parcelas_e468c084-526f-42d8-b051-429b6cf5b231.csv
1;1337.48;2020-11-30;parcelas_e46a5616-f1b7-4a1c-85c2-6ff5fcf1ef43.csv
1;1575;2020-12-21;parcelas_e470e1f7-86b5-406e-a61c-c1b480b004c3.csv
1;108247.05;2020-05-27;parcelas_e47b1e89-e290-4804-bcd3-37ffa72c1673.csv
1;200000;2020-08-24;parcelas_e47c0e21-a585-4ad6-9e8f-7c1179e61a5c.csv
1;69157.52;2020-03-12;parcelas_e47debe5-a49a-4a19-b45c-0b1b2c0e4826.csv
1;3015435.95;2020-02-26;parcelas_e47eafcd-9ab2-429f-be9e-66c05a598493.csv
1;5121;2020-09-28;parcelas_e47fab10-1e8f-4b22-98ea-e3b3eb9520d2.csv
1;961198.6;2020-12-21;parcelas_e48a5f09-60b7-4b9b-bbb4-44582263f01d.csv
1;2818.57;2020-05-22;parcelas_e48b72b3-ddec-4751-8074-78f0fd9de349.csv
1;1079.54;2020-07-08;parcelas_e49b40d3-821e-4d1d-8eec-b4d466a8492a.csv
1;6095.15;2020-11-04;parcelas_e49e9965-b8f7-4f49-a7ca-e489a1d62557.csv
1;12576.66;2020-06-26;parcelas_e49f8a3b-a279-41a1-8dbf-9fa65284bbd3.csv
1;5425;2020-04-29;parcelas_e4a17f55-84eb-4f14-ba24-8deff19a2c5d.csv
1;2421.46;2020-04-30;parcelas_e4aa3888-e8fe-431a-85b1-899b916cba2c.csv
1;1018.6;2020-03-18;parcelas_e4ae29ba-e79c-4963-933b-d43cc7cf17a7.csv
1;26427;2020-04-23;parcelas_e4b23a7b-4f22-4db2-90f5-3d9798a24c6d.csv
1;6101.06;2020-03-03;parcelas_e4bb7365-41d0-4a5e-a763-caae6cadb07f.csv
1;437.42;2020-07-31;parcelas_e4bb9e65-7e93-4b21-8422-cd8307505ecd.csv
1;680;2020-09-09;parcelas_e4be659f-be59-4838-b4e8-1d8bdd951ff5.csv
1;133;2020-11-11;parcelas_e4e012b7-41a2-45df-874c-7c0521ae2637.csv
1;10213.76;2020-05-14;parcelas_e4e46e7a-278f-461c-8a32-7596ea6ad92a.csv
1;13854.65;2020-08-04;parcelas_e4ea1cf5-2fbf-4908-9bde-d3a345597400.csv
1;5440;2020-09-09;parcelas_e4ea7b1d-0534-4c24-9131-c890e8bed0c4.csv
1;22728.68;2020-04-24;parcelas_e4f3be9c-0aa3-44b9-a38a-36b38a1bbd9f.csv
1;1046551.32;2020-01-02;parcelas_e4f70a02-5672-4109-979b-1243c0416681.csv
1;1157.28;2020-02-26;parcelas_e4fd1afb-b5d7-43d6-8e7f-93084dd2babb.csv
1;150353.34;2020-01-29;parcelas_e4fd248b-eeb1-4381-9fba-db3345ff7bb2.csv
1;38571.2;2020-07-13;parcelas_e5046a41-b2af-4c49-9f1b-1f4689d1c631.csv
1;2190000;2020-05-27;parcelas_e510d6b0-7b70-4ade-9db5-b978899edf32.csv
1;29.49;2020-06-24;parcelas_e5218100-263c-4701-a24e-7aaac25d5e04.csv
1;3879.93;2020-07-14;parcelas_e525535b-4c76-47e9-8b37-208a8ed641ea.csv
1;212.8;2020-02-05;parcelas_e52a0c2c-2ddb-45b6-b936-e8c348fac356.csv
1;9900;2020-09-18;parcelas_e5344a63-9219-43fb-9012-8cd7cad19ba9.csv
1;849709.55;2020-10-15;parcelas_e538ee6f-407d-4c10-b034-9d5060286c5a.csv
1;800;2020-08-19;parcelas_e5478da6-d7d6-47e4-a323-f3a9f2024b50.csv
1;41360;2019-12-05;parcelas_e54d3d70-ea62-427c-ac92-470efe08a55b.csv
1;5974;2020-09-29;parcelas_e55f5bee-dfee-4c67-9264-6aa35fa76e5f.csv
1;7751.5;2020-11-12;parcelas_e566984a-65d5-4a8a-8df2-903b4081643b.csv
1;57700;2020-09-17;parcelas_e575db98-a3b0-4cc1-bcec-5d4ff4a7b077.csv
1;242297.71;2020-07-02;parcelas_e58070c8-3bb1-44ff-bd47-5c3bcbf8c60a.csv
1;141.6;2020-10-21;parcelas_e580ddd1-83ac-44da-a8bc-233a53316fad.csv
1;5426.22;2020-07-09;parcelas_e587fc4e-83d0-4bbd-b088-4f8acfc92134.csv
1;5040;2020-11-04;parcelas_e5936254-8d00-4fcc-ab45-a33ee9403bb0.csv
1;343.16;2020-03-09;parcelas_e59773e8-c8b2-47c8-bc01-03e8096b4e8a.csv
1;75054.58;2020-11-27;parcelas_e59a055e-4e56-42b1-b561-e8e096e4c744.csv
1;10618.67;2020-02-26;parcelas_e59b4b20-5cd4-4741-bff9-29e07938b75a.csv
1;3828;2020-10-28;parcelas_e5a1aa26-d9df-4635-a0de-30e05dafce38.csv
1;3939.53;2020-11-19;parcelas_e5a41720-a6e2-48c1-a4a7-706739ee2209.csv
1;40976.78;2020-07-13;parcelas_e5aa04c9-95fc-4503-bfd3-51c0fdf297da.csv
1;110.58;2020-09-08;parcelas_e5b3a2d9-7a4d-4372-901b-2a8c02a00e70.csv
1;3656;2020-02-14;parcelas_e5b7ad78-8bae-4ce4-bf6c-e9eb5a74f809.csv
1;4929.8;2020-07-17;parcelas_e5b8c94f-fe65-44e5-9f2a-b9fd0d5aae51.csv
1;2327.32;2020-09-28;parcelas_e5c8388c-5e1b-4444-bada-59223daa176a.csv
1;747.38;2020-12-30;parcelas_e5cd2def-8cb1-4b88-968a-524f4c267ea0.csv
1;53266.94;2020-12-21;parcelas_e5f32286-c159-49d1-acca-fb33bfa76e5c.csv
1;14120;2020-11-09;parcelas_e5fd2c01-cc5b-4b88-be44-0c37dd99f2b0.csv
1;2747.5;2020-02-26;parcelas_e5ffc849-8210-4b48-b9ee-26c424e05c73.csv
1;8322;2020-10-06;parcelas_e6020b04-6907-4476-b525-98fbb1199a82.csv
1;8555.38;2020-04-27;parcelas_e60415ac-e065-446d-8a75-a2c8545281ae.csv
1;1450;2020-08-19;parcelas_e6090c71-3e76-4604-b023-fffa9c5277c3.csv
1;20400;2020-08-10;parcelas_e6098de1-2487-4e84-8b86-e64466f0eb51.csv
1;8928;2020-09-01;parcelas_e609c8c9-efe9-44e0-b62c-9b196c095635.csv
1;66.7;2020-05-04;parcelas_e60bb332-6774-4cfa-945a-d3954c8f2731.csv
1;714.84;2020-05-14;parcelas_e60db091-2a31-4c81-8825-5d94e20d0885.csv
1;39;2020-11-13;parcelas_e6174058-b9e3-4a04-b675-793e43d01171.csv
1;8911;2020-08-28;parcelas_e6175254-f079-48af-acc1-8f94ac783da9.csv
1;4170;2020-10-26;parcelas_e619a4a3-8012-4b6b-ad0d-ee71d5356f59.csv
1;441.2;2020-08-18;parcelas_e61ab89e-1b0f-496c-8cdb-63a806637e58.csv
1;634.7;2020-03-06;parcelas_e61da6a1-aa4a-40a2-8c33-17c2e8afe916.csv
1;11738.13;2020-07-30;parcelas_e622e1c8-b979-4448-8b55-086d3a478a26.csv
1;14.59;2020-01-31;parcelas_e623c069-f3ca-4901-a306-21e64545ef6d.csv
1;796;2020-07-29;parcelas_e62609e3-569a-4237-8cfa-709528726b80.csv
1;2171.4;2020-03-02;parcelas_e626be3f-ae35-4dec-a995-98e6955fcc64.csv
1;68642.68;2020-06-26;parcelas_e62f715d-c464-4c47-bae0-b5743bfbaccd.csv
1;1500;2020-06-16;parcelas_e63d228c-1280-4c9d-b0ac-edf245d6f387.csv
1;1498;2020-07-27;parcelas_e6455cf0-c4f3-4c66-8946-c3fa9b6f3679.csv
1;30.58;2020-05-29;parcelas_e64eec6f-9b21-4b88-8656-7ba91acc4b37.csv
1;54713.73;2020-06-26;parcelas_e6530eac-c037-4a7f-8145-0927c270f79d.csv
1;118167.74;2020-06-26;parcelas_e6558f5d-43a7-47dc-a811-025912556fe2.csv
1;21141.89;2020-08-27;parcelas_e6636ad1-baee-4a41-a386-f0e5a9a478fe.csv
1;175;2020-10-06;parcelas_e669c346-53b7-41cd-a345-dd47fa9b93bb.csv
1;137.1;2020-09-22;parcelas_e66c69c1-218d-46ed-ada5-9ca5f735198e.csv
1;300000;2020-03-16;parcelas_e67062e6-c6d2-4e6c-a607-3aaf8d70fbbf.csv
1;211.93;2020-10-08;parcelas_e671c9e1-714f-4416-9661-24e7697845e8.csv
1;34959.11;2020-08-31;parcelas_e67be5aa-c0b5-4f8b-913f-eee3d84c8d3a.csv
1;139250;2020-02-03;parcelas_e67f5cb2-e75e-42d2-a43b-ebc4aa93e986.csv
1;18120;2020-10-08;parcelas_e68147a2-2277-4184-81f4-8f7db6b28331.csv
1;7125;2020-01-02;parcelas_e6837769-f83e-4db4-b2f9-1c3381e15cc6.csv
1;3000;2020-10-14;parcelas_e683cb51-2485-4394-b23d-477483d5c35c.csv
1;28296.65;2020-12-07;parcelas_e683fc00-c041-41fd-91ca-87e5184f6826.csv
1;55377.48;2020-05-27;parcelas_e68ac34c-dec3-41ce-acf7-d5db2fa527ef.csv
1;115;2020-05-20;parcelas_e68b6e1d-859b-45b1-a1bc-9a7d1dd2a96e.csv
1;31380;2020-01-31;parcelas_e6937834-29ed-4bee-a936-04cded600a3b.csv
1;5741.05;2020-11-09;parcelas_e6959be5-4ebe-4c2e-8eab-cd9e73e16336.csv
1;307.19;2020-10-13;parcelas_e6987b19-bf8c-432a-9518-a9ac336086de.csv
1;2542.62;2020-11-24;parcelas_e69c1516-8ad2-4d28-9bec-6981bcf9524d.csv
1;73176;2020-06-25;parcelas_e69d40b3-29ab-450a-8242-43f6244107bd.csv
1;4375.8;2020-04-24;parcelas_e6a3cb5c-e53c-4b78-9157-b1e55f8fdf29.csv
1;165.64;2020-04-14;parcelas_e6a4ea4e-5414-4f37-99cb-a49592697b0e.csv
1;61200;2020-08-25;parcelas_e6bcf666-8452-42b0-b417-9c73ce68b666.csv
1;15200;2020-12-21;parcelas_e6be5419-6a81-4e5a-9471-2d867bdad0dd.csv
1;67517.39;2106-11-30;parcelas_e6c0fe9e-f666-49b7-9eda-b1daf9ce1fe3.csv
1;399721.51;2020-07-03;parcelas_e6c11c4e-2b07-427f-a9ad-53a793bfca5e.csv
1;334859;2020-12-15;parcelas_e6c3e612-ab61-4674-8b48-9ba850e8028a.csv
1;260939.99;2020-06-08;parcelas_e6c74756-b645-47fc-93bd-d92ff68c0a1f.csv
1;17346;2020-04-14;parcelas_e6c92a53-4210-43d9-bb8e-de1ab5447b2b.csv
1;4842;2020-02-10;parcelas_e6d0ac12-05ff-4bb4-828e-ec1455172378.csv
1;61991.9;2020-12-21;parcelas_e6d13fcf-cfbf-4cb1-b6d5-7c36265e566b.csv
1;8065.05;2020-11-26;parcelas_e6dd126a-ecf2-4ddc-a27a-7a5b9395990b.csv
1;1158009.52;2020-10-28;parcelas_e6de9939-7b9c-4149-9aad-e448f75c4f1a.csv
1;751.54;2020-09-08;parcelas_e6e43263-0bb2-4c61-ab35-0afbd58c7a00.csv
1;255.2;2020-09-29;parcelas_e6ef2263-90a4-4027-8676-babe0c0dc768.csv
1;2757.22;2020-10-14;parcelas_e6ef9244-cb9d-4980-98b3-fd9c61c07bae.csv
1;2835208.28;2020-06-08;parcelas_e6f7ae8e-ebff-4f1b-b106-da32ffb4d761.csv
1;4.46;2020-09-29;parcelas_e70062e8-a638-4a74-8a61-ea7506e878cd.csv
1;4175.6;2020-06-08;parcelas_e705de25-21d6-470e-956f-4819e4030fda.csv
1;40000;2020-11-03;parcelas_e70ab598-d89a-418d-85b2-92abae6440d8.csv
1;78414;2020-11-23;parcelas_e70cf966-70cd-4d00-804b-f50e14c0c18d.csv
1;3055.5;2020-09-24;parcelas_e715a965-550a-4e53-8ab4-e1bf74871fd8.csv
1;9240;2020-01-23;parcelas_e7194122-6428-40a9-9016-b5973a0aea57.csv
1;35862;2020-03-27;parcelas_e729f8b5-d5a5-4056-849c-b9fed4ac772b.csv
1;350000;2020-02-21;parcelas_e72a81b2-4423-4e89-a7b0-5bab9304c46f.csv
1;362724.33;2020-08-26;parcelas_e730ed38-c0ba-4698-85f0-54fddbc303a0.csv
1;16625.58;2014-09-30;parcelas_e74d222e-8942-409b-955f-7316cb23169a.csv
1;16625.58;2014-10-30;parcelas_e74d222e-8942-409b-955f-7316cb23169a.csv
1;91063.48;2020-07-24;parcelas_e755673f-e0f9-4941-a4ec-a947db5f8adf.csv
1;283706.46;2020-11-24;parcelas_e76670be-ccd7-4698-842a-fe6bb30b993e.csv
1;447012.98;2020-09-23;parcelas_e767ee93-b8ec-46b5-933e-ec5b1a99cc45.csv
1;950;2020-08-19;parcelas_e76820b4-5bdb-455f-b4ef-2acf081877f0.csv
1;23000;2020-01-02;parcelas_e768f69d-af42-41bb-9af9-a2f7679cdf50.csv
1;11971;2020-12-21;parcelas_e76fd99c-32ad-4be8-9c9a-712c6d8f38f0.csv
1;13570;2020-03-06;parcelas_e770a658-1ae8-46fb-9b91-e82d51dd5229.csv
1;979.62;2020-06-09;parcelas_e7755b1b-4ac1-4e94-a848-7a452c0c111c.csv
1;9720;2020-01-02;parcelas_e775748c-000e-4b9c-9d6a-5f41d4b8fc4f.csv
1;86127.01;2020-04-30;parcelas_e7764387-3d1f-4273-a463-bf009ba54a8e.csv
1;4640;2020-07-13;parcelas_e799bc33-1479-4b22-95a9-752f0d9f6496.csv
1;200;2020-04-29;parcelas_e7a05dbb-1d18-48ec-8487-30fd460111f8.csv
1;88061.34;2020-10-07;parcelas_e7a7caa2-6a4d-43bf-b930-7a87501d2b93.csv
1;90.38;2020-02-21;parcelas_e7ac0dc0-89f0-4b6c-b968-198f91932b96.csv
1;225960.09;2020-09-28;parcelas_e7af6c42-2880-4391-addb-c171219ea0f6.csv
1;86.57;2020-09-22;parcelas_e7b80538-3f3d-46be-bf64-592447171c42.csv
1;26.8;2020-10-01;parcelas_e7b99d3c-3f8a-4eed-8504-7ec51722d0ef.csv
1;2963.33;2020-09-28;parcelas_e7bdf185-3462-4083-b321-ed13aa4df02e.csv
1;4448.99;2019-12-30;parcelas_e7c11593-63e3-4669-a93e-484868062611.csv
1;750;2020-11-04;parcelas_e7c131e5-6d6e-4f46-913f-09b4dcd52eee.csv
1;10253.9;2020-01-29;parcelas_e7c29acb-1c78-496d-8d2c-0ec88e581e11.csv
1;1825;2020-03-27;parcelas_e7c8d1d5-47d1-42a5-8f32-e3eb141c4ad6.csv
1;919.14;2020-04-13;parcelas_e7cca73b-f02a-4ea9-8e4b-183caab2c44b.csv
1;252;2020-11-03;parcelas_e7d3e520-e054-4123-a3d7-c2d339b65c4f.csv
1;200.52;2020-09-16;parcelas_e7d66e35-4213-49d5-ae8f-aa8421245a22.csv
1;31261.33;2020-04-30;parcelas_e7da3b28-382b-4f68-ae6e-32c7d77098bf.csv
1;695.27;2020-01-28;parcelas_e7e6d3bf-b0d1-49f1-933e-d665228be545.csv
1;661737;2019-12-30;parcelas_e7e71f71-d40c-40aa-802d-4196a1300e35.csv
1;661200;2019-12-30;parcelas_e7e71f71-d40c-40aa-802d-4196a1300e35.csv
1;694070;2019-12-30;parcelas_e7e71f71-d40c-40aa-802d-4196a1300e35.csv
1;374535;2019-12-30;parcelas_e7e71f71-d40c-40aa-802d-4196a1300e35.csv
1;13036.8;2019-12-30;parcelas_e7e71f71-d40c-40aa-802d-4196a1300e35.csv
1;37773.97;2020-06-26;parcelas_e7e8f981-445c-4499-97ba-b5afab2e7098.csv
1;16061.76;2020-11-20;parcelas_e7ea7e6b-abea-4af1-aad1-2fd4d62ea004.csv
1;2500;2019-12-30;parcelas_e7f47f5b-ee96-4c42-b864-b737afc2379a.csv
1;111625.36;2020-07-30;parcelas_e7f9d54f-e129-490b-89aa-ab48551a4c65.csv
1;544.45;2020-09-14;parcelas_e804ce9f-bb86-4e69-92b9-e3b4776ce13e.csv
1;3185.73;2020-01-10;parcelas_e8090bc2-9578-43db-9ab5-0e0866c017c4.csv
1;3247.2;2020-05-14;parcelas_e80c264a-3862-4e32-ab81-901945d57817.csv
1;2545;2020-11-23;parcelas_e8109a49-3488-4cf8-ab67-f9c42b694557.csv
1;3472.87;2020-11-30;parcelas_e8190b2a-39ef-421e-9235-170cb96e5e1e.csv
1;6799;2020-06-15;parcelas_e81a99d4-8963-41b9-ab73-9cddacf134c9.csv
1;6223;2020-05-26;parcelas_e81fc30f-d7fe-4d8a-b73c-a94a90896e13.csv
1;295252.96;2020-06-17;parcelas_e842c61f-5ea1-4aed-8f82-09e02bc87543.csv
1;13457.5;2020-01-02;parcelas_e846a540-d2ca-4669-8d9b-13610b645546.csv
1;10324.8;2020-04-28;parcelas_e8684a98-3d6b-44f2-8992-15d122c76573.csv
1;27474;2020-10-16;parcelas_e86db116-f593-4d49-bf5e-591774c8df12.csv
1;2600;2020-05-27;parcelas_e87176be-4f89-42ba-92c0-db9ee9ed9692.csv
1;597058.49;2020-01-22;parcelas_e8850dd2-7fd1-47df-96cf-817731812e47.csv
1;188.01;2020-10-05;parcelas_e8878aa8-c7ae-4955-8a2c-159ef8ee6203.csv
1;65.09;2020-02-19;parcelas_e887e4e8-7c2c-4641-b7d6-fa0de93ac5b1.csv
1;14398.77;2020-07-13;parcelas_e88dc0f5-6f7e-4358-a2ee-f4edc54c9dcc.csv
1;27677;2020-02-17;parcelas_e8985faa-c46f-4224-8c8b-3dddb996a842.csv
1;21733.49;2020-10-30;parcelas_e899bc84-64d8-4380-99e5-df9ee084c037.csv
1;3509;2020-01-15;parcelas_e89cb8d0-bb54-4b2a-bd72-63d2add6bfb3.csv
1;5544;2020-01-08;parcelas_e89d5f8b-70c7-42b5-9701-e82baaa4d5e4.csv
1;1505;2020-10-07;parcelas_e8a0c607-7a85-4cea-8b9b-f57c85151521.csv
1;10541.74;2020-07-13;parcelas_e8acf88c-2551-4a1c-9e87-2c5dfded0b92.csv
1;15157.79;2020-08-05;parcelas_e8b000e4-c38f-4802-9777-5910e037ebcc.csv
1;4987.5;2020-12-21;parcelas_e8c24573-6487-4657-b4ac-be69795afea2.csv
1;13097.82;2020-08-28;parcelas_e8c84552-aa86-496f-a694-7f87d25b2da7.csv
1;1932;2020-07-17;parcelas_e8e80526-b695-46cd-a726-d956635c5f8c.csv
1;51838.12;2020-06-26;parcelas_e8ead6fa-fc75-4a1f-9596-972fa844df25.csv
1;244457.84;2020-01-02;parcelas_e8eb98f2-b8c7-4315-946a-3ef193277214.csv
1;226.1;2020-12-21;parcelas_e8efc1c1-840a-476f-8b43-6522dc63fda0.csv
1;35360;2020-06-08;parcelas_e8f26656-ec96-43f8-9359-7a120809a5a5.csv
1;136.33;2020-04-29;parcelas_e8f2e53e-3e32-4209-946f-b5dd289a3859.csv
1;872.9;2020-11-04;parcelas_e8f83233-5316-4316-a2fb-cf8cab424b19.csv
1;1598.58;2020-08-10;parcelas_e8f90e79-24fe-4513-9864-0eecd6fe9331.csv
1;977.6;2020-11-04;parcelas_e9002ae1-aee6-43fe-a57d-2771a546d58b.csv
1;2874;2020-04-15;parcelas_e905f1ff-82a9-4a31-a94a-658412f48d82.csv
1;10680;2020-10-06;parcelas_e906b6d9-babf-4ceb-9ac9-17076edc3ea9.csv
1;3943;2020-12-21;parcelas_e90cdac8-4460-4c0b-accf-8f7b1e9b3abf.csv
1;17682.43;2020-03-11;parcelas_e91293eb-1817-46a2-9ef6-b659073c30a2.csv
1;78.3;2020-12-30;parcelas_e91677df-7456-408e-ade5-8e91a5a41e14.csv
1;587.93;2020-05-11;parcelas_e918c73f-9f67-4003-a864-c9e816500223.csv
1;800;2020-11-05;parcelas_e91a5ad2-d63b-43ed-a93c-0642be4b34be.csv
1;1354.78;2020-10-07;parcelas_e91ab6bd-40db-41bd-b32b-675ffe21e1a1.csv
1;5820.25;2020-11-23;parcelas_e91f37ae-30b2-4cd8-b006-cc41874d48f2.csv
1;420;2020-09-24;parcelas_e921a6af-f24b-4847-b8fe-709087f5ea09.csv
1;2800;2020-03-26;parcelas_e921dfa8-debd-41a9-a792-1c2b438b9bfb.csv
1;304.89;2020-03-11;parcelas_e922435f-0833-494e-9c7d-c25e88ed5403.csv
1;88.78;2020-08-14;parcelas_e92865f6-853a-480c-819a-eacd0af06d85.csv
1;85467.98;2020-06-30;parcelas_e930f443-d46f-4639-9eaf-ac4e9a020ac7.csv
1;1432.9;2020-11-11;parcelas_e932700a-76d6-44b5-b47c-741c29141525.csv
1;23272.15;2020-01-31;parcelas_e947d25d-8b18-4b41-a064-d0f29b2648a6.csv
1;6920.88;2020-02-26;parcelas_e948812b-4b46-4d7f-bb3c-2f15e58f8ede.csv
1;21749.5;2020-02-05;parcelas_e94fa17f-d5d8-4c6f-a367-dda216de0be4.csv
1;1605.6;2020-11-17;parcelas_e955dc5a-c55c-4727-b056-d28c3cc8053d.csv
1;2068.31;2020-02-28;parcelas_e958457f-384a-422e-a764-72897219a8d6.csv
1;102.38;2020-06-29;parcelas_e958db43-eb8f-410f-8bd2-eedc8fbea14c.csv
1;951614.49;2020-03-20;parcelas_e95cfdb2-d3db-4261-850d-e166d22b6584.csv
1;222200;2020-06-03;parcelas_e96c6174-1c4b-4732-849e-9b9dc4a140a0.csv
1;47924.49;2020-10-30;parcelas_e9746f71-efd2-498f-af9a-9a1dfe97093b.csv
1;208.34;2020-09-29;parcelas_e9758b17-00eb-43d8-b23e-81646173d66c.csv
1;34555.41;2020-05-07;parcelas_e9762a8d-2cc4-47ee-bb3f-310e040b128b.csv
1;1906.2;2020-03-05;parcelas_e97e6b02-3fcc-43de-b3f8-52c61bc0c041.csv
1;21944.86;2020-08-18;parcelas_e9838fec-bd9f-4871-882d-9c8596943cd7.csv
1;88966.63;2020-12-21;parcelas_e988b05e-8b1b-468f-9c2a-886edf957df5.csv
1;77164;2020-03-13;parcelas_e98c50ed-e058-4d6b-9336-984c2df2e0aa.csv
1;462.13;2020-11-03;parcelas_e990df5a-dbc0-488f-ad01-c16756b57c6e.csv
1;40000;2020-08-05;parcelas_e991dca8-9b99-485f-8712-71366f0a75ae.csv
1;9253.99;2020-04-20;parcelas_e9920999-9b3c-4926-a515-c2e5cc0a1385.csv
1;94138.68;2020-08-27;parcelas_e9963a72-e433-4f0b-b9e6-28823761cffc.csv
1;1440;2020-07-28;parcelas_e997d489-6b66-4fd6-b9be-765ed2a668f5.csv
1;53110.07;2020-03-30;parcelas_e9a1ce2b-1121-471d-a039-6c1861d7762b.csv
1;222024.75;2020-03-26;parcelas_e9b09bc8-7a0e-47ab-8c91-cee7f1b79563.csv
1;5005.1;2020-03-27;parcelas_e9b8d0da-9edb-4180-b1a5-1c3a874e7a18.csv
1;177900;2020-09-28;parcelas_e9c79c8e-4d4a-4ec7-9888-ac994b30b7b4.csv
1;2447.5;2020-06-09;parcelas_e9d09965-d221-47e1-a1d5-f366e72bd5b7.csv
1;72000;2020-03-02;parcelas_e9d84467-c557-4893-bf1f-0ce6d8ac3c47.csv
1;72000;2020-04-20;parcelas_e9ded386-7fc2-453f-9733-023ade6bcb43.csv
1;71258.53;2020-10-15;parcelas_e9e21c75-166c-4ab0-b90f-8b9a0f6d8106.csv
1;7024.13;2020-01-23;parcelas_e9e811fe-70a5-4da1-88b2-72a6b1470121.csv
1;918.97;2020-07-09;parcelas_e9eff20d-115a-46de-9678-73c8ff33f7c6.csv
1;9764.32;2020-11-03;parcelas_ea027d87-f273-433d-a8df-74d470e77bcb.csv
1;252082.6;2020-09-29;parcelas_ea053d72-7868-426a-a543-c50d3c5d2e33.csv
1;29.15;2020-07-31;parcelas_ea062a46-c67d-4a29-a843-6ed3806f6e98.csv
1;4515;2020-12-09;parcelas_ea067ccf-8d6f-46e2-b674-40373cb10d3a.csv
1;122824.96;2020-04-08;parcelas_ea0d88a9-c880-4d5e-a049-282f858b3198.csv
1;4900;2020-01-28;parcelas_ea0ef6db-fb26-49f3-a230-ba5efa3b04ed.csv
1;87.5;2020-05-13;parcelas_ea1051da-0ea3-4590-bc25-d54112d5127b.csv
1;986;2020-11-26;parcelas_ea1b2801-db5d-4c17-8041-54c626519b6a.csv
1;269.78;2020-08-19;parcelas_ea1eca6a-264d-44c9-b41d-47ddbd92f973.csv
1;3156.82;2020-08-10;parcelas_ea1f9485-2b6b-46e2-8a58-0ab30fd2b06e.csv
1;41168.75;2020-04-29;parcelas_ea243733-5780-4bba-bb09-07ec0d992dc2.csv
1;3940;2020-08-18;parcelas_ea284757-e611-47b2-b4b1-9c078a65105a.csv
1;350;2020-07-15;parcelas_ea3525c0-1e00-428f-ac9e-b0f2350f3735.csv
1;4020;2020-09-23;parcelas_ea38c68b-dc65-466e-ada4-2e3b3b886f20.csv
1;93.6;2020-11-03;parcelas_ea44648b-a261-4447-abb8-44386e4b0197.csv
1;105000;2020-11-27;parcelas_ea480c69-6754-43d3-8cca-3d4f4505ee07.csv
1;9916.37;2020-09-30;parcelas_ea4df4fc-166c-4391-b576-87d44d5a853e.csv
1;80456.73;2020-11-30;parcelas_ea52bffc-aa0c-492c-9353-4a7f011df93b.csv
1;1800;2020-04-23;parcelas_ea55bb58-f214-4c3a-9d20-1eebd2802487.csv
1;16000;2020-08-10;parcelas_ea5e1cb7-4fc2-4644-8cab-aea936fe6933.csv
1;3745.7;2020-08-25;parcelas_ea5ee1b4-ae4e-4b00-bd83-f8ccdababcd1.csv
1;159.56;2020-07-16;parcelas_ea5f4642-a717-4bd2-a55e-6a46459d7383.csv
1;35862.12;2020-03-06;parcelas_ea6606df-ccac-4fcc-b0fd-b0f915525c95.csv
1;23192.25;2020-08-11;parcelas_ea7a86b0-82c6-422f-8372-89998efd2b8f.csv
1;2500;2020-11-12;parcelas_ea7ab36b-91c8-42c9-abe0-04577de97d0f.csv
1;21900;2020-05-11;parcelas_ea7b01d7-5a10-4b8e-90cb-06d47ed88053.csv
1;2008.14;2020-10-02;parcelas_ea7c34d0-6428-4453-8859-c8ba1492a443.csv
1;374579.05;2020-01-02;parcelas_ea7eeff2-c301-4066-80b2-f4534a68152e.csv
1;1866.48;2020-01-08;parcelas_ea87cb7d-4fd9-49d3-8fee-8f691c6c4708.csv
1;1750;2020-07-07;parcelas_ea8a709c-326a-4c06-8cc3-b321730c0c5b.csv
1;2200;2020-05-06;parcelas_ea912e77-2930-4cb8-a6e7-cfb4d498e10e.csv
1;30985.69;2020-09-14;parcelas_ea96fa73-d3e1-43a4-96de-8a9ac0d462f6.csv
1;116.55;2020-11-03;parcelas_ea9b18b4-4855-4adb-a585-8796ad6fd6dd.csv
1;12850;2020-11-27;parcelas_ea9c8bf4-71c0-4453-865f-b50597157ab7.csv
1;6600;2020-02-14;parcelas_eaa9d9f5-399f-4a71-be18-216741e07135.csv
1;82262.68;2020-07-31;parcelas_eaab6586-7f70-4c1b-ac34-00e7d737c259.csv
1;79.79;2020-03-10;parcelas_eaac2bbb-7786-40f1-a5ba-422cd95c968d.csv
1;5862.5;2020-05-27;parcelas_eab02cdf-7478-4773-a42b-d7d1b3ff9179.csv
1;2124;2020-11-06;parcelas_eab711ce-eb25-4d25-b068-3b2038fe8eec.csv
1;7643;2020-10-07;parcelas_eabbb8f7-5d4d-4051-90fe-7e52da295b38.csv
1;31308.7;2020-06-26;parcelas_eac2ee89-839b-426f-851e-89d8976b3e8c.csv
1;775.19;2020-02-26;parcelas_eac7ef42-8bc9-422c-a79b-a6a14e833783.csv
1;9688.38;2020-01-17;parcelas_ead3b035-bc4f-4ed1-b522-826660d11717.csv
1;319.2;2020-10-21;parcelas_ead43891-f095-448e-b1b2-8810548c06b4.csv
1;2808.79;2020-09-08;parcelas_ead7b25d-fc6a-4156-8e72-870f5594ef4a.csv
1;310;2020-11-16;parcelas_eae0ad10-d709-4b15-bd4a-e1b27b316c76.csv
1;5075.79;2020-08-18;parcelas_eae5e817-278c-4cf1-b72f-0b538a56af93.csv
1;7000;2020-03-24;parcelas_eae94a22-0916-4e4c-8f2e-4626c4964834.csv
1;47251.33;2020-06-26;parcelas_eaea8143-7032-443f-9c79-4e558b2dac77.csv
1;14980.5;2020-06-09;parcelas_eafae924-d2b7-4be6-b3f7-f590e767f2ae.csv
1;88998.33;2020-04-30;parcelas_eb0139fc-1409-4f8e-ba6b-0f9321b0b115.csv
1;6189.16;2020-06-26;parcelas_eb0624bb-5557-4e5e-84fe-f79352d64e04.csv
1;30100;2020-11-27;parcelas_eb07d83a-3866-47d3-a440-40a3c5c9863b.csv
1;147750.63;2020-09-28;parcelas_eb114d11-f948-4eb6-84d5-62173d2601e5.csv
1;200000;2020-02-21;parcelas_eb13b381-7dc9-48d3-ae71-01dae898948a.csv
1;32552.52;2020-12-30;parcelas_eb1579f9-1b43-4149-be1c-d222747120ad.csv
1;43018.56;2020-12-15;parcelas_eb1da522-6f61-494a-b370-e067ed7e82df.csv
1;24576.8;2020-06-24;parcelas_eb2ecebb-d37d-416f-a5a2-3d4723169b42.csv
1;11667.27;2018-09-20;parcelas_eb3c636b-03b1-4391-ae14-58f851a8be33.csv
1;38000;2020-01-02;parcelas_eb41b5c2-3e14-42f4-b0a9-a0fa8c567354.csv
1;410;2020-11-05;parcelas_eb51abca-2038-49a2-a03b-871ff0c0cbfb.csv
1;70;2020-12-01;parcelas_eb53efe1-9df7-4ef3-88da-6b1e004a162b.csv
1;35716.53;2020-07-30;parcelas_eb58565d-3e84-4cc7-825f-b0f65c8a3690.csv
1;14650;2020-09-08;parcelas_eb5f8073-d25a-4121-b931-7ea292ed35f5.csv
1;552950.26;2020-08-27;parcelas_eb6e67eb-fc6e-49ac-ba0d-220b5a373d79.csv
1;41857.07;2020-11-27;parcelas_eb745aa7-2129-4cc6-8b7d-1d71699e011c.csv
1;4767.8;2020-11-26;parcelas_eb7d58c8-9080-4737-8399-5eccf53a5874.csv
1;208.26;2020-03-02;parcelas_eb80be8f-e8cb-4414-acb2-8a81dfc86835.csv
1;88550;2020-06-16;parcelas_eb90b063-ec4d-4242-a0ce-ebebb81e5efc.csv
1;1329.93;2020-01-29;parcelas_eba8871b-0e09-42a2-8aee-d8e120f84296.csv
1;74621.09;2020-06-26;parcelas_ebae3103-13b9-4271-abda-6876f78e0545.csv
1;718.05;2020-09-01;parcelas_ebb27849-e8a3-4a78-8b69-2ab41058e5de.csv
1;58261.79;2020-11-26;parcelas_ebbcfbe4-5a26-49de-a155-3561e56cf929.csv
1;5666;2020-08-07;parcelas_ebc45a8c-4a52-47f9-bafc-69f418ce8306.csv
1;1824;2020-07-01;parcelas_ebcac226-6c3d-4455-a05b-c8ba9c920e59.csv
1;5548.6;2020-09-29;parcelas_ebd9e4f7-fe3f-440f-9102-2d1317854cf7.csv
1;1981.58;2020-10-30;parcelas_ebe42b01-4b84-4c19-baa5-4dbd26b2fe14.csv
1;103721.19;2020-01-02;parcelas_ebe9ac16-0df8-4a60-874d-615bcc9481e2.csv
1;26328.78;2019-12-30;parcelas_ebeb3e1b-b689-437e-92f8-2fda5d8fd104.csv
1;70000;2020-01-31;parcelas_ebeccf95-7c1a-4920-a550-614ee8bcbf11.csv
1;125110;2020-11-27;parcelas_ebed7b86-2ebe-4627-974f-c270d41634aa.csv
1;2612.5;2020-09-30;parcelas_ebedc66c-72fc-47aa-a0d0-1f7615fcbb2c.csv
1;3307.61;2020-11-24;parcelas_ebefee49-7b6b-4748-b6f4-03c945fce381.csv
1;2894.52;2020-11-18;parcelas_ebf22fe0-b5c6-462c-bf0e-c379d51edd46.csv
1;42000;2020-09-09;parcelas_ec077ee5-5546-4041-a71c-7746ea8dae47.csv
1;9330;2020-01-29;parcelas_ec0b74b9-1e20-4d6b-86cf-e104d01af528.csv
1;1584.44;2020-02-05;parcelas_ec187b89-50c1-4b79-8efa-692f7c413cc4.csv
1;250;2020-11-04;parcelas_ec1e308c-0a3d-4f33-b2ea-f05850b7df60.csv
1;1493;2020-10-05;parcelas_ec2d7d7e-b44d-4222-a414-abd8b8c014d6.csv
1;1097.58;2020-11-25;parcelas_ec3fd0d7-882b-4a83-91c7-f9509c3dbfe0.csv
1;6737.5;2020-01-28;parcelas_ec4059a0-e434-4480-bb4c-3f07a69c4e2a.csv
1;1900;2020-09-23;parcelas_ec42096d-6e0e-4d78-8a4f-6a1f3a821788.csv
1;17000;2020-09-10;parcelas_ec497f63-7742-483d-8a16-46d68710fde2.csv
1;472.5;2020-02-21;parcelas_ec53f3a7-5459-42d8-a608-5073ec9e997a.csv
1;443.93;2020-11-03;parcelas_ec634e3d-75ad-4ba6-a62d-2de2bb454375.csv
1;854.36;2020-11-04;parcelas_ec6c689e-3213-42d3-a293-ba14d98cd0d1.csv
1;3107.71;2020-09-28;parcelas_ec6d3248-5259-421a-8c15-42bff8ea6401.csv
1;518.78;2020-04-27;parcelas_ec772408-35f7-42d7-8fb2-306357c78155.csv
1;843.68;2020-02-18;parcelas_ec7a98f9-b6f2-4b61-9f49-1254d74eba0f.csv
1;110951.34;2020-04-29;parcelas_ec8386f3-7af6-420c-a165-1c430381094a.csv
1;16950.08;2020-11-18;parcelas_ec8622ea-4ad9-4a90-8962-fd51a63f8bdb.csv
1;2400;2020-01-02;parcelas_ec86ec1a-2e4b-497d-9fed-cac405a848b8.csv
1;901.13;2020-09-22;parcelas_ec87d5d6-1a90-4dfb-bdd1-c4dc54e56306.csv
1;219;2020-03-06;parcelas_ec88e33b-9edf-45ee-b37f-fcda74dc2f4a.csv
1;30356.66;2020-09-28;parcelas_ec950376-a84e-4ce1-9a16-30c3f440b498.csv
1;6125;2020-09-28;parcelas_ec9c9062-3e7e-4c3c-998d-e785f476ebc7.csv
1;2370;2020-09-08;parcelas_ec9d7171-cd54-4ea0-90ae-497d8fc9d7e4.csv
1;36032;2020-01-02;parcelas_eca96e03-fc61-400e-bef4-215ed2bcd2bd.csv
1;7409.54;2020-06-19;parcelas_ecabf6d8-6805-4746-81f0-4d602bb423d1.csv
1;1605.6;2020-11-06;parcelas_ecac630a-2087-4c3e-8300-a9b6ebb4d1a9.csv
1;3689.73;2020-08-28;parcelas_ecb5da66-79da-4624-8040-e472e3032849.csv
1;26296;2020-03-17;parcelas_ecc37841-ca2f-48f7-bc58-b9bc81fb78d4.csv
1;2450;2020-02-26;parcelas_ecc866d3-cc53-4944-9e42-0dfdf415490c.csv
1;1215;2020-08-18;parcelas_ecd2bc5f-6229-4ca5-a13c-cc0c7c7076e4.csv
1;2538.71;2020-07-08;parcelas_ecd455d7-c314-429f-a9b5-1e7690a79643.csv
1;2900;2020-05-11;parcelas_ece23869-7745-470f-92cd-e6a35ca08091.csv
1;6370.64;2020-05-05;parcelas_ecebe792-7607-41d8-8ed0-152a59d2fcf3.csv
1;66937.09;2020-12-21;parcelas_ecf1cafc-2818-4dcd-8f29-b1a5744404ea.csv
1;58981.66;2020-06-24;parcelas_ecf39211-7b98-4e94-b923-0c9351c86330.csv
1;6883.33;2020-08-27;parcelas_ecf517dc-96f2-45f3-8dd6-4090b6352983.csv
1;195.06;2020-11-03;parcelas_ed05cd9b-ca9d-425b-8898-b8c3a1b19004.csv
1;2206;2020-09-23;parcelas_ed0b05de-e6c9-421c-b4a7-892c3d32504b.csv
1;2260;2020-05-05;parcelas_ed0c5989-e3f3-45b2-80e9-e2b66f97f493.csv
1;5852.31;2020-12-30;parcelas_ed0cdd46-6ef0-4e34-ad0b-6db5ea897b81.csv
1;2850;2020-04-13;parcelas_ed0db227-7b16-446c-832f-9c656a062fef.csv
1;2228;2020-09-17;parcelas_ed13e4dd-90d4-4d3f-9861-fd4116921e27.csv
1;7680;2020-01-02;parcelas_ed1532dc-d8c8-4df7-a7fa-da809e0cd9a2.csv
1;189.22;2020-08-03;parcelas_ed2035d7-f09c-4207-bd49-022ec3cf58a2.csv
1;2123.59;2020-04-30;parcelas_ed209936-0cef-46e9-8300-7727cf42c7ac.csv
1;386.28;2020-10-14;parcelas_ed263a97-a44d-42c0-9689-ff4cf24d27a4.csv
1;47394.36;2020-05-27;parcelas_ed2bb1d6-9ef1-4894-b937-6f204cdd4920.csv
1;2244.02;2020-07-30;parcelas_ed3c682d-e7b4-4c05-a67a-84afc23bfb07.csv
1;25746.85;2020-02-05;parcelas_ed3fa8eb-27c2-4b4a-b468-da03cf5ccde8.csv
1;1418.44;2020-01-31;parcelas_ed42be99-eade-4dc7-84f3-9ba953e3c2e5.csv
1;3482.5;2020-06-26;parcelas_ed4a4fc0-6a65-41c9-bc05-1aca2b9bc00d.csv
1;30594.2;2020-01-08;parcelas_ed4f5eb9-a0d4-4c58-988d-671babe6989c.csv
1;455.3;2020-03-16;parcelas_ed59edf1-4b7f-4325-8390-3cc51111d1fc.csv
1;311487.76;2020-09-29;parcelas_ed5ead2d-5c81-46bd-94bb-8eeccf20545c.csv
1;1285.27;2020-01-02;parcelas_ed5f442c-e12e-4f94-b952-3dcc2faf0c71.csv
1;270924.47;2020-12-30;parcelas_ed6072e9-6aad-4620-8b5b-f738630788a7.csv
1;16081.07;2020-12-30;parcelas_ed670b5e-ddd4-4295-b860-4b03797a168a.csv
1;90449.47;2020-01-02;parcelas_ed67329e-3849-4098-af4e-2fd403e483c0.csv
1;4704;2020-09-10;parcelas_ed677c88-89c7-4bfc-a586-e792c9a8acbb.csv
1;336532.1;2020-11-30;parcelas_ed68967a-104c-40db-be5a-ae6373a52123.csv
1;700000;2020-04-07;parcelas_ed6db778-197e-48d9-86e2-f1159db6bef0.csv
1;341171.8;2020-01-02;parcelas_ed7044ad-d2eb-4f46-9f70-fe41697ceaf5.csv
1;84345.14;2020-11-06;parcelas_ed714eb9-c566-46df-a71b-fa35056bd4e9.csv
1;5114.6;2020-03-12;parcelas_ed7f63f2-f9a0-4754-b99a-3e9926ec1fc8.csv
1;6037.5;2020-07-30;parcelas_ed848fc5-4033-4445-b071-af5c9a0a6b94.csv
1;2517.91;2019-12-30;parcelas_ed8b408c-e593-452a-8d05-03603ccd9b8b.csv
1;5073.03;2020-05-14;parcelas_ed95cb39-80d9-47eb-b32d-2405feabe9f1.csv
1;2427.75;2020-09-28;parcelas_ed992c80-a067-49bc-bac9-5391a1db5900.csv
1;200472.45;2020-03-30;parcelas_eda2dd86-f229-4c10-a59a-c238cb2310d3.csv
1;13743.04;2020-08-27;parcelas_eda3ff76-cedb-4f18-ab5a-fc78b6b9ccd6.csv
1;629000;2020-08-28;parcelas_eda75aa4-6e99-4483-b388-1162da2dc6a1.csv
1;1440000;2020-07-02;parcelas_edab6c1d-aadd-4a55-b6d0-96d3ceec1b5b.csv
1;380.73;2020-04-30;parcelas_edac6715-1276-4465-9bbb-4a4b9e5348cb.csv
1;1308;2020-07-09;parcelas_edade57f-5eed-43c1-b86f-52abf5c464cf.csv
1;652.34;2020-01-29;parcelas_edb1857a-5ee9-4cb1-92b2-4906d68f7e0b.csv
1;239.93;2020-08-28;parcelas_edb519e9-3891-4069-9c4a-1cf3c0737645.csv
1;8661.16;2019-12-31;parcelas_edb838c8-1c8f-4f77-9ecb-663774a86a45.csv
1;130535.61;2020-07-02;parcelas_edc27eef-2076-4433-b259-34521de742c8.csv
1;900;2020-11-19;parcelas_edc5f47f-9265-410a-92c7-764394b78b69.csv
1;2675.5;2020-09-09;parcelas_edc997af-4263-48c6-ad85-a59b56ac2f3f.csv
1;3300;2020-06-26;parcelas_edd42416-da78-4e80-9304-31bd8137606f.csv
1;818.8;2020-02-07;parcelas_edd4a0f6-7d8b-4d5e-9677-386ee546d06f.csv
1;915.96;2020-04-09;parcelas_edd746d9-9c96-4a86-8608-4fbb671c30c0.csv
1;2625;2020-11-27;parcelas_eddb546d-01a3-4899-91a4-6dfa00d00772.csv
1;12913.19;2020-12-10;parcelas_ede6aad5-8344-4735-939e-3c88a9ad7f74.csv
1;67506.96;2019-12-30;parcelas_edfbd716-1904-4d5d-9d68-5ab1cb7de1ff.csv
1;11400;2020-03-27;parcelas_edfc6d4d-db5e-4b34-b807-87529895f9e0.csv
1;50000;2020-08-31;parcelas_ee029dad-b99c-4c77-92c2-731d5900eda4.csv
1;7962.38;2020-05-11;parcelas_ee063bd9-e9f0-481d-a63a-b7a93ecf3644.csv
1;2288.37;2020-12-15;parcelas_ee0d7871-9866-4f98-8883-9892400a93e6.csv
1;14217.6;2020-01-08;parcelas_ee101d08-e97a-4c9a-9c50-3ea204a2f96b.csv
1;1470;2020-07-15;parcelas_ee2ff5e1-c4a5-4843-8e04-590bb28f470a.csv
1;11925;2020-02-17;parcelas_ee3449cd-4a03-4ad9-9ae3-0d2489207c40.csv
1;134000;2019-12-30;parcelas_ee3aa69a-d305-44ca-b169-f8eabe0966fb.csv
1;30000;2020-02-17;parcelas_ee41ca79-69b4-4366-a561-d8d1f8502623.csv
1;2989.91;2020-03-12;parcelas_ee4d90bf-6709-4792-b56b-fc3ca1a48b93.csv
1;1118.77;2020-05-29;parcelas_ee54bd05-2a22-45c0-b63e-7d22928fc979.csv
1;21900;2020-01-08;parcelas_ee5adab0-02bf-42d7-bc2b-c4193176ab88.csv
1;815.76;2020-04-30;parcelas_ee5c2898-3b14-4fde-af59-87af52707cfc.csv
1;2158.92;2020-04-29;parcelas_ee5eac5d-66a3-44a5-b064-4e691e72851c.csv
1;2241.6;2020-08-31;parcelas_ee63aa19-5641-4995-9b92-242f3dfa24bf.csv
1;31858.74;2020-05-27;parcelas_ee642b19-8c9b-45bf-b54a-c47b9edfde82.csv
1;9919.16;2020-03-06;parcelas_ee684e8f-96c0-4238-ac6d-16ffa8acf803.csv
1;316852.83;2020-04-15;parcelas_ee6bdde0-2b05-455b-bcfa-8d35ffb7e0c8.csv
1;273.6;2020-09-29;parcelas_ee7a9529-532a-4681-835b-dd0492f7aa97.csv
1;799;2020-09-29;parcelas_ee7aa033-ef11-405f-97c9-b0235e1f8137.csv
1;53284.05;2020-08-13;parcelas_ee809b0f-b360-4c5d-9170-b4ad4bceeb96.csv
1;257.56;2020-06-15;parcelas_ee8a78c4-297c-42a3-ae45-2cecb2affe07.csv
1;150031.88;2020-11-27;parcelas_ee912dd0-9903-4f8a-b8e4-6f92cebba5c2.csv
1;2098;2020-03-16;parcelas_ee9477a2-8ddf-4d04-ac26-d572b0f55cd5.csv
1;187740.53;2020-07-30;parcelas_ee96ba79-5e6b-4195-95d9-8db3c983fa44.csv
1;1617.21;2020-04-20;parcelas_eea053b4-5399-4420-8763-e53e2e548858.csv
1;2958.99;2020-09-23;parcelas_eea837a2-61fb-4902-ae18-eeac847304fb.csv
1;15783.36;2020-04-29;parcelas_eeb25627-3358-4b1f-85fb-0f39a75db32b.csv
1;80040;2020-07-07;parcelas_eeb922a7-07d0-48dc-9d4c-ed2c3c830284.csv
1;54000;2020-07-14;parcelas_eebe3c89-91f0-4c41-acce-b481e55b8eda.csv
1;9000;2020-02-10;parcelas_eec22664-94c9-4bc3-9ec0-2b52d455d96e.csv
1;3159.25;2020-03-27;parcelas_eec66ee0-85cd-4bc1-b6eb-b743dfda98ab.csv
1;2318.4;2020-06-10;parcelas_eecb5664-ed05-4008-8dbd-50ab427628af.csv
1;17357.3;2020-07-13;parcelas_eecebadb-8757-4a47-8969-d5bf5e797b1f.csv
1;7950;2020-02-13;parcelas_eed792be-102b-4e93-ab9f-56045fe5bf26.csv
1;2954.58;2020-11-27;parcelas_eedaac5a-48c5-4ab7-9d49-2c4fe3168860.csv
1;688.27;2020-01-20;parcelas_eee366ba-a82c-4fad-87cd-88cfd3468de5.csv
1;389.57;2020-08-28;parcelas_eeee24c9-aaa5-49e2-afc9-b9213b7e0a31.csv
1;280.12;2020-06-15;parcelas_eef63d2e-d11a-4648-811b-51d614d3c269.csv
1;207;2020-01-15;parcelas_eefa6b8a-1c6a-45b2-8bfc-025754576175.csv
1;12200;2020-09-09;parcelas_ef00a749-1406-489a-aba0-f51801cac124.csv
1;46513.02;2020-12-30;parcelas_ef027489-c64b-412a-8936-ba90d94ac012.csv
1;2025.49;2020-11-30;parcelas_ef189ab8-5f2d-4faa-b16b-0a0b8d3e9e6c.csv
1;2051.97;2020-12-30;parcelas_ef1aeed6-d213-4d51-a15f-e8aa3b5b1ce4.csv
1;27347.56;2020-11-06;parcelas_ef1d943a-31e5-42d7-9fc9-384b895b523c.csv
1;24628.8;2020-01-08;parcelas_ef238988-f227-4961-b0dd-c404085714c5.csv
1;390;2020-08-03;parcelas_ef3302c7-2ed3-41b5-9ff8-b2a113bff39e.csv
1;8027.6;2020-11-17;parcelas_ef34b961-ed57-4772-8b56-393de4b6628b.csv
1;318;2020-09-08;parcelas_ef4208e3-be8f-42fc-b7c2-e11b0cd189df.csv
1;14396.28;2020-07-13;parcelas_ef45ec33-2120-4ba4-ac5a-491deb346654.csv
1;6283.7;2020-02-26;parcelas_ef4e7799-f1c6-4623-9dc6-9d9f2433b3d2.csv
1;10440;2020-05-26;parcelas_ef510689-2d8a-4065-8685-5a371b2afe25.csv
1;1965.21;2020-11-30;parcelas_ef51c877-cb0a-4c4b-9e8e-717378e9d1a9.csv
1;2502;2020-07-13;parcelas_ef525f13-3430-48c2-ad7d-fc21ec899b96.csv
1;3327.68;2019-12-30;parcelas_ef576ae0-0574-4eed-b89f-7d777c3a10d4.csv
1;8228.3;2020-01-02;parcelas_ef593132-b97e-430c-82fa-adfcd2b90e91.csv
1;14975.65;2018-12-28;parcelas_ef6ede29-a9a0-447f-9e5d-e88dcb480927.csv
1;18048.92;2020-08-21;parcelas_ef738e39-3906-4db9-ae39-7101ce973a7c.csv
1;247757.19;2020-08-27;parcelas_ef75a1fa-60e9-4ae9-b31c-3531048ab7fb.csv
1;1954.43;2020-07-30;parcelas_ef8bd3ee-bb07-43e7-9b24-a4c3d97ad919.csv
1;405.37;2020-06-30;parcelas_ef8c23f7-ed6b-4047-82eb-e18808c68836.csv
1;90.37;2020-06-08;parcelas_ef94a57a-a8b3-4c09-b2d3-f904077988da.csv
1;952.1;2020-03-13;parcelas_ef97ad2b-a782-4cf0-be7c-2b15c7e31bb1.csv
1;4006;2020-02-03;parcelas_ef97bb38-fadb-4198-b147-8d311a64abbc.csv
1;740.29;2020-08-31;parcelas_ef98740c-d610-4b07-924a-a8814aeadd6b.csv
1;6285.91;2020-11-17;parcelas_ef99bf56-216b-4e2b-94f0-fcdfcb2e26bd.csv
1;104.13;2020-02-03;parcelas_efa6277b-c13d-41b8-bf80-c084e899b378.csv
1;53.2;2020-09-29;parcelas_efa75df9-36e9-44f6-b7e8-7022f0a3e1f0.csv
1;5872;2020-11-26;parcelas_efb01aa0-cd84-46fb-ac97-9f16a635945f.csv
1;2111.49;2020-03-19;parcelas_efb441f9-0dc9-4e22-854c-25e5b318cd83.csv
1;480;2020-09-23;parcelas_efc43153-4c5a-4140-b393-bedaeb239524.csv
1;358950;2020-01-02;parcelas_efcdee89-c161-42e9-99ac-5c2ca2e2db85.csv
1;11100;2020-08-07;parcelas_efd2296d-95c9-41bb-8338-de4769d3e9b2.csv
1;2350;2020-01-02;parcelas_efd7354c-c519-4968-b82d-d13329aa0b80.csv
1;36024.18;2020-01-02;parcelas_efdd1224-f352-439a-ba77-f1e12f7a3306.csv
1;10495.88;2020-03-30;parcelas_efe5ef29-46e0-4d0a-9a37-90867d5a92e1.csv
1;53631.66;2020-01-28;parcelas_efe68b40-cf53-42d2-bc83-57acfcca73e5.csv
1;3670;2020-11-03;parcelas_eff0552d-1528-4c53-a5ef-989254c23f4b.csv
1;1009.65;2020-11-11;parcelas_f0000f86-b313-43dd-bd8b-122d73638828.csv
1;956.3;2020-02-14;parcelas_f0079820-1933-40bd-8a0e-60e987e870c1.csv
1;25300;2020-01-02;parcelas_f00905ff-fb77-43b9-97ba-141dad9efa4f.csv
1;500000;2020-05-27;parcelas_f0132961-ebdb-4ec3-b009-98e2f011afdf.csv
1;7237.16;2020-08-17;parcelas_f025024f-c4f6-4227-ae36-57dbcfe8cb49.csv
1;2106.4;2020-04-08;parcelas_f02763b2-6ead-4280-b727-971eb3e4ac77.csv
1;1524.9;2020-03-27;parcelas_f029e7e0-f655-426d-8255-66871df1fa8e.csv
1;42.92;2020-11-25;parcelas_f033a485-7fe0-4c39-ae25-746510a59680.csv
1;2937.4;2020-03-12;parcelas_f0354059-7a7c-45a1-9b88-70c3bf94d485.csv
1;27.2;2020-11-03;parcelas_f0397c62-7096-4fbe-9566-c4197f5b997a.csv
1;4800;2020-02-12;parcelas_f03a46c1-9410-4742-b715-db86c606ce1b.csv
1;4373.48;2020-03-06;parcelas_f03c8df2-b30b-4613-8dc0-0a9187316c34.csv
1;148.39;2020-10-06;parcelas_f03dda94-0adb-4cb0-821f-96804b9b44b5.csv
1;1925;2020-08-27;parcelas_f03f8c5b-49b3-4c94-86d0-1b81c0dd7c26.csv
1;228.4;2020-01-08;parcelas_f0456803-88ff-4892-ba44-da8dd658088b.csv
1;3820.84;2020-03-26;parcelas_f05e4e1a-dfb7-4acb-898e-62e64bfb8e97.csv
1;726.04;2020-02-06;parcelas_f060894a-0059-4375-9496-68ab825639b7.csv
1;1183.26;2020-11-27;parcelas_f0619283-aee7-41cf-9ca9-8dc9638a6db0.csv
1;5586;2020-10-30;parcelas_f064d4ac-7b2f-4d27-8eb6-95406488bbb1.csv
1;345.22;2020-11-03;parcelas_f069d982-13c8-4cc8-87fb-e6ab1fb0479a.csv
1;724.41;2020-01-29;parcelas_f06b4cd4-23ec-4edb-9a65-140a95191ad0.csv
1;5559.17;2020-12-21;parcelas_f06b63d5-4447-45b1-a090-ec1740a17e07.csv
1;175;2020-09-23;parcelas_f06eeb8e-6658-4912-b437-09894b4d1b3b.csv
1;163.34;2020-12-21;parcelas_f075d4dd-a032-4128-80db-af3b64f31879.csv
1;112198.43;2020-02-05;parcelas_f0780077-f2af-4a72-8f00-d3d5fc2b89d7.csv
1;36491.87;2020-05-27;parcelas_f078e6d4-e90a-4bbf-a56d-8dbb74a3025f.csv
1;870;2020-02-10;parcelas_f079c972-3040-495a-8b13-dee21136a2fc.csv
1;105000;2020-09-28;parcelas_f0821d84-7227-4556-abfc-aed46b3cf908.csv
1;1166.86;2020-01-27;parcelas_f08361f2-bedc-41f5-934f-f9b08e1c04cd.csv
1;96239.57;2020-10-09;parcelas_f0843e0f-7f09-4bcd-b692-8f7a41e97b54.csv
1;215.83;2020-05-27;parcelas_f08fd645-c02f-4a99-91d2-4bbb17013915.csv
1;15000;2020-09-09;parcelas_f0a5b383-d30a-4cef-bbc6-315240eaaf2a.csv
1;42109.11;2020-04-30;parcelas_f0ace730-5cbf-44fa-b8ee-209f8205777e.csv
1;43400;2016-09-05;parcelas_f0ad2282-f2af-438b-bb81-01559257c820.csv
1;43400;2016-04-11;parcelas_f0ad2282-f2af-438b-bb81-01559257c820.csv
1;43400;2016-03-07;parcelas_f0ad2282-f2af-438b-bb81-01559257c820.csv
1;43400;2016-08-09;parcelas_f0ad2282-f2af-438b-bb81-01559257c820.csv
1;43400;2016-07-04;parcelas_f0ad2282-f2af-438b-bb81-01559257c820.csv
1;43400;2016-02-19;parcelas_f0ad2282-f2af-438b-bb81-01559257c820.csv
1;43400;2016-06-10;parcelas_f0ad2282-f2af-438b-bb81-01559257c820.csv
1;43400;2016-10-07;parcelas_f0ad2282-f2af-438b-bb81-01559257c820.csv
1;43400;2016-12-06;parcelas_f0ad2282-f2af-438b-bb81-01559257c820.csv
1;43400;2016-05-03;parcelas_f0ad2282-f2af-438b-bb81-01559257c820.csv
1;43400;2016-11-08;parcelas_f0ad2282-f2af-438b-bb81-01559257c820.csv
1;45990;2020-08-06;parcelas_f0be02a4-c94b-4b2d-9333-563f63b52ebd.csv
1;68.66;2020-09-30;parcelas_f0bfb3ee-e4a0-4a8c-b299-01cf2c8c96fd.csv
1;85467.98;2020-08-31;parcelas_f0caab6d-595c-4d59-bb30-cbe2bb685ff7.csv
1;5106.11;2020-11-27;parcelas_f0d3ca15-7b86-40e2-85b3-8bbddb919e21.csv
1;491242.03;2020-11-27;parcelas_f0da1096-fb00-43a3-a0f2-e25e23bf318b.csv
1;29731.67;2020-07-30;parcelas_f0da7954-0e47-4200-bfa8-384abbe866b2.csv
1;5000;2020-02-28;parcelas_f0db6f23-38f4-497e-8f3a-ab04c838f920.csv
1;50;2020-02-05;parcelas_f0dc2876-cf63-4ae4-bb27-606108471d16.csv
1;2079.33;2019-12-31;parcelas_f0dec6e1-40a0-4243-ba80-6a27a7606fca.csv
1;29982.96;2020-06-16;parcelas_f0e3d18a-8e0b-42b0-a846-0df640ffcef0.csv
1;99930.38;2020-07-02;parcelas_f0e90dcc-7a74-48df-b106-90d133d1649c.csv
1;140799.3;2020-09-17;parcelas_f0fcbea2-e3c6-4ed4-b5e4-a2cfea0a4f9e.csv
1;898.74;2020-12-28;parcelas_f10b233e-9691-406d-8878-2dae6fb18cf4.csv
1;205258.66;2020-06-26;parcelas_f1140dfd-176b-4e5e-b66a-5e636737b909.csv
1;1112;2020-07-01;parcelas_f11cd3aa-3fe7-42cd-8fc1-c7d7d50a2c07.csv
1;2113.22;2020-09-24;parcelas_f12111aa-7ce4-4604-b11b-53d91e8efaf3.csv
1;25826.06;2020-03-30;parcelas_f1244ad5-4161-44fe-985f-daf5e43840f8.csv
1;94.78;2020-10-05;parcelas_f1312b5a-e5a1-4abb-822e-a046b38b9380.csv
1;210;2020-11-04;parcelas_f131d9a4-d659-49f0-817f-d8db7b38963f.csv
1;9613.22;2020-11-27;parcelas_f13b1e82-9f33-4cee-a12d-38cd39698c75.csv
1;51612.88;2019-12-20;parcelas_f13c3db4-df80-49b2-81b9-3cc0523627b8.csv
1;7150;2020-06-16;parcelas_f13d851d-2b77-4ee6-80ef-e87ea7f37d4f.csv
1;7170.48;2020-03-11;parcelas_f140a4bc-9fde-4535-a8cf-43000f2a39ca.csv
1;533.33;2020-08-27;parcelas_f1472c01-5103-475c-8559-dbeef3ad4334.csv
1;38350;2020-06-01;parcelas_f147e1fe-40d6-437d-9191-5122c3780aaf.csv
1;1665.41;2020-04-30;parcelas_f1522ebb-260f-4c2d-807f-6aa822c09cd4.csv
1;2800;2020-01-28;parcelas_f155ead0-2110-4ba9-b419-1f97309318bf.csv
1;501.4;2020-01-23;parcelas_f157c57f-c9e8-41da-b6ab-d58ff80078c3.csv
1;2111.67;2020-07-30;parcelas_f1584601-de4f-4ee6-a941-db359464309e.csv
1;2187.5;2020-05-27;parcelas_f1609956-75c0-4676-bf58-c1ded3dfaff0.csv
1;1297.07;2020-11-27;parcelas_f16927f9-7e92-443d-8961-39ee9a6cc79a.csv
1;336532.1;2020-10-15;parcelas_f172ff32-4993-47ca-85f9-2a18eb00b5b4.csv
1;202327.23;2020-12-15;parcelas_f176decf-4772-469d-af77-8b4507e2690b.csv
1;6454.2;2020-06-23;parcelas_f17ad883-24d2-480f-920b-7cbc5407211a.csv
1;85;2020-09-29;parcelas_f17bac4e-f1a8-471f-9dcb-2319a523004e.csv
1;66.67;2020-02-19;parcelas_f17cc1c9-5c6f-44a3-9bf7-2ed82cdc978e.csv
1;100403.35;2020-10-28;parcelas_f17f6247-ee3b-4030-b771-5cc8e25a82af.csv
1;21188.31;2020-01-28;parcelas_f183dae8-6926-4248-b9a0-f6a11f1a3cc1.csv
1;7840;2020-06-15;parcelas_f188e87f-72bc-42e4-acb0-a688b21a80d3.csv
1;606;2020-10-13;parcelas_f18c7dc0-b3e4-4c6e-b966-31f5f669c57e.csv
1;4541.26;2020-11-27;parcelas_f19d7ac6-6d60-4a01-b231-d145c816aba6.csv
1;799;2020-11-30;parcelas_f1a93510-b4da-4182-b86c-c86bf4436c5e.csv
1;3800;2020-10-20;parcelas_f1ae8bbf-c77e-4969-b91a-0c2523dc6c00.csv
1;361958.33;2020-08-05;parcelas_f1b01106-22a5-47a1-acb9-b4d87a303475.csv
1;283172.43;2020-07-13;parcelas_f1b519e2-269f-47b3-90c2-399195d38b05.csv
1;24439.9;2020-09-23;parcelas_f1bb093f-f2fe-43f9-9162-bb97105e5932.csv
1;24408.18;2019-12-30;parcelas_f1c3ef62-6f27-4955-b94f-ff17294b2d76.csv
1;443.37;2019-12-30;parcelas_f1c3ef62-6f27-4955-b94f-ff17294b2d76.csv
1;1912.5;2020-09-09;parcelas_f1cb5faf-04e8-48fa-bbaf-b3ecca5c41bc.csv
1;3914.8;2020-08-25;parcelas_f1d1978a-146b-421e-8f47-7257a65aa91c.csv
1;335;2020-05-19;parcelas_f1e4d1f9-d204-4348-b9ce-76933db22d27.csv
1;55014.73;2020-06-09;parcelas_f1ee065b-748d-47d7-b6f0-789f7a61419f.csv
1;11495;2020-01-31;parcelas_f1f3c2f2-3c9c-4b61-8ce0-05215dabab03.csv
1;132578.57;2020-02-17;parcelas_f206d22a-3ad8-4ffd-b990-cfaa6baa9d10.csv
1;27900;2020-03-03;parcelas_f2088c76-5418-4354-a6d0-79d1fdb79cec.csv
1;4390.89;2020-03-30;parcelas_f2125f32-7032-42ce-95e2-2e8cde74f095.csv
1;691.5;2020-08-19;parcelas_f213612b-fc22-436f-8c74-7d4edc08e631.csv
1;100.8;2020-09-29;parcelas_f21566fa-bb27-40bd-8b7d-e036caeeb9ff.csv
1;931514.01;2020-06-26;parcelas_f2231bd7-1695-4601-af8e-29969a470976.csv
1;1250;2020-10-20;parcelas_f22349cd-eb35-4d67-b1d3-018e32f136b6.csv
1;2362.5;2020-08-27;parcelas_f224077f-db03-43af-8d29-6eba75f4d703.csv
1;224257.64;2020-11-30;parcelas_f230752a-c875-4a71-8bc9-f34f55bbb283.csv
1;1044.22;2020-09-29;parcelas_f230b422-2a41-4762-afb9-84b47eac4d90.csv
1;2217.75;2020-04-22;parcelas_f2336f5f-9ef3-4538-bc1a-c56a18376369.csv
1;145.2;2020-08-19;parcelas_f233dbf1-e940-4da9-907a-82555ac418bb.csv
1;3575.94;2020-06-26;parcelas_f23484ee-ad7c-4dbe-bb6b-961794bf7ed1.csv
1;7755;2020-07-13;parcelas_f23c1edb-6dce-4c23-bc10-93d72808d5ca.csv
1;138.72;2020-11-20;parcelas_f23ff3ca-5b40-415f-a72b-a6a4a88b42e4.csv
1;71947.6;2018-12-31;parcelas_f2408f11-b120-4f56-861b-087c5538fb0f.csv
1;902.25;2020-09-29;parcelas_f24630b0-4704-4aa7-b5a7-add75aa51e3d.csv
1;622606.9;2020-08-31;parcelas_f2464dce-0ddd-4c32-aedd-9778feebc848.csv
1;13248;2019-12-30;parcelas_f249af05-c31e-449f-8f92-23169fc31e8a.csv
1;3599;2020-10-01;parcelas_f25325b4-ad91-4c1a-b52a-76e681a1edb2.csv
1;63017.45;2020-12-21;parcelas_f257ace9-52dd-4a55-8d5f-d031aea29ea8.csv
1;145.25;2020-08-19;parcelas_f2616aa1-d763-4a0e-92c1-936b0cd6015c.csv
1;96.8;2020-01-27;parcelas_f264161e-d567-4f8c-8061-0494da80c5d7.csv
1;54951.76;2020-09-11;parcelas_f27142ae-0a06-4195-b073-97a0c9d12196.csv
1;2520.1;2020-04-29;parcelas_f27ae34c-7056-407d-8c6f-5facba37a6f5.csv
1;3900.33;2020-07-13;parcelas_f2890fa4-8a71-4dc8-8b69-245702c43a88.csv
1;33;2019-03-29;parcelas_f28cf46f-470d-4f27-9141-7369776621cd.csv
1;775.6;2020-12-30;parcelas_f297a16c-f6bf-415f-a05d-ec01afdd3981.csv
1;55315.05;2020-04-27;parcelas_f29fd819-37d0-4bee-ba3f-58f97bb83841.csv
1;3060;2020-10-30;parcelas_f2a900b7-ab32-460a-b3ed-336f93268d38.csv
1;555;2020-06-23;parcelas_f2b18348-c2a0-4de9-89a8-b7e1a8b6383f.csv
1;48862.91;2020-11-16;parcelas_f2ba54ca-8087-49eb-8428-db1eaa95a60f.csv
1;48;2018-11-30;parcelas_f2c0106b-338c-4d6e-b24d-7636d4f207db.csv
1;1323.97;2020-07-16;parcelas_f2c16503-01d1-4e55-b576-f781a5e43dd6.csv
1;52900.02;2020-03-26;parcelas_f2cb919f-da3f-4086-9f57-0870ea6c6faa.csv
1;482;2020-11-09;parcelas_f2cd5e81-1eb2-4bf7-9f7d-d6c862ede278.csv
1;376444.68;2020-11-23;parcelas_f2d2b59b-2c54-4572-9815-2e81e786a210.csv
1;26385.12;2020-12-30;parcelas_f2d517db-3e3e-4fba-89c6-df83004e73b6.csv
1;123691.46;2020-11-27;parcelas_f2d537ca-3c21-4bcb-ba11-97616b86d6d8.csv
1;502.55;2020-09-29;parcelas_f2d737d5-6430-4457-adda-1496f18552ac.csv
1;130;2020-05-28;parcelas_f2d7a781-3e6e-46ad-9b3d-9685ac61abed.csv
1;3220;2020-03-02;parcelas_f2df9454-1c46-45a0-8269-091b8c417a27.csv
1;5939.5;2020-08-07;parcelas_f2e32110-8db9-49ef-b319-387b76cd12ea.csv
1;65.37;2020-12-30;parcelas_f2e54943-8fea-4f3c-9f91-9843c73bf78e.csv
1;6750;2020-08-18;parcelas_f2e89737-d7fe-4064-b39b-b09bcbbf097b.csv
1;1846.25;2020-08-14;parcelas_f2e98077-ce9a-4d0b-9a99-6ac58676a14c.csv
1;1887.5;2020-07-13;parcelas_f2f4238f-c75a-4136-a46f-03890944e87d.csv
1;4098.1;2020-08-18;parcelas_f2facf19-fe94-4a1e-a9a8-27844b336c13.csv
1;62340.65;2020-05-27;parcelas_f2ffef26-a0d2-4991-80f6-5d18df372eab.csv
1;3090;2020-06-16;parcelas_f30094bb-5e1e-4ee9-8430-f2be9c212534.csv
1;455214.31;2020-10-28;parcelas_f304f08f-f8bc-4053-9e18-636c87ff2228.csv
1;69.98;2020-07-17;parcelas_f305a198-69f2-452c-9c94-3abdfb96dbdd.csv
1;50000;2020-09-28;parcelas_f3070863-8421-4643-9b70-f9c07283d6cd.csv
1;65.4;2020-05-18;parcelas_f312547c-5d6b-478e-a246-eacb8c5af990.csv
1;828713.87;2020-06-26;parcelas_f31aa4a7-901d-4f82-9249-b0e9632e4ca7.csv
1;75.83;2020-03-10;parcelas_f3230bc9-ec3c-47bb-8cda-58c829344a4a.csv
1;695.27;2019-12-30;parcelas_f323640f-bf4f-45ab-a578-0aec36c0869d.csv
1;4230;2019-12-30;parcelas_f32de792-bd84-4caa-91c1-58a962ce02e0.csv
1;3081.05;2020-12-21;parcelas_f33d7043-4b51-449d-a99d-7e619f0b5056.csv
1;100;2017-11-30;parcelas_f34d4203-3360-4216-b766-49875b5d7433.csv
1;100000;2020-03-27;parcelas_f350ea97-f8c6-4b8c-9203-abb0142ed624.csv
1;70875;2020-04-20;parcelas_f3545b32-c486-4457-a8d0-046f50337910.csv
1;7225.98;2020-11-27;parcelas_f3724a0f-5a3b-4945-a74a-24ea3cea37ce.csv
1;36442.66;2020-01-20;parcelas_f372fe29-437e-47e6-8302-cd2bd44f7306.csv
1;2199.8;2020-11-27;parcelas_f37579d5-1bda-447d-b7d2-318066bd6fd9.csv
1;1030598.92;2020-12-23;parcelas_f37ba8f3-b6a3-4dd6-b466-0947ffb3db96.csv
1;100000;2019-07-31;parcelas_f384ab7b-62f2-4313-b89b-65287e996864.csv
1;50000;2019-11-30;parcelas_f384ab7b-62f2-4313-b89b-65287e996864.csv
1;100000;2019-09-30;parcelas_f384ab7b-62f2-4313-b89b-65287e996864.csv
1;314.4;2020-05-18;parcelas_f38891c3-dedf-496d-aa78-d746b0e948df.csv
1;2285.5;2020-09-22;parcelas_f38b81b5-c57b-44dc-aa28-c0ec60669d59.csv
1;2550;2020-11-16;parcelas_f391797d-81a5-4090-a443-b265ca6014a8.csv
1;34526;2020-01-08;parcelas_f3926124-6288-4acd-95e8-b87f9a0e9da8.csv
1;1245.25;2020-10-07;parcelas_f39af82f-03fb-49eb-aefa-d493fe2e9279.csv
1;6711.33;2020-08-18;parcelas_f39d5715-6a96-43de-aafc-61a6ce8fd7ef.csv
1;15535.2;2019-12-30;parcelas_f39d6578-eef2-4c0b-a267-b5df89177adf.csv
1;43822.2;2020-09-15;parcelas_f3a310f1-458c-4442-9885-8f0b5f33e3b7.csv
1;72;2020-11-03;parcelas_f3a980d0-fd8a-4a68-973c-f3384d79165b.csv
1;136766.49;2020-10-29;parcelas_f3ae940b-9215-4427-92fc-5d719959dbb0.csv
1;65488.47;2020-05-29;parcelas_f3b13392-4280-4571-83c9-693d15f1c00c.csv
1;3930.65;2020-02-05;parcelas_f3b899dc-c737-47e7-8b2a-cec46e3d535d.csv
1;353.51;2020-09-08;parcelas_f3bf24aa-b42c-4710-9daa-d591d13260e2.csv
1;71.1;2020-12-21;parcelas_f3c83735-03b1-4157-bdd0-89f071551375.csv
1;5642.59;2020-08-27;parcelas_f3d88afc-7b2f-48f3-925d-b0aaaeb9b5d3.csv
1;1045;2020-09-28;parcelas_f3d8e150-a5fb-4544-81a7-284573875b2f.csv
1;38992.87;2020-07-30;parcelas_f3df5323-b6bc-466c-afec-55c0b1a6d8ad.csv
1;357181.81;2020-12-07;parcelas_f3e3e855-b248-4731-ad52-d8e23c7c3591.csv
1;8548.85;2020-12-14;parcelas_f3e91d8c-9311-42c9-a69b-0fa47c36bc3d.csv
1;1920.27;2020-11-24;parcelas_f3e9e4f5-c961-4bb5-a6be-cd587cfe10fa.csv
1;423130.56;2020-08-05;parcelas_f3ec135f-0d9c-48e6-919c-433b7bbd52eb.csv
1;364124.14;2020-04-15;parcelas_f3ef6de6-3ac5-4a5a-b322-6cc06c2ee080.csv
1;9698.95;2020-08-07;parcelas_f3f31498-3e62-4f0e-a8d4-d91ac78eb299.csv
1;122824.96;2020-08-10;parcelas_f3fdcfaa-4ebd-44d0-80d8-482ae8848c66.csv
1;101171.89;2020-01-28;parcelas_f3fefb39-9e13-4cd8-b8ff-249ba5db6405.csv
1;29.49;2020-08-26;parcelas_f3ffa5e6-8d42-4306-9bb2-1709ac9f19a9.csv
1;118;2020-09-29;parcelas_f406c5ac-8fc7-47d2-9c23-3fb0985eda45.csv
1;3055.92;2020-10-29;parcelas_f40c9964-475a-47a9-9277-c7320f1a188f.csv
1;8949.48;2020-01-02;parcelas_f40ddfa2-f89f-4846-9350-51d63cb59160.csv
1;6527;2020-05-11;parcelas_f412a147-fdac-4532-b868-b52885144e00.csv
1;1978.88;2020-03-06;parcelas_f41565c6-6e62-4e77-ab0c-838ce2b15296.csv
1;784.2;2020-02-05;parcelas_f4189699-f779-4366-a2e7-3e937531a73d.csv
1;810;2020-03-06;parcelas_f41c3399-a736-4f95-bdcb-a176e8c3198c.csv
1;3322.88;2020-01-10;parcelas_f4216919-8989-48e1-a381-28015f6ee7d7.csv
1;229900;2020-02-10;parcelas_f429828e-f81d-430e-8d93-9b48050ae3a1.csv
1;2601.75;2020-03-26;parcelas_f429c04c-fec6-4c66-a518-1d7dbfadf361.csv
1;2675.5;2020-10-01;parcelas_f431dd72-a97b-409f-bcdd-800993a4ea68.csv
1;70701.69;2020-12-30;parcelas_f433b06c-b22c-467b-8ffa-6971d6da055f.csv
1;2380;2020-03-03;parcelas_f4390dd5-db99-4049-99db-7e5979b57485.csv
1;583.94;2020-04-06;parcelas_f44233ec-3bc1-4fe9-9454-cfc6667f9f9c.csv
1;53510;2020-10-26;parcelas_f443a10c-45b2-4392-9b27-36cd5ae483a6.csv
1;18616.93;2020-06-26;parcelas_f44951f8-5c1a-40f0-a6af-cca39cc4fbda.csv
1;39172.5;2020-01-10;parcelas_f44dd0e4-e73a-49e8-a720-bfef8ca06bc9.csv
1;2112;2020-05-11;parcelas_f4586450-9631-43d5-903c-e9d9744eda59.csv
1;1194.16;2020-09-15;parcelas_f45daf4f-8e88-463d-8096-6b58735ea3bd.csv
1;12566.2;2020-11-23;parcelas_f46e70e5-9b79-4f33-a589-97f9a6cf59da.csv
1;817883.35;2020-11-27;parcelas_f475d1a6-2ff3-4b76-afb2-13632a99e705.csv
1;495630.42;2020-06-26;parcelas_f47e76ca-7efc-4d54-b860-ff7c814b64ad.csv
1;154141.62;2020-10-30;parcelas_f484669d-f6c1-4977-88ce-570b3a0720c3.csv
1;88.31;2020-04-15;parcelas_f4868837-a2cb-4b28-95e2-a314c93b4671.csv
1;4750;2020-01-02;parcelas_f48bbb48-a459-4b46-91b2-7523276ea2ca.csv
1;294157.66;2020-09-28;parcelas_f48d8e46-c2ad-4b6c-85eb-e11476c2f1a1.csv
1;5040.41;2020-10-28;parcelas_f48f2b8e-6063-4f72-a971-1887bf8750af.csv
1;12343.34;2020-08-27;parcelas_f490e284-3d4b-487c-92b9-6756873e1ab1.csv
1;61.03;2020-11-30;parcelas_f4914f67-e6ae-40a8-98e0-686ec47292f9.csv
1;30986;2020-10-26;parcelas_f492f67b-d2f9-42d1-a4db-3f78e0f6ba40.csv
1;3004.09;2020-09-29;parcelas_f496158c-ffb6-46ce-ad65-15d569ed999c.csv
1;128.38;2020-11-09;parcelas_f49b93d3-141d-424f-bddc-57d84308f99b.csv
1;725;2020-09-08;parcelas_f4acd849-2d44-44f8-a82b-b40c5e6bbf60.csv
1;193;2020-09-14;parcelas_f4b33133-253c-4d6e-9007-a84789be4b84.csv
1;25200;2020-01-13;parcelas_f4e2a9d0-ce88-46b7-a859-4141f8396084.csv
1;74.7;2020-10-06;parcelas_f4e4419d-3d53-4e38-9f0e-0a23dcdb179c.csv
1;1802.5;2020-05-04;parcelas_f4e5bee3-1a1e-49c0-8171-4f247c06300d.csv
1;7110;2019-12-30;parcelas_f4ee0dd4-bd9b-45f6-b9cf-8bd3af19a6d5.csv
1;5600;2020-02-12;parcelas_f4fe5a4d-38eb-42bc-9ad5-73345cf0201d.csv
1;6157.2;2020-04-09;parcelas_f50bcf22-2b8a-4563-8ffe-94d6fc8a64d9.csv
1;165869.54;2020-06-26;parcelas_f51a80ba-2999-4cac-b54c-03faa58ccfa1.csv
1;6160;2020-04-29;parcelas_f51f08ae-3a0c-4788-9a60-c323dca8f385.csv
1;114323.69;2020-12-14;parcelas_f5245517-64fb-42ae-91d7-9fb29ed9a4cd.csv
1;845.69;2019-12-30;parcelas_f52535d1-1225-4e40-9852-2bad5799aa14.csv
1;24715;2020-03-06;parcelas_f5290490-5af5-4a6d-a1c6-37745d1a553f.csv
1;4777.14;2020-04-30;parcelas_f53040dd-f377-4cd1-9dfe-6f0ab9d8a45b.csv
1;12916.66;2020-08-11;parcelas_f5346a16-c557-4eea-b73d-aca527ffcf68.csv
1;130;2020-01-02;parcelas_f5356b79-94f4-4ac3-b1ee-cac4340b82b4.csv
1;9678.28;2019-12-30;parcelas_f539793f-b5b6-45e8-9797-c7e9f128b7cd.csv
1;575.47;2019-12-30;parcelas_f539793f-b5b6-45e8-9797-c7e9f128b7cd.csv
1;674148.04;2020-02-13;parcelas_f53b71db-99d4-4e92-babd-0c33b3b4a663.csv
1;5278.6;2020-01-23;parcelas_f53be4f2-7672-4048-9075-f734561eda33.csv
1;400;2020-01-17;parcelas_f543d91e-08c6-4913-90b4-c76c08652d05.csv
1;4875;2020-10-30;parcelas_f551009c-b4e0-4b27-8d49-a2c1e63bb115.csv
1;51610.54;2020-03-26;parcelas_f555eb14-10e0-4114-8210-e86dd16afea5.csv
1;186438.85;2020-12-21;parcelas_f556c2e0-214d-4429-a918-d8ba0bdbf397.csv
1;32127.4;2020-05-04;parcelas_f5573c16-7f52-45e8-a795-b2d31b3bd0ec.csv
1;19626.9;2020-10-30;parcelas_f559613e-fbeb-4763-aefe-6725f6e5e1e4.csv
1;608.15;2020-06-30;parcelas_f561377d-84cf-4be0-aa00-938ac19bbb71.csv
1;39.89;2020-12-11;parcelas_f565c626-63d4-4296-a407-2e5eaed2561d.csv
1;47693;2020-07-31;parcelas_f56a1746-4015-47b3-8da4-308f07b91f2a.csv
1;66.86;2020-11-27;parcelas_f5749ec5-f60c-4921-9ced-659754b10e24.csv
1;316.56;2019-12-30;parcelas_f58c3fe9-cce2-4d8f-863d-e7e5174a2b61.csv
1;47909.21;2020-11-27;parcelas_f5925d2d-de32-4830-9d8e-67f12aff2caf.csv
1;487.01;2020-06-29;parcelas_f593d180-3dbd-4241-aa53-29900c25e251.csv
1;23732.26;2020-09-28;parcelas_f5a0d239-766e-4763-979b-a02b690f35d3.csv
1;2700.83;2020-04-29;parcelas_f5a1256b-32fa-43aa-b02d-38ef3e91ba06.csv
1;2548.06;2020-06-03;parcelas_f5a41eac-2467-4264-bcd2-3a7f9b91ab4f.csv
1;1104;2020-03-27;parcelas_f5a4c2f7-4269-4127-a238-654c8d6511ef.csv
1;36.48;2020-10-09;parcelas_f5a7f6ba-acd3-474e-b589-f19d0422ea05.csv
1;9000;2020-10-08;parcelas_f5a95dc3-7fa4-48cd-baac-793cbe5f428c.csv
1;220.83;2020-01-31;parcelas_f5aab02f-f1bf-4538-bf52-fc6fffb840ad.csv
1;1223.6;2020-03-06;parcelas_f5ad8246-89f5-405a-84be-0088f735c0ad.csv
1;1801.99;2020-02-28;parcelas_f5af9eab-28f0-4225-a995-d1fb9136dacf.csv
1;567531.6;2020-06-30;parcelas_f5b21033-a52a-45d7-84a7-3e8e87b662af.csv
1;2609.25;2020-02-05;parcelas_f5b74434-5323-45be-a688-3bedf4c469ee.csv
1;40035.02;2019-11-21;parcelas_f5bf3c39-7418-44d4-bfb7-952f24639693.csv
1;22594.81;2019-11-21;parcelas_f5bf3c39-7418-44d4-bfb7-952f24639693.csv
1;24931.5;2019-11-21;parcelas_f5bf3c39-7418-44d4-bfb7-952f24639693.csv
1;19893;2020-01-02;parcelas_f5bfc6bd-cee7-4b2d-ac2a-528433eaf649.csv
1;4000;2020-08-10;parcelas_f5d3269a-e902-4bfb-9119-a321481716bc.csv
1;64774.88;2020-04-30;parcelas_f5d5de13-193e-41a8-8dda-a8f8b4f1c247.csv
1;125879;2020-09-29;parcelas_f5e37351-e17e-4bd6-8df4-eba28cc9a58f.csv
1;132.18;2020-11-25;parcelas_f5eae110-60aa-4701-9430-ebc2471be76c.csv
1;360;2020-05-18;parcelas_f5ec84c6-d0f6-4556-b68c-2ce99ad0a122.csv
1;15120;2020-02-10;parcelas_f5efbbc5-d331-4067-89a2-a7d62c1096b2.csv
1;6908.43;2020-05-14;parcelas_f5f04498-ffe2-452a-8172-91d107180b21.csv
1;18978.3;2020-01-02;parcelas_f5f20c71-29ab-4e39-b6aa-50d01fbb6e25.csv
1;8100;2020-05-26;parcelas_f5fdd914-a7ba-426c-9eea-e6ac3316bbef.csv
1;7593.5;2020-11-04;parcelas_f6013d95-6cc7-49cb-a55e-d37e67912b4a.csv
1;472600;2020-01-02;parcelas_f60300c9-9ae6-4e69-b65f-67748137b0de.csv
1;668.7;2020-07-31;parcelas_f605324f-ce29-407a-8bd2-edd888756239.csv
1;3634.17;2020-02-26;parcelas_f60b566b-ba6c-4277-8b15-95a7cfd90e59.csv
1;100000;2020-09-01;parcelas_f6161686-8c73-43d3-8ce4-b4223b0ec822.csv
1;76521.68;2020-01-02;parcelas_f61bab94-f01e-4067-9d37-6e83783e77e0.csv
1;16517.87;2020-11-26;parcelas_f61bfab6-702c-489f-bf9e-203c12011420.csv
1;7981.94;2020-06-26;parcelas_f61ece8c-4f3d-4c90-aa5b-3acf5cc15364.csv
1;19988.18;2020-06-26;parcelas_f62a2d6b-adf7-4d6f-bb07-8ea579c20467.csv
1;7976.84;2020-02-17;parcelas_f6352b30-e18c-41db-9a53-ee96ab05677f.csv
1;837.92;2020-02-17;parcelas_f63b82e5-c8fd-4679-bdc2-911757808da5.csv
1;1496.73;2020-10-27;parcelas_f6411c41-e6c1-4666-aea9-2696d4a1e261.csv
1;18588.58;2020-06-08;parcelas_f643c5be-ad21-499f-9d59-b181bf6095d3.csv
1;192327.62;2020-11-09;parcelas_f647e120-7c40-4719-b3f5-d9e08e974cec.csv
1;1500;2020-10-30;parcelas_f64a3927-b17f-4100-8dba-c2540fa47e01.csv
1;69000;2020-11-09;parcelas_f65c79fd-d85f-4ff8-abf0-031cceb5c8c7.csv
1;29627.97;2020-12-30;parcelas_f6608365-36e7-468e-a379-2f0b26c6d14b.csv
1;11967.9;2020-06-26;parcelas_f661e597-aa23-41b1-b3a6-460dcf73696a.csv
1;2696.92;2020-07-30;parcelas_f6658b69-e1e4-44ea-8cf8-25e757b4da15.csv
1;42545;2020-04-15;parcelas_f6661c7a-b28f-4a25-bc83-0e8911dd32bd.csv
1;44692.86;2020-11-16;parcelas_f66676b0-43e5-461b-99d5-d1b61f99192c.csv
1;389.59;2020-11-03;parcelas_f6728ecd-5c72-4df0-be41-ee6891fc4386.csv
1;847.9;2020-10-05;parcelas_f68010d6-a1a9-4fdf-97ff-7da71db56686.csv
1;417783.39;2020-04-29;parcelas_f6858ea5-4b48-4ff5-9a92-eae9295b4796.csv
1;357181.81;2020-10-07;parcelas_f68af3b0-dcf0-400d-b792-d4eaaa2587ca.csv
1;24640;2020-02-11;parcelas_f6900781-5ee2-4dec-b35d-174bfd9b3f33.csv
1;42183.55;2020-02-05;parcelas_f695690a-a024-45d7-8e24-926699397250.csv
1;92.3;2020-10-05;parcelas_f696a117-c167-44a0-89c8-7409d009ee9d.csv
1;119.9;2020-08-19;parcelas_f697624f-131c-42e8-bb81-af0cf2eb5d8e.csv
1;96.88;2020-09-28;parcelas_f6a3b41e-16ac-4838-9863-f4eda818ad77.csv
1;128.74;2020-08-19;parcelas_f6a44890-41d6-44f7-bae4-1396b3b9ba1d.csv
1;1486.74;2020-03-20;parcelas_f6a644c5-3562-4a9c-a343-f782f820dff8.csv
1;41530.01;2020-05-28;parcelas_f6aa31c0-f8b2-4213-ad0f-f0d6d31852b4.csv
1;15000;2020-08-06;parcelas_f6aa58e4-920e-4384-8218-8bde769e2b10.csv
1;9016.92;2020-05-04;parcelas_f6acc4b1-beca-41fb-8b87-43a4e42417c3.csv
1;1824.23;2020-07-15;parcelas_f6bb7e1e-7d66-4e81-b539-4687fa908145.csv
1;2520;2020-11-03;parcelas_f6bd21b9-9b57-47cd-8147-a36371364163.csv
1;86846.5;2020-01-30;parcelas_f6cc0351-6d8c-4cd5-9bc2-bee55df0e4f3.csv
1;3916;2020-10-13;parcelas_f6d52a5d-3cc9-49b1-ae15-1406953dcff5.csv
1;245.38;2020-10-21;parcelas_f6df3843-fcc5-4b33-873f-0777a2030814.csv
1;2208.54;2019-12-31;parcelas_f6e07a77-e9cb-43cc-9e1f-2b6c409927d7.csv
1;3524.65;2020-09-08;parcelas_f6ed61ca-2ec2-4c53-b6b1-0c546afd10e9.csv
1;403.72;2020-09-30;parcelas_f6fc0f64-38a2-4881-9a53-62fce094589a.csv
1;216;2020-10-02;parcelas_f707d52c-443f-4999-8961-9c197cfa472d.csv
1;1123;2020-08-07;parcelas_f70880e5-9521-4e3c-8776-04c754908945.csv
1;873.67;2020-01-31;parcelas_f70af4fb-d263-41ec-8395-413c57b0f686.csv
1;4028.63;2020-03-17;parcelas_f70b79df-a37e-4c40-8c7a-e67fc24594c0.csv
1;99152.88;2020-01-02;parcelas_f718b234-5174-41ce-b9f5-01d547963424.csv
1;1069.59;2020-11-27;parcelas_f7248cb0-b3ad-4d2f-b84f-752350b55e1c.csv
1;1971.7;2020-09-11;parcelas_f72ef7d7-a2cb-49b0-b23f-b11fa1debeff.csv
1;66147.17;2019-12-30;parcelas_f734ca15-53c7-4400-9700-9c68ddd8c193.csv
1;12643.26;2020-01-02;parcelas_f7369884-7bee-48bc-9c99-8f370e5cf0c5.csv
1;1349.08;2020-10-07;parcelas_f73dd348-21ba-4166-a45e-fd97f97899ef.csv
1;64750;2020-01-02;parcelas_f740ea25-6985-4c08-a1b5-65e2c38f23a3.csv
1;39.89;2020-09-09;parcelas_f7419c32-897f-4bab-a6ad-7e10614da1b4.csv
1;2665.73;2020-09-08;parcelas_f7442d04-e255-4d7c-8f42-acd8a903fe03.csv
1;75778.09;2020-11-23;parcelas_f74545c2-daa1-4024-acc3-77b2aadf0a4b.csv
1;86.42;2020-03-30;parcelas_f759219d-aef2-4e60-ab32-1dbf83bf6110.csv
1;3502.5;2020-08-28;parcelas_f75abf93-1248-4d1a-b559-ac519b30d71d.csv
1;382.6;2020-07-13;parcelas_f7623ca1-c17d-4633-bfc1-91996bc5f261.csv
1;1350;2019-12-31;parcelas_f764dc2a-a997-48ac-a670-3435d8be56bd.csv
1;45234.03;2020-06-26;parcelas_f7678bb9-898b-4260-b5f0-ea9690078bc4.csv
1;6212.5;2020-01-28;parcelas_f77f5d60-e131-4dbb-9722-50347df27228.csv
1;23478.35;2019-12-20;parcelas_f78b6ba1-b656-45f1-8fcc-44a896ae290c.csv
1;6383.12;2020-10-28;parcelas_f7913b80-d401-4b4a-b9f9-87a2b2b5813f.csv
1;10195.53;2020-07-30;parcelas_f79a4377-2a2f-4861-a191-27cd11b69fed.csv
1;33961.5;2020-05-11;parcelas_f7a33cae-9b71-4305-82a8-06145bc26fef.csv
1;380533.08;2020-01-31;parcelas_f7a4af6a-6937-4251-bd76-74e5690cc7e4.csv
1;1350.6;2020-09-29;parcelas_f7aa3a43-4090-43ed-bb5d-f13371d440bc.csv
1;9986.67;2020-05-27;parcelas_f7ae0f0b-e22a-486b-8087-ef4e9854498f.csv
1;334907.57;2020-09-29;parcelas_f7bf9ec3-4d1b-4ff7-a985-149458de2bbd.csv
1;50533.74;2020-06-26;parcelas_f7c12bb2-2a24-4217-a976-dba0f641d45e.csv
1;129906.62;2020-05-27;parcelas_f7cdfc4b-70c3-451e-a26c-fb7b6fbec08f.csv
1;595.49;2020-09-08;parcelas_f7df1e61-54f3-4365-ba61-fd062248e32d.csv
1;5140.39;2020-06-29;parcelas_f7e0c784-1107-4ed1-bbb6-0ee62c900090.csv
1;316806;2020-06-01;parcelas_f7e52b12-b388-44e8-8bce-8ef7002545b9.csv
1;130535.61;2020-08-05;parcelas_f7e68599-9284-4fcd-832a-95421b9123c8.csv
1;94012.42;2020-01-29;parcelas_f7e92e7b-5800-4863-8f02-b2e0afc7856f.csv
1;2492.3;2020-11-23;parcelas_f7eaa265-fca3-475f-9efd-25276e44e1ac.csv
1;35465.64;2020-04-07;parcelas_f7f63231-7792-4d2f-a836-156ec3c0bf5a.csv
1;287.39;2020-01-29;parcelas_f800f610-18bf-4640-861a-9b4a5e13d32e.csv
1;15130;2020-07-13;parcelas_f802aeb6-83f5-432a-9451-f6061180536b.csv
1;9900;2020-01-10;parcelas_f80a6c6a-4189-411b-bfed-a0e2ab947b5c.csv
1;665.6;2020-10-07;parcelas_f80ae87c-2ee5-4c37-900f-077aa71b0535.csv
1;1818.73;2020-09-23;parcelas_f80b28ac-8b33-4007-9c90-073411b8e7c5.csv
1;683.89;2020-01-14;parcelas_f8136e5f-43dc-429a-ab75-91de206684e1.csv
1;4010;2020-05-21;parcelas_f81ec261-0b37-4b94-bc4c-8848201d2d6a.csv
1;103099.78;2020-02-26;parcelas_f82169da-8ad2-4844-bbcd-586c55c85ff0.csv
1;3450;2020-12-21;parcelas_f824ac3e-e820-4b92-9148-828a9201e373.csv
1;51270.58;2020-08-10;parcelas_f8275b73-a13b-445a-be81-d21a5f9a7b06.csv
1;121069.4;2020-07-08;parcelas_f8275ea2-241e-412d-bc5c-04d6528bc780.csv
1;1131;2020-08-19;parcelas_f82ce867-a2e2-4370-8721-3ff7bfcc551e.csv
1;947.21;2020-10-30;parcelas_f833f6e9-60b5-4e7f-be46-bf32a7e69566.csv
1;5006.3;2020-08-04;parcelas_f8366d24-8ffe-4df3-abbb-6f162527f7d5.csv
1;100776.09;2020-02-06;parcelas_f83a8d98-d24e-409b-a245-e4b5494f54a2.csv
1;572294.03;2020-02-26;parcelas_f83b38d6-6467-442f-a854-668f61eee1cf.csv
1;42528.87;2020-08-26;parcelas_f83cb8c4-f04d-43c4-a135-f9d5c18126f9.csv
1;2078.44;2020-06-26;parcelas_f845250a-3efa-446e-b2a8-28f9e387b8a1.csv
1;1749.2;2020-07-21;parcelas_f8497867-e5e4-475b-a2f3-3c7d3514ed86.csv
1;2927.01;2020-12-30;parcelas_f84f3af3-474b-4fd0-8d61-a845dd88bd4d.csv
1;361958.33;2020-06-12;parcelas_f852418e-3dfc-4661-b073-00a6ebde5fd9.csv
1;1199.62;2020-08-10;parcelas_f8549ced-137e-44ed-aff6-ee8b80e08287.csv
1;6520.21;2020-09-28;parcelas_f857e73c-6a7c-4ada-b333-64c70e67b223.csv
1;28759.64;2020-10-21;parcelas_f85fc56e-7b5c-40d1-94f2-8d3ca96171a0.csv
1;566.25;2020-06-09;parcelas_f85ff670-ce7c-4753-a0d0-cd7ea1f87f0c.csv
1;13800;2020-09-28;parcelas_f8631f9e-8dc6-4307-86f8-603372c62af5.csv
1;840;2020-04-16;parcelas_f86592b1-91df-4bda-8ce0-087f606e4257.csv
1;18409.01;2020-07-30;parcelas_f866e92e-9e28-49a3-86be-cac1d485242e.csv
1;300104.4;2020-01-02;parcelas_f86c85d7-c9b7-40ba-9b79-36b5b3f8bad3.csv
1;470;2020-04-20;parcelas_f86dde2e-b0ce-4ac2-ab7b-0979eeb95ddf.csv
1;188916.4;2020-07-30;parcelas_f86de8ab-1be5-4417-9434-ad67f6aa08d6.csv
1;14600;2020-09-08;parcelas_f87a4f2b-8057-49de-b5f9-103b95f7eaf7.csv
1;134000;2020-01-31;parcelas_f87fa4ae-727e-4fff-9237-0969b277f35f.csv
1;35110.3;2020-01-10;parcelas_f8821f14-e7d3-4702-bed0-e7ff52f1b83b.csv
1;994062.76;2020-04-29;parcelas_f886020f-a43c-4447-b5ba-9f8656bf007e.csv
1;44912;2020-01-08;parcelas_f8877bd5-8e11-4fd0-8e24-390a2ec34965.csv
1;4741;2020-02-26;parcelas_f88980a9-5855-4d01-a114-46807367a063.csv
1;174.59;2020-02-27;parcelas_f88cb4dc-216c-4f22-bbba-5bba07f11cc8.csv
1;744.34;2020-01-27;parcelas_f88e3f7e-d835-4923-8064-e02ff7e44f5f.csv
1;54550;2020-10-05;parcelas_f891307c-77e5-4ae5-8fb1-bbef97508b92.csv
1;18185.45;2020-10-30;parcelas_f892739c-c9f9-4f30-a13a-87460c5010d4.csv
1;1393.2;2020-03-11;parcelas_f8960c92-9db6-4ea6-a200-043cfe3458a5.csv
1;17100;2020-11-30;parcelas_f8a3010b-ee78-4928-9667-e47a6ef281da.csv
1;890;2020-08-18;parcelas_f8a9e24a-b010-4112-b699-4678d436c4c6.csv
1;381.08;2020-01-31;parcelas_f8b4d025-535a-4801-a649-1d82e6b5f5fa.csv
1;426;2020-11-09;parcelas_f8b609bc-450d-4083-9b12-278226705e99.csv
1;15876;2020-02-10;parcelas_f8c197e2-b53a-40bd-906a-faafb6963d4b.csv
1;303798.43;2020-06-17;parcelas_f8c48974-53b9-4fc9-9d95-7becfefeebe2.csv
1;2800;2020-12-21;parcelas_f8d9e106-d473-41ce-94a8-1b8a42d64de1.csv
1;3678.28;2020-01-24;parcelas_f8ea31fa-0e89-4ab5-9b5c-f49f4ebdf6ad.csv
1;10214.16;2020-11-27;parcelas_f8f118dc-59af-4172-b45a-f01bb3a0b907.csv
1;16732.48;2020-07-30;parcelas_f8f3fb51-10a3-4d93-90e7-e17775b9ae12.csv
1;423130.56;2020-02-26;parcelas_f8f41e56-227b-401c-b4c4-4a8ac6b74a28.csv
1;2376;2020-01-08;parcelas_f8f7c653-8b19-4d35-8ef4-ce804f05fed7.csv
1;2202;2020-06-16;parcelas_f8f8dac4-4a96-4181-abe8-159c59567610.csv
1;46713.63;2020-04-29;parcelas_f8ffbac5-2d44-4c7c-973a-48bc17a121af.csv
1;119.32;2020-07-31;parcelas_f90da1fa-847a-4ce3-9123-25ee6af6f5cc.csv
1;255;2020-01-24;parcelas_f90f9c14-6c8f-4b9d-b5f0-c0a5ecee68f3.csv
1;7518.4;2020-11-03;parcelas_f9153dab-1721-4832-ac25-9767a84daa65.csv
1;30122.59;2018-08-13;parcelas_f91eb4a1-f2af-4160-b748-67b42de88df8.csv
1;69600;2020-03-12;parcelas_f924c3d7-9f2c-4a05-add5-10f037b74a3c.csv
1;2300;2020-06-03;parcelas_f92a92d3-015d-4483-986b-5a750e9d8984.csv
1;33649.56;2020-02-26;parcelas_f92b2545-f03d-4e0b-a83c-65c465bc6ed2.csv
1;16802.85;2020-08-27;parcelas_f92d150c-eed9-43e5-93f5-e176de1c42a6.csv
1;1575.28;2019-11-30;parcelas_f92ecbd9-c191-46f3-8473-ee0acf035b25.csv
1;9980;2020-07-30;parcelas_f930f958-49ff-4035-995e-6639301f80c1.csv
1;910.83;2020-10-07;parcelas_f93b6f16-6998-4688-850e-c89922dcacc4.csv
1;729.7;2020-02-28;parcelas_f9415ab7-4a42-40b9-9d31-ad45150ca519.csv
1;30000;2020-10-09;parcelas_f9493957-4729-4047-a4cc-1a05ed67bb69.csv
1;1310;2020-05-28;parcelas_f94a8670-75f5-47e2-9c8f-74b2e0b5db64.csv
1;15050.76;2020-03-16;parcelas_f96a90a9-9365-4786-92b1-6d4f18e854b7.csv
1;190.02;2020-02-20;parcelas_f97467ba-49a2-4d12-b863-c1934c81bc82.csv
1;20380.4;2020-09-30;parcelas_f9749668-0071-4eb5-b54f-4c55e85d1b4a.csv
1;4000;2020-04-28;parcelas_f975ff7c-9af2-4fdf-ac84-a5788f85d0b8.csv
1;242297.71;2020-03-18;parcelas_f976946c-36d1-4f4b-ab55-0d321c0d8a6c.csv
1;12263;2020-07-06;parcelas_f9805f42-cd10-4aa6-b7ca-9aa85816efc2.csv
1;362.97;2020-09-29;parcelas_f98440be-6c1b-44e2-9aae-f1c8e84d1f23.csv
1;205346.66;2020-06-26;parcelas_f98a0c2f-7d6e-4f08-a0bf-bb08be8a0ace.csv
1;546.08;2020-08-13;parcelas_f98b8ed1-49bd-4b23-8804-1e97cffa222b.csv
1;2368.8;2020-11-18;parcelas_f99ae990-e702-4cb7-9b45-3741d533a4ea.csv
1;25612.1;2020-11-27;parcelas_f99b1eb9-a9ea-41dc-b696-a39117ea3bb7.csv
1;2846.67;2020-01-28;parcelas_f99cf497-8fbd-4a65-856d-78bcb7623023.csv
1;18025.39;2020-01-02;parcelas_f9a1c775-be81-4367-a23e-55e79bcbfad0.csv
1;768021.35;2020-12-30;parcelas_f9a55b34-6ab4-4e2a-921c-c46384091be8.csv
1;5200;2020-02-10;parcelas_f9b28639-b2c0-4108-a87b-cfef7c61fb16.csv
1;864;2020-03-02;parcelas_f9b2a4f8-8807-476f-82c9-5ab7856a669f.csv
1;7093.8;2020-03-04;parcelas_f9bef2da-1381-44aa-9b33-fea2efd5e884.csv
1;17519.06;2020-11-27;parcelas_f9ccdafd-cc5e-43f6-9e89-1b6ecf02754c.csv
1;1469.13;2020-04-29;parcelas_f9cd8e72-2763-4f9a-a013-ea36f8c5227d.csv
1;239.31;2020-09-29;parcelas_f9fdf5ec-25ce-4e04-91b2-fd1feceedbde.csv
1;535.43;2020-06-19;parcelas_f9feff2b-24cc-47b5-8c47-bed3137812c1.csv
1;1620;2020-08-19;parcelas_fa011efe-957f-4056-8f09-718a5897138e.csv
1;665;2020-02-27;parcelas_fa071b3a-9b5d-405f-9ef6-8642ca7f4121.csv
1;2054.42;2020-05-29;parcelas_fa0bc9e6-388e-4d1b-8271-7679fb664e10.csv
1;1925;2020-11-27;parcelas_fa0cebb3-7daf-4e54-97c8-7559aa2cc7e5.csv
1;2000;2020-05-15;parcelas_fa1f5d4f-b08f-4fe6-813f-99bccf8edb25.csv
1;78212.88;2020-05-29;parcelas_fa2157dd-6faa-44ed-b226-72643a897740.csv
1;75.85;2020-03-02;parcelas_fa222728-7c51-4b74-bc12-186c929ab9e4.csv
1;50000;2020-11-03;parcelas_fa22d257-8a5c-4f16-b544-17f86d8dd238.csv
1;19607.23;2020-01-28;parcelas_fa23f7e9-c2af-48a8-a29b-79584f0207c7.csv
1;6137.5;2020-08-31;parcelas_fa303f28-c212-44c6-be6b-8762e756fec1.csv
1;525;2020-11-27;parcelas_fa32b548-5bdb-463d-a82c-72b34fa91ed1.csv
1;1238.9;2020-02-10;parcelas_fa37ec34-6c0f-4812-8a0c-1042281e5a95.csv
1;647819.7;2019-12-31;parcelas_fa3dba76-9fcf-4f08-ac85-32223a661b68.csv
1;269.6;2020-05-14;parcelas_fa3e214f-1de9-41a8-a368-757577df4df0.csv
1;15422.29;2020-07-08;parcelas_fa4356d6-0c26-4170-9ec0-984f8ce35891.csv
1;2412.47;2020-11-23;parcelas_fa46213f-89fb-4ddf-8208-e89d13fec007.csv
1;9980;2020-02-21;parcelas_fa534830-3e86-41d0-af4d-e9828564fdf2.csv
1;332367.55;2020-08-05;parcelas_fa593301-3db0-47b0-8b33-3509574f82de.csv
1;25984.64;2020-07-30;parcelas_fa5bd802-e983-45be-9866-59d4771e9e56.csv
1;17669;2020-07-15;parcelas_fa5fe909-818b-4043-9c01-22a32918bcb6.csv
1;2660;2020-11-06;parcelas_fa60dac3-422b-4747-82a4-5b8ccc4ecfc6.csv
1;8720.41;2020-07-13;parcelas_fa69aa5e-62c2-46ef-9333-b27b98413d7e.csv
1;24289.06;2020-01-28;parcelas_fa7aa34b-0666-458b-874f-5c7f8f3c8f87.csv
1;36066.51;2020-10-28;parcelas_fa7aeabb-b132-4c96-a2fa-dfceac50c2ad.csv
1;900000;2020-01-29;parcelas_fa86f6fd-c23a-4fbb-96ac-20b4c823a213.csv
1;70.9;2020-01-20;parcelas_fa8c8968-1ab7-4b2b-a8eb-4b97014f9fa0.csv
1;87.78;2020-11-20;parcelas_fa918722-4001-4a61-9032-7b834b3fecf2.csv
1;697.16;2020-09-29;parcelas_fa968994-b53e-4354-a45d-1362aad04dcf.csv
1;988;2020-02-18;parcelas_fa9ed664-59bb-4650-b44f-217f2921d8d6.csv
1;236.06;2020-07-13;parcelas_fa9f879d-493f-4b76-8044-c0a265d3b0fa.csv
1;19600.31;2020-12-30;parcelas_fab378eb-b898-4c7a-8bc4-ba964d1dff1b.csv
1;84000;2020-10-15;parcelas_fabfec5d-7923-4fa7-94c0-cad146efffdf.csv
1;4919.7;2020-08-25;parcelas_facbe435-0732-49b9-984f-d2dfa73fd1ac.csv
1;15053.26;2020-08-31;parcelas_fadd95e2-0e01-4175-a06f-6e2b54cc0915.csv
1;1925;2020-02-26;parcelas_faddc939-2fb2-4037-90b9-ed9c3e215de3.csv
1;1224;2020-05-28;parcelas_fade286c-a6e2-4f34-b004-64b086b3817a.csv
1;14900;2020-07-01;parcelas_fae6efe7-31df-4916-99f7-2dcf00c3719a.csv
1;142749.02;2020-01-10;parcelas_fae73ce9-d7bc-45ee-8067-c3cb6bb2fd8e.csv
1;76521.68;2020-05-05;parcelas_faeaa790-c451-4396-ac1e-e698346da2c2.csv
1;15905;2020-02-07;parcelas_faf40ff9-2b03-4229-a579-057c5b4aa40a.csv
1;26363.64;2020-07-21;parcelas_faf6ad81-d796-4a6b-aa0a-2420548eea10.csv
1;240712.97;2020-04-07;parcelas_fafea018-215c-4939-9d38-54376f4b2e51.csv
1;20988.85;2020-11-27;parcelas_fb05af4e-ee99-4983-9af0-fc623664bea9.csv
1;4856.82;2020-09-24;parcelas_fb06cc14-995c-469b-86e4-f7014f4849cf.csv
1;41771.06;2020-08-31;parcelas_fb0c4081-8059-4f72-9f1d-32b5571fa4d0.csv
1;148;2020-09-24;parcelas_fb0fe197-f5c8-4daf-abf0-29007139973b.csv
1;1489511.17;2020-01-02;parcelas_fb18ae79-37f3-4ca4-a1a6-964f8ca03620.csv
1;3374.59;2020-04-29;parcelas_fb2cefb7-75da-4390-9cef-85f9c96a7802.csv
1;989967.27;2020-09-01;parcelas_fb2d5f49-5a94-4a20-8257-9037756788bb.csv
1;524;2020-10-09;parcelas_fb3341f5-b8d8-4905-9686-0f892545b4f8.csv
1;50977.5;2020-05-27;parcelas_fb3671ce-ae70-4314-9459-bad1bc4756df.csv
1;9362.8;2020-01-08;parcelas_fb3b7786-00b7-467a-9d84-9424adb1b079.csv
1;111236.3;2020-04-30;parcelas_fb3ca0bc-8b16-4459-844f-c3e1dce09f8a.csv
1;2021.5;2020-11-27;parcelas_fb49cb34-f980-49f1-97cb-a908ee002f5e.csv
1;29.49;2020-09-29;parcelas_fb532dca-1529-41f7-9fd5-ccb91504c03e.csv
1;11594;2020-02-18;parcelas_fb573517-b00f-41c6-ae9b-6ec496581790.csv
1;1752.96;2020-08-17;parcelas_fb5864e4-a563-4ba4-95e9-414323dae42a.csv
1;5887.74;2019-12-30;parcelas_fb62680b-eea0-4a77-83cd-7e57529242ba.csv
1;1970.5;2020-08-31;parcelas_fb712aa4-06f8-4d26-b673-af22ee0d68dc.csv
1;102.58;2020-12-07;parcelas_fb74188f-377f-414b-b820-5eaf0fe8b3eb.csv
1;135769.15;2020-11-30;parcelas_fb7c76bf-5a3b-45e9-b132-2a7ef33d7684.csv
1;104.54;2020-01-15;parcelas_fb7eb023-7ff6-4da7-8c64-cb579b24f33a.csv
1;1009842.67;2020-12-15;parcelas_fb852293-6dee-4fab-b698-58e9767b4b56.csv
1;2178;2020-08-19;parcelas_fb854a02-ec7f-4ad0-af5b-7dfb80deabaa.csv
1;3745;2020-06-26;parcelas_fb86ccaa-cbdd-4476-9253-31744f38d458.csv
1;382.81;2020-10-21;parcelas_fb87e33a-dc3c-4095-b679-45f3f158f488.csv
1;2000;2020-05-01;parcelas_fb95dcde-1fa3-4e5d-bbfd-176eabd3900b.csv
1;1797;2020-09-08;parcelas_fb9e720c-42d3-461e-9288-f696fea33d1e.csv
1;258077.08;2020-04-29;parcelas_fba0dc2f-7e61-4741-8839-8c17dc0dbe9c.csv
1;306.57;2020-02-05;parcelas_fba31797-b9e0-4c72-b6eb-80ad0886176a.csv
1;34.48;2020-12-30;parcelas_fba3df80-c43a-4a98-99e1-3e6e70229fb2.csv
1;77541.08;2020-12-21;parcelas_fba6765c-1db5-4b49-8746-3a9e060883f3.csv
1;22.26;2020-12-30;parcelas_fbb09eed-0a0c-4a0c-9299-c1c55c15a5d7.csv
1;4647.82;2019-12-31;parcelas_fbc544d7-355a-4e04-b85e-63e259d92b0f.csv
1;40329.9;2020-03-20;parcelas_fbcbbfb2-2853-4509-ba1c-35d084c7ad93.csv
1;111486.86;2020-01-02;parcelas_fbea5c46-d553-4f3e-8447-28e507455aa5.csv
1;9500;2020-06-03;parcelas_fbed317d-0eec-4078-9c32-3f48ecd16596.csv
1;66938.12;2020-01-29;parcelas_fbf2b8b4-c4b1-4e79-8b40-7c741007af06.csv
1;2240;2020-06-16;parcelas_fbf45c0e-0651-4227-b6c0-750408c5408c.csv
1;1656;2020-03-06;parcelas_fbfdce9e-16dd-4e13-b1a4-7a77b354db48.csv
1;162789.43;2020-07-13;parcelas_fc002db0-db72-493a-8f44-b816b5518ba5.csv
1;142.55;2020-11-09;parcelas_fc0182d9-e899-44d0-b767-3dd31cda8220.csv
1;13.6;2020-11-03;parcelas_fc0649bc-1c32-4686-9a27-e098b91416df.csv
1;12589.83;2020-11-27;parcelas_fc0ab444-05e7-4e24-99ef-4d1c4439edb0.csv
1;46500.89;2020-11-30;parcelas_fc0d69fa-45fc-4be5-8fb7-0a8662e2c6db.csv
1;1045;2020-04-30;parcelas_fc0dc4b2-23f6-4ff8-9968-491c0c61f94b.csv
1;83911.58;2020-01-02;parcelas_fc0ee99f-1f31-4225-a4e1-6b7462078dc0.csv
1;2211.77;2020-05-18;parcelas_fc11f07f-80c4-468b-b556-fb758f0b64c9.csv
1;2028.01;2020-08-19;parcelas_fc13b1d5-34ff-4de4-985a-d23b2532a0e7.csv
1;201.31;2020-01-28;parcelas_fc2614d5-3b3a-4dfe-b396-00ec52b34c4b.csv
1;2708.93;2020-08-31;parcelas_fc2ddba1-c520-48d0-88b1-96f2b3a6cd1a.csv
1;900;2020-10-28;parcelas_fc327595-2c48-42e2-97f7-f8da1ac30cce.csv
1;2011.2;2020-11-03;parcelas_fc3ceeba-3aa9-4bdf-b417-59aaf8b9333d.csv
1;6765;2020-12-21;parcelas_fc4547c8-d904-434e-8236-ca9de4994d08.csv
1;91999.88;2020-06-25;parcelas_fc4d5dd4-fdea-4cea-8e44-17f053a25805.csv
1;2132.91;2020-10-14;parcelas_fc546f61-40eb-42ca-8463-93f8e2005bbd.csv
1;5005;2020-01-08;parcelas_fc561c84-cf40-4ad1-a367-2982c69312e3.csv
1;71962.76;2018-08-31;parcelas_fc6257da-6c81-479a-9b7f-077234ed3697.csv
1;143925.53;2018-07-31;parcelas_fc6257da-6c81-479a-9b7f-077234ed3697.csv
1;8844.59;2018-08-20;parcelas_fc6257da-6c81-479a-9b7f-077234ed3697.csv
1;2187.5;2020-11-27;parcelas_fc62aac9-6a7c-48ee-9b9b-346040b6dc61.csv
1;205.11;2020-12-30;parcelas_fc68bcf0-6450-4a26-9b46-44c896a8704a.csv
1;112193.89;2020-06-26;parcelas_fc694923-12ed-47c5-be9d-12791864c293.csv
1;67333.74;2020-06-10;parcelas_fc6f3599-c11a-4444-bd8d-de5a863c37dd.csv
1;42.92;2020-08-13;parcelas_fc70333c-1f9a-47c2-b512-ce387d4716f1.csv
1;361958.33;2020-02-26;parcelas_fc7383d0-e7fd-48b2-9815-3106862a2714.csv
1;350000;2020-09-14;parcelas_fc78f0bd-c565-4fb3-92df-8c2ad0746b67.csv
1;576;2020-11-09;parcelas_fc7beef1-33e6-4dc9-9ea4-7d4a5e8de673.csv
1;189.59;2020-03-10;parcelas_fc823603-7571-412b-aa5a-f931739e8b26.csv
1;174000;2020-01-10;parcelas_fc8a8043-4402-4065-8772-2e09283abea6.csv
1;1173084;2018-12-31;parcelas_fc8ba289-ec99-411b-a40e-18c0a36d63b5.csv
1;88.78;2020-05-25;parcelas_fc8d23b5-d3b1-4de2-86c5-77d2c5c00463.csv
1;29.49;2020-07-03;parcelas_fc8e54e9-9b55-4a36-8cb2-320b405186ee.csv
1;22263.93;2020-08-31;parcelas_fc8f170e-c7a3-4062-8f34-d002f7390a7a.csv
1;10888;2020-10-01;parcelas_fc918319-3063-43f3-97d6-d357abcee43f.csv
1;3090;2020-10-02;parcelas_fc9cc167-0aee-46ff-910c-d8c703d81e73.csv
1;78950;2020-10-09;parcelas_fca0b247-db7f-4d65-84f9-60da0d9b0e3e.csv
1;67200;2020-03-23;parcelas_fca43684-b783-4845-b2ad-c4705434d3ed.csv
1;185;2020-08-19;parcelas_fca70e7f-6d88-4412-bec3-ffd01afa194a.csv
1;234.78;2020-02-03;parcelas_fca8245b-c85d-44c8-8313-a39b9a02c00b.csv
1;15048;2020-06-04;parcelas_fcade28e-1f6d-4337-a9eb-0fb4a7ae9531.csv
1;27903.75;2020-06-17;parcelas_fcae3eb1-cd99-4673-803f-029631104164.csv
1;79.79;2020-09-25;parcelas_fcb14c58-486a-474d-8818-3aabe338d5c0.csv
1;208800;2020-04-30;parcelas_fcb4cf4c-8ade-4ebe-8a71-3958a1e14e86.csv
1;17883.7;2020-08-13;parcelas_fcb69e88-1d22-482b-97a3-753f0b6364af.csv
1;47820.97;2020-07-30;parcelas_fcbcc748-9705-47c0-b708-e3c75f2045e3.csv
1;998;2020-02-05;parcelas_fcc3cdb7-a646-4dfe-94a8-953071f89890.csv
1;93200;2020-01-02;parcelas_fcc8215a-b932-4337-bd1e-ab9cdf14496b.csv
1;107836.1;2020-09-28;parcelas_fcc8a863-9e78-4faa-b87f-a7dca99b601e.csv
1;55.53;2020-04-30;parcelas_fcc9b823-0982-4874-b2fb-f153f7b43351.csv
1;1998.54;2020-01-24;parcelas_fceba96d-3186-4cb8-8b29-afa13cbd4fca.csv
1;30002.66;2018-12-31;parcelas_fcf16e87-b15e-42c9-8ddc-fe61ef3dbff7.csv
1;66222.41;2020-08-31;parcelas_fcf7b4f2-0417-4965-8c79-d6e5f075b31a.csv
1;48466.06;2020-03-30;parcelas_fcfaf9b8-a004-4e75-b330-0ba1cab0146c.csv
1;7805;2020-11-30;parcelas_fd081a6f-eef9-4614-b7c9-03e09a839fa0.csv
1;222.86;2020-09-29;parcelas_fd0e6aa6-7126-4174-ae1c-a97f654da180.csv
1;32.97;2020-02-21;parcelas_fd0f5893-b517-4be6-a2c6-859e5abcef7c.csv
1;121930;2020-12-21;parcelas_fd14054c-e4a0-4906-ba99-f47c8f9e201a.csv
1;5136;2020-12-16;parcelas_fd15d0a1-2e4a-4382-b9e4-0b565b9cf20c.csv
1;30000;2020-11-11;parcelas_fd1ee3da-cd82-4a58-9a68-56b6ebb04688.csv
1;27872;2020-10-26;parcelas_fd1f8dfa-0d5f-464d-8725-2ff53845783c.csv
1;32801.22;2020-07-24;parcelas_fd2f0d9d-a98e-4dca-8938-535304ef6475.csv
1;1580;2020-03-04;parcelas_fd382c77-6635-4401-8081-bc41950bab06.csv
1;10788;2020-01-02;parcelas_fd395730-ba0c-4cb3-96f7-4623b5fd9d9d.csv
1;695.27;2020-06-26;parcelas_fd4124d6-9aa0-4e5f-a905-2e77b18d1d39.csv
1;43962.83;2020-06-29;parcelas_fd418d81-07c8-4e29-8c02-3683f24c8cc1.csv
1;130535.61;2020-01-02;parcelas_fd5e4c42-d98e-4c14-b18b-432aa732d14e.csv
1;144737.47;2020-01-28;parcelas_fd5e97c3-85bb-4d69-ba00-1e738935522d.csv
1;397.69;2020-04-30;parcelas_fd5ff548-6765-4e1f-b0f3-e91ce0c12889.csv
1;143182.42;2020-03-06;parcelas_fd61b2a3-9f82-4bf5-9d08-681d29db3f8b.csv
1;218188.77;2020-04-29;parcelas_fd627195-a8ce-4909-adbb-3f8be17561a6.csv
1;672;2020-10-13;parcelas_fd68b1dc-67eb-48ae-9a78-c5d4c3b96f90.csv
1;9194.5;2020-08-06;parcelas_fd68ec53-8b1d-41c9-921c-8b6b09d37867.csv
1;42620;2020-09-28;parcelas_fd70338f-72d5-433f-8ee1-6ee2dc0b9734.csv
1;848.18;2020-09-15;parcelas_fd70a2d1-3cd1-4f38-a85c-ab427397d554.csv
1;2660;2020-11-17;parcelas_fd7133f7-610f-4c30-898e-8313759eb914.csv
1;3788;2020-08-18;parcelas_fd7408f5-2323-479f-9a35-f74fe781af33.csv
1;7933.71;2020-01-23;parcelas_fd7b7d5b-77ba-4609-8e77-4432f6a42f80.csv
1;350000;2020-01-28;parcelas_fd81078d-92f1-404b-8655-963b992c0d1a.csv
1;5700;2020-02-28;parcelas_fd86b539-ae05-40ac-b8ba-034e089b61c9.csv
1;3781.44;2020-08-31;parcelas_fd890e7f-a6de-4c8b-a854-e97cb74ac382.csv
1;979.64;2020-05-29;parcelas_fd8c9e9e-1940-4c76-83e1-e91733dc8055.csv
1;13790.79;2020-04-06;parcelas_fd900f97-47e4-4ba8-8ffd-8ef79df2df11.csv
1;448.8;2020-05-29;parcelas_fd9020f0-9828-4948-9828-0bd59f9c1fc9.csv
1;1124.16;2020-06-22;parcelas_fd90bdd4-d6b9-409e-b82d-e46537b995ce.csv
1;6090;2020-07-30;parcelas_fd964822-52ff-40c1-853b-c5b5f35931f7.csv
1;5295;2020-04-17;parcelas_fd9c9979-87cc-45e8-bd95-31fd6f43ed96.csv
1;99082.49;2020-11-11;parcelas_fda3d009-956f-4556-b035-cfcda77617f2.csv
1;390;2020-09-29;parcelas_fdac3f7a-1c2c-4533-9e65-b5af035eab95.csv
1;114.75;2020-11-20;parcelas_fdb101d9-d07d-425b-ab24-680784569aa5.csv
1;6750;2019-12-30;parcelas_fdbd5635-1093-4575-9fbe-605732bc0cef.csv
1;3961.06;2020-09-28;parcelas_fdc6c71b-9b3f-4f5b-8d63-9d2580258bb5.csv
1;500;2020-01-28;parcelas_fdcddebd-237d-4fa4-85b8-27ba0f02ca6e.csv
1;17386;2020-08-10;parcelas_fdd171f7-f15e-48f0-87ee-9cb5031ff239.csv
1;10805.3;2020-08-31;parcelas_fdd2cc08-a978-4fc3-8125-074f62a0805f.csv
1;84900;2019-12-19;parcelas_fdd66315-3f33-45c1-896c-fcd4bf16cd64.csv
1;411699.74;2020-07-30;parcelas_fdded20b-0f67-4cda-9772-7ed086a2d170.csv
1;3538.41;2020-06-26;parcelas_fde1475f-f9f6-4538-bc46-57546a97f122.csv
1;636.97;2020-03-03;parcelas_fde22852-1f16-49c6-8613-e24d392764c0.csv
1;1297.49;2020-06-09;parcelas_fde2436f-5c5c-4a5b-b7fa-c07c0f9a54a3.csv
1;6750;2020-06-08;parcelas_fde633b2-e40b-45c8-854a-b18e4af79ea1.csv
1;211756.79;2020-06-12;parcelas_fded344b-60e1-47d6-a66b-46699216e026.csv
1;134099.83;2020-09-30;parcelas_fdf36607-6993-4946-b14f-c9e8bbd4e061.csv
1;52500;2020-10-07;parcelas_fdf49ff8-b111-4902-86e4-275a5b19f97d.csv
1;3114.56;2020-04-27;parcelas_fdfba4b4-37f0-4c31-bdcf-ed891eb75a3c.csv
1;645;2020-10-21;parcelas_fdfd7434-c0d0-4f32-9ee6-7df0a36b673b.csv
1;539.78;2020-03-06;parcelas_fdff970f-beb8-4dac-a333-f9fe88fae1d7.csv
1;1322.28;2020-05-29;parcelas_fe04c9d0-ea9d-4954-9343-01c57dd569be.csv
1;11311.2;2020-11-27;parcelas_fe088217-b737-468d-a718-5949a538b437.csv
1;37390.3;2020-11-27;parcelas_fe0ac68f-d980-4919-8a1c-b3821ac047f0.csv
1;130535.61;2020-02-28;parcelas_fe166405-4062-4173-b4f9-c1801d4a0e23.csv
1;565.61;2020-09-08;parcelas_fe16a595-a4b4-4347-90d0-d42033bd5c40.csv
1;360;2020-10-02;parcelas_fe21ff2f-b16d-4388-beb6-614942e1f209.csv
1;10000;2020-01-14;parcelas_fe2857b2-6e5e-4813-aa32-6bdfc4bd6430.csv
1;1750;2020-10-28;parcelas_fe2e2ad0-9d37-409e-8d4e-319cf33200eb.csv
1;2835.56;2020-08-18;parcelas_fe327b61-5bfe-497a-b3f8-0b5550c1c546.csv
1;4591.67;2020-01-24;parcelas_fe39fb2b-31eb-4b4f-b8a8-f5d3c2c794bf.csv
1;7600;2020-06-08;parcelas_fe47f7b2-0dd4-4712-93d9-8e4916e3382f.csv
1;811.5;2020-08-12;parcelas_fe4dd95b-a6f9-4afb-a5a0-fcca563bc283.csv
1;4075.31;2020-04-29;parcelas_fe4ea708-f03f-4b82-a548-96d8582a7320.csv
1;33653.77;2018-12-31;parcelas_fe4f5a7e-0497-41e3-b3f8-09874d17ab4b.csv
1;1018.6;2020-01-16;parcelas_fe573a02-eb1c-4891-9023-f4c122fcebf8.csv
1;144.59;2020-06-08;parcelas_fe662987-e1a8-4f9e-af4a-616638735d14.csv
1;1326;2020-05-04;parcelas_fe689f6f-f141-46d1-8a62-8ff6d8084cff.csv
1;43529.6;2020-02-10;parcelas_fe697605-d9ca-4fad-ab45-3c3e3f9d8b28.csv
1;71560.25;2020-08-19;parcelas_fe6ccf8e-3838-4cfc-9136-7ccb3363ee0f.csv
1;5949.68;2020-05-05;parcelas_fe6e7b10-5c48-444d-a22d-1a816579389c.csv
1;28748.15;2020-04-15;parcelas_fe78186f-f8ad-4810-a2d4-2785877da301.csv
1;464783.26;2020-07-13;parcelas_fe862d8b-3e82-46b8-a1b0-d41e94a99ac9.csv
1;104.13;2020-01-24;parcelas_fe8cec3e-9419-488e-8dd9-1391d12355fe.csv
1;2358.9;2020-05-29;parcelas_feab4667-9e77-41b7-870b-29ac3ebd566b.csv
1;54104.16;2020-10-28;parcelas_feb398b4-201e-493b-a85a-89617699ffb7.csv
1;176887.7;2020-01-28;parcelas_feb63ce3-15d9-45e5-8ee9-179fbd3f7088.csv
1;119.19;2020-06-26;parcelas_feba8b15-45ce-4063-bf0d-2f8c573643e6.csv
1;5465.84;2020-05-27;parcelas_fec6274f-1928-43c1-8871-776ca0c53e91.csv
1;69844;2020-01-27;parcelas_fecd20a4-b476-47eb-b7b4-8ce03ebffdab.csv
1;24023.96;2017-12-20;parcelas_fed258d1-df64-4f65-9491-48119bd78f99.csv
1;91.88;2020-01-14;parcelas_fedd0ab5-8b1b-4f24-ab57-3eb522c38ec4.csv
1;128297.78;2019-10-31;parcelas_fedec1b7-336e-41fa-a656-30a92f8af575.csv
1;668595.46;2019-12-31;parcelas_fee05689-c1ad-4534-9e20-feda2ed4a899.csv
1;49667.09;2020-02-20;parcelas_fee05689-c1ad-4534-9e20-feda2ed4a899.csv
1;346.93;2020-11-25;parcelas_fee1a17d-4713-43a5-bb62-49b7468719de.csv
1;202.04;2020-07-07;parcelas_fee54d04-9c5e-4d78-a6b4-ebaa05a3d1f2.csv
1;447825.65;2020-08-07;parcelas_feec1907-5591-4b2a-b5f9-c6ea8130b4a3.csv
1;3533.2;2020-08-04;parcelas_feed5802-3b1c-4e32-a532-2f92b90d37f6.csv
1;148600;2020-10-09;parcelas_fef05a81-d60b-4f41-a767-548c6aeb679b.csv
1;193.14;2020-11-25;parcelas_fef96d8f-4e90-42fa-8f36-1bfa944a0978.csv
1;46180.52;2020-08-27;parcelas_fefc075c-5c1e-40cd-ad06-e8b886ee15ee.csv
1;740.27;2020-10-30;parcelas_feff3e5c-ae01-4e9c-a4c7-a38b67d48231.csv
1;880000;2020-07-17;parcelas_ff0096bf-6fd2-40e4-a0b1-9a6ab40dc216.csv
1;10857.32;2020-02-05;parcelas_ff0430fb-735c-40b9-9a30-e9649c48733c.csv
1;522.5;2020-10-29;parcelas_ff048c6a-951f-4502-ae1c-9c62e1eb08c2.csv
1;161.09;2020-01-23;parcelas_ff056847-1e88-4fc3-956f-eb49bf3647f4.csv
1;434850;2020-02-26;parcelas_ff06dd38-248a-4c97-aefb-d7dc8115f400.csv
1;48353.47;2020-05-27;parcelas_ff096e4a-8566-4a87-9289-f0870c30b5c3.csv
1;4601.69;2020-07-30;parcelas_ff09f006-4de2-49bc-9d2c-8f608521c16a.csv
1;44251.62;2020-07-22;parcelas_ff0aece4-b2d4-47d4-b69f-6ce1ee13c9e2.csv
1;81468.23;2020-03-27;parcelas_ff101122-ef25-468a-819f-05b73745e36d.csv
1;143.57;2020-09-08;parcelas_ff15d395-40b8-452a-83b6-c83ba8ec7b17.csv
1;5401.6;2020-02-04;parcelas_ff1f0900-acaf-4340-a3cb-04379f8bda8b.csv
1;4275.76;2018-12-31;parcelas_ff1fc761-edc7-4047-9ab3-03a7811589de.csv
1;1474.62;2020-11-26;parcelas_ff34b055-cb08-4d90-b090-3e6a90d19c9a.csv
1;11000;2020-01-20;parcelas_ff43d841-b71e-429b-af22-6029dd786b0a.csv
1;1032.45;2020-11-24;parcelas_ff481ebf-8161-4eb1-9c51-58b0ba393933.csv
1;6250;2020-08-21;parcelas_ff494a45-df32-4597-95a5-92f0468488f6.csv
1;105.57;2020-10-28;parcelas_ff53f78e-eba9-4cff-a2fa-8dfdf6950aba.csv
1;13750;2020-01-13;parcelas_ff55b0d0-a971-4721-b49b-f5f40b173844.csv
1;156500;2020-10-29;parcelas_ff55bb90-ee9b-4c52-b8a1-645bc72c281e.csv
1;9.17;2020-01-30;parcelas_ff5dcdab-bb7c-40de-acc1-924773664f8c.csv
1;211756.79;2020-07-24;parcelas_ff6188ff-0bd1-4a64-a415-525230cfb396.csv
1;52126.86;2020-09-28;parcelas_ff659593-c4bc-49ea-9280-c5a6b7fb4139.csv
1;3170.12;2020-11-27;parcelas_ff65b8eb-8f37-488d-ae51-c1f4e79a309f.csv
1;17272.35;2020-07-21;parcelas_ff75019a-081d-43e6-bcca-194e53ecc922.csv
1;2616.76;2020-11-24;parcelas_ff81526a-f678-4664-98dc-92d16c9f5e81.csv
1;16450;2020-02-03;parcelas_ff841e12-476b-4106-8424-9ffde60eee96.csv
1;1574.73;2020-10-26;parcelas_ff847e89-ec5b-4e20-9d06-7fdf4c32d284.csv
1;1030.24;2020-02-28;parcelas_ff8aca4b-a4b8-4ed6-8912-265910d12667.csv
1;912.08;2019-12-30;parcelas_ffa9063b-ddef-4be4-8862-aae0058f2ad1.csv
1;116220.39;2020-10-28;parcelas_ffab39a1-5d61-4ac2-a726-89af06e58024.csv
1;38230.22;2020-03-26;parcelas_ffad5cd2-f5b5-454c-8212-2c609f363d32.csv
1;10685.37;2020-10-29;parcelas_ffad84bf-1ea9-44a1-9c7b-bb682a08634c.csv
1;177.67;2020-01-23;parcelas_ffb2a914-616c-4d0d-af99-9260d8bbd0dd.csv
1;242297.71;2020-08-10;parcelas_ffc021b0-99ea-411f-8f52-db910a24bf8d.csv
1;1134;2020-11-20;parcelas_ffceb9b8-2a46-45cd-becc-49cf580601fd.csv
1;5975;2020-12-21;parcelas_ffd3aa4d-aa33-48e2-90d9-5b4d3e28d0e3.csv
1;5775;2020-11-27;parcelas_ffd5dafd-2a10-4751-9dfe-1dfd7a786f10.csv
1;276003.21;2020-06-26;parcelas_ffd76d08-7cf4-4d18-88aa-8644aab15106.csv
1;9836.02;2020-03-30;parcelas_ffd7dcb0-787f-43a1-8927-fa3e871f1c61.csv
1;121.76;2020-02-21;parcelas_ffdbbde9-78bb-4da4-b63b-dbd0b5682627.csv
1;1423.7;2020-10-21;parcelas_fff375d5-93ae-40cd-bbb1-ce80db40670b.csv
