numeroParcela;valorParcela;dataVencimentoParcela;origem_arquivo
1;404565;2019-08-27;parcelas_00017aa2-6b91-4349-b2b3-fce77f0cb0a7.csv
1;4385.05;2019-11-27;parcelas_000377c2-f591-4085-a491-3118f60e8093.csv
1;146.52;2019-03-12;parcelas_0004bbf0-c623-45c3-ae5d-0837330ceb5b.csv
1;35600;2019-01-02;parcelas_000b55e5-6f4a-4d4f-9321-90954f837b6c.csv
1;11700;2019-01-02;parcelas_000b71d0-6d9b-4077-91e2-d8f3b6cd3d0c.csv
1;779.1;2019-04-17;parcelas_000bc586-127b-48ed-ab16-8c7811443bd0.csv
1;341823.64;2019-01-02;parcelas_0014f6aa-386e-4e78-9d8d-929b15ebc3f4.csv
1;10500;2019-02-28;parcelas_001b1543-ce23-481c-96e2-82304efec988.csv
1;1539775.55;2019-11-28;parcelas_0023bf04-0245-40f5-a511-fca37e86527e.csv
1;67517.39;2106-11-30;parcelas_00314cd6-934d-4eef-93e9-fe6e69dce5c2.csv
1;65;2019-08-15;parcelas_0033278c-b172-4641-a291-0bb94f9b7364.csv
1;101830;2019-03-12;parcelas_003727a6-58b1-4eae-af91-ba1db94b68d7.csv
1;170.97;2019-12-09;parcelas_003d0658-2f9e-4506-987d-e5807433e109.csv
1;104.13;2019-08-29;parcelas_003d2aea-c496-4954-ab29-ec52f2adc4cb.csv
1;7454.4;2019-06-27;parcelas_0048bc21-b3c1-4bf3-b029-e3879ffc05f7.csv
1;708.35;2019-10-31;parcelas_004a845f-d7d4-4a6f-8d28-581d4fb2988e.csv
1;710.6;2019-02-08;parcelas_004d0fba-9daa-456a-9310-98ba7cab1dc2.csv
1;1280;2019-08-01;parcelas_004f73bf-3401-4424-8bb4-c5e029ca3f2d.csv
1;9318;2019-07-31;parcelas_005312e3-43b6-4de7-a030-727578c69532.csv
1;8461.94;2019-09-19;parcelas_00558f52-5dc4-4416-994d-15590a84afe5.csv
1;1495.2;2019-02-28;parcelas_005758c9-1de9-4513-b6af-781738afdebb.csv
1;35977.45;2019-05-10;parcelas_0058e08b-0135-408a-88d5-3e1e973061c7.csv
1;425.91;2019-04-04;parcelas_005a214b-a1f0-4d2d-ab73-414f7163a95a.csv
1;129.86;2019-08-13;parcelas_005cf575-ee38-4b66-a76c-748ab48a9c1e.csv
1;1425;2019-07-09;parcelas_005d5170-5554-428d-866a-648f8c7151c8.csv
1;79.79;2019-04-22;parcelas_005e6bd5-2e31-4dd1-81cd-dcf1fa6c3897.csv
1;957.43;2019-06-17;parcelas_00614799-901e-48b5-b885-d7f3a5ad3209.csv
1;65;2019-01-25;parcelas_006345ea-c736-4c04-bda7-37bfc51ebcab.csv
1;954;2018-12-31;parcelas_0063b185-2944-455d-a3d1-fcfce4bf8716.csv
1;41332.86;2019-05-28;parcelas_00685fbb-be41-48f3-9e3d-50362eea3499.csv
1;560.72;2019-02-28;parcelas_006a1f47-0d30-4921-9c3a-687ac2dee081.csv
1;2082.5;2019-08-21;parcelas_006cc7a6-93f7-4a38-8f0d-9d83ae8d0ddf.csv
1;7544.21;2019-10-21;parcelas_006e1fa9-fac0-4c06-88b3-3495683c3e12.csv
1;8441.02;2019-01-28;parcelas_0073de5c-a551-40e5-8673-9afe772aef1b.csv
1;411817.41;2019-09-19;parcelas_007560c3-3e81-4bbd-a037-b97c8e6d38c2.csv
1;65;2019-11-14;parcelas_007da75d-2f8c-484a-a532-d41cc982fb20.csv
1;9665;2019-04-22;parcelas_007dea84-cf93-4858-8808-5a0be0d74ada.csv
1;1966.46;2019-10-30;parcelas_007fc382-8bf3-4d42-9a82-01791ff02e04.csv
1;13164.43;2019-06-27;parcelas_007fd4d1-d367-474b-8f4d-3499b11d9244.csv
1;200000;2019-05-02;parcelas_00843598-9dfe-412a-80ad-7d208ffed5fd.csv
1;3493;2019-01-31;parcelas_009365f4-d1cf-4d5c-a454-c1fc91121e9d.csv
1;11400;2019-10-22;parcelas_009dd527-eb08-4943-8f0f-de015347003a.csv
1;4800;2019-01-17;parcelas_00aa6f0b-66a5-44c3-bcb2-4e5d4a240f14.csv
1;3702.34;2019-10-22;parcelas_00abb68a-be6d-44a5-8f48-c223b14d2ca8.csv
1;118.8;2019-07-29;parcelas_00b178a9-2e49-45d4-a656-443ca396f5e7.csv
1;686.83;2019-01-30;parcelas_00b58afc-ac5a-4ea7-be77-7d83bd0f658d.csv
1;2564.05;2019-01-30;parcelas_00b81552-388b-4ff4-b384-0f19fbca3837.csv
1;1600;2019-06-14;parcelas_00b9b079-cd6b-48c6-a49a-5f21f1bacf5c.csv
1;7553.45;2019-01-02;parcelas_00c21e48-76a9-48bf-b0c4-cd0db9bf3ee0.csv
1;22414.5;2018-12-11;parcelas_00cdf85b-def1-46ed-96f6-ae1e1c584519.csv
1;98.03;2019-01-31;parcelas_00cfc059-b6d0-4f27-a43b-8771cc245f4b.csv
1;92539.56;2019-05-08;parcelas_00d67c78-ac17-4edc-8ab3-2c8eb069c3a9.csv
1;5796.03;2019-07-31;parcelas_00e67c83-73b1-4501-b960-98308cc92668.csv
1;1100;2019-07-31;parcelas_00e6e5c4-d2ff-4167-85a2-aa460d1e5f7f.csv
1;42000;2019-10-29;parcelas_00f18335-2387-4fc5-bb57-838524aabc6c.csv
1;2673.98;2019-06-27;parcelas_00f55fcc-8cb4-48de-ab34-4520e4d8e84a.csv
1;104.13;2019-01-11;parcelas_00f6eb9d-7d5d-4b9a-a2a6-556c876e8483.csv
1;65;2019-04-17;parcelas_0100e48a-c7d4-4412-9b00-dc383e1992fe.csv
1;11457.5;2019-09-26;parcelas_0100e9ff-b5ac-4782-8e6e-aef5ab85b43f.csv
1;17352;2019-08-07;parcelas_010605a6-a07f-4f75-9d5a-25a30fbe40b9.csv
1;50.86;2019-06-27;parcelas_010a786e-0daa-4c4f-8a6a-28d8c6e9e670.csv
1;34860;2019-08-30;parcelas_010caee6-0b33-43a8-b635-27949ab4c139.csv
1;92927.18;2019-11-28;parcelas_01219cfa-4deb-4ec5-9b11-1dcd20b559b1.csv
1;7980.75;2019-09-19;parcelas_012612cc-3f67-4b26-82a6-e8b635256825.csv
1;162.75;2019-09-17;parcelas_012c40e5-cd10-43f8-b2bc-5a069b01ec63.csv
1;61.69;2019-08-08;parcelas_012d69d5-a367-4228-8068-b593804af0b4.csv
1;150.05;2019-02-28;parcelas_01362860-24ac-4183-b062-3205850765cf.csv
1;1159.73;2019-08-01;parcelas_013b7f09-0cb9-40f9-9b11-8c1f67a023a3.csv
1;25000;2019-05-15;parcelas_013b9fe2-1e65-4dad-9cad-87df097b1642.csv
1;28010;2019-05-28;parcelas_0141c150-add0-433b-91cb-8d04bb1a6626.csv
1;61695.7;2019-06-27;parcelas_0146a092-aae7-4566-bf48-0f6fb6549aa1.csv
1;383633.54;2019-10-21;parcelas_014a72da-2381-4a2a-b460-5a1403e154fb.csv
1;12603.96;2019-01-02;parcelas_01500ff3-4c1b-4983-9f27-205806f797ed.csv
1;149.21;2019-04-03;parcelas_01538402-b895-440a-be8b-ece8f67fa5eb.csv
1;4791.5;2019-04-04;parcelas_0158d05c-2e85-4d1f-87a9-da908852d636.csv
1;628.2;2019-10-14;parcelas_015ccb02-f6f1-4ec0-b3df-5973478f8204.csv
1;19106.33;2019-11-01;parcelas_015e0e3a-bf3b-41d2-bb6e-ba554bc29675.csv
1;64.61;2019-06-27;parcelas_016100d5-eda7-4fef-8bdd-6685552fab93.csv
1;65;2019-10-25;parcelas_0162e5a3-e9c9-4f93-ba5b-778d60e458ef.csv
1;249.5;2019-05-14;parcelas_0163336b-793d-431f-93bd-fb89dd61de18.csv
1;9324.4;2019-02-20;parcelas_0164797a-30cc-4660-98b9-27b3dfe965f9.csv
1;7710.04;2019-03-29;parcelas_01678aec-dfb4-41bd-936e-347b1a722d0c.csv
1;440.96;2019-08-22;parcelas_01741186-02cc-4c96-93b3-0b49eae3b972.csv
1;3992;2019-08-30;parcelas_0178caac-1d47-44db-9fc1-2d184837fa73.csv
1;535.71;2019-10-08;parcelas_0183660b-b614-4c67-80ad-84ba35aac819.csv
1;6214.43;2019-06-28;parcelas_01839790-7e3d-4c67-b69d-22a4275fa6cf.csv
1;72660;2019-10-11;parcelas_01866ee7-befe-42c3-811b-917b0902b86c.csv
1;8208.28;2019-06-27;parcelas_018a4669-a2e8-429b-b20a-ca271075d3bc.csv
1;79.79;2019-03-27;parcelas_019055b7-9e74-4a04-a471-d43f6b7665d9.csv
1;261;2019-03-29;parcelas_01a086dc-19f8-483b-a00f-1b8de0b94fe3.csv
1;30629.83;2019-09-30;parcelas_01a5008a-8953-4e9f-9b27-8d9ce3cc29d0.csv
1;180.28;2019-06-28;parcelas_01b1139e-26d0-4adb-a9d9-0ba80b119f21.csv
1;85.96;2019-08-22;parcelas_01b53dad-cafb-4ee9-ba3b-72e58af83f5c.csv
1;2276.8;2019-10-08;parcelas_01b82505-2fdb-4b63-a88b-0497c98a3c2b.csv
1;65;2019-07-01;parcelas_01b88e86-0853-4ba4-b8b2-1d91a3a2a643.csv
1;1468401.52;2019-08-30;parcelas_01bfc304-53a2-4385-ae29-2ade008ebb69.csv
1;21983.9;2019-12-11;parcelas_01c3823e-1b50-475a-9319-a98acd62b123.csv
1;2187.5;2019-12-19;parcelas_01c5131b-146f-437e-adf9-1eaa3ff6462f.csv
1;267.74;2019-06-04;parcelas_01c5b8f2-9f8f-4d66-8f99-52c8fb047dab.csv
1;1250;2019-05-07;parcelas_01cb92af-7166-4f65-98f3-aeae7d533076.csv
1;149800.9;2019-07-18;parcelas_01cff3c6-98d6-480d-b685-2eb61071f78f.csv
1;500;2018-12-31;parcelas_01d21bad-f61f-4d58-8a7d-4f184d5df326.csv
1;3982.49;2019-08-22;parcelas_01d22849-eb54-43d6-9c71-28311cda857d.csv
1;228.26;2019-10-22;parcelas_01d76552-587b-4daa-9484-f5672306e2df.csv
1;3178.82;2019-08-30;parcelas_01db0545-e421-4057-b4bb-8435534fbcf9.csv
1;65;2019-10-04;parcelas_01dd6e92-f383-448d-9c35-111fd12a0d8f.csv
1;621335.37;2019-07-26;parcelas_01e0936a-0f72-4c09-9abf-672a3360d2da.csv
1;455773.03;2019-08-30;parcelas_01e7e6b1-afd4-407e-98b7-3b3308d3a558.csv
1;1855;2019-02-20;parcelas_01f232ce-fb76-4751-8272-3a3fc07bbc6c.csv
1;51060.67;2019-12-19;parcelas_01f24635-7d4c-4d3c-8de8-505eb70fa2c4.csv
1;3021.2;2019-02-18;parcelas_01f3346a-947e-4041-82c3-c1b4a60380d0.csv
1;14185.5;2019-11-29;parcelas_01f467a0-2aed-4070-8e60-bae733dd0b54.csv
1;2362.03;2019-02-25;parcelas_01f48632-a1c2-46dd-a7ad-87f865a622a9.csv
1;142749.02;2019-12-10;parcelas_01f956d2-469b-4748-856b-f38df0a0de9d.csv
1;2582;2019-01-28;parcelas_01fa2b3f-4931-464b-8eb9-c8599939bee7.csv
1;1697.7;2019-11-19;parcelas_01fd98c6-0db0-4509-9822-9f002a74c85b.csv
1;1432.92;2019-06-27;parcelas_020a5b91-9f2c-48b7-ad1e-cbbfac1d8b99.csv
1;38950;2019-08-01;parcelas_021308bd-e0e1-4405-8f42-aead21ff2fc0.csv
1;3143.73;2019-02-15;parcelas_021d4105-2de1-4c00-a031-62081b060ce7.csv
1;22500;2019-08-30;parcelas_0224bb1d-49c6-4e95-8397-cbb3926f2842.csv
1;90082.12;2018-09-14;parcelas_0225ba02-ca37-41ca-a4db-8378e889156e.csv
1;154672.32;2018-09-14;parcelas_0225ba02-ca37-41ca-a4db-8378e889156e.csv
1;3645;2019-06-25;parcelas_0234c65b-3907-4c40-8678-78a4d59387bf.csv
1;5068.5;2019-12-02;parcelas_023593af-74b0-45eb-88c0-32eb829189d3.csv
1;72703.37;2019-01-04;parcelas_023685cc-bfbf-464f-9598-f7b77079cd76.csv
1;420.17;2019-02-08;parcelas_02370458-1df0-48b7-b74a-3b1757cbf075.csv
1;100000;2019-01-02;parcelas_023815fe-1fe4-4602-80c2-b93200588d91.csv
1;512;2019-07-26;parcelas_023da8a3-3f00-4fce-bfd7-f401afa2defa.csv
1;211.65;2018-12-31;parcelas_0246d291-8873-4963-bc30-3e58f958c7ec.csv
1;8030.01;2019-01-10;parcelas_024725bb-4b9e-46b0-8040-aeaa6e059ac4.csv
1;39093.45;2019-09-30;parcelas_024d4cf1-9a5c-4a32-9994-774cbad35670.csv
1;1693.29;2018-12-28;parcelas_025883a7-4db1-4597-a0f9-807dbc6ce950.csv
1;104.13;2019-09-04;parcelas_025a0a7f-5461-4422-8121-64a5aff0f7bb.csv
1;97392.22;2019-06-19;parcelas_025a905a-2d8c-46bd-b42f-e36ef7ade148.csv
1;850247.36;2019-11-12;parcelas_025bdb7e-f695-4c70-a70a-ee09ed3a7588.csv
1;130951.51;2019-02-08;parcelas_0262a22f-1044-4478-849e-0e7d0b16d66c.csv
1;479.3;2019-10-21;parcelas_026369a8-266f-4655-aa5e-76479c127f30.csv
1;1308.15;2019-04-30;parcelas_0268e6a3-c338-424c-be86-647d0ed30a43.csv
1;804.55;2019-04-22;parcelas_02692d2a-d439-4f77-b32c-646a3de36035.csv
1;300104.15;2019-09-30;parcelas_026ea8bc-c82b-4cd9-a119-ba3b68d76cb2.csv
1;29032;2019-02-14;parcelas_02715fad-05d5-4ddf-8988-19cfa0b75524.csv
1;47833.34;2019-08-30;parcelas_02746f72-77ba-4e39-b96f-4a1d30f04558.csv
1;38100;2019-08-01;parcelas_0278fa58-d0a9-4951-9e51-9fe4472cbd19.csv
1;613.12;2019-03-29;parcelas_0279ff50-1bce-4cb7-8454-0282cc438d98.csv
1;65;2019-04-11;parcelas_027ab416-5cac-432c-824f-c83ea995c00a.csv
1;2268.6;2019-12-31;parcelas_027be5a5-a92d-4e7c-9f3c-e09fdc3b20c6.csv
1;65;2019-06-04;parcelas_02891737-62ee-470e-bcdc-67b6c1bf2bd1.csv
1;198.37;2018-11-20;parcelas_028ace60-5565-4341-95ee-7f852828c024.csv
1;10065.07;2019-03-29;parcelas_028e17d6-e481-44cd-9bf1-972d90c78f7b.csv
1;33120;2019-04-04;parcelas_028f700c-99e4-4a1b-a2ef-3b5c73879fd4.csv
1;2573.5;2019-10-25;parcelas_02914503-5d42-412b-a61f-f5cc356fc93a.csv
1;3415;2019-04-30;parcelas_0293bcf5-1082-4ce7-a1b0-d7989bd2962a.csv
1;22613.78;2019-08-27;parcelas_029947f2-8f67-4ab7-bd24-6dcdde55beb9.csv
1;79.79;2019-03-12;parcelas_029d9908-089b-4664-bbc9-0f243b2b5d9d.csv
1;66.66;2019-01-21;parcelas_029f1175-0108-4a77-aad5-9edc5ce7940f.csv
1;462.56;2019-10-21;parcelas_02ab3313-360a-4a27-b656-f562356de34a.csv
1;2471.04;2019-09-30;parcelas_02ace5a3-11cc-4ce9-8dbe-183fa7f3d2a4.csv
1;63516;2019-07-08;parcelas_02bc6f45-51c9-4f96-8e7e-f7faf5f78a28.csv
1;933594.94;2017-11-20;parcelas_02bc7565-e6bd-49f4-bcce-b11c319a0bdf.csv
1;409.6;2019-01-31;parcelas_02bf1e20-d6b8-42e1-8bb2-e0c33d36ff5e.csv
1;238162.1;2019-09-26;parcelas_02d07079-0e22-4cbb-a11e-f042d8873313.csv
1;6854.65;2019-10-08;parcelas_02d46057-edb2-4a39-b82c-17ce7c4ff5c6.csv
1;8034.72;2019-03-29;parcelas_02dd8caf-a255-46c5-ad0e-f68934f8dbfc.csv
1;75;2019-09-19;parcelas_02e0f5cb-4db8-4d5b-858c-eb57227fb0e0.csv
1;6106.16;2019-01-28;parcelas_02e138b3-daa2-4d48-a421-e982027dbc9e.csv
1;20922.19;2019-05-31;parcelas_02e47103-e2b3-4580-94ff-04944db93fdc.csv
1;26301.57;2019-08-01;parcelas_02ecf4fd-c2ce-47af-bc18-dd717431cbcb.csv
1;83795.8;2019-08-23;parcelas_02ed19df-582b-4e2f-8ad2-7c00a7d053c9.csv
1;250723.27;2019-03-29;parcelas_02ef9398-6acd-4566-b0df-0a27d13e48b8.csv
1;10539.17;2019-06-14;parcelas_02f04070-a05a-479d-ac2d-5072cc968208.csv
1;2622.8;2019-01-21;parcelas_02f2b54b-c59d-4804-a015-dba5744bbf22.csv
1;65;2019-09-11;parcelas_02f49e10-cde0-4350-a85a-dbec1cd12cae.csv
1;2975.18;2019-06-27;parcelas_0300b241-9155-4704-8385-8b5b5c4ad74f.csv
1;10251.2;2019-06-27;parcelas_03015634-d8cd-4823-95b3-9e7b3c767a05.csv
1;30082.5;2019-01-02;parcelas_030157b7-268d-45af-84d5-525c0f3cb68a.csv
1;79.79;2019-06-03;parcelas_0304aa3d-cdee-46cd-8955-ad57b63fcdbd.csv
1;65;2019-10-29;parcelas_0306161d-df9f-4c7c-8049-3dbcfecfdf81.csv
1;38817.13;2019-07-30;parcelas_030e7bc0-79b0-46cd-9cb3-aa14fc8f6c40.csv
1;1245.64;2019-11-29;parcelas_03113841-a4fd-444d-8cf0-2b23f4c60b73.csv
1;65;2019-08-19;parcelas_03122302-c333-43a4-964a-647327cb4beb.csv
1;11876.67;2019-08-30;parcelas_0321bf79-bdc4-4c0f-99d2-406c0bfd885f.csv
1;24267.9;2019-01-07;parcelas_0323af7e-be04-4399-98d2-907cfc19121f.csv
1;410.13;2019-09-17;parcelas_03287a2b-b806-4514-891a-4e96a000ac43.csv
1;65;2019-09-23;parcelas_032a7a88-356f-4f73-bdd9-8f51d8341be7.csv
1;6804.6;2019-04-29;parcelas_032ba58d-945c-4892-bd63-a1be722b3ba5.csv
1;1182.8;2019-10-21;parcelas_033129b8-56bb-4b0f-a6dd-ac3077f51555.csv
1;2250;2019-09-20;parcelas_033f96e1-abc7-4dac-8396-50dc80ab4e85.csv
1;2109.67;2018-12-28;parcelas_03419ea3-f636-4734-be18-37f8a5329230.csv
1;4870;2019-08-23;parcelas_03461c3a-a78f-443e-aacf-c3d15c61f0c5.csv
1;65;2019-05-02;parcelas_03488702-28f3-4afd-bd0b-eed02e87a2be.csv
1;90614.27;2019-08-30;parcelas_03492cd2-47d9-47de-85dc-ed9ebc6b84d8.csv
1;257;2019-05-14;parcelas_035a5012-17f8-4a55-b68d-b5a7fc8183e2.csv
1;2462.5;2019-02-28;parcelas_035bd722-9abd-440b-9558-44c9c6b7c778.csv
1;4143.06;2019-01-02;parcelas_035dd225-9f6e-44b3-bf5d-50136660dae4.csv
1;50000;2019-01-02;parcelas_035e3a40-fedb-4f26-a45d-5801c7e4d4f0.csv
1;79.79;2019-12-17;parcelas_035e5da6-aef4-4d26-9fae-e37d1a51a92f.csv
1;475443.81;2019-09-30;parcelas_035f91fa-c7db-4e64-9404-1a0ecfee4010.csv
1;48000;2019-08-02;parcelas_036a013e-6ec6-4867-86d1-1f1e08a3972d.csv
1;1000;2019-06-04;parcelas_036ed041-273b-4044-8a61-7c6f5491cbc2.csv
1;3273;2019-09-30;parcelas_037345c7-1377-4737-9e5e-cee51e8214b3.csv
1;5004.96;2019-04-08;parcelas_0373bb20-73fa-4ae8-b49c-9f555d6bd9c7.csv
1;18187.4;2019-07-08;parcelas_0375411c-7653-4504-9a7d-fe8782e4eb89.csv
1;1734.67;2019-05-31;parcelas_0376b9be-3423-4596-9479-f906e2e44579.csv
1;2281.97;2019-07-26;parcelas_037b112b-b4e3-4540-bdfd-87117f82c632.csv
1;844118.84;2019-09-25;parcelas_037c0390-adc7-4ec0-88ac-b8b2347d6c93.csv
1;140;2019-04-03;parcelas_0381c48d-1094-4301-9159-5216878ffe89.csv
1;19500;2019-01-02;parcelas_03826905-df14-4362-8292-184da0e00b1e.csv
1;4750;2019-02-25;parcelas_038f04cc-ad37-47cd-bc5e-fecab553aaea.csv
1;12158;2019-08-01;parcelas_03907201-f902-4a02-8bd5-765dae047a3e.csv
1;26863;2019-05-02;parcelas_03925161-128e-4aab-be0b-c26c5755738c.csv
1;47060.72;2016-11-18;parcelas_03a9c1e6-437d-4e99-abbe-0598fffc8b4e.csv
1;414.31;2019-07-29;parcelas_03aaac8e-174d-4082-ab16-589fa4f29b84.csv
1;301.05;2019-08-12;parcelas_03b0a035-8f7e-4a7a-b330-fcf989b87fde.csv
1;79612.03;2019-06-27;parcelas_03b2381d-db8d-49fc-b73c-87ab9e453658.csv
1;159.34;2019-05-31;parcelas_03be7460-9315-4123-8058-e74b7f521391.csv
1;144;2019-10-25;parcelas_03bef43c-f70f-4997-be41-d798457969f4.csv
1;9530.5;2019-11-04;parcelas_03c6efcb-1110-4d9f-b04b-9420e5d7a19f.csv
1;6510.61;2019-02-20;parcelas_03d23adb-3750-4177-90ea-3af0f8df3573.csv
1;1886.67;2019-04-23;parcelas_03d62a50-f375-4509-96f5-32c2a2910a0f.csv
1;217450;2019-05-28;parcelas_03e50ece-7819-420a-9ef1-eb44f79c4d61.csv
1;79.79;2019-10-25;parcelas_03e71ff1-3537-4f42-a088-8df19f42403f.csv
1;126384;2019-07-31;parcelas_03ed9d9a-d054-446d-801f-6f1f02127324.csv
1;6039.28;2018-12-28;parcelas_03f07690-c36b-44f8-acd7-0837fcf93673.csv
1;842.42;2018-12-31;parcelas_03f417ca-d452-4e26-877c-61a4817999dc.csv
1;1684.84;2018-12-28;parcelas_03f417ca-d452-4e26-877c-61a4817999dc.csv
1;161680.23;2019-09-30;parcelas_03fbdbe1-2375-4d62-ae2a-1c76e7f4e15f.csv
1;188453.2;2019-02-28;parcelas_040027a6-cc3a-4b1a-91a3-7008cdc51b23.csv
1;79.79;2019-03-19;parcelas_040073a1-d928-4864-9e50-cedbc945a7c5.csv
1;9130;2019-04-03;parcelas_04055a1d-93c0-471e-b69f-ff2678431e0a.csv
1;1500;2019-05-22;parcelas_040c9d6a-f33f-427f-9613-dbc00fa21ae2.csv
1;307.75;2019-03-13;parcelas_040dda14-8546-4b3c-a984-4a3e13c79811.csv
1;2091.76;2019-10-07;parcelas_0416d2cb-3c12-4f63-8bda-d13331e77d1e.csv
1;8600.48;2019-01-02;parcelas_04193c8b-e3da-42f3-b3bc-cb9e9a2721cf.csv
1;18846;2019-10-31;parcelas_041c20d3-590e-4fbf-811a-e15c59bd6370.csv
1;77830;2019-08-26;parcelas_041c2e0e-2269-4697-8118-1a8e93d8417c.csv
1;11495.23;2019-01-25;parcelas_041d90bb-5a09-45a7-83c3-94c2ee46b367.csv
1;65;2019-10-28;parcelas_0421a203-e9b8-4668-ade8-016200903e81.csv
1;8103.97;2019-08-30;parcelas_042a335d-6d38-4d9d-ab0a-4b015c8a2fe2.csv
1;132024.79;2019-06-27;parcelas_0430ee1a-7dbb-46d5-83e1-9eb3ae8a551c.csv
1;78.2;2019-05-29;parcelas_0432c7ad-477f-4c86-b81f-e60b34aa1f61.csv
1;150000;2019-01-02;parcelas_04388238-a116-4d06-9fcb-7a2835706bd6.csv
1;195.01;2019-01-10;parcelas_043d363b-034b-4240-8eeb-e3611ef52b11.csv
1;335.79;2019-05-28;parcelas_043d4fcf-d9bc-4c75-9d76-d5dd5454cc4e.csv
1;3925;2019-10-29;parcelas_044721b7-9ad5-4680-9e62-50ccc345dea7.csv
1;329;2019-04-16;parcelas_044f478d-c98e-49da-955f-e779248c4c28.csv
1;35878.27;2019-08-30;parcelas_045888fd-ef26-4a7c-84e7-a7597671cb33.csv
1;307.75;2019-10-02;parcelas_045b29db-c027-4a63-9c9b-56ec17cddf08.csv
1;200;2019-11-28;parcelas_046073bc-17b5-4144-8dcc-a753936f6c9d.csv
1;5929;2019-06-24;parcelas_04663e8e-e19c-455d-96ab-3d379139231e.csv
1;491359.8;2016-03-15;parcelas_04719491-cafe-478c-ba9c-d20e9c6e7f3c.csv
1;170.97;2019-06-25;parcelas_0471b9a9-d240-446b-a292-22395258738c.csv
1;7500.76;2019-06-17;parcelas_04735133-f964-4a77-a625-6fc21b14af1a.csv
1;398.41;2019-06-28;parcelas_0474e5f3-5403-4ec5-bd9d-5670fba415db.csv
1;806.48;2019-11-27;parcelas_04765000-d77c-4d47-b700-cedf307e485a.csv
1;452;2019-02-28;parcelas_047b31f7-a1c2-4b76-a378-b42c74ba4310.csv
1;4127.5;2019-06-03;parcelas_04822608-d7d4-4eee-a842-0d5d6db5b6c5.csv
1;3275;2019-11-25;parcelas_048ab366-c04b-4458-b2e1-289afad96661.csv
1;5133.35;2019-01-02;parcelas_048ba48e-359d-413a-b71e-d976b910cc65.csv
1;6314.6;2019-06-27;parcelas_048ba857-79d7-4988-b472-1591fee1bfe1.csv
1;50585.78;2019-03-29;parcelas_048f0ed1-76ed-4913-95d3-38ed4e6539b7.csv
1;4878.26;2019-02-28;parcelas_04905a74-9a69-445f-a978-739b48f5ced4.csv
1;38885.39;2019-12-19;parcelas_04954d21-9957-4d0e-bbd0-74b1c259f448.csv
1;16250;2019-11-18;parcelas_049d2588-5768-4174-9ee3-58d9cac34856.csv
1;2500;2019-03-06;parcelas_049fb803-3a77-42fb-93b5-87e09546943c.csv
1;15363.18;2019-11-25;parcelas_04a7e74c-0eff-4951-bf1e-1c3c8747e042.csv
1;1643.75;2019-05-24;parcelas_04a9f9b2-e644-4bb1-87a5-7461f507a13b.csv
1;12883.25;2019-07-31;parcelas_04ac192e-8242-4684-8512-c35e5ddb3f74.csv
1;257095.52;2019-03-22;parcelas_04b4f4ca-b197-4849-bea8-ef18cd24f3fa.csv
1;200000;2019-01-04;parcelas_04b82e5d-ba4a-4999-830f-27a8f3c1759c.csv
1;44.73;2019-03-29;parcelas_04bd8083-e9b9-482e-b60e-723d85a58acc.csv
1;59076.09;2019-05-31;parcelas_04c12650-2687-4bf3-9c15-5089887bea6d.csv
1;3500;2019-08-08;parcelas_04c17b4b-22a8-4d04-bf25-f71dde82c4a2.csv
1;613.46;2019-04-30;parcelas_04c7860c-f45c-47f7-83f6-41960621b30c.csv
1;1691920.64;2019-06-27;parcelas_04ccaca4-bc8e-429d-8252-d146d7036346.csv
1;307.8;2019-09-18;parcelas_04d08189-8af0-4409-b4b7-e02747554ee6.csv
1;10500;2019-07-25;parcelas_04d2af43-6fdb-44c9-9d30-0b477643923d.csv
1;56396.81;2019-03-29;parcelas_04db3a11-24d0-46d1-b936-2d0c8aa2ba0a.csv
1;6215.1;2019-09-09;parcelas_04db7cd8-50dd-47ca-a98d-ca863014817d.csv
1;2102.7;2019-01-28;parcelas_04e10db0-69fd-469b-a1a9-e8e27eda582c.csv
1;18139.41;2019-06-27;parcelas_04e6173d-f472-4610-9a5a-907e1e61f620.csv
1;124.53;2019-06-27;parcelas_04e8af65-2cad-4d32-85f9-cd610f59dc5d.csv
1;4479.65;2019-03-29;parcelas_04e98ffa-11c7-4e2a-a2f0-23cc0d69642f.csv
1;695.27;2019-11-27;parcelas_04ea01d8-f4cc-4ac3-b89b-1205f382c483.csv
1;59076.09;2019-08-30;parcelas_04ef75d7-4f91-4c40-b650-a49e655ad5f6.csv
1;31517.48;2019-02-28;parcelas_04fb940d-1a8d-43e2-80d0-ede48a104f32.csv
1;147;2019-05-16;parcelas_04fd5ecb-d58e-47dc-89fe-f8f70881aed1.csv
1;3200;2019-10-30;parcelas_05017ff4-91a2-4d81-b4c3-2f4534d467cd.csv
1;1759.32;2019-01-23;parcelas_050758dd-4a20-4684-8c0c-d360f13f4b78.csv
1;180;2019-01-25;parcelas_0507fc32-fa3c-48da-84f5-e6f31940c3fe.csv
1;91309.99;2019-02-28;parcelas_050bc211-4ede-4953-9207-f85cbd222dd1.csv
1;3020;2019-04-26;parcelas_050cde24-d9b8-4003-871f-e24fdfb6dddd.csv
1;2642.98;2019-03-12;parcelas_050dd213-764d-45ba-858d-fcccc0b2b391.csv
1;79.79;2019-11-25;parcelas_050eaf04-430a-4fa1-ade6-0a35a86e297c.csv
1;65;2019-06-13;parcelas_050ec344-1476-427c-a83f-5bffb785aa5f.csv
1;2216.67;2019-08-30;parcelas_0512624b-69a4-4ae7-8aac-795e239dc547.csv
1;10780;2019-04-08;parcelas_05140e6e-59c2-42df-b555-9cba6fdb7ad7.csv
1;867403.65;2019-06-27;parcelas_0514b525-2d05-4a88-9694-9ab6ec284572.csv
1;40;2019-04-15;parcelas_0518cc4f-827e-46c3-a27c-2744409f65c7.csv
1;441;2019-03-18;parcelas_051947cd-9153-4e56-9040-9018177a467e.csv
1;79.79;2019-09-02;parcelas_051a7443-3183-42eb-acb9-78012de9e632.csv
1;65;2019-09-17;parcelas_05205a6f-bbb5-41f6-9e7a-60557514a4a5.csv
1;71000;2019-08-23;parcelas_05278ae4-233b-448c-bd81-b8dfacfaa343.csv
1;1219.59;2019-09-17;parcelas_052d70bf-46e9-4fc8-ab41-61ca9b7c123d.csv
1;65;2019-10-15;parcelas_0531727b-db2a-4ab5-91ca-b80787ed75c1.csv
1;164410;2019-10-04;parcelas_0531d5f7-e583-4711-b5ac-927bdb785b82.csv
1;20000;2019-11-29;parcelas_05349a12-9d70-42f7-aa3c-c1f2b34cad48.csv
1;126.63;2019-01-31;parcelas_0539ec23-225b-4b84-a01e-c45894a6ccd8.csv
1;1050;2019-12-19;parcelas_053a4b6e-3454-42b2-a22d-8e0846a5de8d.csv
1;12171.77;2019-05-02;parcelas_05407086-1883-438a-9c59-fcc4da8c6417.csv
1;307.75;2019-12-02;parcelas_054dede4-843f-4839-a991-a16f0e9e7fd1.csv
1;15000;2019-05-06;parcelas_05521d0e-7ce4-4cd9-ab24-13cd2d72584a.csv
1;234.78;2019-03-25;parcelas_0556c7ba-8857-48a8-8b28-81e81b01f344.csv
1;102.58;2019-07-09;parcelas_055a88ed-1dd5-4214-a180-c2d134441879.csv
1;1360;2019-07-05;parcelas_0561b074-8c40-49fc-95ef-95efb241a7d0.csv
1;365.64;2019-03-29;parcelas_05671cd1-e087-4ffe-b49e-ca3404d47f51.csv
1;5353.62;2019-11-28;parcelas_056881ce-6ee0-4edd-a70f-b1ff4be1dcda.csv
1;1350;2019-10-24;parcelas_0568988b-4640-4710-baaa-296641046b6a.csv
1;2243.48;2019-10-31;parcelas_056cb2c4-b3b9-4359-8d14-29c32702f1c2.csv
1;13521.9;2019-01-02;parcelas_057970f1-44ee-4f86-b7a6-54905fbbf154.csv
1;5185.44;2019-01-02;parcelas_057caed6-68dd-4c9a-b9d8-6cb2919d21d8.csv
1;512.91;2019-11-22;parcelas_057d8dbb-25c7-4212-baca-d9bee22d57d9.csv
1;1347.52;2019-01-25;parcelas_057e4ecf-955d-4014-84d2-cee66d213884.csv
1;3168;2019-06-06;parcelas_0580e3b5-8d64-45ce-aae8-bee303b12e7f.csv
1;5000;2019-06-05;parcelas_05879262-737d-477b-bdec-7d98c724c644.csv
1;1556167.25;2019-09-30;parcelas_058cba59-9198-4363-8ee9-25b5271ce699.csv
1;4151.2;2019-09-19;parcelas_059088b3-7250-42ed-9bec-9ca4b856e522.csv
1;65;2019-09-26;parcelas_05968cfc-6020-46fe-ab3e-088b1987c8d6.csv
1;688.27;2019-12-31;parcelas_059b11d6-b914-4207-9470-8077e8f53cd3.csv
1;249156;2019-02-25;parcelas_059c7f7d-547a-4ab4-b7f8-a72cb8f35a25.csv
1;104736.68;2019-07-31;parcelas_05a14952-254b-4875-93b1-f5558bf86aed.csv
1;65;2019-06-28;parcelas_05a2e858-4ef1-43cc-8d93-3b080897c9b5.csv
1;702.57;2019-06-04;parcelas_05a775be-6a4f-4852-be0b-c8adec32f00b.csv
1;6396.3;2019-03-12;parcelas_05a8482f-3a90-4437-ab60-42d01988bbc2.csv
1;563991.18;2019-08-30;parcelas_05ab5017-8345-4c8e-b3b4-93784363e363.csv
1;1043.32;2019-05-20;parcelas_05abca33-cb00-4b54-a36b-190092bec780.csv
1;79.79;2019-10-07;parcelas_05b26124-2c22-44ca-b79a-af627d86a8bc.csv
1;6263.5;2019-06-14;parcelas_05b2fbe1-d512-46bf-8973-a646f3c08e45.csv
1;1350;2019-08-30;parcelas_05c0087d-d538-413b-bd15-e622ad92fc89.csv
1;61384.58;2019-01-16;parcelas_05c34cf4-eeb2-420b-9944-44d23b14dfaf.csv
1;65;2019-02-01;parcelas_05c5fce9-5a20-4a2c-9c0f-3d48c68c397d.csv
1;144.64;2019-03-12;parcelas_05ce1a6e-1988-4358-8789-3ed9c94500ff.csv
1;2154.22;2019-07-25;parcelas_05d0d9d7-16ad-4b4b-b35f-6e14161cede5.csv
1;2285.74;2019-09-27;parcelas_05d8498f-a4f7-4250-a7dd-90e1e669ad0e.csv
1;2279.8;2019-07-12;parcelas_05da1eaf-2dcf-4c4b-a2b5-58fac74dd832.csv
1;561.02;2019-03-29;parcelas_05dbaba8-243f-4e8f-b292-9a0ede7a4e7d.csv
1;4972.62;2019-06-18;parcelas_05e3415e-2e89-43d2-bbef-9e91fce06007.csv
1;58300;2019-11-18;parcelas_05e3947e-be72-4eb1-b6e7-15f1604400bd.csv
1;234.78;2019-11-14;parcelas_05e65e31-9abd-493a-9ed4-ce5e76a80ade.csv
1;24125.39;2019-08-27;parcelas_05eb2815-2f60-40fa-8f3f-c2bf705b566a.csv
1;23.26;2019-06-28;parcelas_05ec0699-0e68-4729-93aa-23315b617aed.csv
1;24869.55;2019-07-15;parcelas_05ef67c4-5068-43fe-8cc0-ab474a00eb46.csv
1;65;2019-02-28;parcelas_05f58268-a50b-4c81-9bbd-b0adb59ecb72.csv
1;11250;2019-09-02;parcelas_05f5c781-ba4b-4176-b7f9-77b09018a4a1.csv
1;65;2019-08-30;parcelas_05f73e04-bfc8-4607-b9cc-7c9bed990586.csv
1;108.22;2019-07-11;parcelas_05fa3891-d7ae-4d16-806f-04f3b9721b45.csv
1;65;2019-09-18;parcelas_05fc3e2e-965a-4a5b-a961-0f8dfc751eea.csv
1;4045;2019-10-30;parcelas_0606c62e-84e5-4d0b-862f-78bbf97d1239.csv
1;1186.55;2019-09-05;parcelas_0607d8df-a9c8-4e9f-be6c-7aae6544fc36.csv
1;148.15;2019-01-31;parcelas_060949b5-efb1-48e5-8874-1bcf8b80463c.csv
1;3256.42;2019-10-31;parcelas_060a4882-957d-4b66-b335-237b09203e72.csv
1;48397.47;2019-06-27;parcelas_060e3f8d-b05b-4242-a2c8-5f427d579f41.csv
1;6114.49;2019-01-14;parcelas_0612b19d-745e-4724-889b-9ec161370307.csv
1;19699.9;2019-05-28;parcelas_061834a8-ad13-4d44-bc32-3ab587b5f602.csv
1;1766.23;2019-07-31;parcelas_0618969d-aff0-401e-94ec-39bfd431a145.csv
1;88624.42;2019-12-11;parcelas_061d9a90-1753-4b01-b421-479f0d1e408f.csv
1;102.58;2019-05-07;parcelas_06237e10-9453-4114-8b9d-2459fd79cdfe.csv
1;733.64;2019-04-10;parcelas_06240a71-e1a9-4b4b-89de-18b7653b5543.csv
1;2;2018-11-01;parcelas_062fc3db-f2af-4026-8bc9-b55b75e02543.csv
1;9048;2018-11-01;parcelas_062fc3db-f2af-4026-8bc9-b55b75e02543.csv
1;1401.47;2019-06-04;parcelas_06309ae6-4ce4-429f-aebe-54e3ae26adde.csv
1;141440;2019-11-01;parcelas_06388530-db41-431e-b7d6-34e0f4a1f98f.csv
1;8524.83;2019-02-08;parcelas_0638cb68-6681-4b2c-8972-3356a5a8e4c1.csv
1;5571.43;2019-01-31;parcelas_063e80ef-bdc2-4686-8a02-0f29d0d4d5bb.csv
1;122824.96;2019-03-13;parcelas_06458eac-77b6-4be3-a8d1-937f2a6fc834.csv
1;5375.86;2019-07-24;parcelas_0648749a-08d4-47f4-908e-8b5dbd3e1078.csv
1;150;2019-09-19;parcelas_0649d641-ead1-4423-9952-2a417fdc61e5.csv
1;905.32;2019-06-19;parcelas_064f1d98-0ffc-4bf3-8b29-7d3c9cdd6b71.csv
1;79.79;2019-04-26;parcelas_0650c9a1-e771-4ff8-a729-0745d509e14c.csv
1;341.94;2019-01-30;parcelas_06580e12-aec5-43f5-9e68-ec15b9b2afaa.csv
1;7552.29;2019-11-20;parcelas_065a9b89-2335-4b3b-90d8-4c1253fc68bc.csv
1;467347.41;2019-05-28;parcelas_065b55cc-a11d-4615-8425-d8cc4d1f89c2.csv
1;59106.5;2018-12-21;parcelas_0663d058-dd8c-4e10-a68c-c844dff825c2.csv
1;24701.7;2019-01-10;parcelas_0669101b-010e-454f-bc6f-5e5cb9c84498.csv
1;149177.66;2019-08-30;parcelas_066cbdf8-ab78-4b62-a456-00b71a1d117a.csv
1;858454.83;2019-08-27;parcelas_06772447-5571-4ae9-bd70-b351addf4492.csv
1;143.35;2019-09-12;parcelas_0677e82e-70c9-428b-8546-4e10cd0aa4c2.csv
1;254.54;2019-10-21;parcelas_06825b78-669e-4cc8-a899-c76c7c4a2987.csv
1;141.46;2019-12-03;parcelas_0685d86d-ba93-4e36-9465-87f50b86751d.csv
1;30000;2019-01-02;parcelas_0687420b-53a9-446c-a47f-ed6e24542b5a.csv
1;5000;2019-01-03;parcelas_0692305b-1414-4db8-ae21-127317bcfcb7.csv
1;65;2019-11-26;parcelas_069f18ce-eaeb-437f-9388-f578c0303db2.csv
1;32.27;2019-07-26;parcelas_06a08910-2747-41d5-9d8f-d24eb465ef80.csv
1;21306.54;2019-01-28;parcelas_06a1ce0a-f3b9-4996-874d-da78b5b03fe7.csv
1;6277.25;2019-06-28;parcelas_06a25ed2-3d0e-4b8e-9b9b-7f1f3ca92c28.csv
1;72942.45;2019-03-29;parcelas_06a60240-c2d6-4253-a0d7-5691bcd4faa5.csv
1;750;2019-04-03;parcelas_06a81f51-0cca-4738-a980-b319cdbbc85d.csv
1;372064;2019-11-25;parcelas_06a9e5f9-81e7-42f8-8aee-c9ec44561df6.csv
1;97.65;2019-07-11;parcelas_06aee563-1655-4d76-8c4a-1f082e61f151.csv
1;13.76;2019-05-13;parcelas_06afd423-3212-48c9-86d4-013dc8971a59.csv
1;7658.02;2019-01-28;parcelas_06b824fb-1fc2-4fb7-afc8-21073bc62d89.csv
1;23651.49;2019-06-27;parcelas_06cdc6e6-92f6-4792-9990-9714a655b416.csv
1;120000;2019-04-23;parcelas_06d25a2e-5f79-4bfa-8ccc-9be2c7a1a6a0.csv
1;535.71;2019-05-20;parcelas_06d3e9bc-4e11-4882-ba0e-5781364e3814.csv
1;693029.7;2019-12-31;parcelas_06e6da10-a22b-4aff-a2c2-9463c7669b9b.csv
1;2026.64;2019-08-30;parcelas_06e92c79-1cdf-4781-8f27-3efd5ded5574.csv
1;114;2019-07-09;parcelas_06e95712-92e4-4619-8b09-1d1fa422df95.csv
1;70526.81;2019-12-11;parcelas_06ee8314-5664-438c-a0ac-dabf5b12a56f.csv
1;204376.01;2019-09-30;parcelas_06f4a759-9a9f-4289-a964-289676b5e0d3.csv
1;3456.54;2019-06-27;parcelas_06f56763-67e9-4c3e-bfe4-76c5b165171a.csv
1;307.75;2019-08-01;parcelas_06f620f4-e96d-4661-9ce7-4db2d86f57ce.csv
1;79.79;2019-03-18;parcelas_06fe7a84-6cbe-4e91-adac-1d5897269504.csv
1;26614.5;2019-05-03;parcelas_07018aa1-3cec-487f-8b7c-c1e94f434abc.csv
1;6602.66;2019-11-06;parcelas_070267b4-adaa-4f9f-8e26-b10ac8605c68.csv
1;981.26;2019-03-29;parcelas_0707c4cd-5861-442c-890b-596a2240266a.csv
1;135.51;2019-01-28;parcelas_0709ba5c-3bfd-4cfb-b752-d8d8e8786257.csv
1;3029;2019-11-25;parcelas_070adb48-2a57-441c-8db2-d3425d7c638e.csv
1;4224;2019-09-24;parcelas_070f3ba7-5a9d-49ac-995e-dfaf4b498345.csv
1;1230;2019-07-26;parcelas_071515c1-0298-4cbe-82f3-c0f81cdee8af.csv
1;79.79;2019-10-09;parcelas_071b9202-102f-40fd-8ffa-add51f05c36d.csv
1;4109449.55;2019-05-23;parcelas_0728db65-0a7c-4b0c-840d-37e874d06560.csv
1;1488.74;2019-07-31;parcelas_072a88f2-0ba3-4fb1-afb1-1e924c5df83b.csv
1;1554.9;2019-10-07;parcelas_072aaddc-b547-49bb-a0e4-b9d0a86ff8b9.csv
1;72013.28;2019-07-26;parcelas_072d6e2b-bb6e-4c29-9769-550c59de6df2.csv
1;84;2019-03-12;parcelas_074c4289-39f7-47f3-993d-37c31c462be2.csv
1;30146.22;2019-01-02;parcelas_074f8d78-1799-4342-bf2f-7f2fdbbf76b4.csv
1;880.84;2019-09-30;parcelas_07533c1b-29ba-41f4-b554-8887e9913d7d.csv
1;140.18;2019-03-29;parcelas_075349ff-d818-4d1d-8a68-f96f2b8d1560.csv
1;2123.45;2019-06-27;parcelas_0753e7fc-bb51-4587-b92e-cd59d3fbd91d.csv
1;15000;2019-02-07;parcelas_07583952-fba6-4529-a9f0-c22ef7a89197.csv
1;153;2019-02-11;parcelas_075a2df2-42f8-4412-86a1-4d471adee579.csv
1;19693.02;2019-10-30;parcelas_075beb55-4659-4a11-a53b-95a4903c7721.csv
1;496430.98;2019-10-31;parcelas_075dde12-7f4d-4880-ba21-c6ec762c086d.csv
1;512.91;2019-08-20;parcelas_075f61b9-0460-438c-ad57-705b34d886e3.csv
1;6612.75;2019-03-22;parcelas_0763b355-dbb8-48b7-aa88-fec2c4cdff4c.csv
1;1294.8;2019-03-20;parcelas_07666af0-27e9-4f3c-807e-1eb64ad62084.csv
1;99400;2019-02-11;parcelas_076b56c0-5017-4020-9df7-c791c9b6f6b0.csv
1;2232.05;2019-10-08;parcelas_0773d68d-12cf-4ecd-a2c9-868feab89d8a.csv
1;721.11;2018-12-28;parcelas_0773e5a7-842e-402f-8f1c-471fa3e4bff6.csv
1;38043.31;2019-10-29;parcelas_077a2d8d-9b73-4c4e-ab10-97a0edbbf607.csv
1;7615;2019-11-25;parcelas_077b99b8-c1c3-40f3-9488-fc8c50a2df12.csv
1;128320.44;2019-06-27;parcelas_0781a3d8-2c82-45d0-8ba9-4bff640ddbfb.csv
1;260000;2019-04-30;parcelas_078e555a-7612-4efb-8f8c-7212a8ddbd32.csv
1;1148.5;2019-08-16;parcelas_0794a013-6b2c-458f-9295-d5011fe9bfef.csv
1;316.57;2019-04-29;parcelas_07961cdb-1c12-477d-aff2-c53bcef872ff.csv
1;6132.44;2019-10-29;parcelas_079906bb-8013-4df5-a494-a101b7469ace.csv
1;11500.6;2019-01-15;parcelas_079dc69d-6e02-449e-bc6e-a7f03a625cb4.csv
1;195.01;2019-03-25;parcelas_07a7d05e-4acf-4b6a-b0a8-3cb623da585e.csv
1;14278.23;2019-11-27;parcelas_07ab4bdb-1e9a-444e-948c-95d2123112b0.csv
1;2241.5;2019-10-16;parcelas_07b281d2-29fe-4d16-9086-2ea813971584.csv
1;3784.86;2019-05-28;parcelas_07b3cb24-9156-47d2-ad68-1dbdfc64c027.csv
1;68.16;2019-08-12;parcelas_07baaf7d-6261-48c3-ab44-751664636913.csv
1;341.94;2019-06-05;parcelas_07c1481c-c592-4ac2-9be0-dd60396a539a.csv
1;65;2019-02-22;parcelas_07c5b986-d5fb-4781-b2c0-f9be263e7c9b.csv
1;255541.71;2019-05-28;parcelas_07c9edfe-c99d-45dc-9454-b92f95a3ab77.csv
1;1016.78;2019-12-31;parcelas_07cd7c41-9fd9-4922-8dad-631ec338d68e.csv
1;22500;2019-04-11;parcelas_07d05e6a-4c3f-4afb-b720-8fe9090231dc.csv
1;65;2019-08-08;parcelas_07dfb91a-5799-4942-ab64-d2a0d97b63f8.csv
1;12118.47;2019-10-16;parcelas_07e0740b-9294-4807-9854-9824273c03a2.csv
1;250000;2019-05-29;parcelas_07e259c9-7ab9-4649-b665-b919c2699412.csv
1;3598;2019-10-11;parcelas_07e2be5b-0b5b-4662-8ff4-ded0a0e682a9.csv
1;21602.2;2019-06-27;parcelas_07e4d3d7-96c5-486e-9c70-5ffa6de6d519.csv
1;11714.91;2019-07-15;parcelas_07e8d448-d574-4c00-b917-90711227f74a.csv
1;1752.26;2019-05-28;parcelas_07ef9ccc-e2c2-419d-b070-fbc87c869262.csv
1;4784.82;2019-03-29;parcelas_07f0646b-7673-4cf5-9fc1-7b808f559db4.csv
1;155.34;2019-09-17;parcelas_07f9a02c-33a8-4f6c-bc85-bce2ef253bde.csv
1;10574.84;2019-02-28;parcelas_07f9b392-c7db-4415-8cd4-7859f9334343.csv
1;8056.29;2019-04-30;parcelas_07fa3677-d063-40e1-b010-d73a6010eaa1.csv
1;2765.61;2019-09-17;parcelas_07fb9f41-41b6-470a-acd8-a2f91d41e28b.csv
1;124943;2019-07-25;parcelas_07fffbff-660c-41d7-8804-32db9bd2979e.csv
1;21440.26;2019-03-11;parcelas_080440c2-ed79-4191-b025-b6d8301d848c.csv
1;65;2019-09-13;parcelas_0804f954-81e0-4a6b-be65-f71085166960.csv
1;2049;2019-02-04;parcelas_0804f9cb-003a-4ba5-a15b-e0ff55182f33.csv
1;83900;2019-02-07;parcelas_08092c1b-f95e-462e-b0b9-7801048c2579.csv
1;210;2019-03-06;parcelas_080c48bd-80bc-4f83-bc36-8110a244e81f.csv
1;22.5;2019-01-23;parcelas_08194588-ce2e-42bb-beb1-07d138e3b11a.csv
1;307.75;2019-08-14;parcelas_081d79e5-c663-450c-a93c-d522016409b7.csv
1;3412.5;2019-11-28;parcelas_081dfab9-ac05-4f9c-8d17-2f97e2b70700.csv
1;53850.4;2019-11-28;parcelas_0820b865-c367-4e6b-8d40-a60126a54392.csv
1;2154.22;2019-05-24;parcelas_0823809e-9b1a-4859-ad0a-bee501e31bf5.csv
1;1107.66;2018-12-20;parcelas_0826f77c-d68a-4c24-a1eb-797d7f3c9c72.csv
1;166981.54;2019-05-28;parcelas_082b61ff-4dec-42ff-9a87-ace39601299b.csv
1;361.8;2019-06-27;parcelas_082d27ff-7a55-480a-8741-47f585f99c69.csv
1;4000;2019-11-28;parcelas_082f35c6-96fd-439f-be2c-0481919d1de2.csv
1;40000;2019-01-11;parcelas_083ddb53-a96f-4209-b630-817743c90359.csv
1;314.62;2019-03-12;parcelas_084be2d2-be28-4a4f-b9ed-b007295d9db2.csv
1;5243.5;2019-05-10;parcelas_084c559e-8578-4f00-908d-355a7abe2474.csv
1;7843.2;2019-01-31;parcelas_084f8839-42ab-4869-b449-3f322fcf6e99.csv
1;4242.26;2019-08-22;parcelas_0851f3fa-aca2-40c2-b69b-baa738f9ceed.csv
1;750000;2019-04-09;parcelas_085414cd-666e-4bb6-9160-2b8ee67b5e89.csv
1;27.08;2019-03-14;parcelas_0854cad0-c917-4f15-af38-3b43d071e86c.csv
1;1782;2019-01-21;parcelas_0859d9a6-ce2a-469b-a43d-90f3c7988c4a.csv
1;54572.17;2019-12-19;parcelas_085cf240-156e-4bce-a792-cce22af976cb.csv
1;16500;2019-08-27;parcelas_08624aa0-8942-4a45-b8a6-ffb3261efbd3.csv
1;700;2019-09-30;parcelas_0865090d-7934-4859-b58e-276c9a0ddc90.csv
1;6742.7;2019-07-09;parcelas_0867323b-86cf-4363-86f4-6514e8327fb1.csv
1;860.71;2019-06-04;parcelas_0871df23-4d81-4353-bec8-98ccb4df6dec.csv
1;6626.52;2019-06-27;parcelas_087b329e-8daf-4f1a-a643-edbf19126524.csv
1;65;2019-12-26;parcelas_087ba9b4-c7c3-456f-88d0-9f0dfc6cbd75.csv
1;193.91;2019-11-27;parcelas_087f7580-94e7-4808-9135-d1190dba47cf.csv
1;7042.3;2019-06-06;parcelas_0885dd19-2a96-4dcb-bf4f-09fa0001c545.csv
1;841.08;2019-04-30;parcelas_0889d62a-f111-4b63-8be9-63d571e652bc.csv
1;700.9;2019-04-30;parcelas_088e90bd-0355-4b2d-8299-fc717e929733.csv
1;8475.71;2019-04-03;parcelas_08935d95-c710-4110-9b02-516542b96fd7.csv
1;30000;2019-09-04;parcelas_08959f67-bcf7-4d89-8232-8742f30fa91b.csv
1;1996;2019-07-31;parcelas_089aa993-ffcd-4774-a324-3dd594535b6b.csv
1;1.27E7;2019-01-02;parcelas_08a1a48b-cdb1-48f9-ac9b-eb5a73a87209.csv
1;166.66;2019-11-12;parcelas_08ac587f-f730-4859-a68e-26e3e5e986a7.csv
1;34975.1;2019-03-06;parcelas_08aeaea2-66ab-4379-936d-7c432fae03d8.csv
1;79.79;2019-08-01;parcelas_08b1f5ca-4207-47b0-8f01-17cab733dd9d.csv
1;700000;2019-05-13;parcelas_08b2a087-9eb6-400b-9501-78672f09875c.csv
1;1274.93;2019-07-26;parcelas_08b32940-eef8-4b58-b374-69ea84a57a71.csv
1;549.75;2019-02-12;parcelas_08b85738-9b59-460d-a83b-558e78895400.csv
1;491359.8;2016-09-30;parcelas_08bf6727-c87d-4064-8ced-755e0b9aeb43.csv
1;931.89;2019-01-24;parcelas_08bfbcd0-649b-4f7f-beea-6d440d5ea16b.csv
1;2158.65;2019-06-03;parcelas_08c065a1-41e4-4790-b497-23be876493bf.csv
1;39.89;2019-08-06;parcelas_08c79dd6-758e-4c5a-b670-5f727097d556.csv
1;65;2019-09-30;parcelas_08cdead5-aac8-49d4-a396-9f50481d6baa.csv
1;148.4;2019-03-12;parcelas_08cece91-a92a-46ee-a5d6-b9adda354ae3.csv
1;2513.12;2019-07-31;parcelas_08d037f2-18c6-4613-b1b7-dc9f36b8f7e2.csv
1;66.67;2019-01-21;parcelas_08d79ee7-ebfd-472b-adc0-b03bd2f1b697.csv
1;3985.86;2019-06-19;parcelas_08daab06-07f9-41dd-ab32-ce92ed4ca529.csv
1;2462.64;2019-08-30;parcelas_08ea4ff0-90f1-4821-92f9-6cf9e881bd69.csv
1;196.47;2019-07-29;parcelas_08ea5777-1c39-408c-8d62-9469dcb6d9db.csv
1;665.59;2019-08-27;parcelas_08fa956b-4168-4b06-a545-3a894229cdc6.csv
1;1754.38;2018-12-28;parcelas_0906f602-7b0f-4757-a41d-f480a581549b.csv
1;26114.9;2019-08-23;parcelas_090748ce-97f2-4c5c-80dd-26cc7d0cd021.csv
1;159703.22;2019-04-29;parcelas_090a602b-4f02-46a5-ac34-851ca8a6f422.csv
1;1575;2019-10-11;parcelas_0914be17-909e-424c-91d6-b7a644d19b40.csv
1;3348.68;2019-06-06;parcelas_091f137c-5a5b-47fb-be08-518378a9c3e8.csv
1;9120;2019-01-28;parcelas_0929c0a8-4cf2-416f-bd6d-fe846305e654.csv
1;79386.15;2019-07-31;parcelas_092a3eb0-f215-48d9-a527-f5ab528960fa.csv
1;82.66;2019-02-15;parcelas_09373ebd-4d9b-4323-8857-a2b3588b8715.csv
1;46.6;2013-04-19;parcelas_0940c4a0-bf7d-4500-850e-a5e01593125b.csv
1;783.86;2013-03-13;parcelas_0940c4a0-bf7d-4500-850e-a5e01593125b.csv
1;271.54;2019-01-09;parcelas_09447998-71e1-42c7-8523-26cad0bb4058.csv
1;1968.58;2019-11-06;parcelas_0944ff7d-4793-422b-ac72-343a3687005a.csv
1;14921.97;2019-06-27;parcelas_095088f5-ae8d-4a3a-b51c-4def5709d5f8.csv
1;998;2019-10-01;parcelas_09552f86-9e22-47fe-91a6-e903de7d3a20.csv
1;48600;2019-07-23;parcelas_0956c935-cd1c-4f50-9935-741688932246.csv
1;3000;2019-01-02;parcelas_09578d2c-3320-4657-8364-0b4316eedbb6.csv
1;3400;2019-03-12;parcelas_0957cbf2-da50-451a-af32-3d027b6ec909.csv
1;3892.05;2019-09-05;parcelas_0966f6f7-2892-4495-a04c-bb6de4279151.csv
1;4140;2019-03-12;parcelas_09676b98-c55f-427f-b97e-6bcd9ea16e87.csv
1;249.5;2019-02-22;parcelas_096c7340-ac51-490f-a5e3-a781e3045bcb.csv
1;72;2019-04-30;parcelas_097f3f64-98fe-4db4-b459-39e467caeec0.csv
1;5000;2019-11-29;parcelas_09853ac2-fe85-4aed-ac53-a134c245a431.csv
1;55.65;2019-07-12;parcelas_09855c90-3f87-4619-ad66-e9b0e32e7762.csv
1;1698.76;2019-07-09;parcelas_098d28e4-25d5-42cf-b49c-26e500cee194.csv
1;10721.5;2019-06-19;parcelas_099a34a0-4a36-442a-99ef-68770df1dde6.csv
1;9740;2019-07-23;parcelas_099b0ca2-2a42-45eb-b341-c1f59c28928a.csv
1;65;2019-02-21;parcelas_099cc69f-bf6e-4954-806d-b61002ca9b70.csv
1;8014.8;2019-05-31;parcelas_09aa6f90-04d4-4f95-a803-bc681d40682a.csv
1;1037.67;2019-03-29;parcelas_09af878f-4cfb-41eb-85da-b0ed1c46b1bf.csv
1;840;2019-10-10;parcelas_09b13783-2a93-495d-abed-5b8e4a716030.csv
1;4105.8;2019-09-20;parcelas_09b54367-9f34-46bb-a06e-923f47203efb.csv
1;24006.77;2019-11-28;parcelas_09bf0366-0074-4cb4-b993-85de23da8bec.csv
1;12318.73;2019-01-02;parcelas_09c13367-fd07-4b62-a07d-e3c946178730.csv
1;54945;2019-09-19;parcelas_09c8e3b7-a9fb-4a0c-b188-e30a2aa6a613.csv
1;154161.8;2019-01-03;parcelas_09c9ace4-cd94-431b-91c5-b2888c94a83f.csv
1;12929.04;2019-12-30;parcelas_09cc55da-0eb5-4a5c-840d-dfbce4ef4a5c.csv
1;494.55;2019-07-15;parcelas_09cdc0ff-c36f-43f6-a337-6d06f077ccae.csv
1;4239.53;2019-11-28;parcelas_09d11d61-bbf4-4a82-bcb9-3e9859c9707e.csv
1;4098;2019-03-12;parcelas_09db5383-8231-4539-a664-f5dc66a2c845.csv
1;991.49;2019-07-24;parcelas_09dd577a-f895-4897-b6d8-7ea44e0e05f3.csv
1;10583;2019-04-11;parcelas_09dfe1f2-4fb5-466a-8f81-f6cffb080d2e.csv
1;79.79;2019-10-28;parcelas_09f304b6-af21-44b2-a278-72788eb7bf7a.csv
1;2340.24;2019-08-27;parcelas_09f4c959-1114-400a-8624-11e7e4bb60c5.csv
1;6150;2019-07-15;parcelas_0a1e6925-6e75-4084-97af-a5532c842f57.csv
1;5634;2019-08-08;parcelas_0a32677e-881c-485a-a241-3f76229d1b72.csv
1;3992.99;2019-05-31;parcelas_0a3720ec-9b0f-41c2-84ea-d800266ab921.csv
1;3103.61;2019-06-19;parcelas_0a3b854f-ddca-4639-a0cb-508cd42868a3.csv
1;29613;2019-05-28;parcelas_0a434247-6531-41b1-8a16-667ec5847c00.csv
1;9827.58;2019-12-05;parcelas_0a4b0af2-36ef-4954-8f25-1189fa4b2700.csv
1;3992;2019-11-29;parcelas_0a531c3e-b61e-4419-ab40-ffc3bca7c730.csv
1;12760;2019-08-23;parcelas_0a5471b7-7bb8-4a56-bbf6-fcb7b38ef903.csv
1;10000;2019-01-02;parcelas_0a5a8524-fd3b-40b6-9b16-102f22afd63e.csv
1;40223.4;2019-01-02;parcelas_0a5db0dc-c50f-46ab-9128-49307d32a2b6.csv
1;700.9;2019-05-28;parcelas_0a64c680-3345-419d-a40f-fe0114c3fe29.csv
1;286784.46;2019-04-30;parcelas_0a67f50f-1ad2-4de6-a701-4d5b1fe193ee.csv
1;65;2019-11-29;parcelas_0a6dcd72-1b6c-4c8f-96b7-8a32548672d9.csv
1;79.79;2019-10-21;parcelas_0a73d8d9-39ec-4c73-a5e6-83ea14afed2c.csv
1;981.3;2019-03-18;parcelas_0a74a448-214c-4397-8eae-5f91fe803b96.csv
1;34364.16;2019-11-28;parcelas_0a765c31-76f0-434d-ba19-4f4f39c5d423.csv
1;268.29;2019-08-27;parcelas_0a7e093e-f1b1-4cd5-b195-6a77852a7c8d.csv
1;1098.21;2019-02-13;parcelas_0a7fdb80-67d3-414a-87bf-6137e56b1295.csv
1;10000;2019-09-26;parcelas_0a854d89-82a4-4c4d-8647-56cc34efa73f.csv
1;14500;2019-05-24;parcelas_0a8baf7b-1462-417e-8fa0-2b3482100276.csv
1;2300;2019-07-01;parcelas_0a8dd22d-7270-41e5-a994-dbdbf97a14d6.csv
1;4700;2019-08-30;parcelas_0a8ea7d4-72b0-4183-8b7f-6c003e5020e4.csv
1;8025.57;2019-09-05;parcelas_0a902cb4-2b55-4f63-8f44-9228d6b7b463.csv
1;257;2019-05-28;parcelas_0a9a99a9-9a99-4dbf-b78b-bb493ccdd975.csv
1;342;2019-04-29;parcelas_0abbb840-89a6-443c-9a12-2ea5aabf5f43.csv
1;4330.02;2019-03-01;parcelas_0abef547-5129-4e0c-a0c6-7c59e3c41d13.csv
1;265017.66;2019-12-11;parcelas_0ac0b23c-a188-4e2b-bbc8-1e15ce7ac059.csv
1;4587.84;2019-03-25;parcelas_0ac94fa5-791b-4463-87f6-9167b2ab6dee.csv
1;13471.58;2019-06-27;parcelas_0acb3f2a-00c8-4392-a54c-48037065d833.csv
1;12084.66;2019-11-13;parcelas_0ad2aea6-73b3-46b9-ba01-66fb07c96f59.csv
1;5258.47;2019-10-15;parcelas_0add0434-b1e5-4609-b21c-ec9c64976261.csv
1;6544.81;2019-10-31;parcelas_0adebf11-eaf1-41c0-9768-edd50de02c1f.csv
1;736052.29;2019-10-30;parcelas_0ae5bb6b-1f8b-4ddb-9a6c-a7a7b8fe8071.csv
1;927;2019-03-26;parcelas_0ae5e54b-ca79-4b25-90da-5253823c8916.csv
1;3527.19;2019-12-09;parcelas_0aebf1fa-7061-4693-ac07-7a4fc5a2d883.csv
1;44671.39;2016-03-11;parcelas_0af29e40-b13f-4bc2-9988-14fa967a8a50.csv
1;65;2019-10-23;parcelas_0af63279-b994-4f23-b21a-57434d716619.csv
1;3503.85;2019-09-19;parcelas_0af684a5-fc09-4650-ba30-a28a51043b11.csv
1;2336.46;2019-05-28;parcelas_0b08dc95-3c4b-49c8-90d7-921f6f7b0d29.csv
1;33479;2019-11-13;parcelas_0b1ab370-9eb3-40d9-9039-6b9566d38449.csv
1;65;2019-01-23;parcelas_0b1e1ecc-62d5-466c-9fb0-4f813c68f2a5.csv
1;150.75;2019-02-28;parcelas_0b23ab11-3524-4e6f-915f-3ffa80787416.csv
1;900000;2019-01-02;parcelas_0b287328-d87c-4126-aca8-4bee5236408a.csv
1;3356;2019-08-08;parcelas_0b29e6aa-5161-4915-ba94-a4e4c7fea237.csv
1;12730.35;2019-10-21;parcelas_0b2ad0e7-9bd5-40d5-9c90-5fbb61150e5c.csv
1;4574.5;2019-07-10;parcelas_0b2b5edf-6e64-43c1-93de-dedf52cfe622.csv
1;565962.94;2018-12-31;parcelas_0b2ce599-ba03-4d68-ac55-438be0b0bcef.csv
1;361958.33;2019-03-25;parcelas_0b2f783d-b3db-4867-aeca-8f49d832f183.csv
1;65;2019-01-30;parcelas_0b339621-bbab-4785-9a8b-49809557f206.csv
1;11083.92;2019-01-02;parcelas_0b36c0be-a650-4893-8228-e34702b35e26.csv
1;65;2019-08-14;parcelas_0b41509d-9f52-4e6b-bf8f-18e9c948aaf7.csv
1;33121.61;2019-09-05;parcelas_0b456246-decc-43a4-b268-3f91e86e0f94.csv
1;900;2019-05-24;parcelas_0b4c0f2d-c560-4a59-b834-ad223198b244.csv
1;91250;2019-05-31;parcelas_0b4d9edc-19dc-4d6e-8e7d-75550621e284.csv
1;310000;2019-01-02;parcelas_0b4e0c00-8033-4946-a7c4-47fe08990bb8.csv
1;79.79;2019-07-19;parcelas_0b4f7d2d-c1d8-4758-b8e7-a8ae43835996.csv
1;104415.36;2019-01-28;parcelas_0b5204e6-ce45-459f-9181-c7fd67d0edb4.csv
1;4457.06;2019-03-29;parcelas_0b58f62c-575e-4001-9d1e-29944d3a5b15.csv
1;79.79;2019-01-18;parcelas_0b5a24ef-6682-4697-8409-508e48de2494.csv
1;4246.9;2019-12-19;parcelas_0b5a25c0-1dea-4eac-bb2e-86e2570677b2.csv
1;390.69;2019-04-09;parcelas_0b5b5009-77cb-4f58-aace-4ddcd7dc7b89.csv
1;75498.52;2019-02-28;parcelas_0b61d296-f410-443e-8b38-24603264ba5a.csv
1;48446.5;2019-11-25;parcelas_0b6fa217-6378-49d1-a42b-a21e31fc353d.csv
1;875;2019-08-30;parcelas_0b794512-440a-4fc3-bc7a-a57f5b53e40c.csv
1;4642.72;2019-03-20;parcelas_0b7996aa-e0de-4758-9dd2-891098ead224.csv
1;4711.14;2019-11-26;parcelas_0b7b693c-960b-44df-a7a2-0c108a9a7832.csv
1;5250;2019-10-30;parcelas_0b7f5deb-d219-4bd8-8e16-e326ea691b66.csv
1;25000;2019-09-30;parcelas_0b83136d-53b3-46a9-bd67-8af972f88ec1.csv
1;86846.5;2019-11-20;parcelas_0b850958-c389-47f4-8449-bb371af10391.csv
1;514982.55;2019-01-21;parcelas_0b8a319e-0a7e-42db-b1b2-18eb0e573783.csv
1;3879;2019-03-29;parcelas_0b8a6192-3965-4d50-9770-b2fe8bba6926.csv
1;90449.47;2019-10-04;parcelas_0b8acf98-6999-474e-9492-323d1331f30c.csv
1;5120;2019-02-12;parcelas_0b8e5e03-7e22-4658-a163-4371b128139a.csv
1;672.48;2019-05-16;parcelas_0b8ee98d-dece-4968-a685-157d38384c6a.csv
1;0.01;2019-03-15;parcelas_0b90beb4-a602-4fde-bfac-908f155efbb4.csv
1;49159.01;2019-08-08;parcelas_0b966256-3f7e-4721-b51e-5dea1efa2a9c.csv
1;79.79;2019-10-08;parcelas_0b9afb6e-eaf2-4652-b640-a5ee40321bfb.csv
1;2100;2019-09-30;parcelas_0ba4241d-f287-4540-9861-2f128b0b5c0c.csv
1;7431.81;2019-01-28;parcelas_0bb018b5-f9ba-4241-a095-801dad4dc687.csv
1;4131.83;2019-10-21;parcelas_0bbb0f2f-8059-481f-82ea-f98e904e826d.csv
1;3726.45;2019-08-06;parcelas_0bbd0703-b8f6-47b2-8e01-cd7b21022f36.csv
1;242297.71;2019-10-04;parcelas_0bc23130-8b03-48c8-9559-7cf258259211.csv
1;170.97;2019-09-02;parcelas_0bc9fc0c-20b9-4a43-9d1a-dbe368a0335f.csv
1;85467.98;2019-05-31;parcelas_0bcc6f88-532f-474b-871b-d1d46c5c58d1.csv
1;270.5;2019-08-12;parcelas_0bcdb1f6-1842-47f6-8bce-3df0e20270b8.csv
1;750.93;2019-10-31;parcelas_0bd94499-0f83-45ab-bebc-03668f778d67.csv
1;619.07;2019-04-24;parcelas_0bdb8895-2974-44fa-8718-561c21147d26.csv
1;1712;2019-11-13;parcelas_0bdba8d6-e445-4ac4-9d97-8f1252a7da09.csv
1;3696.1;2019-07-04;parcelas_0bdc7a3d-2763-4946-808b-da771c2bc8da.csv
1;92341.38;2019-12-19;parcelas_0bde06ff-c7e7-453c-8e2d-efb92ffd0e19.csv
1;75353.38;2019-04-29;parcelas_0be5bb78-4a2c-4efa-81d0-eaa0fc88b420.csv
1;16841.23;2019-08-08;parcelas_0bece3d3-301f-4eec-827c-f62bae575149.csv
1;13000;2019-02-14;parcelas_0bf39a0d-aca5-4a8d-b94c-69ae9d1d9d05.csv
1;4485;2019-04-12;parcelas_0bf67c2a-dc1e-4de2-9f1b-1b1ab6645154.csv
1;79.79;2019-04-30;parcelas_0bfbb35b-21cc-4024-bf60-6724d78d58b7.csv
1;79.79;2019-11-27;parcelas_0bfc73dd-cd74-4124-8c2e-e3b8b44eba15.csv
1;1199.05;2018-05-18;parcelas_0bfcc7b4-a4d1-4b9b-85a3-d197e9b57af1.csv
1;16445.05;2019-10-22;parcelas_0bfddae2-13f0-4d6e-9ac3-fc76bac2aa50.csv
1;79.79;2019-11-19;parcelas_0bfefffe-5d7d-441d-9300-19e7078b61e0.csv
1;1306.12;2019-07-30;parcelas_0c0037dd-ed21-4833-a55c-994229be7fa1.csv
1;56;2019-11-26;parcelas_0c0590af-abee-45a3-ab4f-05e027b2e61d.csv
1;1000;2019-05-28;parcelas_0c06c236-5567-4ac3-bb0a-92877953ff46.csv
1;180.66;2019-05-31;parcelas_0c0e0ee6-41ac-4c9b-b3bf-3492479231cc.csv
1;65;2019-08-07;parcelas_0c0e29de-2ff4-47d2-94f3-56ad547e92a7.csv
1;708476.05;2019-06-27;parcelas_0c157454-818d-4252-8f59-de054e716139.csv
1;5730;2019-07-29;parcelas_0c1644b8-63f3-496c-ae69-c26531e2e526.csv
1;3871.63;2019-09-25;parcelas_0c169cbc-6085-4df0-81b0-6e714c89b1d8.csv
1;260000;2019-07-30;parcelas_0c16b24d-9aba-4a0e-862c-5f38003e860b.csv
1;2642.5;2019-08-30;parcelas_0c183d3b-1a5c-448d-bad3-43092a0c7285.csv
1;79.79;2019-09-30;parcelas_0c1950c3-c7be-4bbc-a18d-663e19597916.csv
1;107.42;2019-08-08;parcelas_0c1cbb0d-021b-4f50-a1b6-0ba9a46ed984.csv
1;9659.48;2019-04-09;parcelas_0c20ead7-5090-4099-86ee-a7b1bd5d531d.csv
1;3181.5;2019-11-25;parcelas_0c25b329-9b25-41f1-9bda-4f65e0e994d2.csv
1;19968.41;2019-10-14;parcelas_0c27eba6-6e2d-4455-a396-c04dec9a050a.csv
1;123164.65;2019-04-30;parcelas_0c295b7b-ad11-43bf-87c1-0856363060d5.csv
1;11208.67;2019-10-14;parcelas_0c2a750f-8f7c-4777-9b6b-2e8ebbd1d0ca.csv
1;3500;2019-01-10;parcelas_0c2ab331-2dcb-4b9d-9d9c-20231ee22897.csv
1;156.19;2019-07-08;parcelas_0c2ad43d-711f-460f-831b-d8dd2cb8c518.csv
1;4700;2019-02-28;parcelas_0c343e8d-b812-4b95-9987-3079a49c80db.csv
1;79.79;2019-01-31;parcelas_0c3626d6-dd23-4079-ab2b-b053699eea03.csv
1;539.28;2019-06-13;parcelas_0c3a20c2-e9a2-44a9-b451-4f862eed745f.csv
1;5953.14;2019-01-28;parcelas_0c3b331b-09bd-4a8f-96ad-8616f591b327.csv
1;560.72;2019-03-29;parcelas_0c3b5399-a343-4c9b-88c7-9311ddf00611.csv
1;3549;2019-06-17;parcelas_0c3f8a2e-f31a-4b32-b16e-3c5ed6b735e1.csv
1;242297.71;2019-10-29;parcelas_0c470779-691c-4c95-9108-c35ab9dcba12.csv
1;2827.5;2018-12-28;parcelas_0c474c56-922b-4191-a33e-94669da0aced.csv
1;480.89;2019-03-25;parcelas_0c48d29b-b5d8-4a75-9e1a-cda2613cc92a.csv
1;138.2;2019-01-28;parcelas_0c4a8f99-15eb-4068-b649-846f044462ae.csv
1;20557;2019-04-30;parcelas_0c4abee4-e7e0-42ee-bc19-d1e846988136.csv
1;188.06;2018-12-28;parcelas_0c56478f-0b5b-4942-8392-e85c1bfa79e2.csv
1;4162.84;2019-12-11;parcelas_0c59b94b-9d80-4519-be8d-ca1f7036886f.csv
1;769.5;2019-04-29;parcelas_0c5e2958-1110-435b-ab50-a2d9582cf6f9.csv
1;36;2019-10-25;parcelas_0c679cb6-6209-4c76-9187-254e18b83d08.csv
1;132597.03;2019-01-02;parcelas_0c697aad-8aa9-4bab-a087-39e816fff4ea.csv
1;1699;2019-11-13;parcelas_0c7665e3-b585-4854-a058-a0ce122213fb.csv
1;65;2019-11-04;parcelas_0c79b4d1-76fa-414e-bd12-a4da958957e3.csv
1;12422.5;2019-06-19;parcelas_0c7c867a-97d1-4b3b-a7b2-43c97914c3f4.csv
1;65;2019-09-03;parcelas_0c84b8dc-f471-4ca9-8d53-3c18fc8e8478.csv
1;270015.76;2019-04-29;parcelas_0c89965d-5b54-40d1-b133-25ba57801b47.csv
1;478.02;2019-04-08;parcelas_0c89dc82-824e-445d-921d-a4a0e8df7cee.csv
1;210;2018-05-30;parcelas_0c8a3efb-5a5d-4449-9498-7581340e498f.csv
1;3735;2019-02-12;parcelas_0c8c4aba-f79f-460f-b905-d7f342993a4d.csv
1;227.85;2019-09-17;parcelas_0c9071d7-591c-4d9a-b2c0-b54753ed1e7f.csv
1;13000;2019-03-20;parcelas_0c9d7eaa-1f98-4253-8785-0ebbdff388f0.csv
1;16592.19;2019-06-27;parcelas_0c9f73b6-dec4-4fe9-964c-1ec4069df51e.csv
1;1411.67;2019-09-30;parcelas_0ca01158-ee2f-4b6a-a935-5dfe9f25f621.csv
1;186.87;2019-09-12;parcelas_0ca7cec6-8750-4de7-8a0e-2124ae991ce5.csv
1;4322.6;2019-12-02;parcelas_0caaf99a-28cd-4ad7-b046-b47992db6fb9.csv
1;12525.62;2019-11-28;parcelas_0cb19f99-f27e-4eff-857c-58b48aedc06f.csv
1;38899.58;2019-11-28;parcelas_0cb9bd58-5de9-40ad-880f-d91eff7bdcb4.csv
1;29513.73;2019-07-31;parcelas_0cbe659f-3ff0-41a4-946b-cd610c5543b3.csv
1;65;2019-01-21;parcelas_0cce9059-6a97-4fa0-b408-fd4da0ef2d2f.csv
1;26318.12;2019-06-03;parcelas_0cd153dd-2c76-44b9-ae0a-09604576d274.csv
1;137.28;2019-09-19;parcelas_0cd7534e-2e7b-4823-a2de-fb3b991bfe0e.csv
1;2600;2019-04-12;parcelas_0cde2a75-9e5b-45e1-9dff-fc783818c364.csv
1;21294.19;2019-01-28;parcelas_0ce57319-d426-4030-877c-6ceeddeb6fdb.csv
1;8130.92;2019-06-27;parcelas_0ce970a1-f8b3-4583-b9c3-25da374e08fd.csv
1;2760.48;2019-04-30;parcelas_0ce98760-65e3-45d2-9d32-4748f759fcd4.csv
1;43000;2019-09-19;parcelas_0ceccb5d-d2ed-4c74-9288-96f86560200e.csv
1;2301.73;2019-03-22;parcelas_0cf36052-2eac-45ad-af79-85045a7f47e3.csv
1;2324;2019-08-21;parcelas_0cf3fb5e-e6d3-41b4-ada4-c682db515d3f.csv
1;1996;2019-01-31;parcelas_0cf81419-5873-41f8-8b1b-a5ddb28f3049.csv
1;26100.76;2019-06-17;parcelas_0cfe229d-126c-454e-aedb-1f523a409dec.csv
1;1620;2019-11-14;parcelas_0d012d4f-f5ed-48f6-865d-789b64684c7d.csv
1;1099.15;2019-06-19;parcelas_0d03c362-be98-4630-b96a-96f5bfa81ddc.csv
1;14166.9;2019-04-16;parcelas_0d049372-c8a5-4f42-95fa-83046a0946cc.csv
1;2100;2019-10-30;parcelas_0d07553c-dfae-439e-8c79-57eb5bab727f.csv
1;965.8;2019-03-06;parcelas_0d0980be-98ee-4dc0-a3d5-501b85a1d9b6.csv
1;65;2019-04-30;parcelas_0d127b79-b009-448c-8e46-75937a0bbe50.csv
1;5160;2019-06-12;parcelas_0d18dd2b-951b-43df-a96c-317b2f602175.csv
1;1400;2019-11-29;parcelas_0d1cb2e7-5e73-4655-a2bb-a39aee2ca547.csv
1;50000;2019-08-13;parcelas_0d2430ff-db64-4c2a-8490-1f9959d1a348.csv
1;50378.43;2019-05-28;parcelas_0d285bf4-1376-460b-aa40-82a5b19c035f.csv
1;72163.48;2019-02-28;parcelas_0d337657-6a63-466f-a4ea-ddf652b161b0.csv
1;6000;2019-11-12;parcelas_0d35ac34-f080-421d-bf30-c34a7e16bb51.csv
1;113.9;2019-07-01;parcelas_0d3fa475-62ce-4d15-9b9b-c99ec8357c13.csv
1;702131.85;2019-08-30;parcelas_0d47806f-87f4-422c-9912-f0010143a2ea.csv
1;34771.9;2019-10-31;parcelas_0d47e203-32fb-43dd-bff4-ea597177208f.csv
1;79.79;2019-01-17;parcelas_0d4d9e99-30ff-497c-a010-4a8e6d6f32e9.csv
1;30456.32;2019-09-11;parcelas_0d51a1af-52c5-4263-8789-b6efb4312feb.csv
1;6395.8;2019-02-11;parcelas_0d5346ab-d228-4eab-aaa2-c0420da6c1d7.csv
1;267.5;2019-06-19;parcelas_0d538895-eafc-4ea0-904a-12119678a6d2.csv
1;24850;2019-07-26;parcelas_0d53bd2c-d60d-4c5d-b514-d6f2c8697c71.csv
1;8213.55;2019-04-29;parcelas_0d5c5042-d990-4e1a-acde-d29e2bf04377.csv
1;3859.09;2019-07-11;parcelas_0d646377-90c3-4f26-839c-d56c6ed01ecc.csv
1;65;2019-12-16;parcelas_0d6c924f-95a4-492d-a132-ac8175eb85b4.csv
1;2647.06;2019-01-28;parcelas_0d7142d8-3b0b-44c0-8cdf-a61bae262120.csv
1;2788.33;2019-11-28;parcelas_0d72da1e-bda2-4fe1-874c-659aa93b1138.csv
1;318.88;2019-06-27;parcelas_0d7821b5-67e7-4ac1-a89b-38828e14537d.csv
1;565.16;2019-11-26;parcelas_0d7a8047-9fc7-4eb8-9f74-3b529e22878c.csv
1;9875.36;2019-06-27;parcelas_0d85929d-4f4d-4996-b61f-a58eb9f74cc8.csv
1;1643.05;2018-12-31;parcelas_0d867e2a-f11e-4cec-9305-be6ef1a715bc.csv
1;104.13;2019-08-23;parcelas_0d8b9d2f-83d0-43a4-89ce-a2cdb8356962.csv
1;2234.01;2019-08-29;parcelas_0d8d415d-26cc-4700-8603-6c95affa884e.csv
1;29298;2019-01-18;parcelas_0d8db0cd-a40b-41f4-ae5d-746ab0361ef7.csv
1;2500000;2019-03-11;parcelas_0d90e5f4-5097-4b60-978c-b17ecdfc9673.csv
1;630;2019-01-21;parcelas_0d95ae55-83d0-4bc9-8ed2-2fa8998e4a98.csv
1;79.79;2019-11-04;parcelas_0d9b6a7f-a57a-4551-bfc3-7c28333ad8b1.csv
1;65;2019-06-24;parcelas_0da1af6d-67d5-431c-b3ed-867d8b0d3c5f.csv
1;2220;2019-02-19;parcelas_0da23b2e-048a-425d-8985-9aa2a5981e26.csv
1;17592;2019-12-06;parcelas_0da91fa7-c879-44bb-8d25-97b96a56494c.csv
1;1126.98;2019-02-28;parcelas_0dad682f-bdf0-4e4e-8ba8-57b8f114e763.csv
1;134750;2019-05-31;parcelas_0db17bfb-6eec-483d-9ec7-e4278e29cc96.csv
1;2755;2019-06-03;parcelas_0db660b3-8df3-4357-86f3-f7d5a454bcb3.csv
1;221481.9;2019-10-30;parcelas_0dba69c6-9c3b-4090-93fe-2385ebfe5004.csv
1;64.81;2019-08-30;parcelas_0dbc7d19-4175-4e87-a829-90d6ae723319.csv
1;860;2019-08-27;parcelas_0ddada39-04b7-4318-be17-bfcf2d48378c.csv
1;1261.62;2019-04-30;parcelas_0ddb494e-ce0a-47bf-8b03-cd2a09a974ec.csv
1;1001.25;2019-02-26;parcelas_0ddd3439-ab30-4511-9c40-aa5237a7b33f.csv
1;556.96;2019-06-07;parcelas_0de2d7b3-8b39-4396-9dd4-c3ec4f6270e6.csv
1;639.1;2019-02-18;parcelas_0de5c179-5775-45c5-bf73-566f76659815.csv
1;6799.06;2019-06-27;parcelas_0df8b33e-3cc7-49de-8f52-9eddf6f954a8.csv
1;184000;2019-01-02;parcelas_0e03bc6a-71b9-4d19-9b40-e931c363496b.csv
1;1642727.13;2019-08-30;parcelas_0e0b4b0d-5fe4-4d93-9562-284c372224e3.csv
1;94.76;2019-10-31;parcelas_0e0c23cf-5d17-4394-b5ba-18f8c2e2b63e.csv
1;896484.05;2018-08-20;parcelas_0e1e2a3a-d95d-41ef-9c9d-2a4951eb9582.csv
1;124.5;2019-02-12;parcelas_0e2a8207-5dc6-4911-babf-ce9d9a09d3c5.csv
1;65;2019-09-19;parcelas_0e2c62a2-d73d-43e9-a854-e8c25e034e78.csv
1;157882.01;2018-09-14;parcelas_0e2d2443-6bc7-4215-9797-ab46c12183d6.csv
1;30728.27;2018-09-14;parcelas_0e2d2443-6bc7-4215-9797-ab46c12183d6.csv
1;54016.02;2018-09-14;parcelas_0e2d2443-6bc7-4215-9797-ab46c12183d6.csv
1;13706.17;2018-09-14;parcelas_0e2d2443-6bc7-4215-9797-ab46c12183d6.csv
1;30850.79;2018-09-14;parcelas_0e2d2443-6bc7-4215-9797-ab46c12183d6.csv
1;10446.19;2018-09-14;parcelas_0e2d2443-6bc7-4215-9797-ab46c12183d6.csv
1;137318.91;2018-09-14;parcelas_0e2d2443-6bc7-4215-9797-ab46c12183d6.csv
1;13501.2;2018-09-14;parcelas_0e2d2443-6bc7-4215-9797-ab46c12183d6.csv
1;240511.78;2019-03-29;parcelas_0e2d3324-acb3-4deb-80b9-b26a73f71f2d.csv
1;280;2019-05-20;parcelas_0e387b04-809b-48b7-a119-8851117fbf9a.csv
1;19458.7;2019-04-04;parcelas_0e3ada0b-0bbb-40b6-8985-d815a1b99d7d.csv
1;6434.17;2019-11-28;parcelas_0e3e8739-c296-4e6b-a0b3-642bca0d4eb3.csv
1;1262.33;2019-01-28;parcelas_0e3fde7f-c9fb-47c9-83f1-3ab89cdb9143.csv
1;25116.8;2019-04-08;parcelas_0e4b43ad-e01d-4f32-ae7a-5017d7b36fd5.csv
1;234.78;2019-07-30;parcelas_0e4d6475-0dca-4b77-b3a1-666af4b10125.csv
1;841.92;2019-06-27;parcelas_0e5822be-8fac-4fb9-83b8-c49b9f6c8bf3.csv
1;79.79;2019-08-15;parcelas_0e5a4cd1-8636-4866-a0af-ac2442ae9c77.csv
1;65;2019-08-01;parcelas_0e5d3ba2-62bc-4478-a053-2f3eab358e64.csv
1;9342;2019-05-15;parcelas_0e62dc92-3706-4247-97fb-cb53fa7174ec.csv
1;79.79;2019-03-28;parcelas_0e63163b-3e45-472d-90ba-157934cb633c.csv
1;65;2019-04-25;parcelas_0e66351f-7013-46c6-b724-4409302c2be4.csv
1;258;2019-10-11;parcelas_0e6cf1a9-4211-4771-b582-bc4bbb030fb2.csv
1;14125.77;2019-01-25;parcelas_0e6d4b81-f157-451d-8d86-ed4b33b22561.csv
1;660;2019-11-18;parcelas_0e6f0372-54ac-4f39-ab72-ff31f03bd155.csv
1;42634.13;2019-04-22;parcelas_0e73d818-7c74-4654-bd9c-9573e4d68360.csv
1;4504.35;2019-07-15;parcelas_0e777a8d-5c79-469b-80e3-66a2ed75de75.csv
1;1910.38;2019-04-03;parcelas_0e787eee-a44c-418f-b68d-4b746ca5977e.csv
1;170.97;2019-02-27;parcelas_0e85aec4-098c-479b-9ec6-19b31bf8defc.csv
1;142099.53;2019-03-29;parcelas_0e89f999-364d-4647-bb52-cbb281b25024.csv
1;101;2019-11-06;parcelas_0e8f8992-8be9-42ec-af93-8d1cad0eb33b.csv
1;1100;2019-05-24;parcelas_0e90976a-8601-499b-b244-1915b0174f00.csv
1;3873.5;2019-12-30;parcelas_0e95c0d8-9283-46ce-8fc5-c7837b400263.csv
1;1469.34;2019-04-30;parcelas_0e95dbfd-92b4-4c02-9435-1e3554552691.csv
1;170.97;2019-04-23;parcelas_0e9a0bab-a2e6-417a-87d0-e306aea55c8d.csv
1;535.71;2019-06-06;parcelas_0e9e2356-e35f-47a7-bd0c-6f49ae3bd402.csv
1;10441.13;2019-10-31;parcelas_0e9e3306-4a42-4af5-a478-d8b831ea5a94.csv
1;79.79;2019-11-18;parcelas_0eaa5366-0941-44b2-b4f3-fb02b7ff6393.csv
1;234.78;2019-08-07;parcelas_0eb60e3b-6333-4088-825f-6bcc2f913ec1.csv
1;2964.5;2019-07-16;parcelas_0ebb2efd-5a5a-49b8-9998-7ba6382cac6a.csv
1;85467.98;2018-12-31;parcelas_0ebc1ed3-e798-494d-8739-a6385ee39aeb.csv
1;16358.97;2019-04-01;parcelas_0ec12e55-16f8-4c9c-96a3-5639987ae498.csv
1;25960.04;2019-01-10;parcelas_0ec2a9d1-0a0f-4ee0-99b5-e1a3c697172a.csv
1;211756.79;2019-07-25;parcelas_0ec47400-abd5-494c-a513-6300becea3b4.csv
1;19680;2019-04-04;parcelas_0eca6fcf-9c54-418b-8d13-7bc91d319f57.csv
1;9188.34;2019-11-27;parcelas_0ecbfbb0-0114-4a55-bfc6-8938168195cb.csv
1;4014.12;2019-11-25;parcelas_0ed36a65-e020-4971-b46c-ee81c41ca3c4.csv
1;290585.77;2019-10-29;parcelas_0ed3d24f-5e35-4b95-bd91-844a5c49899a.csv
1;41056.43;2019-01-28;parcelas_0ed4d070-b202-4992-9b71-43d34d981cce.csv
1;100;2019-07-16;parcelas_0ed7ce14-77c8-49e9-9865-bd62df6d5a87.csv
1;15330;2019-01-02;parcelas_0ed9e4f0-3bee-4813-9759-b856a550aec2.csv
1;2404.4;2019-03-29;parcelas_0eda0312-e519-4278-8e19-198f8c4f4189.csv
1;65;2019-10-30;parcelas_0edb2788-f9de-4144-ae44-124331bd0c1d.csv
1;65;2019-11-19;parcelas_0ee365cd-8559-449c-9e76-30f059522ae7.csv
1;60;2019-09-30;parcelas_0eed8342-8327-4d9b-9d17-72bf99318b12.csv
1;65;2019-10-08;parcelas_0ef27fb6-5ca5-46f8-8a1f-45e67d1ba4b6.csv
1;278.81;2019-02-14;parcelas_0efc1978-40d4-4cc2-9298-e4eb50988bd7.csv
1;66424.66;2019-12-31;parcelas_0efdb4a6-74ce-4ae9-9841-dd418d4d39cb.csv
1;20850;2019-11-21;parcelas_0effdc0f-9bec-4178-b25c-cd38b8b035f9.csv
1;300000;2019-01-02;parcelas_0f0d8add-0d4f-429b-ba43-b1ca83a2c32d.csv
1;1803.33;2019-03-07;parcelas_0f1262c1-5d93-4f35-8269-0f828c282b9d.csv
1;3304.78;2019-08-27;parcelas_0f140476-ae1e-47e4-8d09-b9c63dfaf87d.csv
1;2129.16;2019-10-30;parcelas_0f1db570-8131-4965-ae39-3c3ea68ad398.csv
1;1155.36;2019-07-31;parcelas_0f214c72-ad4a-418b-bf62-dc438dacdd4e.csv
1;4526.23;2019-01-02;parcelas_0f2179b8-9c54-4e3f-bb57-12d7a7e75731.csv
1;199.6;2019-01-14;parcelas_0f22b20a-f133-4225-9446-2b40db7b4a64.csv
1;2012.5;2019-10-30;parcelas_0f2371a1-a392-46b5-a4e8-35b50303f686.csv
1;416.64;2019-01-02;parcelas_0f23bbe3-2a8b-4bf9-bfa7-c48565d31471.csv
1;204916.76;2019-09-30;parcelas_0f2c048d-3443-4be7-abb7-f3dfb1f2c881.csv
1;1066.04;2019-01-25;parcelas_0f2ccb90-3a35-42b7-a5e7-abc48b413951.csv
1;213.14;2017-12-28;parcelas_0f2d46e0-acc1-4141-8af5-ede41497e670.csv
1;24144;2019-06-05;parcelas_0f339cb1-346e-477c-93ed-f6db7956f3d5.csv
1;4549.86;2019-07-01;parcelas_0f48ae82-a4e5-4e47-a75c-8de596e2a131.csv
1;65;2019-02-15;parcelas_0f4a4d03-6d32-4eb8-bf0c-4caf85f0d62a.csv
1;7280;2019-12-19;parcelas_0f4adcb5-e2ad-4b8e-8073-3f416d11fef4.csv
1;7945.96;2019-11-27;parcelas_0f4b0047-d59b-42bb-b4a1-e764b4813b94.csv
1;36152.8;2019-07-17;parcelas_0f4f6d0e-0811-42d3-bb9d-11470db9af1e.csv
1;30000;2019-08-01;parcelas_0f5274da-0bcb-49b0-9ca1-791bca3c18b3.csv
1;273.4;2019-07-22;parcelas_0f55629e-11de-4001-b810-1f5504911e46.csv
1;3592.41;2019-01-28;parcelas_0f559057-e7ab-441c-8cb2-f3fbda9e5620.csv
1;13278.89;2018-03-20;parcelas_0f5780ff-d9b3-44b3-85b2-b8ad370a59ec.csv
1;2089.25;2018-12-28;parcelas_0f5dcb01-eeac-41c9-bf55-455959b2f496.csv
1;4757.37;2019-07-09;parcelas_0f632f8e-43e8-47b6-8f7b-b9aa393e5e3d.csv
1;235;2019-05-06;parcelas_0f640832-555b-44cb-998d-ab9829c5b322.csv
1;9120.6;2019-08-01;parcelas_0f6e7d49-e6d9-442c-ad0b-03a2a90cb291.csv
1;499821.6;2019-05-31;parcelas_0f6fd284-486f-4d64-bb26-1ea3a7bb7eb6.csv
1;140.18;2019-04-30;parcelas_0f72754e-a6c3-4030-b2e9-89766719bf81.csv
1;65;2019-05-31;parcelas_0f76a45d-ba28-4c9c-95b7-1c1af66de031.csv
1;307.75;2019-10-14;parcelas_0f7a2615-0ec2-4b7c-a707-9e4865a6be2c.csv
1;612.48;2019-02-08;parcelas_0f81c646-4759-4aec-81a1-5480e37a15b8.csv
1;25049.56;2018-12-20;parcelas_0f850f93-65cf-450f-b0ab-094e91426206.csv
1;19634.77;2018-12-20;parcelas_0f850f93-65cf-450f-b0ab-094e91426206.csv
1;2100;2019-01-07;parcelas_0f861880-41aa-4484-9285-7f099106b9ba.csv
1;3060;2019-03-21;parcelas_0f9d6e65-25ca-42a0-a224-9d1cdc2b6d42.csv
1;3433;2019-07-16;parcelas_0fa35e50-89be-441e-9592-8eb65030c54b.csv
1;26715.53;2019-04-03;parcelas_0fa879be-b692-4da1-9ef5-49c547af85b4.csv
1;220.08;2019-01-15;parcelas_0faa090e-823e-4c77-951a-4df71281643c.csv
1;170.97;2019-02-19;parcelas_0fb0d736-91f5-44eb-b30a-79e0a9e9f9c8.csv
1;35110.3;2019-12-30;parcelas_0fbe5201-8458-47e2-8362-da7b00773fcb.csv
1;13126.83;2019-04-08;parcelas_0fc7350d-5072-42ba-aa21-4a54d8093cd3.csv
1;1645.5;2019-06-28;parcelas_0fd170ee-f82a-40f2-92df-86b34fe2f9e5.csv
1;79.79;2019-06-12;parcelas_0fd88a46-6c5d-438a-b4fd-4e6147c4096c.csv
1;37597.63;2019-07-16;parcelas_0fe2c983-2b2f-4ba7-b889-34d837759214.csv
1;79.79;2019-08-19;parcelas_0fe52b63-48ba-462b-b8ed-0ef2c8586de0.csv
1;5132.62;2019-01-31;parcelas_0fec5fde-d890-4602-b12b-e28971287320.csv
1;144;2019-11-27;parcelas_0ff17b43-4a04-43b9-9f90-29dfb07fdce7.csv
1;1909.27;2019-09-27;parcelas_0ff73609-15de-4bc3-b4dc-aa88c2e652fd.csv
1;25;2019-08-23;parcelas_0ff85a23-b90d-4e63-be4a-77e484a5c8a8.csv
1;2827.96;2019-05-28;parcelas_1002d000-36ee-46de-b596-8bb317efc457.csv
1;6557.25;2019-11-13;parcelas_100b228a-198b-4166-8a08-ba33340fa14e.csv
1;1067;2019-08-22;parcelas_100cd216-fb82-4572-a9b4-a4a973df781b.csv
1;27752.24;2019-08-30;parcelas_1017b1ee-a334-4620-8c01-fa72daa93a18.csv
1;1420.26;2019-10-25;parcelas_101b7ab1-2267-4224-a61c-70589801660f.csv
1;100000;2019-01-04;parcelas_101e4b9e-155c-4621-a602-a26b55e0ee1a.csv
1;170.97;2019-07-30;parcelas_102816ec-88a2-4cf3-967d-a5022b790dec.csv
1;159.47;2019-10-02;parcelas_10367802-399c-4e9c-9e9c-736a1b1346ff.csv
1;132.06;2019-03-12;parcelas_103bba8f-079f-4d72-80ed-4e0ed208ddb1.csv
1;6520;2019-10-18;parcelas_103cec2f-d055-4f98-a377-a76b5b9ffc51.csv
1;4133.7;2019-04-09;parcelas_103d1c45-4520-4a5b-b92a-cb242e4a35f4.csv
1;27256.21;2019-01-28;parcelas_104093fa-c0cf-4733-8839-523e20fb7fee.csv
1;886949.06;2018-11-20;parcelas_1044d015-daeb-46e4-a855-8a2bcad56639.csv
1;289.91;2019-06-14;parcelas_105eb468-51f2-4e3a-97d6-e230a228c07f.csv
1;124243;2019-11-13;parcelas_1061a10e-fdcb-456f-a55d-9dfbe8e6873c.csv
1;1676.12;2019-04-08;parcelas_10644e80-18c6-4cbd-ba92-6a0ba4cfa21a.csv
1;13076.16;2019-01-29;parcelas_10651a8f-3763-4b97-88fe-3c28c8b6e901.csv
1;2160.96;2018-12-28;parcelas_106abe31-842c-4d7d-82b6-94100d3bf699.csv
1;11116.47;2019-01-02;parcelas_106c43ff-93af-4c4c-85ce-f555b52b2e43.csv
1;3625;2019-07-05;parcelas_1076cce4-d42c-4ce1-9ba1-4cf12b59de6c.csv
1;16453.97;2019-10-08;parcelas_1079df69-e0fb-4d1c-88fa-7d543779d286.csv
1;5367.6;2019-11-25;parcelas_107b5539-08f2-4999-a79e-31a3ce4e9610.csv
1;3300;2019-06-27;parcelas_107e166b-6498-4fce-a974-4bbe070fff5c.csv
1;4515.49;2019-10-03;parcelas_107ed9ad-a2d9-4c4d-a35e-fb02728f9e7b.csv
1;11440.61;2019-06-27;parcelas_107f8b3d-c510-4b80-b311-17184927e62a.csv
1;79.79;2019-05-16;parcelas_1083e12e-6c8b-45f9-b018-a29fb40e687a.csv
1;37591.33;2019-06-27;parcelas_1085ab52-2bb0-475c-b3c8-27be1fe653d7.csv
1;141.53;2019-09-05;parcelas_108bacbd-e2ea-4958-9f13-cf0567474735.csv
1;35743.75;2019-01-31;parcelas_108da5d7-bf9c-4780-90d0-1e29625ad2a4.csv
1;3464;2019-05-31;parcelas_1093f46b-d661-4a57-bb69-89b505dc4e7a.csv
1;18504;2019-07-17;parcelas_10963e6f-062b-41c1-9b19-ac7d28beeabd.csv
1;160.42;2019-04-29;parcelas_109f8368-81c3-41d2-ac72-7732fc937a57.csv
1;65;2019-06-05;parcelas_10a1dbd0-c5a2-4c77-b800-a09605a7a861.csv
1;551.79;2019-01-31;parcelas_10a9ca3a-53c3-46a4-8626-558289a8c2e8.csv
1;65;2019-01-17;parcelas_10af3f28-4ef3-4bd7-ac89-883bb48975db.csv
1;7550.06;2019-06-27;parcelas_10b45306-dcdd-45dc-9bb0-a91c6ca95036.csv
1;3799;2019-10-25;parcelas_10bf4c76-7707-4018-b37a-8996a4332f67.csv
1;50639.97;2019-08-30;parcelas_10c1d01d-10be-4413-8f79-05d733cac7eb.csv
1;16509;2019-01-29;parcelas_10c78fc0-fa0e-40ea-ae2c-6e03c4da96ce.csv
1;65;2019-02-25;parcelas_10c9e98a-6662-481b-a7bf-4bfbb2d17e2c.csv
1;113.12;2018-12-28;parcelas_10cc8d1f-0dc5-423d-979f-468d861364b7.csv
1;418367;2019-10-21;parcelas_10cf3b21-b50e-41ab-abda-b37267b7d3d7.csv
1;65;2019-11-12;parcelas_10d3e483-6b67-4ac6-b2b8-b1b6055ed1ff.csv
1;44385.24;2019-11-28;parcelas_10d6fb96-e758-4365-86c7-d35b02b39cb8.csv
1;1000;2019-01-02;parcelas_10dde431-cb08-44c5-9392-b060740efd74.csv
1;307.75;2019-11-20;parcelas_10df7441-d8a5-4020-9413-7649d0bf3246.csv
1;242297.71;2019-11-28;parcelas_10e6c3fc-b19a-47dd-bb0b-6f93198e0aff.csv
1;156.88;2019-08-08;parcelas_10e9ccf2-2ab9-477b-81c1-32a7065bc586.csv
1;209907.06;2019-03-18;parcelas_10ea59a5-0ec2-48db-b490-6773849124ff.csv
1;200;2019-10-07;parcelas_10f20751-095a-4a02-b7e8-9509cb983afe.csv
1;58.5;2019-02-19;parcelas_10f5aabd-b735-4ff0-872a-3747a35c4342.csv
1;1083.5;2019-03-14;parcelas_10fa6a57-a13e-4436-9fc7-095d4d8f0be6.csv
1;3225.89;2019-12-05;parcelas_11037787-562d-4e90-8689-2fa78a93bba2.csv
1;80000;2019-01-02;parcelas_1103f92a-c1bb-4143-8a84-8ad7464acecd.csv
1;3210;2019-11-25;parcelas_11143daa-680e-4a63-a4a7-c4c6e77137bb.csv
1;877.8;2019-07-09;parcelas_1116fbeb-c1d0-4f9f-a596-1d6f6a3dc670.csv
1;7518.4;2019-05-02;parcelas_111fb119-94cf-42dd-9e8c-d6b3fe70e762.csv
1;320;2019-07-11;parcelas_112368f6-e248-4bcd-a18b-97319d42d363.csv
1;131.46;2019-09-25;parcelas_1127a5c9-d038-4aea-b872-d871a3cc387b.csv
1;1574.8;2019-03-25;parcelas_112f7d11-8a4b-4206-a301-6b9ca8395627.csv
1;3539;2019-11-14;parcelas_11323242-9d57-45b4-a865-81e3e57b1b50.csv
1;166.5;2019-05-15;parcelas_113d23d5-a0a6-4230-935e-f02fcf5a3f9a.csv
1;841.08;2019-05-28;parcelas_1142a848-5252-4d7a-bb13-6e22dba0c164.csv
1;30902.05;2019-07-31;parcelas_114a7527-69b0-40b7-80c9-d3c9cce3a413.csv
1;85.96;2019-02-21;parcelas_114bf3be-a02d-4238-8793-3dd51ac455e9.csv
1;30114.35;2019-10-30;parcelas_11537804-94be-4fc6-be6f-125e9e1115bd.csv
1;40000;2019-08-27;parcelas_1160fc4e-40ab-412a-9abe-5991d04c4d54.csv
1;115445.24;2019-09-30;parcelas_11649816-ebe1-40b7-ab9c-143e31e18036.csv
1;12545.05;2019-01-02;parcelas_116c677e-ad44-4e2f-b857-ada03ba578cd.csv
1;3474.42;2019-07-09;parcelas_117674f4-1156-47d8-8c35-812e1d0c2d9e.csv
1;210;2019-06-14;parcelas_1177604b-3277-409f-a006-089aef2ecd2b.csv
1;3100;2019-07-30;parcelas_1178e62f-f67d-43c5-9cf1-c3065a5acaf1.csv
1;1689.9;2019-03-01;parcelas_1179d7e9-a7e4-4513-902d-ba2c0aa90a4c.csv
1;65;2019-06-03;parcelas_117b2cde-e0bc-46d8-9b78-82bef0ef852c.csv
1;1778.92;2019-05-15;parcelas_117d4afa-4f12-41d6-8be8-2e1879a5461b.csv
1;30280;2019-07-31;parcelas_117e4c66-7072-480e-9936-2fbca047f581.csv
1;10743.7;2019-01-10;parcelas_118687eb-c088-4ca6-a6cd-3666727443c9.csv
1;900;2019-04-08;parcelas_118bed25-7460-4d82-b6ae-f8cfdaafc257.csv
1;125114.54;2019-08-30;parcelas_118d437d-da97-40fb-b11a-87f7dd8e10c5.csv
1;65;2019-08-16;parcelas_11ab221f-70c9-4543-a968-0a75185b4d0d.csv
1;195.3;2019-04-03;parcelas_11ad36b6-a8f1-4eea-8416-52baba6a89c2.csv
1;2449.65;2019-10-16;parcelas_11ad540a-67c3-42ee-b36a-c57968869f15.csv
1;5295.17;2019-07-15;parcelas_11b21994-58b6-48e0-abc7-09fab701e2f6.csv
1;18874.83;2019-05-28;parcelas_11b35ebd-27b1-4bb0-a8ec-ef69e9b28946.csv
1;108450;2019-09-06;parcelas_11b827ca-7483-4a23-ba1a-dfab191f290b.csv
1;720;2019-01-30;parcelas_11ba21ee-dff1-4dd7-85b4-13ab610cd2da.csv
1;1023.94;2019-09-30;parcelas_11ccb7d7-73fd-4f3c-a380-47ef2302746c.csv
1;482.6;2019-10-21;parcelas_11cd3906-d47d-42b3-b1cd-2ee7e4ee23e4.csv
1;2465;2019-11-21;parcelas_11cf4d64-91ec-432c-a374-3745844ce121.csv
1;2787.5;2018-12-31;parcelas_11d511c0-7fda-4f2b-a3bf-b259ef2aafa4.csv
1;824;2019-06-03;parcelas_11dd2398-2961-4789-ab4a-64dc25bbaa4a.csv
1;2259.81;2019-01-10;parcelas_11e2d114-d671-48c8-a962-e875e410ec33.csv
1;25000;2019-01-07;parcelas_11e2f43f-2b8e-4dd9-b503-aa55325b59f5.csv
1;143282.75;2019-08-14;parcelas_11e6a266-b050-4350-b722-48626bd76fa6.csv
1;6388;2019-07-26;parcelas_11ef4db0-47d0-4443-9390-76a48396d2ae.csv
1;160003.33;2019-04-23;parcelas_120137fc-6baf-49e8-b765-32f36c4908c6.csv
1;1892;2019-07-31;parcelas_1204ff43-935c-4d57-bbf4-845234109460.csv
1;15788.52;2019-03-01;parcelas_12137a03-bac4-460a-aef5-1814c6628e75.csv
1;126;2019-06-10;parcelas_12143870-9d8d-4a6e-b4f5-2cbd20ef7da2.csv
1;4725;2019-07-31;parcelas_121495ec-9b55-4f4e-b553-fe38a90ed6e7.csv
1;25326.91;2019-02-28;parcelas_122295ad-91bc-4d95-beda-20183a659755.csv
1;35545.75;2019-09-26;parcelas_1225b14a-66c4-402d-943d-258ba3b85c0d.csv
1;6400;2019-08-30;parcelas_1228fce9-1a00-4037-8b5d-71aac03919d5.csv
1;65;2019-04-01;parcelas_12296970-a284-49b1-ab75-33247d803282.csv
1;5572.34;2019-09-25;parcelas_122df354-35fa-41d4-8651-81e6e708e74d.csv
1;1325.1;2019-10-16;parcelas_122ea71d-3765-48b7-9818-30d8d9aa5009.csv
1;1261.13;2019-03-29;parcelas_122f4930-ff50-41ba-8ed7-7f27035ab9cd.csv
1;289000;2019-01-02;parcelas_1230cfa2-ae9f-4f1a-aeef-f023d409b1f4.csv
1;35060;2019-07-31;parcelas_123ac6e5-cdcb-4b2c-89d8-00bf2a2b92d4.csv
1;52484.5;2019-10-15;parcelas_123bd8b6-15ae-44bc-9545-fe7fb492a8dd.csv
1;9913.6;2019-12-11;parcelas_123d6703-0dc0-4c8c-b83d-f844b3b221c3.csv
1;3000;2019-02-13;parcelas_12422d6f-0507-4a25-ba94-33d91ae09a79.csv
1;61;2019-02-12;parcelas_124305e8-42ec-43c8-ba80-1fbfbf9b048a.csv
1;403.25;2019-06-04;parcelas_1257e79f-966a-4dd5-84bb-3a69112e8c85.csv
1;14547.15;2019-08-08;parcelas_12599532-1e50-4f28-834d-28bb6fd5d641.csv
1;85467.98;2019-11-29;parcelas_125cce2d-44d5-4177-a07d-4c984482c62a.csv
1;1134.55;2018-08-13;parcelas_12609c33-82c6-4baf-af84-8cc2cafce12e.csv
1;13560;2019-01-02;parcelas_126b1a28-b736-4202-81ce-796c7bc79aff.csv
1;20541.44;2019-10-02;parcelas_126b5441-cd08-4180-bf16-383cd3a172be.csv
1;361958.33;2019-01-02;parcelas_126e08ae-b06a-450f-9865-738960bcb37c.csv
1;2052.45;2019-09-04;parcelas_126eeba8-8184-4c39-82d7-78b011285b08.csv
1;5930.09;2019-06-27;parcelas_12767f3b-17a2-479d-b146-0a9717f284f7.csv
1;41900;2018-10-23;parcelas_1278285a-573a-4d8f-8dc5-f679bd1110a8.csv
1;65;2019-06-17;parcelas_127b56b1-5793-4254-8c89-f241879f7f9e.csv
1;40727.97;2019-10-31;parcelas_127bcff6-116d-4ed9-ba45-321d49549f22.csv
1;376.37;2019-01-31;parcelas_12853fe4-1d00-4f6a-a0b2-fbf6ca91b089.csv
1;1952572.37;2019-05-27;parcelas_128e43eb-f6fd-4f32-903e-1e1d9b1967ee.csv
1;154179.51;2019-12-11;parcelas_129cdacd-9b93-423d-997c-e6e26e6c53e4.csv
1;2980;2019-05-31;parcelas_12a1226e-0fb9-4fed-9c05-e6183efc78e9.csv
1;55215.04;2019-04-30;parcelas_12a65f1f-0f2b-4766-9889-13baefcbec27.csv
1;463663.44;2019-09-30;parcelas_12abdd5b-cf9b-475b-a22d-67ec5bc3029c.csv
1;79.79;2019-11-01;parcelas_12abfde7-6578-4ee6-9776-ffd4f5e5ce35.csv
1;94.76;2019-03-07;parcelas_12b181db-07b4-464d-b0ee-8b0a43c11850.csv
1;140;2019-12-11;parcelas_12c74ce6-94ca-4c2a-baf8-aac99742d2e0.csv
1;2234.01;2019-06-27;parcelas_12ce99ee-59b8-42cf-8fb8-5dacf46ab5d2.csv
1;7753.14;2019-02-28;parcelas_12cef6a4-9a40-4cd3-9454-1900972690b7.csv
1;48366;2019-10-31;parcelas_12cfc111-0436-4232-88d6-183ea02a472c.csv
1;65;2019-03-29;parcelas_12d53f21-e164-4aca-bf1c-2723683052fb.csv
1;4958.33;2019-07-31;parcelas_12da97a2-231b-44e2-9cc1-a61859476433.csv
1;525;2019-06-27;parcelas_12ded306-64e2-4405-a174-589523d23f55.csv
1;400;2019-01-23;parcelas_12df907c-461d-4197-865d-14473d8b7470.csv
1;79.79;2019-07-01;parcelas_12e0413a-2cf0-44eb-8c9f-ce172b3cab84.csv
1;5000;2019-07-31;parcelas_12e0df56-7e0b-4794-bfc1-cfdcc70075ab.csv
1;1350;2019-03-29;parcelas_12e3332c-be48-423e-98c8-912dcf79df47.csv
1;29383.76;2016-02-29;parcelas_12e997b3-ebcd-4682-93bb-bda43bb528e0.csv
1;1196.79;2019-12-02;parcelas_12f464fd-6615-40f1-858e-05f86d484f19.csv
1;175;2019-09-30;parcelas_130a1357-23c0-455a-b04f-a8537d6a0c18.csv
1;15370;2019-07-16;parcelas_130bddf8-00d9-4aa7-be24-594c41159e0e.csv
1;841.08;2019-01-28;parcelas_1314f558-a4a1-4a7b-90c1-96b5c821438d.csv
1;42000;2019-01-03;parcelas_131611a4-1e29-4e89-a985-7dc8f61bcc68.csv
1;483;2019-06-04;parcelas_131f05fd-935c-4988-8ca9-1dcf11c0c76e.csv
1;130951.51;2019-03-08;parcelas_1323fb37-f82c-4312-8e8a-ca113a454aee.csv
1;8087.52;2019-06-19;parcelas_13288a3d-0f37-45e5-a402-ea8f5b36485a.csv
1;26773.31;2019-12-11;parcelas_1336a8af-05a1-4150-8e63-31e194f0a9c6.csv
1;10000;2019-10-10;parcelas_133cd45e-96c7-464b-be97-feaea6e5eb05.csv
1;8580;2019-09-25;parcelas_13454ff0-814a-4ce5-93a7-93bfffed0329.csv
1;288160;2019-05-31;parcelas_13474cc5-69c3-4982-bfd2-678e82846a96.csv
1;39.53;2019-07-26;parcelas_134887cd-d38a-4601-829f-fa58df2f371b.csv
1;994.81;2019-09-30;parcelas_135478d9-aa4b-47e2-bce1-a1417138bc10.csv
1;4021.58;2019-02-21;parcelas_1356218b-1e60-4b10-b851-706eeff55ebc.csv
1;130102.66;2019-09-09;parcelas_135b3a57-5c0b-4fe7-b000-f060ccdcc62a.csv
1;115590;2019-06-28;parcelas_13628d0a-acbf-4233-8a84-db841e5362f1.csv
1;288;2019-11-27;parcelas_136c233a-9a29-463d-8582-c50e146bec75.csv
1;5207.19;2019-10-31;parcelas_136e51f8-44b3-4f18-a208-8660f090fc85.csv
1;824.58;2019-07-02;parcelas_1371660b-bc54-490f-a895-6b7dadfda8ac.csv
1;3555;2019-01-31;parcelas_1372fa67-a11e-4d2b-9d84-0a2a73467441.csv
1;693.18;2019-04-05;parcelas_13771182-4bf2-4046-9598-0241097f7827.csv
1;130;2019-07-30;parcelas_13782e61-ad49-40e0-9991-2efea81babd6.csv
1;959.5;2019-05-29;parcelas_137e4296-acad-4082-ae3a-7d582857c6c8.csv
1;83892;2019-02-25;parcelas_137ec8d1-e475-44b1-a009-62c69e349718.csv
1;285.37;2017-12-29;parcelas_13815229-e353-4e13-b522-19b500bb170f.csv
1;4799.36;2017-12-29;parcelas_13815229-e353-4e13-b522-19b500bb170f.csv
1;70800.56;2019-06-27;parcelas_138327df-30db-4ada-a673-393942dbc4c8.csv
1;6207;2019-03-18;parcelas_1383e6d0-aaac-4a48-94f1-f68c4633a9f1.csv
1;94.76;2019-04-18;parcelas_1386ca00-e7e2-4e2f-bae8-c857bc9a2587.csv
1;672.48;2019-11-05;parcelas_1393863c-1458-4ca2-9db2-7e34aded984f.csv
1;1809.44;2019-08-21;parcelas_139580b1-e0f4-4654-a5e7-5dd4c20fd679.csv
1;40000;2019-05-28;parcelas_139cf3b1-b939-4edb-a2c7-c95a2e7253e3.csv
1;324;2019-02-11;parcelas_13a4b9c3-49bc-4b01-8337-9b29bc821479.csv
1;109764.54;2019-05-28;parcelas_13aa2965-3fed-4320-a791-505dbc13fcd9.csv
1;649.5;2019-05-22;parcelas_13abe4a7-6b45-4a54-90c8-ae8e6abe38d8.csv
1;11281.31;2019-03-22;parcelas_13acafee-b85f-4f02-b117-24a7b18209c4.csv
1;8730;2019-07-10;parcelas_13b1d896-5db8-41b6-9c88-3db91cab2654.csv
1;4559.36;2019-05-28;parcelas_13b27b30-e238-433a-9332-f8ec02073c29.csv
1;3395.4;2019-10-04;parcelas_13b5faab-a95f-4cbe-9ff4-ff2551acb167.csv
1;1213;2019-10-15;parcelas_13b7dace-b3c0-4219-8d60-9e97fc7d4e47.csv
1;2130.3;2019-11-05;parcelas_13bf00d8-ca7c-4651-9ea8-4b473436b965.csv
1;16400;2019-05-24;parcelas_13c26175-ed5e-4976-9f5f-1b4fa82d7402.csv
1;6843.72;2019-10-29;parcelas_13c95f60-129d-4fa1-a33b-c603c78caef0.csv
1;65;2019-09-10;parcelas_13cc573b-ba18-43f6-88a2-a60c8945be00.csv
1;7613.6;2019-02-11;parcelas_13cd98a0-c383-48d3-95a2-d8f99cc8d6b0.csv
1;32396.04;2019-09-26;parcelas_13ce0960-c800-4eab-bfc5-4acfab6ad988.csv
1;65;2019-09-16;parcelas_13d6b769-4515-4478-a87e-9aa5dee9ff0f.csv
1;14.2;2019-02-20;parcelas_13d8df16-f70e-41bb-9d89-28d6bb03a0e7.csv
1;5447.18;2019-07-10;parcelas_13dab609-af9d-426e-a3f9-9f837ddb9660.csv
1;3700;2019-04-09;parcelas_13e551e0-3a7b-4dc1-a96f-7faf554f5a9c.csv
1;2685.12;2019-03-20;parcelas_13ec9267-7018-467c-9f82-582da92a459f.csv
1;120000;2019-05-09;parcelas_13ed99c4-f62e-4169-a26e-41d324607e5b.csv
1;82284.63;2019-05-31;parcelas_13f15af1-fdfb-49c7-b21a-9b64512aaf0b.csv
1;17770;2019-01-22;parcelas_13f3769d-31c5-4d44-9a06-4be2833e7f18.csv
1;143582.54;2019-12-19;parcelas_13fc3d86-97f4-40d9-9920-b4b900fa0023.csv
1;6569;2019-09-30;parcelas_13fd9d72-6d97-44a7-b153-326418c469d1.csv
1;13450;2019-10-31;parcelas_140003a1-266e-4a47-a480-173a3da97304.csv
1;138.69;2019-08-08;parcelas_14017894-5873-47e1-a23e-cac27ac85bd3.csv
1;71759.57;2019-07-31;parcelas_14072551-0c2b-4a36-9ecb-223a4e9a5d2a.csv
1;9650;2019-01-02;parcelas_141395d3-070e-49df-b645-95da5b9ba0ed.csv
1;2877.15;2019-08-09;parcelas_14187d8e-354a-43c5-827a-4fab224dca8b.csv
1;170.97;2019-03-19;parcelas_141b4f11-2c8a-46c7-9f76-8ceac7d4bdac.csv
1;15015.95;2019-09-26;parcelas_1425ba58-fa4a-44dc-88b8-7f812306192b.csv
1;146.65;2019-08-15;parcelas_14280486-42e3-4176-b38f-f631e0099b39.csv
1;3794.7;2019-06-03;parcelas_14283e22-9d93-4e7b-ab28-b32d396b352b.csv
1;3960;2019-04-30;parcelas_142848fb-ffbd-4747-83d8-1aeb05de3f4f.csv
1;613.33;2019-05-31;parcelas_142c2e75-f888-49f1-8bcc-7d330de2053d.csv
1;372.66;2019-09-09;parcelas_142c69d2-2cf7-41f0-b513-ef961dd93af6.csv
1;2000;2019-01-02;parcelas_142fbbe7-c09f-45b5-a777-98051493288f.csv
1;1200;2019-11-18;parcelas_1438b411-6281-465e-9f38-882e4af0aae8.csv
1;102.6;2019-09-10;parcelas_14419ac6-e448-41cd-a8fe-1b570dba36f0.csv
1;84.66;2019-11-13;parcelas_14424f30-990c-408c-ad64-326c6b761564.csv
1;30000;2019-08-13;parcelas_14449e84-3f2a-424e-bf52-1384256e68b1.csv
1;52;2019-01-28;parcelas_144815b7-fb92-4d31-8745-4e373b57b6ab.csv
1;159.74;2019-08-13;parcelas_144bfc24-81f8-495c-afa7-b38fc589208c.csv
1;4491.81;2019-04-17;parcelas_144dbe33-51ec-4313-878b-70fd3f9a7b87.csv
1;12898.44;2019-09-02;parcelas_144ef356-aaea-457f-973e-2331710cc293.csv
1;175;2019-04-08;parcelas_1456bba4-85ad-4f51-9332-77a83ae76579.csv
1;95.27;2019-04-05;parcelas_1457f6be-5963-477d-a6f4-aae95a573547.csv
1;7600.57;2019-01-02;parcelas_145851bb-f5d8-42fa-9f24-a2a5bef10985.csv
1;85.96;2019-09-23;parcelas_145b80a5-6876-407c-93ae-8ce05e4e6f4b.csv
1;3759;2019-08-06;parcelas_1467a169-50fb-462b-b413-6e77d7240144.csv
1;560.08;2019-06-27;parcelas_1469b964-1fc6-46b5-aef0-8458e55a0189.csv
1;32010.39;2019-01-02;parcelas_146b955b-0e56-4a41-8167-afd35221ba34.csv
1;21641.83;2019-12-19;parcelas_148d8b4f-1b05-4b3f-a93b-1812e6a44301.csv
1;68850;2019-01-14;parcelas_148e2d86-7e29-4aea-ac01-28a97b0dcd62.csv
1;130;2019-08-27;parcelas_148f302c-7233-4abc-aa3c-64db0c51f2d6.csv
1;3888708.36;2019-06-27;parcelas_149a280a-0373-42d9-bdd5-663cbb5a8f5e.csv
1;25562.01;2019-11-25;parcelas_149a3592-a7ef-45f1-9e8f-ec3682c96934.csv
1;79.79;2019-07-12;parcelas_149c6a62-2dc6-46f0-aa4c-96911cc37dae.csv
1;104.13;2019-07-31;parcelas_14a0fe61-e7b8-4d54-858f-0273a02540b0.csv
1;2700000;2019-01-02;parcelas_14a927c1-49f8-4d00-89f7-48ed1c5d58f3.csv
1;639.64;2019-08-12;parcelas_14aae9a6-bdfa-4934-9046-6d048a100ca8.csv
1;14287.97;2019-12-30;parcelas_14ac3d2e-761f-443a-863c-ac0de84ade8a.csv
1;26385.12;2019-04-29;parcelas_14b43a31-8ed6-488c-bc1c-7f2c4360965d.csv
1;5090.59;2019-07-31;parcelas_14bda209-09a0-4373-9ec1-3efa9a84c148.csv
1;266306.99;2019-01-02;parcelas_14beba40-5241-4496-bf83-370afa2424d4.csv
1;2739.6;2019-09-02;parcelas_14c38aa4-b5db-4e61-9b5f-cce4984fd438.csv
1;2343;2019-01-07;parcelas_14ca4882-163b-457e-a30b-4285c00107ca.csv
1;342.06;2019-07-11;parcelas_14cb5d68-ac7c-45c9-a4f8-73b212251a39.csv
1;65;2019-08-23;parcelas_14cc0000-61f0-476b-bb89-7936133924cc.csv
1;79.79;2019-06-10;parcelas_14cc1cf2-92cd-481f-9637-98e4d58492ef.csv
1;4753.73;2019-10-30;parcelas_14cc8569-a8ce-4368-940d-6a61b284961f.csv
1;256;2019-05-29;parcelas_14d8f1fa-4d7f-4ae8-b599-d363be598bc0.csv
1;200000;2019-01-02;parcelas_14da377c-67a5-4258-93da-9cf596086b19.csv
1;13000;2019-02-11;parcelas_14db87d6-eac8-4130-a8dd-cd6b6d35546d.csv
1;1575;2019-12-19;parcelas_14e3d529-8003-4070-80bb-ed2e9d596ae7.csv
1;8148.6;2019-08-30;parcelas_14e406ee-e7b0-4289-8bad-430b8a81bc5c.csv
1;9485.6;2019-02-08;parcelas_14e95da5-e644-4c1b-930e-bd622bff4741.csv
1;21.62;2019-10-18;parcelas_14eb3e93-f13b-43f7-a38a-191c29c12765.csv
1;32400;2019-10-29;parcelas_14f65a77-2b37-4a2c-ab59-c0a2ba9b08ab.csv
1;36;2019-11-27;parcelas_14fa1b17-5f68-4b6b-8ba8-b5bfafb69d36.csv
1;185;2019-08-08;parcelas_14fda67f-941c-4593-9ca1-18ec4ebdf3fc.csv
1;491359.8;2016-01-29;parcelas_14ff0c2d-2f34-450d-a278-352cf1b5e05a.csv
1;22560;2019-11-13;parcelas_15003f4c-ac25-4bbe-bf48-5ccc47ee6e1d.csv
1;3477.67;2019-05-31;parcelas_150bd15f-acd2-4e3e-9e2a-8542364782ab.csv
1;1019.73;2019-08-01;parcelas_15180923-52b5-4890-8607-9eeca2dfdc6e.csv
1;246;2019-09-16;parcelas_151ad642-5a79-40de-bb28-9a159112ffde.csv
1;441;2019-09-16;parcelas_151b9389-478d-410b-99cc-3d893a2d80da.csv
1;3331.73;2019-06-27;parcelas_151ee616-4aa9-4d72-83ae-94203699b778.csv
1;10061.45;2019-10-21;parcelas_15208a20-46bd-4dac-84ab-5f6bb79b1a85.csv
1;437.89;2019-08-30;parcelas_15291a37-048c-4e5a-aa6e-7976c21514a9.csv
1;8366.47;2019-03-11;parcelas_152b751b-e19e-456a-bfdc-1bb26f5ff74d.csv
1;2900;2017-12-31;parcelas_152c6cdc-98f0-460b-b71f-075845adc8b6.csv
1;204.43;2019-04-29;parcelas_15340bbe-d65a-4ae4-8159-f50b27c25efe.csv
1;10367.38;2019-12-19;parcelas_153417ef-0740-44a4-a0f9-701ed9fba18b.csv
1;17861.74;2019-06-27;parcelas_15364ccb-a2bc-4c1a-8cd2-09b87e8b6562.csv
1;190.11;2019-10-25;parcelas_1536f10a-6887-4aa4-9e35-c88f39e6081b.csv
1;4023.31;2019-04-30;parcelas_15433b0e-b2c7-4f62-ab68-de00e60dd39d.csv
1;140.18;2019-05-28;parcelas_15496934-4091-44b3-be98-936809a7ad29.csv
1;447825.65;2019-09-04;parcelas_154d030a-b94b-495a-a3e1-fdbde4e99fd9.csv
1;2272.59;2019-06-19;parcelas_1552555c-f1d6-44d3-b10b-1fe39fa2c19c.csv
1;852.43;2019-04-29;parcelas_1558bca5-a8c6-42ee-b33b-435776801474.csv
1;2732.71;2019-02-28;parcelas_156020ba-59ad-4e85-bc34-2c5a33b1077f.csv
1;2000000;2019-03-11;parcelas_1561955d-00e2-4993-9cf5-776173910648.csv
1;2598.1;2019-09-03;parcelas_1561acba-d28f-4f1d-adbc-23e40970d3bb.csv
1;2100;2019-08-30;parcelas_1564e55d-2f9d-4069-8ef5-9751637ec6c8.csv
1;695.28;2019-09-03;parcelas_1565cd23-6b6f-42c3-a094-04655820bb14.csv
1;300023.78;2018-03-20;parcelas_1567c33a-e802-4dd0-a261-2fdd29800d05.csv
1;1178.98;2019-03-21;parcelas_156d2e4d-0d5d-4116-a258-d52b6a848117.csv
1;434.56;2019-11-26;parcelas_1570f902-d55f-4db7-9952-79a291a05270.csv
1;520.6;2019-06-24;parcelas_158189e1-cf22-4f42-ad90-eddd0140efdf.csv
1;2413.49;2019-06-04;parcelas_15834d3c-914f-44d9-a711-4c2663386031.csv
1;3460.38;2019-11-29;parcelas_158666fa-18c0-484d-8784-87415e3926a3.csv
1;2100;2019-07-31;parcelas_158aa927-72a5-40c2-b2c7-3600e668304a.csv
1;1804.04;2019-04-30;parcelas_158fa399-245d-4394-8b54-50e9a5b0d1a2.csv
1;3285.2;2019-09-19;parcelas_159407fb-b5a7-453c-ac26-aa08a8e88930.csv
1;100;2019-04-17;parcelas_15942f33-9b92-4097-8efd-cdfb584febb4.csv
1;1238.4;2019-10-04;parcelas_159b9eaf-8388-4055-9a04-2d959ad91f76.csv
1;316.35;2019-09-05;parcelas_15a09c7c-270b-42fe-b86b-ec94b352e863.csv
1;1746.02;2019-06-14;parcelas_15a929ee-3cc4-4f0e-a621-6a5081539ce7.csv
1;38934.96;2019-08-30;parcelas_15a99e50-ced8-41ca-82e2-943475f6f69a.csv
1;136.08;2019-06-03;parcelas_15c23156-96a0-4503-a646-d308ef6ae667.csv
1;3175.15;2019-09-04;parcelas_15c4ecc1-16ad-4ce8-bda1-ef6119e35788.csv
1;3409.34;2019-05-28;parcelas_15c86a41-c43a-434e-9376-a2b5e2cf27c7.csv
1;455.93;2019-03-12;parcelas_15cbf215-76c4-4291-ac02-8c1093f24880.csv
1;357181.81;2019-11-04;parcelas_15cfe0ec-527b-4df6-b9ec-a463e2edc5e1.csv
1;10227.28;2019-12-09;parcelas_15d98f4d-a554-4533-b7b8-dfbd65219ab3.csv
1;1541.98;2019-03-29;parcelas_15d9dff7-89a9-4803-84a2-ef28942b1ede.csv
1;5938;2019-10-25;parcelas_15e04956-a1e4-48ec-8299-ab896f444054.csv
1;2805.83;2019-06-27;parcelas_15e4d64d-9f85-4526-977e-ee3a963fa046.csv
1;2;2019-09-13;parcelas_15e604d4-fada-41da-bf6b-bcb7b65721f7.csv
1;102.58;2019-07-31;parcelas_15ed632c-f0bb-406b-a18f-f49d60ca32ae.csv
1;200.99;2019-04-29;parcelas_15ed8f8a-9bfc-41e2-b6da-5c429b3ca061.csv
1;22840.18;2019-06-27;parcelas_16051096-69c1-4268-8f14-b29ba33e9dcc.csv
1;3225.96;2019-10-21;parcelas_1606f314-9ee8-41e6-9f24-a6a952cae044.csv
1;3992;2019-01-28;parcelas_1608f7ad-6a46-4021-bbd2-f0065c4a2fb9.csv
1;192.18;2019-06-27;parcelas_161278aa-9cfb-4e8c-8740-84df43cb553f.csv
1;10000;2019-01-17;parcelas_16161470-20b7-4c47-98f0-eb9dfe5d0f15.csv
1;104.13;2019-11-14;parcelas_16186e23-14a7-4f4b-a0fb-6fddb287ce96.csv
1;10630;2018-11-27;parcelas_161f8b34-1cc0-4335-a0e8-6ad823e90aee.csv
1;5960;2019-06-03;parcelas_1621220b-010c-4914-a247-2a130bb17ea6.csv
1;200;2019-09-12;parcelas_1624e8f2-ee0a-4dd0-87c0-983f9df144a9.csv
1;592.17;2019-09-12;parcelas_1629e626-87d5-42b5-ad79-be36b3009652.csv
1;5839.45;2019-08-13;parcelas_162bfd1f-e4d9-47c3-bbd8-5d25e3f8cde8.csv
1;635;2019-07-05;parcelas_162cf918-78a2-48d7-9b94-d3ee05ef78b8.csv
1;239.37;2019-05-27;parcelas_162d3935-7e59-4b07-8a72-ca18ce505f82.csv
1;823.13;2019-07-31;parcelas_1633084c-2b6b-4ad4-b71e-5df65c5812c2.csv
1;1908;2018-12-31;parcelas_163347a7-5a0f-46c5-b137-2eb0f9123227.csv
1;4850;2019-01-10;parcelas_1634aec1-3102-4eba-be8b-7e84b32a0025.csv
1;46277.73;2019-03-14;parcelas_16398f74-07f2-4a58-8dfb-720d16ffcea2.csv
1;32443.95;2019-01-02;parcelas_163c3601-925d-4311-b318-6c69ac63421c.csv
1;358.05;2019-09-17;parcelas_164004f0-219d-4ee5-ad85-6123156027a2.csv
1;19409.42;2019-07-19;parcelas_16434a0b-2edc-4fc1-949b-bbc1d6ea917d.csv
1;240;2019-04-24;parcelas_1648437a-321e-45ce-a994-14f4bd9910ce.csv
1;41112.07;2019-04-30;parcelas_16619fb3-aac7-4915-8ec3-6606c6f6aa0b.csv
1;183671.6;2019-04-10;parcelas_1669836d-917d-4a02-96ee-b751190b6b9c.csv
1;65;2019-02-07;parcelas_166b0dbf-c637-45c6-b828-f3133abe8c53.csv
1;104.13;2019-07-08;parcelas_1670d9d1-a0eb-4543-bf59-8de5de881a4f.csv
1;156.19;2019-10-31;parcelas_1672c1b3-4122-40c7-a304-0e9e44746a51.csv
1;4000;2019-05-08;parcelas_1672c3fa-7754-45b0-890c-44a942c1a0e3.csv
1;15982.72;2019-11-18;parcelas_167851ca-df28-42f3-b352-26b96cb81521.csv
1;79.79;2019-08-30;parcelas_167ef3bf-b270-43b5-b900-2d028c30a5ee.csv
1;1243.39;2019-09-30;parcelas_167fe740-04c1-4b99-8053-c41725a746f1.csv
1;201.31;2019-07-26;parcelas_16803deb-568d-4b16-a2c1-601a352eb690.csv
1;66.33;2019-02-08;parcelas_1680b992-b2b7-43bc-ad84-e977de9e1017.csv
1;1122.82;2019-04-30;parcelas_1681e6e3-5b1b-4ee1-b6df-663b1f047805.csv
1;23424;2017-12-29;parcelas_168544c6-a075-410d-9806-732d5bd9f068.csv
1;2558.28;2019-02-05;parcelas_16a65e8f-dfbe-43c8-b7dd-04b971f67692.csv
1;1310.18;2019-02-28;parcelas_16aa9bdf-7116-49f7-84ec-039e708c3327.csv
1;1770.16;2019-10-30;parcelas_16aacc9a-2f9f-438c-9c45-d40e3c977b67.csv
1;4000;2019-08-28;parcelas_16abfeac-5625-47b1-acde-1bc3921adba5.csv
1;2275;2019-12-19;parcelas_16b1275a-0a8a-4e6d-aac4-cdef40c57bc7.csv
1;7725;2019-01-02;parcelas_16b28ccb-35c1-4417-8abb-17c51af34357.csv
1;16625.58;2014-09-30;parcelas_16b53b92-a9e1-41c4-ade1-b2b4670a609b.csv
1;16625.58;2014-10-30;parcelas_16b53b92-a9e1-41c4-ade1-b2b4670a609b.csv
1;5925;2019-12-05;parcelas_16bae8dd-3686-48c4-b711-35ff55d50c6d.csv
1;29853.36;2019-01-02;parcelas_16bd2b35-ac04-4594-b97d-a94cba5a8c84.csv
1;4057.49;2019-03-29;parcelas_16bd2e46-bfca-44b5-a7bf-e180f7f74d47.csv
1;7485.97;2019-02-11;parcelas_16c40182-7ce5-47f6-9b22-5c1764294f81.csv
1;20;2019-06-14;parcelas_16d485e8-897e-4b8a-bf44-092133b2ef3f.csv
1;1925;2019-05-28;parcelas_16d4d511-6d82-45f2-bc6b-d27cf063b9a7.csv
1;480.89;2019-01-28;parcelas_16d81165-c7e3-452e-afaa-291aa7c69f57.csv
1;1140.87;2019-06-27;parcelas_16d8ac52-ba84-4318-96ac-fc5d15202709.csv
1;11243.04;2019-12-05;parcelas_16e01f9b-2a80-4071-9bfe-a3984b7a4850.csv
1;4845.62;2019-08-30;parcelas_16e111b4-9dfe-4f6b-b49f-0f8ddc202835.csv
1;1139.9;2019-10-04;parcelas_16e37b0a-6416-4dff-8d69-38de94fcd43e.csv
1;65;2019-10-11;parcelas_16eb51b5-153e-4512-a616-d98e15d4521a.csv
1;10490;2019-01-15;parcelas_16ebc7c2-b0ee-467d-a638-db8e0ced5e7d.csv
1;2826.19;2019-02-26;parcelas_16f2bd92-8c53-41cc-94c6-bab6393d0421.csv
1;20000;2019-10-21;parcelas_16f2ca56-1e0c-4b6d-aac9-6823af3230eb.csv
1;68750.84;2019-09-30;parcelas_16f56601-12a8-4cb4-bdf0-eba1ccf2d830.csv
1;378.76;2019-06-19;parcelas_16f6a584-987e-4dc6-9d2b-39389547cd01.csv
1;1140;2019-10-31;parcelas_16f7f94b-309d-4663-b5e6-0addbac67e21.csv
1;293162.02;2018-12-31;parcelas_16f99675-95fa-4f09-8fe5-5aec6faa4b02.csv
1;317.66;2019-06-27;parcelas_16fc18ee-a96f-408b-a9ae-a99b47e60d88.csv
1;7500;2019-02-22;parcelas_170f3585-463e-4d86-b06a-f80dbbaa5507.csv
1;20051.16;2019-01-28;parcelas_170f39ff-1005-4129-b902-853844275a4a.csv
1;129.2;2019-05-29;parcelas_17127d64-b818-4eac-aee2-a54a67e8cadf.csv
1;55528;2019-08-30;parcelas_17139e1e-4f66-4c88-a6e1-96840c9089e4.csv
1;29099;2019-08-08;parcelas_1714eec2-97e6-4c19-aa95-735f4770c452.csv
1;2100;2019-06-27;parcelas_171d2828-5fd2-40d2-a0b6-08a32bcf06b7.csv
1;726;2018-12-28;parcelas_1723b39a-fc21-48d9-83a8-194c2e9d0399.csv
1;22072.09;2019-04-30;parcelas_17256f58-e046-4539-829e-2e0994264941.csv
1;110160;2019-08-15;parcelas_1728c239-90e2-46a8-b073-56319149c976.csv
1;787615.66;2019-03-25;parcelas_172ba9e0-3c77-4b2e-b639-fb40ac9455d4.csv
1;65;2019-01-15;parcelas_17314f2c-6efe-4b7a-8714-8691b7100529.csv
1;651.06;2019-04-29;parcelas_1734c5da-d7b4-4752-b373-bce33c145022.csv
1;19155.28;2018-12-31;parcelas_173d8c91-f47b-4237-b46f-23ccf524a711.csv
1;2196.49;2019-10-29;parcelas_173e028d-44e0-4d54-a2f8-e45ad53c4df4.csv
1;2980;2019-11-14;parcelas_1744f745-3356-40ae-b19f-5d2dd74de1e8.csv
1;274718.57;2019-11-29;parcelas_17474b2a-6b3f-40ae-9cfd-f9217ac48590.csv
1;4188;2019-03-12;parcelas_17480fbf-ccfc-48ce-b8d7-bc8689451e05.csv
1;8840;2019-01-28;parcelas_174a7814-fc1a-4594-9b5f-a0c021f1528a.csv
1;420.54;2019-03-29;parcelas_17518137-961c-4313-a412-7cf4d279d577.csv
1;260.17;2019-02-08;parcelas_1753d447-d1d3-48ce-89fb-792ef3152a2f.csv
1;4750.15;2019-06-06;parcelas_1756ee5e-f180-4884-ac43-ef5f738a203e.csv
1;651014.39;2019-07-26;parcelas_175c7424-15a8-4d44-b0e1-b98dd04a49f8.csv
1;4000;2019-07-29;parcelas_175f26e1-8c24-4349-a312-2cadb9046ca3.csv
1;480;2019-05-17;parcelas_1762c08f-c454-452d-b3d2-a08d4a7bc436.csv
1;243.57;2019-12-06;parcelas_1766d6f1-713e-471f-819b-a753f77eff23.csv
1;48403.16;2019-08-08;parcelas_176ba774-8e06-494f-a284-183f58014dfa.csv
1;76220.92;2019-08-30;parcelas_176f436a-f1b0-4a7d-b8aa-34dd6dfd08d5.csv
1;20335.31;2019-12-19;parcelas_17737478-dd91-4abc-a597-4d1a4d3a8d4c.csv
1;300;2019-05-06;parcelas_17767eb2-bfd2-41f2-b87a-107de011a93d.csv
1;1528517.21;2019-05-30;parcelas_1779ef3b-f118-4ed7-b104-2c97a0048691.csv
1;2043.77;2019-02-28;parcelas_177c5a32-b327-4d96-b343-fe80786a952c.csv
1;429;2019-06-18;parcelas_1781a9bf-c7b3-4007-88ec-38275a383ef8.csv
1;202827.4;2018-12-28;parcelas_17884d8e-b917-4747-bdf3-4bb713bb43a2.csv
1;79.79;2019-02-12;parcelas_1789f52a-a70c-4c8e-9b44-3f551febb96b.csv
1;35.05;2019-08-13;parcelas_178aa5e9-f0c7-448d-a7a7-88402f92aff2.csv
1;1515.08;2019-03-29;parcelas_17913389-e7da-4143-abe5-25ccede31fd6.csv
1;177.5;2019-04-29;parcelas_17a1babd-2f2b-4e46-9835-1d6280eae9b4.csv
1;151.92;2019-02-18;parcelas_17a207f1-3cd0-4c93-854b-d00032ccfd2c.csv
1;43414.58;2019-01-28;parcelas_17a9e89d-a210-4c24-b9ea-9e271d63c976.csv
1;539;2019-08-05;parcelas_17addcb3-dc69-4f23-ad5e-a5d16baf5543.csv
1;11976;2019-01-02;parcelas_17aea71e-b396-4ee0-9916-3d53d2f16c53.csv
1;63350.31;2018-07-27;parcelas_17b3f4eb-6b90-464a-bf30-4739403398ff.csv
1;31044.02;2018-07-27;parcelas_17b3f4eb-6b90-464a-bf30-4739403398ff.csv
1;7478.41;2018-07-27;parcelas_17b3f4eb-6b90-464a-bf30-4739403398ff.csv
1;58656.01;2018-07-27;parcelas_17b3f4eb-6b90-464a-bf30-4739403398ff.csv
1;7858.75;2018-07-27;parcelas_17b3f4eb-6b90-464a-bf30-4739403398ff.csv
1;47123.42;2018-07-27;parcelas_17b3f4eb-6b90-464a-bf30-4739403398ff.csv
1;21980.61;2018-07-27;parcelas_17b3f4eb-6b90-464a-bf30-4739403398ff.csv
1;2476.5;2019-11-29;parcelas_17b45f7f-358b-44d4-acf8-a0c087b04d25.csv
1;679.5;2019-02-11;parcelas_17c158c1-17da-4cfe-b161-73790f75468a.csv
1;1336.39;2019-04-30;parcelas_17c26982-f77a-426e-8ac2-d976ea676d6c.csv
1;10732.25;2019-07-08;parcelas_17cc92ec-3ee9-479e-8d70-f05eb43c7ebf.csv
1;4293.12;2019-09-20;parcelas_17d1f696-d992-4962-a2c7-0beba4c39119.csv
1;1211.95;2019-09-24;parcelas_17d82727-1ae0-4a62-9a1f-b03af2fc7d25.csv
1;79.79;2019-03-13;parcelas_17dd2160-1c8e-4d69-8fd9-8c65dd027789.csv
1;1887.51;2019-08-13;parcelas_17dd4166-61a8-4d75-9811-13dfb341d52a.csv
1;4140;2019-05-06;parcelas_17e4246e-dd6c-4557-a3ee-340d8db4d2fb.csv
1;293.02;2019-03-12;parcelas_17e76bb8-6479-4289-8029-5064768283ba.csv
1;109830.73;2019-12-19;parcelas_17e7e32e-1590-4654-ba5a-3915020e50bd.csv
1;5946.99;2019-03-29;parcelas_17e830b7-79c7-48cf-84dd-5a2fb3b21fdb.csv
1;6690.83;2019-09-30;parcelas_17e8a525-1fe2-4767-b987-a17e83a0d1ca.csv
1;79.79;2019-09-16;parcelas_17f0792f-ded4-4fe2-98a4-ab15d0def16d.csv
1;52385.48;2019-12-18;parcelas_17ff8f34-6519-47b9-a76b-27b5e31ed8ac.csv
1;289;2019-02-11;parcelas_18009542-bc17-405a-9aa4-06a954f4cd03.csv
1;26848.09;2019-03-29;parcelas_180b80ee-6ac7-4f3e-a071-f6f6b3fca7b1.csv
1;18346.37;2018-08-13;parcelas_1811a3e9-3ee9-4a93-981f-50340f89a49d.csv
1;79.79;2019-10-10;parcelas_1813f8f0-44e3-4ed5-8422-ae85ea0a6da3.csv
1;16800;2019-10-31;parcelas_181be306-360d-466e-b34f-63ca8c87d68a.csv
1;4470;2019-04-23;parcelas_18225238-83b2-4c98-a66f-f2f26fc69224.csv
1;290.2;2019-03-29;parcelas_1826f9b6-f189-4a4c-b3db-80e95993745c.csv
1;1626.63;2019-01-31;parcelas_1827b778-de68-4d92-84cd-7f80b979bc79.csv
1;66.7;2019-12-19;parcelas_182c1aea-e5d7-461d-9572-e1b1e76e6965.csv
1;1772.78;2019-05-29;parcelas_18389fa2-56eb-4cb5-b5e0-708b3f711051.csv
1;3671.99;2019-01-02;parcelas_18390296-c363-40a8-ad0f-2f0df6dd11c9.csv
1;1649.34;2019-05-06;parcelas_183a5843-8084-4006-b17d-f6ec37bceb55.csv
1;269710;2019-07-11;parcelas_183f53c7-0ca4-4cde-905d-f94c4ba273b7.csv
1;1000;2019-04-12;parcelas_18432e00-2d54-4bfc-8906-b07a2e641525.csv
1;5404.69;2019-07-23;parcelas_18454302-31a4-4283-9453-230dc67053b7.csv
1;662.17;2019-01-31;parcelas_184d9cc3-0dca-4621-bf55-91df0cf81b99.csv
1;9432.5;2019-10-08;parcelas_185037c4-bc53-4365-854e-aa07dad2bac1.csv
1;51480;2019-04-03;parcelas_1853da81-6162-40b7-b4f0-29ff41925724.csv
1;7386.28;2019-07-25;parcelas_18554c8b-81f2-4899-8d24-a41b686fe94d.csv
1;500;2019-03-19;parcelas_185cf4a4-9017-4cfb-b848-5200d369a642.csv
1;0.05;2019-04-17;parcelas_18600c29-7d76-4673-a005-83b40af69bad.csv
1;895.45;2019-10-28;parcelas_18710449-54c9-4c0f-b54b-ce49c939df73.csv
1;79.79;2019-07-31;parcelas_18719c12-eccf-4dfb-ba53-92f6d8b018a9.csv
1;20054.73;2019-03-29;parcelas_187f1727-1c33-4989-b5f5-0d870f7ba1f4.csv
1;9619.75;2019-04-29;parcelas_18802c5c-d247-485e-98a4-74949669e672.csv
1;122584.88;2019-06-27;parcelas_18818ea5-7048-475c-96c4-49561be4f1fe.csv
1;1682.16;2019-01-28;parcelas_18828423-523d-4aa1-a4d0-7a73875f02a7.csv
1;1299.92;2019-09-03;parcelas_188de161-0727-4243-b4f0-c1398229ec67.csv
1;5625.2;2019-12-31;parcelas_188e2381-8ed1-429f-be01-be3c9692d952.csv
1;700;2019-03-12;parcelas_188e51ee-3612-484b-a7e6-c99799fa3241.csv
1;1033.59;2019-06-25;parcelas_189bf3a6-92b2-44fb-82a8-16f058d59670.csv
1;700.9;2019-03-29;parcelas_189c1ca1-7dc3-4e17-8076-1577d4140448.csv
1;8618.24;2018-12-28;parcelas_189d71b4-6e63-48a2-8675-9b2bfef3b2ed.csv
1;133.35;2019-06-27;parcelas_189ea845-55d6-4259-aebd-bb966b6995e6.csv
1;2975;2019-12-19;parcelas_18a6f040-5859-40c9-b321-44527a7bfec0.csv
1;26250;2019-05-28;parcelas_18ab1e9f-31d3-45cd-bad5-472a01b3091c.csv
1;30017.4;2019-06-03;parcelas_18ad8972-6608-4d3e-bba9-d3e94e117a01.csv
1;16308;2019-01-30;parcelas_18afdc8d-7436-46fb-860f-4c51fec2033f.csv
1;94.76;2019-10-29;parcelas_18b0d398-02c9-4af7-a219-60acf7f98eb1.csv
1;23775.19;2019-02-27;parcelas_18b0e885-bdb0-469a-add6-806577f3b2e8.csv
1;5971;2019-07-26;parcelas_18b2a8b8-96b9-431e-9a94-8846a9fd7e4d.csv
1;350243.52;2019-12-19;parcelas_18b35454-9056-4290-80d0-5622e9f67702.csv
1;79.79;2019-02-27;parcelas_18b520fe-6e7e-4198-8a45-0346057966f3.csv
1;8580;2019-12-05;parcelas_18b8524a-13fd-4e6b-a30e-2518bacae43a.csv
1;3819.8;2019-07-12;parcelas_18bd7751-db86-4007-a339-49fbd31d9c0a.csv
1;2600;2019-06-17;parcelas_18c288db-37d8-4ebe-8521-cfaea5ca78ef.csv
1;3086.62;2019-04-09;parcelas_18cf24ba-603a-416c-b1aa-85397eb17ec8.csv
1;30;2019-04-22;parcelas_18d2e7d4-dc12-4eef-b4cc-cef00e09984f.csv
1;2818.36;2019-09-17;parcelas_18dafd2e-c3f6-4c49-a2e7-59a24c71570a.csv
1;136000;2019-12-11;parcelas_18df7f73-1fa1-4be6-87d1-e9b5bd5680df.csv
1;981.28;2019-04-30;parcelas_18e15985-442a-4238-b096-4eceeadf228d.csv
1;115000;2019-01-02;parcelas_18e6d701-1a30-4b9a-b286-4685f58c00bc.csv
1;85441.69;2019-02-26;parcelas_18ef2a9b-e332-4b0a-a3d5-0726ef361b66.csv
1;156.88;2019-10-02;parcelas_18f9baaa-40e3-4422-abf1-4488b02753bf.csv
1;1007.1;2019-04-04;parcelas_19020836-ddf6-4f83-b1f5-af778d9a2307.csv
1;2788.33;2019-09-30;parcelas_19021441-9713-46aa-8287-7e2b66af136d.csv
1;81887.8;2019-12-19;parcelas_190333a1-4de0-4372-9a16-5bdbe77714b9.csv
1;755;2019-04-30;parcelas_190be272-a5b2-47e3-8abf-7c763013b373.csv
1;72278.94;2019-08-09;parcelas_19101832-f75a-4f5d-a4f2-d6676dcde549.csv
1;9325.5;2019-01-10;parcelas_191152be-0640-4479-8c91-4fb8e97c370f.csv
1;42000;2019-03-19;parcelas_191c6976-30f6-4f4c-9a9e-66cc15971319.csv
1;2799.51;2019-06-19;parcelas_19208f89-c5ac-4c54-b474-e37a0358649b.csv
1;2139.18;2019-12-19;parcelas_192137d0-e625-41ba-9b9d-329bc23cf9a2.csv
1;7559;2019-05-06;parcelas_1923daa9-4b9e-4358-b8f3-a4bf86d70bdd.csv
1;63;2019-01-25;parcelas_19288957-8213-483c-9db6-21436062c08b.csv
1;16500;2019-01-23;parcelas_192af289-c0ad-4ee3-81c6-fef2cf331434.csv
1;65;2019-01-31;parcelas_193118ee-12b9-4724-b683-0c4d1d7bc310.csv
1;2439.5;2019-02-06;parcelas_194f3794-6996-43f9-966f-aee836be0933.csv
1;8560;2019-05-29;parcelas_19505ffd-d6fb-4f56-a87e-dbc49ee51111.csv
1;1575;2019-07-31;parcelas_1951e783-ef15-4a2c-9c9a-68169323498b.csv
1;325.8;2019-11-26;parcelas_19561330-824c-44fe-b5d4-7b5867c309aa.csv
1;1155900;2019-05-09;parcelas_195c548e-fb6c-447b-900b-d75f7abb3f6a.csv
1;12821.94;2019-07-10;parcelas_195d7a7c-ea5e-427d-9c4e-52ca05a6b52f.csv
1;4545.42;2019-07-31;parcelas_1961592c-2d72-4ca3-8a47-07f9ee205a8e.csv
1;79.79;2019-10-14;parcelas_1962a4b8-b83e-40e9-a859-1bd178c1183e.csv
1;238.16;2019-01-28;parcelas_1963ba8b-3492-4bdc-9abe-330c375f1c68.csv
1;7470.73;2019-05-17;parcelas_196d98d2-81c7-41dd-b9a0-6582a5684008.csv
1;323;2019-07-25;parcelas_1972df72-acd2-4241-9ab9-6168602cadf9.csv
1;65;2019-07-19;parcelas_1977a3f5-d4b9-482f-80af-71c1419beb1d.csv
1;104.13;2019-06-07;parcelas_197dd7f9-693a-44a4-be71-de7348b81877.csv
1;1752.3;2019-01-28;parcelas_1980c812-a19d-4c85-819f-37406f9754b2.csv
1;5524.77;2019-06-04;parcelas_1983d383-c45c-48e7-8f07-b7c7087de60a.csv
1;18707.35;2019-08-21;parcelas_19858149-8015-408e-83ee-12e8ff305ceb.csv
1;6375.83;2019-06-27;parcelas_1986e442-edd5-4a3f-b735-09eb64a95095.csv
1;37010;2019-01-28;parcelas_198a884b-8712-46c1-abf7-7e6d3c76df8c.csv
1;4855.3;2019-02-26;parcelas_198c54e4-dff8-4c2a-99e6-e0b6944fcdea.csv
1;350;2019-11-28;parcelas_198c7a93-74be-4a5a-ad58-ebe9e281e18d.csv
1;79.79;2019-12-12;parcelas_198f88c4-1889-46a4-a48a-237a86e5a432.csv
1;2049;2019-02-26;parcelas_1991b87e-3079-45c7-8afb-4500f531b0c6.csv
1;102.58;2019-10-17;parcelas_19928384-d835-4830-9e57-8463daad8d05.csv
1;296.5;2019-08-08;parcelas_19a0a317-deff-4720-a4f1-2ecf471067fb.csv
1;20321.49;2019-02-11;parcelas_19a4f83a-233d-4f0e-8bca-50734d2373dd.csv
1;7572.72;2019-09-05;parcelas_19a8b178-e401-40a3-90f7-22c203de2bb8.csv
1;4800;2019-08-01;parcelas_19a9a766-ff75-4224-860c-7f12e2849a4b.csv
1;1344.8;2019-10-31;parcelas_19b58871-d0ab-4062-9e1f-085a47c96af9.csv
1;4844;2019-08-21;parcelas_19bb2446-29a7-4425-8904-8f923a742260.csv
1;126327.49;2019-07-31;parcelas_19bfa16c-0bac-49bf-b708-bfdf7df0b0bd.csv
1;766.15;2019-09-30;parcelas_19c16e64-4da1-4f73-8a59-118262e74886.csv
1;4609.17;2019-06-28;parcelas_19c2817b-d155-4d48-a88d-3cc08af4e71a.csv
1;80000;2019-05-02;parcelas_19c8e411-2e03-4d3b-9d3d-2bcf2ed6e6f3.csv
1;1380;2019-07-15;parcelas_19cefd3d-dadb-4fa9-81ec-83c3d5b155fa.csv
1;16.67;2019-05-02;parcelas_19d09268-46f3-43d5-bd83-2e3e85acf225.csv
1;69137.2;2019-12-19;parcelas_19d7f54b-dce6-457a-8580-871562887059.csv
1;5762.02;2018-12-28;parcelas_19d8e8e3-59eb-441b-ab60-b9df4e7be202.csv
1;3217.5;2019-08-16;parcelas_19e2dea4-3e38-4b08-873d-a6c53120e73b.csv
1;49.04;2019-03-06;parcelas_19e453be-5847-41c7-8d2b-faad620ac0fb.csv
1;37199.42;2019-11-28;parcelas_19e9c8a8-f0aa-4e70-81c4-e7aba87558de.csv
1;79119.41;2019-04-30;parcelas_19ebc2f3-799f-46d0-86aa-df7054fed23f.csv
1;44332.95;2019-07-31;parcelas_19f80f43-1483-444c-a7ae-a890e1ec46e5.csv
1;1660.78;2019-11-06;parcelas_19f87991-a731-40bd-9a67-b48a074aa0b9.csv
1;43461.64;2019-08-30;parcelas_19fbd6a0-f339-45b3-af7c-48b8c9883b86.csv
1;55750;2019-08-09;parcelas_1a06bb1f-0713-4cf5-9693-cda48e974559.csv
1;54.4;2019-05-29;parcelas_1a085e18-ab8c-4971-8dc4-7945c63ee954.csv
1;78564;2019-07-22;parcelas_1a0c09ab-34db-49c7-9396-23aa4a51b9a2.csv
1;230.7;2019-06-12;parcelas_1a0c0adb-8e64-42ed-822e-1fc3b865268e.csv
1;85.96;2019-02-22;parcelas_1a1270f0-2932-4161-a887-781cb42f9896.csv
1;2792.72;2019-10-22;parcelas_1a2221ae-4bdc-4ee4-b5e4-f023ca524dc3.csv
1;11145;2019-02-11;parcelas_1a28a6a1-7ac5-4775-ad7e-08e04acaca6f.csv
1;19197.57;2019-10-08;parcelas_1a2913ed-ec79-4def-971f-0f7aaeb8a9dd.csv
1;1597.69;2019-01-31;parcelas_1a2b9417-e08b-4e52-a49d-9e2483023736.csv
1;319.78;2019-08-08;parcelas_1a2cfeae-9ded-4236-946a-4617c1f5fb97.csv
1;397.88;2019-11-14;parcelas_1a31fa75-b269-4744-b37b-252f428c01e5.csv
1;554.33;2019-04-29;parcelas_1a3626af-4fa6-42d3-a42a-7177aff777dc.csv
1;330.2;2019-01-10;parcelas_1a36ab6d-de4d-4e3c-a831-5304a7d1edcc.csv
1;27791.29;2019-06-27;parcelas_1a375429-4ec3-4b65-8d78-8e071fd51f25.csv
1;130;2019-07-22;parcelas_1a395d26-bc1b-4142-a376-a53ecea802f9.csv
1;630;2019-11-18;parcelas_1a4085f8-882d-4503-8400-6cf60d23825d.csv
1;32936.15;2019-08-30;parcelas_1a4445c5-3cfc-4516-a601-fcdf52c64965.csv
1;1046.97;2019-09-17;parcelas_1a45a317-2a0b-48bc-be72-f5931cf29d59.csv
1;31800;2019-03-20;parcelas_1a463083-39bd-44ff-a0bc-626f85731f67.csv
1;2966.4;2019-06-10;parcelas_1a48f6b9-26e6-4047-9d89-0c1e5f849a61.csv
1;18240;2019-07-26;parcelas_1a4ac604-35f4-4e46-a253-58552b666712.csv
1;3376.45;2019-06-27;parcelas_1a4d9cca-1351-4f07-8e07-46738f11773b.csv
1;60000;2019-08-12;parcelas_1a505653-2bf2-4099-8ddd-601d3f0bbe82.csv
1;40000;2019-01-23;parcelas_1a5c5791-9783-41c7-b756-f64ad12a1d22.csv
1;18002.8;2019-05-03;parcelas_1a61c31c-30b3-4e2b-a2d9-05f71f7b0add.csv
1;92668.68;2019-12-31;parcelas_1a68c033-1f8b-475b-b75b-0982aef347f3.csv
1;169;2019-12-03;parcelas_1a6d3402-86e7-408d-8277-295664a6514c.csv
1;525;2019-07-31;parcelas_1a6e0563-7336-4f32-90ab-61655f0f714e.csv
1;3750;2019-08-20;parcelas_1a70f8d2-0f3f-499c-adb4-54fc613301e7.csv
1;6720;2019-03-12;parcelas_1a79da5c-08cf-479a-aa02-0bc40ac2f13a.csv
1;12273.82;2019-06-14;parcelas_1a7a69fb-9e5d-43f7-8af3-e83c69c5b7a2.csv
1;8340;2019-03-15;parcelas_1a7af724-aa39-42ff-a247-4e88ae16e16e.csv
1;94.5;2019-07-15;parcelas_1a7f9154-57fa-4d6e-b502-b25819f38866.csv
1;1280.04;2019-01-16;parcelas_1a80e73e-c45e-4e99-88b5-c81ee8bea64b.csv
1;3358.06;2019-04-30;parcelas_1a8d0d3e-2e34-4155-9322-7d380d653911.csv
1;8636.25;2019-09-30;parcelas_1a903f11-bac2-43f1-9138-a8b4259adbdf.csv
1;150.6;2019-05-27;parcelas_1a925758-ad51-48de-adc9-f1ea5e5c06a4.csv
1;65;2019-11-01;parcelas_1a968447-20da-4b2a-aacf-a593c99ddb72.csv
1;885.08;2019-10-29;parcelas_1a98f3f8-10f9-49c6-b5ca-6201623ab407.csv
1;62339.45;2019-04-11;parcelas_1a9d59d4-a34b-4488-87b2-a2a1f10d4931.csv
1;119585.17;2019-03-13;parcelas_1a9eb4f8-e6c4-4429-a1f9-cd10d9b68d1d.csv
1;1050;2019-08-30;parcelas_1aa1d315-862e-49ac-b350-197a772c6e74.csv
1;7253.2;2019-05-02;parcelas_1aa50174-57a7-428e-a304-b0f8d64de2c4.csv
1;82891.49;2019-11-29;parcelas_1aa5d9b2-09ef-4dab-97dc-c50162b871da.csv
1;130535.61;2019-10-29;parcelas_1aaa3c62-4951-4424-ac9b-b2450b74dd09.csv
1;1066.78;2019-07-18;parcelas_1aac0ce9-f9c5-497d-a024-9d8c62b905fc.csv
1;30000;2019-11-21;parcelas_1ab43546-423e-4433-ac96-64950c7910d9.csv
1;252;2019-03-20;parcelas_1abb214b-dd63-42cd-9c7c-923b012f4f61.csv
1;655.6;2019-03-18;parcelas_1abb3529-0374-4ae3-8270-b694644b2a97.csv
1;255.5;2019-12-10;parcelas_1abda0a9-127f-4d48-bc81-0eecd1036e12.csv
1;108215.49;2019-02-28;parcelas_1abea2fc-636b-413e-9d9b-d9e040b3b24d.csv
1;12592.6;2019-01-10;parcelas_1ac093de-7acf-4964-af32-6cd75fd19a7b.csv
1;4688.75;2019-06-27;parcelas_1ac10949-b7a3-49d2-8bd5-66a0f1a0d523.csv
1;65;2019-11-05;parcelas_1ac537fa-f2fd-4dd6-b79c-121f432ad343.csv
1;307.75;2019-04-16;parcelas_1ac9a632-6e9d-454a-a57b-be5753775b43.csv
1;79.79;2019-10-24;parcelas_1aca3aa4-693f-4f20-a57d-088a316b3ea7.csv
1;6211.19;2019-06-27;parcelas_1acadbc3-1618-4102-817d-2dc9b463a39a.csv
1;41355.56;2019-01-02;parcelas_1acc7fed-8926-4bb9-8239-e694cc6b8b2a.csv
1;520;2019-05-31;parcelas_1ad00081-915e-4218-a143-02c14d74d75b.csv
1;4086.6;2019-06-06;parcelas_1ad31cd5-6243-437a-932c-cd66c6dce24e.csv
1;31712.2;2019-12-19;parcelas_1ae6941b-e3e2-43ae-a2b0-e1b05b8bec86.csv
1;115081.38;2019-02-08;parcelas_1af8857c-7dc7-49d8-a944-f2235f6bc982.csv
1;22734.82;2019-02-28;parcelas_1afdf03d-2ad6-498a-a2d6-8cae6733e244.csv
1;139201.88;2019-06-27;parcelas_1aff92fc-70a8-4642-9c38-9e1119b1cf04.csv
1;212391.04;2019-10-30;parcelas_1b00abdc-f127-4726-8978-e0cd7c275b03.csv
1;26781.16;2019-12-11;parcelas_1b01ea51-a0fd-4784-a890-f6c57d0d9138.csv
1;943.42;2019-03-22;parcelas_1b035fa4-4095-4549-a1b4-8019064d4462.csv
1;11823.72;2019-07-17;parcelas_1b08f2f1-73a6-4784-8f43-c9ac7474690f.csv
1;1098.56;2019-01-31;parcelas_1b13245b-1183-42b7-812a-9ad5c765e983.csv
1;103900;2019-10-16;parcelas_1b178560-d001-436e-832d-f5d76b454338.csv
1;8420.44;2019-02-13;parcelas_1b1b1e32-8d47-4120-8ec4-044b345db164.csv
1;3419.4;2019-07-18;parcelas_1b1b5be8-7599-4c15-bda1-91bc54b8c4a0.csv
1;146.44;2019-03-06;parcelas_1b1b94e3-fce5-4356-9d50-20ff3de99ab6.csv
1;7861.84;2019-02-28;parcelas_1b22e338-f0a6-49b2-aed2-e0a097638762.csv
1;9902.52;2019-05-13;parcelas_1b2d0d9d-9aa3-45db-89fd-de5c6269bf0e.csv
1;23636.1;2019-01-10;parcelas_1b3e487c-9992-4db0-ae20-3061117acf07.csv
1;826;2019-11-14;parcelas_1b3ead55-e5b9-4745-9227-6bb2f6687fb9.csv
1;42.9;2019-11-18;parcelas_1b421377-2e77-4159-be5f-b25d2a367dbd.csv
1;54325.71;2019-08-30;parcelas_1b50e698-dd4c-463b-81ae-517cd45ed4d2.csv
1;2361;2018-12-31;parcelas_1b5604b3-f06d-40fb-8ffa-35a07c1b29b2.csv
1;5597.52;2019-08-14;parcelas_1b577e9b-37fc-4a80-9da9-9660fecda44a.csv
1;5000;2019-06-11;parcelas_1b6fee6d-dcae-4436-979d-944a6f04b462.csv
1;29.17;2019-09-30;parcelas_1b70818d-45e3-42f4-a8d7-4eec058862f1.csv
1;500000;2019-01-28;parcelas_1b790031-16aa-4a96-b266-9ed0e543e5f0.csv
1;13700;2019-02-01;parcelas_1b7d9ad5-e707-4feb-9b29-e80fd21e181b.csv
1;65;2019-07-17;parcelas_1b7de941-f626-407c-9c19-588854e77264.csv
1;38523.87;2019-12-31;parcelas_1b800a9d-2611-495a-b6fa-4eca7b177d95.csv
1;100000;2019-04-11;parcelas_1b81672d-c55b-4aef-afee-09005e868166.csv
1;59498.09;2019-12-19;parcelas_1b827f5a-cecf-489a-8610-da21853daf0d.csv
1;119807.76;2019-08-13;parcelas_1b86bfeb-430e-456d-927a-79ecdfa5c4f3.csv
1;186.74;2019-04-17;parcelas_1b8a402a-dfcd-494b-ab1f-5f6903d15ddd.csv
1;175.08;2019-04-05;parcelas_1b97bb97-548b-4ac4-a54c-9f94ca360c76.csv
1;68062.5;2019-10-08;parcelas_1b9d0199-dbaf-48f2-a9da-717207604335.csv
1;66.67;2019-01-22;parcelas_1b9de0d4-a1d0-42e6-9f00-12305eff1e6e.csv
1;26209.95;2019-04-30;parcelas_1b9f6527-db87-4333-a9a4-0f0d0add0f16.csv
1;273937.25;2019-12-30;parcelas_1ba01b27-1e09-473f-a7e8-cea1518e2b91.csv
1;3367.12;2019-01-31;parcelas_1ba0d4c0-8092-4cf8-9400-5b3e846976ff.csv
1;316578.28;2019-03-29;parcelas_1ba1e281-f67c-42ee-b5b6-0e484c549d8a.csv
1;1034;2019-07-16;parcelas_1bafc798-48b0-49db-beb1-fbc2e30d04a0.csv
1;23952;2019-01-02;parcelas_1bb45955-a559-412c-9c1d-68aa5fa2f7da.csv
1;9425;2019-11-29;parcelas_1bbb3038-345d-41fc-b541-a1f910a9d601.csv
1;9336.04;2019-01-21;parcelas_1bc3164a-b3ca-4fd2-96a6-f712efeb7817.csv
1;175125.87;2019-04-30;parcelas_1bc35161-8362-4507-aa1c-62f990623d49.csv
1;775.27;2019-05-17;parcelas_1bce9611-5120-4672-b892-309279ab81c5.csv
1;7011.5;2019-11-26;parcelas_1bd0fe43-fc4c-4a90-a8ff-696180ef30ad.csv
1;25146.87;2019-01-28;parcelas_1bd6df0b-8afb-4459-8d43-a511ca075d39.csv
1;100;2019-02-28;parcelas_1bd7d691-968f-4c8e-99c5-4d14d70d8fb0.csv
1;79.79;2019-08-16;parcelas_1be3c2d8-b338-4c72-8862-2e55d7860abf.csv
1;7355.45;2019-04-29;parcelas_1be74365-fb4e-4a1d-8ef9-e3bed2a71c99.csv
1;535.71;2019-08-30;parcelas_1bec3f95-d8a6-49ef-be24-8a878dae440f.csv
1;2126.24;2019-11-26;parcelas_1bf0cf4c-0e0b-4c77-92d3-fb06eae68704.csv
1;200;2019-06-27;parcelas_1bf8a630-e704-4b81-a27d-28774bd75a13.csv
1;11800;2019-11-07;parcelas_1bfc7dc1-4996-481f-8a86-670374523eeb.csv
1;76591.72;2019-06-06;parcelas_1c046f72-3f03-46d1-b360-5c20240fa8ff.csv
1;3185;2019-08-23;parcelas_1c0d4654-b476-498b-9631-311183b4f289.csv
1;85.96;2019-06-12;parcelas_1c0ed9f1-6b18-4363-a87f-b41f5ca7d199.csv
1;12279.28;2019-05-21;parcelas_1c14befe-78ba-406f-9cf7-748e81243ebe.csv
1;170.97;2019-02-21;parcelas_1c16891d-9e16-4af8-b4e3-4fc514f774a1.csv
1;500;2019-07-31;parcelas_1c1c9334-0046-44fa-bd1e-aa2ef48db01b.csv
1;12525;2019-03-01;parcelas_1c1cb211-617a-434f-a9e5-fbc880c01e55.csv
1;8760;2019-10-29;parcelas_1c3862d3-832f-4f3b-9147-910d22f0c0b9.csv
1;9650;2019-05-03;parcelas_1c46107c-d808-446e-8253-25b0525ce835.csv
1;387.53;2019-09-19;parcelas_1c47e00e-1a84-4ce0-a655-64ee158686db.csv
1;845.91;2019-01-28;parcelas_1c4dc019-99dc-4873-8dfb-22c872a4da93.csv
1;65;2019-06-07;parcelas_1c516bf4-376a-492c-9580-554e38bbb1e7.csv
1;508.76;2019-06-27;parcelas_1c5aa8e3-e688-49ef-a114-815751b07e3e.csv
1;1844.1;2019-05-31;parcelas_1c606cde-c242-4fc9-a38e-df55d20476b6.csv
1;20075.75;2019-02-25;parcelas_1c61f0da-60f4-47de-9a2e-1ec392b91107.csv
1;4954.03;2019-01-02;parcelas_1c663b00-5e21-4ca3-b034-7f145c43ab2c.csv
1;3051.02;2019-04-30;parcelas_1c692151-1321-4a54-a914-e3dd7b4a5392.csv
1;44674.57;2019-06-27;parcelas_1c6af36f-cfe0-46e9-a21b-3e43ae555977.csv
1;66.66;2019-01-22;parcelas_1c6f2206-f52d-4be2-9064-8a6b1ec6579d.csv
1;273.28;2019-06-24;parcelas_1c73de17-1e72-4c3d-a674-bfe5b868d307.csv
1;18308.92;2019-06-27;parcelas_1c758c12-f3d3-4ec6-9564-0ec35e574d52.csv
1;18048.11;2019-06-19;parcelas_1c765ad9-2aeb-45ba-9540-8c10f1f4b1eb.csv
1;8839.12;2019-11-28;parcelas_1c7e7148-b55b-4ed0-a080-b7590b9d60d7.csv
1;340511.81;2019-01-31;parcelas_1c7f310c-dd44-4825-9c3a-72eb04e6e572.csv
1;427650;2019-08-28;parcelas_1c89e98b-2112-42d9-9c64-030fcf26bf06.csv
1;979.61;2019-06-24;parcelas_1c901264-1d50-401a-a934-d1802b84e98f.csv
1;16500;2019-09-09;parcelas_1c91d0f4-1751-4314-95a6-9293d5e8f77e.csv
1;1107275.31;2018-02-20;parcelas_1c9ea5f9-dcd7-41b9-bd6c-e33da253f4e7.csv
1;10000;2019-12-16;parcelas_1ca240a0-2c35-44c6-8dba-88fb1e8053f8.csv
1;13097.2;2019-07-23;parcelas_1ca3ad77-3853-4b00-aa73-cb34b15d9308.csv
1;42000;2019-12-11;parcelas_1cab3f21-fcf4-4c3f-926f-e73777cb37ce.csv
1;423130.56;2019-04-29;parcelas_1cb52812-348c-414d-9fdc-f36bab43e323.csv
1;737154.44;2019-09-30;parcelas_1cb5ec98-6ec1-44da-94d2-b5f04e5c5dd1.csv
1;430.26;2019-02-11;parcelas_1cb65520-7b0d-4b7a-8819-8cb8846a6d68.csv
1;973129.29;2019-06-10;parcelas_1cba1f83-17d8-498e-a7fc-792b889e45d0.csv
1;513.92;2019-06-11;parcelas_1cc2e7fd-5228-4da4-a1e2-870944143543.csv
1;23732.84;2019-05-15;parcelas_1ccdaf72-0e32-4439-b095-2a6a58c6ddcd.csv
1;903.27;2019-06-06;parcelas_1cce3db2-86c0-463c-8797-2b0bf60cb5c3.csv
1;70;2019-02-20;parcelas_1cd91205-6ca0-4be1-8562-83412f950a13.csv
1;16470.4;2019-03-29;parcelas_1cd9acc3-e208-4988-9a18-fd66be9deb68.csv
1;477.72;2019-08-08;parcelas_1cdc9c1b-cf7d-40e0-83e1-8a03af1b5485.csv
1;250000;2019-08-13;parcelas_1cdee648-9437-4758-af59-d7347df1c665.csv
1;160000;2019-05-15;parcelas_1cdf854d-23de-4557-b7a6-46c90e80768d.csv
1;158.04;2019-06-14;parcelas_1cee8224-1156-41c2-a2dc-f083051b685f.csv
1;6000;2019-09-02;parcelas_1cf0bb2d-0f6d-42ed-97e9-b65efbdf6cb3.csv
1;159.58;2019-09-12;parcelas_1cf0f044-2a9e-47bd-9b49-5d5e5a2df9ec.csv
1;3415;2019-06-10;parcelas_1cf6a357-0f4a-4ef3-8ab3-cb2d65d0147c.csv
1;65;2019-03-14;parcelas_1cfa0303-5c60-457b-a4a0-a0843e5b4c29.csv
1;2634.23;2019-06-25;parcelas_1d10917d-98c5-48d1-8643-dd2da60cb6b2.csv
1;2718;2019-10-16;parcelas_1d10a861-c565-4546-926c-f278eb5ab477.csv
1;3657.45;2019-12-19;parcelas_1d131e24-34c0-4014-a9ec-21db008f5914.csv
1;3316.68;2019-01-31;parcelas_1d1615d5-395d-4975-ace1-089f6b6448f5.csv
1;566.8;2019-04-03;parcelas_1d1cdb5b-b99f-40b9-acc3-08567e83ad42.csv
1;10788;2019-08-27;parcelas_1d1d4c8a-3ec3-43c5-929c-7aa90fcab61a.csv
1;16858.68;2019-07-10;parcelas_1d2803af-7bd1-4425-b586-a959a64cdec0.csv
1;5690.84;2019-08-28;parcelas_1d2b955f-9cf9-474e-a7f9-e22e7b32867b.csv
1;61945.98;2019-01-25;parcelas_1d355a72-e2ae-4f0f-ab7a-60fae31767d7.csv
1;29179.65;2019-12-02;parcelas_1d3b60a9-c61d-4db8-9ac7-a2a0689bd065.csv
1;130;2019-07-01;parcelas_1d3cf63b-4ffe-4a8e-a4df-966478103b6f.csv
1;90000;2019-04-17;parcelas_1d3d30cd-5f81-443a-9c53-7bde4cbfff2e.csv
1;2874;2019-12-05;parcelas_1d3da78f-5d97-443e-891e-ddb8697f014b.csv
1;26965.3;2019-01-02;parcelas_1d3efdf3-e53d-4dac-a781-42abbe549bfc.csv
1;104.13;2019-03-18;parcelas_1d463588-bf1e-4f94-bbd1-54386c5c74f3.csv
1;6044.28;2019-06-27;parcelas_1d489660-5802-4faf-8b7c-e093f279d19c.csv
1;663.36;2019-03-20;parcelas_1d54d923-9dcf-4f6f-999c-92fe7c7cefc9.csv
1;116800;2019-09-30;parcelas_1d635d06-2212-4511-8cb1-ef158f0fc364.csv
1;11128.91;2019-12-30;parcelas_1d677b5d-339c-4fdf-96ba-9244faec5fa0.csv
1;15967.86;2019-10-31;parcelas_1d6a8392-f481-4345-9c9c-611b9ad392b9.csv
1;281.96;2019-11-05;parcelas_1d6b2add-ae99-4cc6-876f-1608940cc06b.csv
1;22031;2019-05-02;parcelas_1d71edf0-ec3a-436b-bdb5-ef06616b2d0b.csv
1;954;2019-02-19;parcelas_1d730ade-ed62-45c7-a111-854063e9f961.csv
1;5898.98;2019-07-31;parcelas_1d7a3632-1e73-4d40-83d7-0e1b4c62249d.csv
1;23822.31;2019-12-30;parcelas_1d82a0b9-239c-440e-bf61-91ef3c53a0a9.csv
1;23052;2019-07-10;parcelas_1d84e914-7f6c-4683-98bd-f9d3ae28deb5.csv
1;170000;2019-01-02;parcelas_1d8c02cc-2f99-427e-89dd-888ab26d2617.csv
1;16.59;2019-02-11;parcelas_1d9cbdab-18a0-4da9-a2b4-12da6fa64790.csv
1;300;2019-05-29;parcelas_1da90a27-9f9d-4951-964e-a27eb42ecc76.csv
1;458.5;2019-09-10;parcelas_1daa16c6-1188-4547-b2ac-b60161a42e13.csv
1;36431.22;2019-05-28;parcelas_1dabd397-b2fd-43dc-8e7b-9bbc0b502a82.csv
1;4000;2019-01-04;parcelas_1db321ac-b47e-4177-b5de-3758987ab636.csv
1;7667.9;2019-05-14;parcelas_1db32f25-264b-4058-af5b-95f9f8d28a09.csv
1;66.26;2019-03-12;parcelas_1db44d8f-4d05-430a-b5b8-4ae2dd78ff8e.csv
1;950.72;2019-07-31;parcelas_1dc2c2b0-6310-443f-b844-617fbc4efaab.csv
1;263.9;2019-11-14;parcelas_1dc86a94-b09f-44bd-aac4-83d907bfef60.csv
1;36593.42;2019-09-27;parcelas_1dcc2538-bfa5-40a4-98e4-a324362985cd.csv
1;140.18;2019-01-28;parcelas_1dd9b5d7-1cb3-4191-b89f-a9e9ba9b312f.csv
1;77176.3;2019-06-27;parcelas_1dd9bd98-328a-452e-bc51-0eac5353f574.csv
1;19680;2019-03-22;parcelas_1ddb017a-37ef-4467-b43a-b8a7083fe325.csv
1;441;2019-02-14;parcelas_1ddbd6ed-77c7-48ef-96f3-b20e2f810e42.csv
1;100;2019-03-26;parcelas_1de50305-4c86-4118-b871-d71f77ae24e0.csv
1;121994.11;2019-11-28;parcelas_1de56c45-6945-494b-be66-330b5ea982a8.csv
1;146.48;2019-03-12;parcelas_1de60f02-d760-4682-bd48-559e0dcfa218.csv
1;8460;2019-12-19;parcelas_1de77ae3-4a9a-47b0-b6c9-ac104c8f44f0.csv
1;14179;2019-06-03;parcelas_1def44f7-ee36-45a9-973a-5bc356acb316.csv
1;20000;2019-10-31;parcelas_1df4ffb6-f295-4309-bad6-31ec75decda0.csv
1;290;2019-05-14;parcelas_1dfb2288-334c-4df0-b8d8-8fc013fc3843.csv
1;10416.42;2019-09-19;parcelas_1e00ebba-2f9e-41ef-bbaf-0022264ca52b.csv
1;604.1;2019-10-24;parcelas_1e03ba09-3a52-4ab8-bc66-e206b9231bae.csv
1;65;2019-01-08;parcelas_1e115ff6-531c-478b-ac59-a5718824c1a5.csv
1;120.12;2019-12-30;parcelas_1e126078-2042-454a-bce8-11976d0d7224.csv
1;16534.8;2019-09-20;parcelas_1e243387-67ab-4eaa-9c31-1712b84a16ca.csv
1;8.13;2019-09-13;parcelas_1e268b2e-0b8e-4cb5-a9e2-83ebcaae4493.csv
1;5461;2019-12-30;parcelas_1e27ca1c-4698-41bf-a8a9-4889d0a0ed83.csv
1;16.83;2019-05-28;parcelas_1e2e3879-b2e0-4b25-ae68-321642c7f286.csv
1;2458.8;2019-10-16;parcelas_1e453e6a-cf67-436d-862c-89762652a8e6.csv
1;8700;2019-08-12;parcelas_1e4612e4-8fc8-4a5c-8424-03b866167644.csv
1;39829.5;2019-10-18;parcelas_1e46fd31-077e-4fef-8f26-801a4f27a9de.csv
1;79.79;2019-07-16;parcelas_1e4976bf-f309-41a5-bbe9-478c40d89eaa.csv
1;211756.79;2019-12-10;parcelas_1e4a2cd7-fac7-47a6-a58f-998a540abc5d.csv
1;184.56;2019-02-15;parcelas_1e524fe3-3bdf-469c-bd66-4d9ca4713fef.csv
1;6313.89;2019-12-19;parcelas_1e57343a-0023-425e-b11f-c1e6c1a17e12.csv
1;13514.11;2019-01-29;parcelas_1e58c1ba-1282-48b4-b832-91f503b51399.csv
1;33251.4;2019-01-31;parcelas_1e5edb7d-5d46-4777-9daa-5259d689f837.csv
1;365.64;2018-12-31;parcelas_1e5f3595-8cba-4d7d-830a-300698bba613.csv
1;8250;2019-05-21;parcelas_1e64a4ff-6931-445d-91e4-eb2b6b0bd975.csv
1;65;2019-01-16;parcelas_1e66203a-4d71-44cf-a47a-7220defef437.csv
1;318225.68;2019-03-25;parcelas_1e6eaea9-9dd0-44cb-a663-d3cb955d7a2b.csv
1;8460;2019-11-28;parcelas_1e784381-1460-4928-a5d8-a8c0ead3ff13.csv
1;302000;2019-11-01;parcelas_1e793d43-df46-47ed-b01b-f6ac4c87642f.csv
1;65;2019-10-01;parcelas_1e7e38ab-7976-49fb-ae4f-77ec7fa82b61.csv
1;73.66;2019-07-11;parcelas_1e84b75a-ca45-44f4-8f4f-571c42bf4c82.csv
1;2800;2019-10-30;parcelas_1e93c2cd-7f14-42e2-af5a-3e4e116926c6.csv
1;2435.7;2019-03-22;parcelas_1ea009cb-5c98-41f3-904f-1403c75b3ca0.csv
1;6387.5;2019-07-31;parcelas_1ea0bc6a-1b93-4e83-b925-2f78ee1315a6.csv
1;9650;2019-04-18;parcelas_1ead3f66-fa9a-4cda-9d05-5920be705fe3.csv
1;8032.88;2019-02-28;parcelas_1eb34bbc-414e-47c3-ae72-3b2fd6267cc2.csv
1;175;2019-12-19;parcelas_1ec05b53-e867-4945-8656-aaf02e6cf662.csv
1;65;2019-02-20;parcelas_1ec34778-619d-4584-9162-79d430bbca45.csv
1;503.33;2019-10-29;parcelas_1ed7d214-6049-4a79-a5ee-be96f0e49d6c.csv
1;998;2019-12-31;parcelas_1eda4fd7-35b9-4625-80d3-f71b0acb438b.csv
1;387.53;2019-10-24;parcelas_1eda8040-c829-4df7-8ff7-5cf256f3938a.csv
1;6678;2019-03-18;parcelas_1edbd603-d00b-45b1-81ad-c96d12a13188.csv
1;40120.76;2019-01-28;parcelas_1ede584b-cb81-4db3-9b8f-f562ff8a99c4.csv
1;77997.86;2019-07-31;parcelas_1ee09c45-e29f-4007-95fb-8c1b3abf138c.csv
1;1026.14;2019-07-30;parcelas_1ee4895e-c949-48a7-a56d-40aad7aca50f.csv
1;78750;2019-02-11;parcelas_1ee94f54-6144-4a4a-9aee-a9baf5ff5ab0.csv
1;65;2019-08-21;parcelas_1eeb065e-ff86-46e9-8d29-40822e258a9f.csv
1;137311.75;2019-01-02;parcelas_1eebf5a8-7e3d-459a-8adf-3d29960518ab.csv
1;312898.98;2019-09-30;parcelas_1eecf0ea-4d8b-4b83-87ed-b79457d7666d.csv
1;9243.58;2018-02-20;parcelas_1eed8535-8c21-422d-b29c-e3d4c1f81c52.csv
1;3663.89;2019-06-28;parcelas_1ef7ca9c-c805-4821-bc0a-f22995928c46.csv
1;48;2019-10-14;parcelas_1efc8bd0-3a68-4e32-932a-4d0397ea8444.csv
1;65;2019-08-12;parcelas_1efebd4d-ca7c-4734-83c6-70cfc4458771.csv
1;205.16;2019-10-21;parcelas_1f02645d-7229-4217-b7a7-9381e12ada4e.csv
1;1000;2019-04-25;parcelas_1f044d63-2ef5-4570-bec0-eecbed9311e2.csv
1;249.5;2019-05-22;parcelas_1f0b0e69-dc11-4182-b63e-a07e64df90bd.csv
1;61036.32;2018-08-13;parcelas_1f0dc2a3-026c-44a9-8e50-1d6f5c92b887.csv
1;122824.96;2019-05-08;parcelas_1f1055bf-a859-4651-b8ad-53bc1b9f84b7.csv
1;91818.17;2019-10-30;parcelas_1f2fa667-ccdf-44e4-8e5e-38eb79b5f327.csv
1;27.46;2019-08-30;parcelas_1f3033f2-2e78-462d-8630-4a93e8ed4952.csv
1;8221.96;2019-03-18;parcelas_1f320a99-9483-4339-a150-cfffa237cf10.csv
1;30000;2019-10-21;parcelas_1f3ddc82-a039-4aa8-aee7-6758d19cda27.csv
1;1769.88;2019-06-04;parcelas_1f4285a3-4a71-4420-a1e4-4aedf949f7d7.csv
1;720;2019-11-25;parcelas_1f56578f-4402-4ef8-92e0-1ddd650378dc.csv
1;3806;2019-04-17;parcelas_1f573aab-b076-4774-9178-bed348b8e373.csv
1;9256.66;2019-09-09;parcelas_1f5c97e1-4f82-4f54-9333-99b69a4e6ffa.csv
1;2766.35;2019-09-30;parcelas_1f5e118c-b616-4215-bbab-86cdc8eab354.csv
1;20000;2019-03-06;parcelas_1f67f72c-1c59-4a26-aad8-8add0c25ba4b.csv
1;100000;2019-03-01;parcelas_1f6aca2a-a916-4083-8b8c-c6e862ab31a9.csv
1;131.15;2019-09-24;parcelas_1f6d3133-c623-41db-92fd-dbee7e231477.csv
1;170.97;2019-03-18;parcelas_1f6e9b39-816f-43d0-adda-082f54174b63.csv
1;7000;2019-05-14;parcelas_1f745112-751e-466d-be0a-e35525a023bd.csv
1;535.71;2019-03-27;parcelas_1f7efe4e-e7ed-429a-b301-f484adaf519e.csv
1;2451.22;2019-07-30;parcelas_1f84b2e1-9ac3-464d-a259-589538d63065.csv
1;998;2019-11-29;parcelas_1f87bf89-e392-44b8-a29f-4d33d578dd83.csv
1;2928;2019-07-16;parcelas_1f8ec9da-27fe-46ad-988c-5e3f6a8c737f.csv
1;65;2019-11-27;parcelas_1f9362fe-a690-4168-ac4b-d6cb09fc381f.csv
1;2186.46;2019-07-16;parcelas_1f9851a8-df81-43c0-8b22-169e95011e87.csv
1;14975.65;2018-12-28;parcelas_1f9e01b4-2f1d-4b86-b558-ed047f645c71.csv
1;570;2019-05-02;parcelas_1fa5478d-4c56-41b7-8c32-7538287aa21b.csv
1;142.46;2019-03-06;parcelas_1fafa9f1-a719-4ca5-9c46-545637672e5f.csv
1;1140;2019-01-30;parcelas_1fbcfa6e-0260-4e84-a47f-97c9e879e257.csv
1;8400;2019-08-30;parcelas_1fc3d2f3-3094-4483-8cef-bbb9cbb9f8b8.csv
1;72412.67;2019-08-30;parcelas_1fd4bfc5-84d6-46ac-af93-5761b91c2602.csv
1;683.88;2019-12-09;parcelas_1fd54328-ae59-4d57-bd60-ec2ac596112a.csv
1;1513.29;2019-09-19;parcelas_1fe17737-2d9f-433d-be21-0cb852a3a8b0.csv
1;3447.39;2019-05-31;parcelas_1fe4489d-303e-4590-841a-3f2d7a8892ea.csv
1;14937.57;2019-04-30;parcelas_1fee9c11-2091-4ce3-9d3f-f085c9363f87.csv
1;5000;2019-10-28;parcelas_1ff0807c-4346-4c9f-9c5e-74ce1daf2301.csv
1;1261.62;2019-02-28;parcelas_1ffb06c4-0bb8-4e93-aae8-200a8f9065b0.csv
1;1225;2019-10-30;parcelas_2001f1c9-fcd1-4b2a-9b28-1969ae8b0757.csv
1;4320;2018-12-31;parcelas_2003dde4-e140-4ff2-b224-964da12e97e6.csv
1;2400;2019-10-31;parcelas_2010e33a-a2a7-4b26-bce3-de1301f63333.csv
1;4108;2019-02-20;parcelas_20111845-917c-483b-b214-13baee8a3ebd.csv
1;6843.72;2019-08-30;parcelas_2011a4f9-4302-4f63-a0c0-a242adf17411.csv
1;587.21;2019-10-30;parcelas_201205c8-1e3b-4f21-9432-a58f0d2b0602.csv
1;79.37;2019-09-20;parcelas_2013cb7e-aa65-419d-9c58-683615886927.csv
1;6988.47;2019-12-30;parcelas_201c762b-8855-4a4e-ab8f-9275eb5d634a.csv
1;95378.01;2019-04-30;parcelas_201d0653-21c3-4558-a64e-cbd7275e358e.csv
1;1118.5;2019-11-28;parcelas_201d8012-1afc-43fc-892e-b20b6f00db78.csv
1;2372.05;2019-03-08;parcelas_201ece23-9dc9-4467-8ee4-7b0a9e3ab664.csv
1;920.93;2019-06-19;parcelas_202b4ed2-592a-426e-a53f-09d1224d62f8.csv
1;672.48;2019-06-17;parcelas_202d7b03-baf7-4e38-8be9-538bef6a3acd.csv
1;10357;2019-04-08;parcelas_20325ad9-c4c3-4e45-8155-371aede76a9e.csv
1;627;2019-06-19;parcelas_20356d0e-1d4d-4d66-aca3-98a94508858d.csv
1;3759.2;2019-07-04;parcelas_203aa837-c071-4d88-9d00-24018867ab5c.csv
1;159.34;2019-06-27;parcelas_2041bbb2-0e38-49ab-acaf-d37b03b99701.csv
1;110752.71;2019-12-23;parcelas_20469737-f974-4b10-975b-aea1b9398cbd.csv
1;72566.68;2019-07-31;parcelas_204748c3-fa7d-4f3d-9942-03f0f56f3e3a.csv
1;6710.25;2019-11-28;parcelas_204b430d-5822-4c25-82a7-d5d52dccfd23.csv
1;6856.58;2019-08-30;parcelas_204d08cb-eac2-433c-8b01-da4635fff1d5.csv
1;300.02;2019-06-27;parcelas_204e65c1-8b6a-4b8a-b81f-3e98302c9317.csv
1;444;2019-04-08;parcelas_204f6783-4eed-4990-8b5c-c6bd3fff5fe5.csv
1;7722.63;2019-10-25;parcelas_20513b2c-ad08-4768-8f5d-ef42ec984dd8.csv
1;65;2019-07-15;parcelas_20566bd6-6d03-434b-9823-0b362598878c.csv
1;5260.44;2019-11-29;parcelas_205a1f15-0d4c-4ff6-ab98-055838235c73.csv
1;3920.09;2019-11-28;parcelas_205e7b95-a664-4790-b20a-780e7733a1cc.csv
1;3150;2019-08-30;parcelas_205f3bf6-0b26-43cd-a4ee-59315b3203d7.csv
1;406.7;2019-04-22;parcelas_205fe4dd-342a-4b17-882a-b64312a3c21e.csv
1;75818.54;2019-11-29;parcelas_20603f3b-d17d-4a67-8782-a13f9a1af812.csv
1;2000;2019-03-22;parcelas_2061cb5b-9f56-4bf9-a387-dc3249ffd2ff.csv
1;849709.55;2019-01-02;parcelas_2066bb3b-e55e-4165-851b-58da2e688b17.csv
1;71.93;2019-11-29;parcelas_2068ff53-8aa8-43f2-b7d5-1e41c0fcb9ac.csv
1;535.71;2019-10-07;parcelas_206d7245-5649-4183-8833-7413588db1b0.csv
1;89583.89;2019-01-02;parcelas_206d7e1b-c317-400f-8f73-17ba370f642a.csv
1;2195.59;2019-12-10;parcelas_20706025-1442-4218-8dc2-052625231305.csv
1;2523.63;2019-10-30;parcelas_2074d766-5a82-4c85-bf86-ac3b2ddac6cb.csv
1;203028.71;2019-06-27;parcelas_2075fa65-4c53-44c2-ac8d-0c6d89b9c526.csv
1;2600;2019-02-27;parcelas_2078bc73-ec90-4a6b-9cba-d6b295472229.csv
1;2665.83;2019-08-30;parcelas_207e77bd-4b96-44ae-9515-d4912ffd15c4.csv
1;756;2019-11-27;parcelas_208289e9-a744-4c25-aa1a-ff882b14d50b.csv
1;11820;2019-09-30;parcelas_2083f1d8-250a-45e9-bcb0-26aba5a32ea5.csv
1;635247.04;2019-04-29;parcelas_20845276-6742-4242-8038-4bff2aa20b01.csv
1;540;2019-01-02;parcelas_208a1df0-1488-4a68-97c6-c2ba4d6e84aa.csv
1;5466.55;2019-02-19;parcelas_208f42f9-62dd-4c68-9a11-bf527a4a0123.csv
1;26587.44;2019-06-19;parcelas_20919354-c4a9-4a4d-ab8b-d8b49ad9a1ff.csv
1;131.46;2019-02-21;parcelas_2094e025-939e-4862-a094-41399cf79d37.csv
1;65;2019-12-02;parcelas_2096413d-aa00-4351-ab3e-3e4d9ae9aec3.csv
1;674.7;2018-12-28;parcelas_209a9a8a-fae4-452c-a748-bccaa754892b.csv
1;1506.3;2018-12-28;parcelas_209a9a8a-fae4-452c-a748-bccaa754892b.csv
1;547.9;2018-12-28;parcelas_209a9a8a-fae4-452c-a748-bccaa754892b.csv
1;65;2019-08-06;parcelas_209c56a5-2b40-4a1e-a0a6-25cd9abafbe0.csv
1;4990;2019-11-29;parcelas_209f73ce-1be7-433d-b89e-d8191de67b5d.csv
1;838868.9;2019-02-13;parcelas_20a0d7a7-0add-468b-8c17-34ef12c3fa4b.csv
1;26.98;2019-04-25;parcelas_20a3ca39-e808-439e-a617-9f246d5b3676.csv
1;65;2019-02-26;parcelas_20a5de11-b413-4db0-a97b-d0c4ced75fd0.csv
1;65;2019-01-02;parcelas_20a85953-2fea-4be7-bb67-014c20af24c3.csv
1;200000;2019-06-19;parcelas_20a9fd4d-e77f-42b4-8951-3e147082038d.csv
1;1962.52;2019-03-29;parcelas_20ac3194-2587-4b55-a353-a54a46520cca.csv
1;10053.04;2019-07-29;parcelas_20afa9a9-fe7e-4e54-a678-e721b6935819.csv
1;27280;2019-04-08;parcelas_20c0b777-a702-427d-80d4-d229dc205e2a.csv
1;113114.93;2019-01-02;parcelas_20c11d95-3e39-4726-a0ef-e86cdfbe73b2.csv
1;66;2018-12-28;parcelas_20c641cd-7c3c-4cea-8dfb-244e463fc9d9.csv
1;6189.09;2019-04-30;parcelas_20c71e5e-8b91-4d1c-b4d5-0b9613fc23b8.csv
1;566500;2019-08-13;parcelas_20c92b2a-7df0-41c8-9c97-1c2c208f0f62.csv
1;3380.67;2019-08-30;parcelas_20eae187-9a81-4f0a-94f1-15a394bc9f42.csv
1;4503.52;2019-12-30;parcelas_20ee687d-d1d6-47e5-8779-4bb0a1dc2046.csv
1;9250;2019-08-12;parcelas_20f636c4-af57-4956-a0d3-bfb1f3b25f63.csv
1;54000;2019-09-09;parcelas_20fb946d-452a-46da-848b-6410ecfefb3b.csv
1;18640;2019-11-25;parcelas_20fbfc2a-e8b8-4b6d-9b97-049f91c65ec6.csv
1;92.68;2019-07-15;parcelas_20ff1694-8c02-4c72-b7ad-8227f41e2705.csv
1;27456.6;2019-08-20;parcelas_20fff7a3-fcbe-4f7d-80af-e8574aa8aee4.csv
1;58.42;2019-05-08;parcelas_2105c2fa-e61b-407a-99e7-29df2d563963.csv
1;65;2019-12-13;parcelas_210716a2-0750-4a21-88a2-07a7e70d49c2.csv
1;589.7;2019-08-26;parcelas_210a205e-f9d9-43a5-8eaa-fd55fa96a2cc.csv
1;10526.8;2019-04-30;parcelas_210b7a3c-e93d-426c-9213-cf787e6fdfa0.csv
1;4232.55;2018-12-28;parcelas_2114eb68-3f59-4d83-9358-67c822e46763.csv
1;128.36;2019-04-05;parcelas_21183ecd-2d36-4d2b-a3c9-be60c00ff1ee.csv
1;16726.42;2019-09-26;parcelas_21188a28-b4f3-45b4-b6ed-45478959c366.csv
1;15687;2019-02-15;parcelas_211dc360-22e9-4523-b2fb-220dce72f535.csv
1;249.5;2019-06-27;parcelas_211ff71b-e907-49ea-a195-23c6bda4b5b2.csv
1;1000;2019-11-29;parcelas_213cc47d-9fce-44c9-a649-640c283c8c5f.csv
1;10668.96;2019-01-02;parcelas_213ef13e-3c4c-4081-ad7d-43740d3fdf3a.csv
1;73672.56;2019-11-14;parcelas_213fefbf-a584-43d3-b646-89800f558e47.csv
1;388.75;2019-06-27;parcelas_21431121-a5c9-4853-9d22-3b3920d02b30.csv
1;20000;2019-01-02;parcelas_2143e7c2-387e-4732-83fc-a06768f5ed74.csv
1;21986.06;2019-08-27;parcelas_214469d9-3b78-4230-a445-8675169f8765.csv
1;841.08;2019-02-28;parcelas_2147aec3-9ce6-49e2-812b-c77e4d91e76c.csv
1;306.9;2019-11-26;parcelas_214b801f-7a69-4341-8d92-2271c9ce453c.csv
1;3102;2019-05-02;parcelas_214d348f-3fa0-4911-bd6c-0ae66d04c061.csv
1;1000;2019-12-30;parcelas_21531cd6-ed20-4b14-bcc0-ccedfa8b403e.csv
1;4325;2019-12-03;parcelas_215654a6-ce1c-4cab-91cb-198a83740e75.csv
1;250;2019-03-12;parcelas_215cc2b8-a702-4cc5-a607-253abf00e802.csv
1;28801.52;2019-01-29;parcelas_2161a8d4-16bf-424a-8dac-796d2dba4227.csv
1;79.79;2019-08-08;parcelas_216a66fb-8278-4c4c-8cca-fc5f8177a003.csv
1;30417.57;2019-06-19;parcelas_216b2cff-bf0c-411a-a70d-7a6bafa6cbb1.csv
1;40776.8;2019-11-26;parcelas_216c239e-0dbc-4eb7-b062-7c39b22c6f1c.csv
1;82.66;2019-10-29;parcelas_2177c82d-fa59-4d3a-a6da-c1b4469295f8.csv
1;849.71;2019-01-25;parcelas_217a31c4-50ce-44b5-a06d-3c40042d2edb.csv
1;5625;2019-12-30;parcelas_217a3297-d9a7-4f77-8d52-194331f6a738.csv
1;10053.54;2019-03-29;parcelas_217e1c27-13ec-45c3-bea1-3cf0780bb787.csv
1;8819.2;2019-06-03;parcelas_217ed486-65d8-49bb-9b6e-a3ae6991746e.csv
1;89095.28;2019-12-31;parcelas_2180986d-1220-42de-b7e1-1d0d93014ea1.csv
1;412;2019-03-13;parcelas_218b2cad-465b-4967-9284-49312fc73e55.csv
1;79704.6;2019-01-02;parcelas_218ee9fd-9817-45c0-9ada-bb1850b6ad93.csv
1;8967.17;2019-03-12;parcelas_21958efd-4443-4346-b0cf-4c7e853a9fbc.csv
1;724.5;2019-09-19;parcelas_21a77651-d073-4223-8a48-3dd40a172de6.csv
1;9314.59;2019-01-31;parcelas_21a8fa17-2fef-4407-8d81-28be85241338.csv
1;18930;2019-04-12;parcelas_21ac259f-daf7-4451-adfb-65195c28576d.csv
1;65;2019-12-11;parcelas_21bc15c9-d6c9-4d3d-ac89-95ef27b7793e.csv
1;65751.45;2019-01-10;parcelas_21bc7e72-022f-4cc2-999d-92ed20197698.csv
1;3992;2019-09-30;parcelas_21bec62e-14fa-4734-9166-0284b93a37b5.csv
1;413;2019-07-10;parcelas_21beef25-cac0-43a9-af1c-c64f4192560f.csv
1;45794;2019-03-22;parcelas_21beffe6-8543-4f9b-9c5f-c72877f15036.csv
1;197.92;2019-06-03;parcelas_21bfe76d-c65f-4aad-8301-6f0343b7863a.csv
1;15723;2019-10-31;parcelas_21c36396-7973-43bc-970a-53c66e4b7285.csv
1;65;2019-02-18;parcelas_21d053cf-b547-44aa-b51e-76e18946f797.csv
1;1600000;2019-11-14;parcelas_21d077a8-826e-46e8-9aa0-1e4fcd02a749.csv
1;9624;2019-05-14;parcelas_21d08cbf-d9ca-4b1a-89e7-d5fb949c040e.csv
1;132.57;2019-03-20;parcelas_21d689d2-2f5f-45ca-96d5-0292ac3dc2b3.csv
1;5566.95;2019-09-04;parcelas_21d7ead4-abbe-446d-a107-04675cc3778e.csv
1;8929.15;2019-01-15;parcelas_21e57c81-8c82-4727-9e4e-d5f22e3b966e.csv
1;26913.08;2019-10-29;parcelas_21e6da63-50a9-43c2-9b64-ea3e08d68d15.csv
1;65;2019-07-26;parcelas_21eb848c-c38f-4588-9a3d-078a0224448f.csv
1;2400000;2019-01-02;parcelas_21efb566-001b-41eb-b0e7-b437a3fe28df.csv
1;126;2019-08-05;parcelas_21f177b4-a106-41a9-81db-b076a1a0a6b7.csv
1;816434.24;2019-05-16;parcelas_21f38da1-fe40-4869-9cec-303abe7e6a95.csv
1;138.14;2019-01-31;parcelas_21fa4941-ca73-40a2-99f8-01fc7a77968b.csv
1;73289.91;2018-11-23;parcelas_21fdac8d-7e47-4eac-8bfe-f0e8d014fc6d.csv
1;2930.85;2018-11-23;parcelas_21fdac8d-7e47-4eac-8bfe-f0e8d014fc6d.csv
1;58617;2018-11-23;parcelas_21fdac8d-7e47-4eac-8bfe-f0e8d014fc6d.csv
1;67409.55;2018-11-23;parcelas_21fdac8d-7e47-4eac-8bfe-f0e8d014fc6d.csv
1;75288.37;2018-11-23;parcelas_21fdac8d-7e47-4eac-8bfe-f0e8d014fc6d.csv
1;156437.07;2018-11-23;parcelas_21fdac8d-7e47-4eac-8bfe-f0e8d014fc6d.csv
1;1782.02;2018-11-23;parcelas_21fdac8d-7e47-4eac-8bfe-f0e8d014fc6d.csv
1;29308.5;2018-11-23;parcelas_21fdac8d-7e47-4eac-8bfe-f0e8d014fc6d.csv
1;5861.7;2018-11-23;parcelas_21fdac8d-7e47-4eac-8bfe-f0e8d014fc6d.csv
1;44595.94;2018-11-23;parcelas_21fdac8d-7e47-4eac-8bfe-f0e8d014fc6d.csv
1;69576.27;2018-11-23;parcelas_21fdac8d-7e47-4eac-8bfe-f0e8d014fc6d.csv
1;152273.26;2018-11-23;parcelas_21fdac8d-7e47-4eac-8bfe-f0e8d014fc6d.csv
1;117426.49;2018-11-23;parcelas_21fdac8d-7e47-4eac-8bfe-f0e8d014fc6d.csv
1;1599;2018-11-23;parcelas_21fdac8d-7e47-4eac-8bfe-f0e8d014fc6d.csv
1;308959.38;2018-11-23;parcelas_21fdac8d-7e47-4eac-8bfe-f0e8d014fc6d.csv
1;1276.58;2019-10-02;parcelas_2200f460-d780-47b7-83c4-4a056cbf6734.csv
1;1803.33;2019-06-06;parcelas_22011282-238f-449d-9cd4-33eeebf473b0.csv
1;325.12;2019-09-10;parcelas_22092418-e972-4175-b0f0-a5e54ed80d96.csv
1;500;2019-01-02;parcelas_22111ebd-9fe1-4b69-9133-2c5065fa6ab3.csv
1;1400;2019-02-06;parcelas_221b3034-6796-4cd9-8593-d64b6ca31437.csv
1;223.36;2019-06-28;parcelas_22203ab1-cfcd-4876-b7d8-ec5fc74410a8.csv
1;215.72;2019-05-28;parcelas_2221b869-11a1-4dfd-9c22-0c42cbf281cf.csv
1;8898.41;2019-05-07;parcelas_22262a7e-1276-49fb-888f-432ac2d87bee.csv
1;991.92;2019-01-02;parcelas_2229374f-f6bc-497c-b973-e264e73282f6.csv
1;278.15;2019-08-09;parcelas_22314101-c5bb-4e4f-a2e9-df39155bd0c8.csv
1;834003.07;2019-09-12;parcelas_2231c1f5-5600-4c9b-ab40-40d5d943f5f3.csv
1;1050;2019-09-30;parcelas_2235ef86-6740-4d91-9ec1-48b36db140f8.csv
1;75149.34;2019-01-28;parcelas_223a1c59-cf26-46e7-b4a8-872de31132a6.csv
1;6913.08;2019-06-27;parcelas_223bfb0f-9b8c-4151-b448-888dcf9ff237.csv
1;18874.83;2019-03-29;parcelas_224121eb-c77b-4061-814f-c855adc2fbdb.csv
1;5202.75;2019-11-29;parcelas_224e1a94-4623-4084-a40b-05ad21d396d8.csv
1;6071.03;2019-04-29;parcelas_225435a3-9509-402e-8faf-cdcad41510cb.csv
1;1300.31;2019-07-11;parcelas_22552bcb-ff09-4e99-ba58-7e2cc9450827.csv
1;85;2019-08-23;parcelas_22576c07-ebec-49d5-93aa-978568b37ab2.csv
1;560.72;2019-05-31;parcelas_22584449-b862-4de1-b649-9a1728f5c384.csv
1;3443.54;2019-02-14;parcelas_22592060-3bf1-4b6a-a7bf-febbd14db19d.csv
1;495;2019-01-31;parcelas_225a9e9b-c325-4cde-9fa9-bce79d15123c.csv
1;40500;2019-11-19;parcelas_2264188b-5b17-4044-b356-0277994b0621.csv
1;3279.5;2019-11-26;parcelas_2266a742-9aab-4163-95f4-6bb527643712.csv
1;17422.67;2019-01-28;parcelas_2276b584-0db6-4b77-a7be-0edaa1ce07f7.csv
1;1141;2019-10-22;parcelas_228077cf-c6b0-4dae-a8bc-a2ed5a65bd24.csv
1;34999;2019-04-30;parcelas_22815e6b-c66b-42b1-9d40-e58da53b220b.csv
1;13750;2019-08-12;parcelas_22839037-9ec1-4363-8f61-2bc712e5050d.csv
1;93775.68;2019-09-30;parcelas_228bfe9f-43b8-4df8-be21-94aba1024882.csv
1;2.06;2019-09-13;parcelas_228c7ec8-891d-41e6-ae63-268addf78450.csv
1;5000;2019-05-03;parcelas_228d2302-a146-4098-b3f3-fbb411007803.csv
1;2613.58;2019-05-28;parcelas_2291e6fd-20eb-4bee-aba7-2477783be694.csv
1;453;2019-06-14;parcelas_2293829f-6c6c-48e8-9bce-f29bfa79f90f.csv
1;11.1;2019-04-04;parcelas_2294d25e-c85d-4972-a14b-fa2febf01c99.csv
1;26922.75;2018-08-13;parcelas_22a29b2c-18b5-4574-a617-653bfbd7d457.csv
1;4072.32;2019-02-06;parcelas_22a6c05f-a371-438f-8113-817bf6d8b3b5.csv
1;65;2019-11-22;parcelas_22a770b5-6abc-45c8-9a26-81abae142655.csv
1;100207.21;2019-12-31;parcelas_22a9de43-ad22-4632-8460-19ad511ff616.csv
1;79.79;2019-04-24;parcelas_22acf681-69c2-4025-8ac0-ac87b76b62e3.csv
1;1996;2019-03-29;parcelas_22b3623c-e2c2-4769-a345-8b1872243e4c.csv
1;2400;2019-05-27;parcelas_22b53e16-7844-46b5-9fbf-b878652e8d48.csv
1;6104.58;2019-04-11;parcelas_22b53ef7-5064-4af8-9f07-28c2b6662192.csv
1;104.13;2019-03-21;parcelas_22b69fd1-7053-4e7a-92b0-83003c62f8de.csv
1;1000;2019-03-25;parcelas_22c11aa0-2362-45e8-aab1-c847fda80a98.csv
1;61816.84;2019-04-09;parcelas_22c12325-0698-43c5-ad49-8aa8292b3a01.csv
1;499513.79;2018-08-13;parcelas_22c3e118-911b-4642-a646-f5956c6a8280.csv
1;460000;2019-04-29;parcelas_22c5925b-2df8-401e-8c85-afe14102b85f.csv
1;158.42;2019-01-31;parcelas_22c69730-46df-46b0-b7ba-fe6a9b82b6b8.csv
1;10437.77;2019-09-17;parcelas_22c6bd37-6c6d-4da2-95e0-9a46518b682e.csv
1;39259.75;2019-10-30;parcelas_22c7b126-f579-4102-ae70-85b579452885.csv
1;3867.36;2019-11-25;parcelas_22c7ea2e-c985-421c-a5bb-cdf39d180346.csv
1;1050;2019-11-28;parcelas_22cf0741-9670-4494-92db-bfafe7cd43b7.csv
1;7540.67;2019-03-29;parcelas_22d1ce69-5e30-490e-a6a8-a57c6c126150.csv
1;65;2019-01-28;parcelas_22d512c1-c679-4b52-958f-7036d769d892.csv
1;28.69;2019-05-14;parcelas_22d5bc0b-073e-4b07-9483-3d1b7d6c610f.csv
1;766.7;2019-02-26;parcelas_22d72c44-5634-4e0e-a05e-c92c4c9e786c.csv
1;341.94;2019-11-18;parcelas_22eb2084-4042-4aae-8b86-d41571c7068d.csv
1;32984.63;2019-09-30;parcelas_22eb8c54-ee64-4a04-a28d-00f79c62542e.csv
1;34850;2019-06-27;parcelas_22edf86a-e5ef-41ad-bfd5-5a452c4626ef.csv
1;604.59;2019-06-28;parcelas_22ee44b3-9614-476d-bc5b-39027810f14f.csv
1;5000;2019-01-04;parcelas_22eeea5c-3d5c-49b6-bdb8-4562ecc93861.csv
1;2347.74;2019-01-11;parcelas_22ef8e26-2c78-4fbe-9292-7f849a250afd.csv
1;13458.86;2019-01-02;parcelas_22f185a6-a374-4826-a584-290adc30c4fb.csv
1;1502.6;2019-07-05;parcelas_22f66b3b-ea5d-4303-a1ee-1369b7e514ea.csv
1;42494.8;2019-02-28;parcelas_22f9a22a-931b-4c0a-8f02-3a56314841d3.csv
1;155.04;2019-08-21;parcelas_22fe5380-5f84-4bae-aff9-005fff8bda9e.csv
1;4201.77;2019-08-22;parcelas_22ff8822-6b31-44fe-aa40-175026869904.csv
1;13810.5;2019-05-28;parcelas_23007e39-6ecd-404f-a749-28ff463e678f.csv
1;407.87;2019-09-26;parcelas_23052e8e-a748-4b72-b8be-66865a0770b3.csv
1;4738.14;2019-01-02;parcelas_23056817-bf91-4c5f-8844-4aaf6a8e22b4.csv
1;65;2019-10-18;parcelas_2308e3a7-d5d3-4a96-b686-5d9cb20238bb.csv
1;616.54;2019-06-19;parcelas_23097cdb-6f25-478e-9ac6-8bb1f63f6640.csv
1;60;2019-06-27;parcelas_230d8b6f-b159-4a1d-8908-d199621d089b.csv
1;144.9;2019-03-12;parcelas_230f8169-1cc5-404a-ba06-b582829f0c59.csv
1;1689.8;2019-03-12;parcelas_2311e436-15f1-4a83-bacd-5618fa51e189.csv
1;5218.43;2019-07-09;parcelas_2313e126-c3f0-4fc2-8efa-743d74fa038a.csv
1;24360;2019-04-30;parcelas_23141a84-9a6a-447c-868d-7d021cfff745.csv
1;65;2019-05-22;parcelas_231ac78b-43cc-4556-bb85-d7bf447452f6.csv
1;154.18;2019-10-02;parcelas_231f4322-dea8-44ce-bf04-b76d6167e389.csv
1;293.47;2019-01-11;parcelas_232141eb-3f52-4e16-9a62-1662c79c2a32.csv
1;18874.83;2019-04-30;parcelas_2329741b-2b3d-42e4-9fb9-750fdf2a0336.csv
1;2021.5;2019-06-10;parcelas_232d555d-bdd0-436e-ae05-8a5a724ea287.csv
1;4098;2019-06-03;parcelas_232f9fba-564d-4f86-836d-e7c45d1b592f.csv
1;1983.85;2019-10-30;parcelas_232fb4e0-b88d-44ed-a042-f4d55fe15136.csv
1;40000;2019-04-03;parcelas_233e41f5-d814-4f3b-a3f2-db77f3eaa8b0.csv
1;2700;2019-08-01;parcelas_23411c45-aaa5-40f3-9a06-7a2c623a3c4c.csv
1;2400;2019-06-17;parcelas_23452201-df2e-4b84-bf8c-1bb20c68f846.csv
1;1027.14;2018-12-31;parcelas_2347a6d7-83cd-432c-9963-d566c29409e1.csv
1;1460.99;2019-05-31;parcelas_2347de7d-51ef-4ec4-a459-671a8d7aa8e0.csv
1;43970;2019-06-28;parcelas_234a9c9e-312d-4b98-8382-3df4d692d9fa.csv
1;65;2019-03-01;parcelas_234b2331-c46d-4357-8e0c-9060edfe9097.csv
1;2853;2019-04-11;parcelas_234cff30-01c3-4a89-9c97-ccd3a25eb8b0.csv
1;621;2019-07-09;parcelas_234d2dac-c770-4190-aef6-489b5f4a230d.csv
1;12520;2019-02-26;parcelas_234d5c38-4751-4856-9456-4b0c744183cf.csv
1;89586.93;2019-06-27;parcelas_234df63a-1e94-4f5a-bb0e-8f071dcef818.csv
1;953.53;2019-10-08;parcelas_235a895e-9f76-48a2-9a68-74027b18741b.csv
1;6008.51;2019-12-30;parcelas_236f2046-72ae-4b02-83a2-02f70c9cac52.csv
1;13066.66;2019-12-03;parcelas_236ff96d-9725-44aa-b1f6-ffbf7872100d.csv
1;16931;2019-08-01;parcelas_2395293b-8b3a-4ce6-ad7f-63993635d3ae.csv
1;10410;2019-11-18;parcelas_239637ff-f424-4a9b-bf62-3a34140285f2.csv
1;746;2019-10-30;parcelas_23964dec-47e1-4665-a570-3125754b5f88.csv
1;15.8;2019-06-27;parcelas_2398ee3e-a08d-440e-b23b-bdd5cc7eb27e.csv
1;46762.5;2019-07-22;parcelas_239ae3a6-46ba-478f-be47-858f2513334f.csv
1;1660;2019-05-08;parcelas_23a05a58-34c0-40e2-af57-f4f2db7719df.csv
1;357181.81;2019-06-07;parcelas_23a526f3-ccc7-4229-a47f-1e8f6d0ab9a4.csv
1;2187.5;2019-08-30;parcelas_23a82649-ac5f-4ecb-b662-495384bbffc5.csv
1;2400;2019-08-20;parcelas_23ae1497-6ef2-4f0c-8552-b8cc838dcec2.csv
1;1057;2019-02-11;parcelas_23b9890d-7c34-4619-b7e4-3c55928227c5.csv
1;65;2019-08-02;parcelas_23bc8018-4c6f-429e-8072-29997e44fc48.csv
1;234.59;2019-09-12;parcelas_23c08929-60df-4dd3-89db-d6a238d42335.csv
1;485;2019-02-15;parcelas_23c63af6-1d90-497a-975a-1d576eaf7442.csv
1;236.87;2019-06-14;parcelas_23d0b482-1f1b-4ca0-8890-648e903a6e4a.csv
1;83345.14;2019-06-28;parcelas_23d1c8e0-b2e2-4fd2-bbb0-25a7e991b986.csv
1;22999.15;2019-01-02;parcelas_23d75133-0470-4b16-8878-97aa6208be02.csv
1;71759.57;2019-11-29;parcelas_23dc1a88-2033-4ae7-b58f-37a49a3432ff.csv
1;2037.2;2019-03-18;parcelas_23e2198d-4145-4f72-b7a3-866e54286db9.csv
1;79.79;2019-09-13;parcelas_23e2c23c-83bd-413d-9c63-0c76bca3f540.csv
1;560.72;2019-01-28;parcelas_23ed27a5-221c-46fd-9d73-92794e284cb1.csv
1;4060.54;2019-05-28;parcelas_23f181e8-d6f3-4d6c-bdfd-afba18c295bd.csv
1;81900;2019-07-09;parcelas_23f3c116-382b-4e62-abbe-68f2f1017849.csv
1;19503;2019-04-30;parcelas_23f4094f-e338-4be8-a1a5-c1f87e929f45.csv
1;695.27;2019-10-31;parcelas_23f57241-f83e-434f-b1ef-e8239bdcf6ac.csv
1;716.78;2019-12-31;parcelas_23f8623b-ccd4-4718-afd1-3a01de6688cb.csv
1;22734.4;2019-09-10;parcelas_23fb17c4-8d6b-4c53-8492-a24f772c3512.csv
1;1170;2019-01-25;parcelas_2407d233-033d-4d6e-a4c0-4bb2e18d6981.csv
1;54.75;2019-01-25;parcelas_240f5ad8-30b2-4ec7-9cfa-2d45e8040565.csv
1;22753.91;2019-05-16;parcelas_240fd832-9d0d-4561-b6f9-f013a552e809.csv
1;65;2019-06-25;parcelas_2410a04e-0a92-4478-9ec4-95f33c7b1e6d.csv
1;693;2019-05-15;parcelas_24180989-1f67-4016-a4f9-5bad2ece71c6.csv
1;114484.6;2019-04-29;parcelas_2419e69c-7c84-4249-9dd1-5a044c6253be.csv
1;1872.04;2019-01-10;parcelas_241aa94e-0e58-4417-bbc9-42f71e84a1ca.csv
1;233842.77;2019-12-19;parcelas_24213ca3-4f7a-49b7-ade9-1f3fdb21277e.csv
1;45776.4;2019-08-30;parcelas_24218368-075a-448c-ab0a-eb426cf3cbfa.csv
1;32866.11;2019-03-25;parcelas_242731b7-7cd3-46bb-a79c-9c1c3275db60.csv
1;6531.54;2019-03-14;parcelas_2431d87b-03a4-4cfc-af58-ecfd0c7652f5.csv
1;739933.57;2019-12-11;parcelas_24339516-9178-4ab9-9831-f07612487ee5.csv
1;300000;2019-01-04;parcelas_24340334-f0c4-4aed-8e8e-5737cd0bf6c5.csv
1;10407.66;2019-01-02;parcelas_243e03b4-8727-4036-8cae-857c70648ee2.csv
1;1471.97;2019-01-21;parcelas_24422d18-e9c6-4417-8fe6-64eaff6897bc.csv
1;4489.5;2019-03-28;parcelas_244bf6bd-3637-492f-9200-8601ade4ee4f.csv
1;1153.99;2019-06-28;parcelas_2453ae09-b6e4-43e1-9326-96993f9bf416.csv
1;192.99;2019-10-22;parcelas_245719ad-0000-4337-8627-46241be35487.csv
1;1206000;2019-12-30;parcelas_2461a219-0678-4777-9415-126b5ea0b608.csv
1;543.35;2019-12-10;parcelas_2464c019-ca22-4882-9b1c-541f565bc7c0.csv
1;8213.55;2019-03-29;parcelas_2467dd50-bf89-4139-ac19-62ae47768ad9.csv
1;58000;2019-01-22;parcelas_246a7765-d32c-4db1-97fe-2b76e8c64f07.csv
1;814.4;2019-05-27;parcelas_247198f7-dc87-4b1e-8318-62c1f422d480.csv
1;216;2019-11-27;parcelas_24738afd-7d6f-4d3b-aea7-05fa7bf8fec1.csv
1;350;2019-10-30;parcelas_2474130b-0258-420c-8531-5223acf2d3e9.csv
1;2108.58;2019-05-28;parcelas_2477751e-d576-4915-9967-cfc1bf4386a4.csv
1;2718.63;2019-05-31;parcelas_247aeb09-2a7f-47e2-b04c-e47cda964a74.csv
1;8287.84;2019-01-02;parcelas_247e1011-7957-4ebf-a3dd-228c96058f6e.csv
1;1966.1;2019-08-01;parcelas_24813754-f6d4-49a3-acb5-b057a1111515.csv
1;106.4;2019-11-26;parcelas_24888297-a379-432a-8392-fd07817f646d.csv
1;43559.26;2019-06-28;parcelas_248a7985-8544-45c7-8e48-d483ee79ba3a.csv
1;5660;2019-08-05;parcelas_248d0aa3-833a-4a9d-ac57-4f6f739dc86e.csv
1;161000;2019-12-19;parcelas_248e2a05-4a37-495d-b773-bd8412053371.csv
1;102.58;2019-08-20;parcelas_24923da4-1359-42cd-9f6b-70ae70594191.csv
1;790.72;2019-08-30;parcelas_2492a540-f34b-490b-924e-639f43da8262.csv
1;1536.01;2019-08-27;parcelas_24930cf2-e1c2-4e7f-878c-e4603ed12b27.csv
1;29594.3;2019-01-02;parcelas_249798eb-7be6-467d-ba03-3793506f196f.csv
1;149000;2019-10-08;parcelas_249f73c1-7fdd-4a5e-91f5-bc4f576911ac.csv
1;750000;2019-06-12;parcelas_24ac0680-dbcf-47e4-8e36-621536bc0ab5.csv
1;249.5;2019-08-23;parcelas_24ac365a-0c8a-43b6-8f70-a81532b1a127.csv
1;39958.85;2019-03-26;parcelas_24b28ab3-ec11-44e5-86a0-576ce2d27171.csv
1;60000;2019-03-20;parcelas_24b49dcc-c0eb-4aca-ba5b-dc993092f13d.csv
1;73180;2019-06-07;parcelas_24b5fa33-2449-40e7-ade5-844ca1b3bf25.csv
1;65;2019-11-07;parcelas_24b68b84-cf72-48e9-b4fe-f5fd64fabefe.csv
1;5896.65;2019-06-04;parcelas_24ba7a78-8fc3-4bf7-91c3-0c6577334efb.csv
1;95.3;2019-06-10;parcelas_24ba8adc-95e0-4004-8f3a-d4c53d00b4e2.csv
1;8022.12;2019-08-08;parcelas_24c8393a-fea6-4aa1-835f-bf8198237ef5.csv
1;507.7;2019-12-10;parcelas_24c83a93-6dbc-44de-a837-542a626a3009.csv
1;450;2019-02-11;parcelas_24c97e45-590b-4ae1-84e6-9788adced064.csv
1;48159.63;2019-02-15;parcelas_24c992a9-8e26-4a71-a796-b40c01ed0ae2.csv
1;2000;2019-06-25;parcelas_24d0485b-46c2-4f8d-b860-2d3be42418ea.csv
1;43629.6;2019-06-28;parcelas_24d137a4-1c93-4e79-923f-41830b4dbe5d.csv
1;39.89;2019-11-22;parcelas_24de3be6-b12d-412f-98e1-9d4f1cd3381b.csv
1;25250.29;2018-12-28;parcelas_24e3253a-bea8-4b5c-bee9-a02b2f613f0c.csv
1;54263.13;2019-06-27;parcelas_24e4c72b-f58a-49bd-80e0-52459eaa7e12.csv
1;1086.05;2019-02-26;parcelas_24e9076e-2744-4f03-a28f-6edbf0eca8fb.csv
1;210806.62;2019-10-30;parcelas_24e982df-8fe2-412b-a74a-cf99e8725ad1.csv
1;3540;2019-10-25;parcelas_24f0bd43-ebac-473b-a94d-7ce0b7525a4b.csv
1;69667.61;2019-09-30;parcelas_24f3f773-14e6-471e-9104-64283d5cb69a.csv
1;10000;2019-07-09;parcelas_24f7b6a1-707c-4792-8038-84a3232e4203.csv
1;59937.35;2019-11-25;parcelas_24f82fbc-5ae3-4109-8f01-acde96e64ec7.csv
1;39.89;2019-06-25;parcelas_24fc24e4-5520-40ff-9a26-62d7cb8d3f25.csv
1;24800;2019-11-14;parcelas_24fe83dd-738c-43fc-a500-5d2a6f32213e.csv
1;137.64;2019-03-12;parcelas_250039f9-5de8-46aa-bbcb-a6b87e917177.csv
1;5929.45;2019-10-30;parcelas_2500e9b9-80d7-4d4a-ab03-fecc41d5f583.csv
1;254086.84;2019-03-22;parcelas_2507b6eb-7085-4551-9f11-be5a98209a91.csv
1;679.4;2019-04-16;parcelas_250aba91-1c14-434b-a70a-eddd75abafca.csv
1;514.5;2019-02-12;parcelas_250bec02-f912-4f9c-a8fc-e66404d4ff2b.csv
1;700.9;2019-02-28;parcelas_25115026-918a-4bf3-b456-444e813f8c11.csv
1;29378;2019-07-10;parcelas_251df025-d068-4b94-b54d-f103488eacce.csv
1;931.61;2019-09-27;parcelas_25211ff2-274e-4abf-80c7-7d58e2fff23b.csv
1;5221.82;2019-07-31;parcelas_2529ce82-40ff-49a7-be3f-d568ff672876.csv
1;5264.2;2019-04-16;parcelas_25394dde-cdee-4106-91ca-c87dac52c7b9.csv
1;65;2019-07-25;parcelas_253d0f31-3ef4-46b7-94ee-81520143b5a9.csv
1;325.5;2019-06-25;parcelas_253f9daa-e681-4c27-80de-3cd65914aa8c.csv
1;130461.91;2019-04-30;parcelas_2545a2c9-a079-40dc-8caa-f5526bd27ec1.csv
1;700;2019-10-30;parcelas_254e4387-88b3-48aa-91a6-d151c74a85b5.csv
1;28574.51;2019-11-28;parcelas_2557e078-0566-48f6-b5b6-3d0fb17489a1.csv
1;102.58;2019-03-12;parcelas_2559be7a-c81d-43e7-a7b5-83cd3bf9609c.csv
1;571.97;2019-04-29;parcelas_25601cf4-ff99-4181-a8a8-6a27b9a771d4.csv
1;2149;2019-12-30;parcelas_25660b0c-394a-4209-8553-700911bef8f7.csv
1;2186.2;2019-08-30;parcelas_2568647f-3c03-4ccc-9688-91fd72aa9b7c.csv
1;2322.32;2019-01-31;parcelas_256d4feb-7ff7-4ab7-931a-850a67ffe9be.csv
1;89;2019-06-18;parcelas_256dafc7-6c1b-45f2-b259-5bc9b8705dc2.csv
1;163451.66;2019-06-27;parcelas_25730c2c-c78a-4a1c-955c-f09b6d87fbda.csv
1;6500;2019-03-29;parcelas_25776dca-b9a9-4549-99f8-f34f66624c90.csv
1;2230;2019-03-12;parcelas_25847001-1af7-436c-bd61-78268f095d0d.csv
1;20000;2019-05-08;parcelas_2586f596-7774-4663-acd0-5f93476ddf52.csv
1;234.78;2019-11-22;parcelas_258c0cd4-9059-4ec7-8040-4c950c031068.csv
1;800000;2019-08-13;parcelas_258ea5e5-e1ef-4422-ba06-7ca35c7199a3.csv
1;65;2019-10-03;parcelas_25908e6e-f6b4-4131-8870-e7293ac1e071.csv
1;50165;2019-09-25;parcelas_2594b307-3271-4f18-ba42-c767909bf058.csv
1;600000;2019-04-01;parcelas_2594e16e-47da-4071-b7ed-22d447b55c33.csv
1;5533.89;2019-08-30;parcelas_259a5ef9-3686-4074-80bc-63ec0f4f81d7.csv
1;71555.97;2019-06-07;parcelas_259bf4a0-efba-45f3-b763-661ef71daaf8.csv
1;14105.21;2019-07-25;parcelas_25a494d0-de43-4bac-9906-4014af608fd7.csv
1;2010;2019-10-16;parcelas_25a5a996-e9f4-412b-a6ae-c0871f0ca45d.csv
1;3359.64;2019-03-29;parcelas_25af6e76-e900-4d0e-b81e-a8a1cfaa62c5.csv
1;130535.61;2019-01-02;parcelas_25b0414b-d288-431d-945b-8f5dd082052b.csv
1;640;2019-03-22;parcelas_25b33b99-5bd2-4b91-8e1a-e57bc72f3424.csv
1;1689.8;2019-10-10;parcelas_25b3a505-ce81-41fc-bd15-de40ec18626a.csv
1;244.08;2019-06-27;parcelas_25b66832-1c81-436c-a8fd-6b117508104f.csv
1;1494.25;2019-06-27;parcelas_25b6b877-5795-4263-8f3b-a4f60b6057bf.csv
1;2000;2019-06-27;parcelas_25bf69cf-231a-4e08-b069-7627cd006bcd.csv
1;12100;2019-03-25;parcelas_25c4601d-3ba4-40bb-b828-ad88f97e3def.csv
1;1528.29;2019-04-29;parcelas_25cb143c-48eb-4eb7-ae95-d020dd4f6047.csv
1;13058.65;2019-01-28;parcelas_25ccf202-baaf-4cd6-9506-175712182e6e.csv
1;4048;2019-10-31;parcelas_25d1e342-c673-4991-9fb3-2208ef763f20.csv
1;110708.5;2019-02-15;parcelas_25dc6306-e7c8-4a5f-a928-3ed1b5a68b2a.csv
1;1072;2019-08-23;parcelas_25dda7f1-ccec-4f64-8464-8541ed969e39.csv
1;2808.35;2019-08-27;parcelas_25dde17a-bdfa-4bae-b01c-11410d29645b.csv
1;534.28;2019-04-22;parcelas_25ddf8e7-f807-4cb4-a884-90fd0350b73a.csv
1;478.8;2019-07-25;parcelas_25dff97a-7635-4ccd-b296-9873b084775f.csv
1;1962.52;2019-01-28;parcelas_25e3775d-a05d-421e-a96e-519f97aeb944.csv
1;142749.02;2019-05-10;parcelas_25e68b06-4442-4e67-b9fd-4b54e2823e59.csv
1;31750;2019-03-11;parcelas_25e87f21-e072-4ae7-96e2-b5e1a87a6523.csv
1;2208.54;2019-08-30;parcelas_25ead3aa-1df8-4685-87e5-d4c9432a4de3.csv
1;26400;2019-01-15;parcelas_25ec94f2-9edd-4c12-aaa8-047b4b14e76d.csv
1;243000;2019-11-04;parcelas_25ef21f0-6902-4689-a1d6-39b22c6cdce4.csv
1;2032.62;2019-02-28;parcelas_25f7374c-1bda-4c5e-8a21-e5d1634a635b.csv
1;2000;2019-04-30;parcelas_25f9f992-d476-4f84-86bc-f554c1ea779f.csv
1;65;2019-06-18;parcelas_26020cc2-b892-4f15-a175-5b4569b5fc90.csv
1;1500;2019-05-28;parcelas_2606bc3b-2318-4213-9cd6-ee864f5d0e70.csv
1;1830;2018-12-21;parcelas_26078998-49c4-4b57-88c6-c64d76de16b6.csv
1;65;2019-12-18;parcelas_261b2c44-f1b7-4d81-90f0-49ac3d890e3a.csv
1;750.57;2019-03-29;parcelas_261c9542-4fe1-41ce-8fc8-bc21f3249277.csv
1;1401.8;2019-03-29;parcelas_26216574-a9de-4ce5-b0ec-d2a14128a7d2.csv
1;981.17;2019-12-09;parcelas_26266244-ae8e-435b-b146-74df04bbd39f.csv
1;6060;2019-04-09;parcelas_26277ac6-102b-4a1b-9e2b-36a28dfe53f7.csv
1;710000;2019-09-30;parcelas_26278a66-76ef-4db3-9af8-c41bf8921c3d.csv
1;65;2019-04-15;parcelas_2628e8a1-e62a-4e7e-8159-908615383cd5.csv
1;343.4;2019-11-25;parcelas_2634c419-b816-4b6a-bcad-dd8fdd3e550c.csv
1;38314.6;2019-03-11;parcelas_263ccf65-0ff6-414d-985e-cea88a120bbb.csv
1;37940.06;2019-09-30;parcelas_2641d01c-bacb-4fc4-9837-29815742289a.csv
1;17771.57;2019-11-22;parcelas_264680e5-5567-49e7-b569-1935718f1706.csv
1;3500;2019-11-28;parcelas_264b1d11-2090-4c28-bd4a-edd26b6228c0.csv
1;340.61;2019-03-29;parcelas_264c5db7-7a9a-452b-901e-c2badd0398a4.csv
1;133.4;2019-12-30;parcelas_264ed13e-64fb-4e48-b092-40f41014a41d.csv
1;46500.89;2019-09-30;parcelas_264fe8e3-f88e-4e72-a742-42bae50c4348.csv
1;8200;2019-07-17;parcelas_26507101-3dc1-4ae4-83c6-3b49c4c0b21a.csv
1;861.52;2019-09-26;parcelas_265875b8-590d-4248-b2a5-89a2b74d18eb.csv
1;1531.62;2019-08-08;parcelas_2659cd12-a112-4436-ae2a-a258c70b37e8.csv
1;23879;2019-11-07;parcelas_265d2023-a49e-4291-85c9-85708557b2dd.csv
1;5410.4;2019-04-11;parcelas_265e8920-5115-4c5d-9bd0-2b98dda37546.csv
1;110000;2019-08-06;parcelas_26655815-0153-42e1-baa8-8443a659274c.csv
1;9200;2019-04-12;parcelas_2669143a-e1cb-44b8-ad34-1c80a21fbbe2.csv
1;45338.4;2019-11-19;parcelas_266b341d-62aa-4db5-ba20-fadca1756102.csv
1;290.5;2019-06-04;parcelas_267482e8-a32a-49fc-bb52-2e8487d6aba2.csv
1;2604.73;2019-07-26;parcelas_267905c0-938f-4c50-bbd8-5a51e86ffd77.csv
1;13229.04;2019-04-29;parcelas_2684d943-b294-4b51-9dd3-6a690725de84.csv
1;38800;2019-05-06;parcelas_2686febf-2881-43c4-ba18-ce418cd1dd78.csv
1;15000;2019-06-12;parcelas_2699552b-dbef-4dbe-819d-7778f0b1a913.csv
1;260256.08;2018-08-13;parcelas_269dfb0b-4df4-4267-8438-3072a35ceb40.csv
1;35054.41;2019-05-28;parcelas_269e8c71-7fa0-41f9-9113-bcce54bbc9c6.csv
1;3497.06;2019-10-30;parcelas_269f21a4-2afe-415a-b407-ea0d64b01697.csv
1;717.18;2019-01-23;parcelas_26abb737-18c2-4a65-a62a-6c4652b94b8b.csv
1;441.22;2019-02-25;parcelas_26abbfd3-2603-4c4c-96ab-b4f675785765.csv
1;17172.05;2019-03-29;parcelas_26adc462-779c-4d61-98fe-56ae661c6902.csv
1;2385.9;2019-05-02;parcelas_26b13c00-c753-4b43-a914-87c64643b2c0.csv
1;130000;2019-05-28;parcelas_26b2f04a-c557-465a-be09-326f4e4ec78f.csv
1;4650;2019-10-31;parcelas_26b4cdd9-8bdf-4088-a34a-7b507af5ed57.csv
1;629.74;2019-05-28;parcelas_26b5db18-132c-48d6-a224-4d3fc92f30f0.csv
1;333.62;2019-07-11;parcelas_26b796ea-afb8-4954-a659-81a29cc01f6e.csv
1;482.4;2019-05-17;parcelas_26ba9e74-4c95-4e6c-9765-920552171fd9.csv
1;29.75;2018-12-28;parcelas_26beac2a-80cd-4b11-a8fa-7e4d256f8242.csv
1;34.64;2019-11-01;parcelas_26c0bfc8-2099-4001-a319-1687656b023d.csv
1;2771.67;2019-11-13;parcelas_26c564ae-b68c-404f-a630-43b0b105e97e.csv
1;825.42;2019-10-07;parcelas_26cfe7c1-6a78-4d9d-af91-41ba09d605f8.csv
1;15438.13;2019-02-25;parcelas_26dfe319-8eff-448d-9d00-e496b51b9402.csv
1;570000;2019-01-02;parcelas_26e039e4-e08e-489d-aa5a-cead95554b83.csv
1;10829.03;2019-09-30;parcelas_26f13698-bfe1-44e1-acd0-3391341afe93.csv
1;2012.5;2019-09-30;parcelas_26ff82e7-6a9f-4625-a796-9d142d748eaf.csv
1;171052.63;2019-05-21;parcelas_2706ca02-7101-4291-ab60-4c930db76418.csv
1;31036.16;2019-08-30;parcelas_2717a4a2-008b-4f64-b7bb-99e156781c77.csv
1;587.21;2019-11-28;parcelas_271e633f-7c3e-40b3-8477-9126ab921477.csv
1;1991.86;2019-06-27;parcelas_2722c64b-f1f2-49a4-9a63-78740b35b66b.csv
1;1069.3;2019-08-27;parcelas_2731ff1f-8802-43e2-9335-5813970efe5b.csv
1;16800;2019-12-19;parcelas_27332f10-c7de-493c-a005-989a5866b14e.csv
1;2108.58;2019-02-22;parcelas_273c76ab-8363-4a31-9897-7f669417c0b2.csv
1;29672;2019-03-15;parcelas_27400312-ed02-443d-bf1d-59b5185e3199.csv
1;5998.2;2019-01-02;parcelas_2741de74-cc75-4820-b3e2-9ecc09231093.csv
1;1449.44;2019-06-27;parcelas_27461348-404b-4595-b43a-2a3482845ff4.csv
1;2340;2019-04-04;parcelas_2748971d-7e2b-4111-bcd3-5562c400f892.csv
1;20000;2019-07-26;parcelas_274b4036-2845-408f-afad-6cbbacba5b36.csv
1;558.25;2019-11-22;parcelas_274d0520-6f8d-4e6f-b7be-42416147f21c.csv
1;2400;2019-10-21;parcelas_274d95be-79e2-4a63-bf4d-56b5c1e829e5.csv
1;6843.72;2019-06-27;parcelas_275102f8-abff-460e-b5b2-ae798b34a99a.csv
1;937;2019-02-19;parcelas_27515406-cfd4-4cb7-a652-c1f46805d13e.csv
1;3902.96;2019-08-08;parcelas_2751c6d7-02ac-46dd-b559-1e6069195f8e.csv
1;2256.31;2019-04-12;parcelas_275e12f6-30fd-4779-b928-f7c583dc8a36.csv
1;778.43;2019-11-22;parcelas_27608e3c-b808-4f41-b1f4-0207f5e338a0.csv
1;1482.2;2019-06-19;parcelas_276404f2-7036-466c-aaae-a4234f11b7a8.csv
1;8000;2019-01-02;parcelas_27657ff3-196f-47dc-a6e6-aa71f765b559.csv
1;3606.67;2019-03-29;parcelas_276590d8-ed60-4134-98e2-4c2bbf17219d.csv
1;26385.12;2019-03-25;parcelas_2766ec45-bb75-402e-a735-2c004d8692c4.csv
1;33128.52;2019-05-31;parcelas_276abc31-e0af-4c60-afed-16c6875aecb0.csv
1;140;2019-04-12;parcelas_276b938a-4051-4407-b247-19a8d2171072.csv
1;4012.53;2019-08-22;parcelas_276fe372-d387-4747-9686-c23c4bbabf2b.csv
1;5520.92;2019-12-12;parcelas_2774657b-9d63-4c18-a03d-6dbf53bcd955.csv
1;1194430;2019-07-15;parcelas_27747a7c-07eb-4697-a55a-85db15b1b5e3.csv
1;4269;2019-07-10;parcelas_277638ea-0424-4694-b40d-2027d8892516.csv
1;1803.33;2019-06-04;parcelas_277bac78-d059-42db-9bb2-7ddfabd36e62.csv
1;771.06;2019-01-28;parcelas_277f3eb3-2742-431c-a4e2-5762955f0458.csv
1;53977.51;2019-11-28;parcelas_2785714f-ff41-40f2-b994-11b52c128e98.csv
1;6470.43;2019-01-31;parcelas_279267c7-0099-4012-b25a-1602c07fdcd5.csv
1;9975.22;2019-01-31;parcelas_27950426-472d-47e1-af33-114850bfd234.csv
1;65;2019-09-02;parcelas_2795abb1-f9ea-47c4-9de8-fe07593de7a6.csv
1;10192.55;2019-11-28;parcelas_2797acb9-30e5-4b90-b8fb-db92270c21a9.csv
1;100;2019-09-16;parcelas_279ab1b3-4e33-4fbc-aefb-2165f06cfd78.csv
1;59976.63;2019-07-26;parcelas_279b8809-059b-4d21-92a1-d91eb35f4e79.csv
1;3135;2019-12-03;parcelas_279cd7ca-3056-4a80-923e-41e39d8ab24c.csv
1;35568;2019-07-19;parcelas_279d80a6-255f-4832-90bb-818d66e7fa01.csv
1;27500;2019-02-25;parcelas_279f4097-ebba-44c0-93a5-a10cdbb08290.csv
1;28632.36;2019-10-30;parcelas_27ad4ef9-0a7e-4a85-8e2a-6acc2b3c7447.csv
1;3133.32;2018-08-13;parcelas_27ade85c-5628-4bff-af2d-b85d9add1a3b.csv
1;11775.35;2019-10-31;parcelas_27ae3740-53ca-4173-9dd0-792e831ac2fa.csv
1;29383.76;2016-07-01;parcelas_27b47e09-76d5-4eb9-84ef-53561c66303b.csv
1;2100;2019-11-18;parcelas_27b65cf8-6f61-4eb6-a474-b1dd32ef2423.csv
1;40000;2019-11-28;parcelas_27bf447c-879d-4cc7-9024-a2e5b7f4b704.csv
1;942082.85;2018-07-20;parcelas_27c1eea3-407a-4dde-8885-dcb6e27d5d3e.csv
1;417.15;2019-03-12;parcelas_27c2d2be-f416-4b45-ad11-5950406fab9f.csv
1;12061.48;2019-01-07;parcelas_27cd7fe3-edcc-453a-ae24-b905725734b1.csv
1;1896;2019-04-25;parcelas_27cd884b-da00-4e8d-89b9-76eafbb75d8a.csv
1;416124;2019-06-28;parcelas_27d15a5e-7cea-48a3-9d0d-db3844333917.csv
1;191.28;2019-04-30;parcelas_27d348e6-425c-4c98-913f-f44f5c17a1cd.csv
1;11730;2019-07-26;parcelas_27d44d9c-94df-4b48-a694-1877dacb354a.csv
1;4680.8;2019-02-14;parcelas_27d70bb6-0002-4e19-a41f-486981d68fbe.csv
1;17212.16;2016-08-19;parcelas_27dc1ac6-70dc-4d93-bddf-3f783f6be8dd.csv
1;512.91;2019-09-17;parcelas_27e06959-37b9-4879-b676-85eefa2eabf3.csv
1;220;2019-05-14;parcelas_27e6942a-4075-41c5-a61c-1e207db31034.csv
1;86449.14;2019-07-31;parcelas_27e6abee-307b-403a-afef-1275d1759add.csv
1;5323.6;2019-09-06;parcelas_27eb7a8e-fd02-4e56-9051-8514e34d6a12.csv
1;1925;2019-07-31;parcelas_27ec37bf-7321-428f-ad3e-e5ef917d6be4.csv
1;19992.23;2019-02-22;parcelas_27ed5dfe-6497-4787-a23c-7471da39eccd.csv
1;85207.15;2019-10-31;parcelas_27f0f909-b996-41e7-aa0c-e765914a411a.csv
1;1955.06;2019-11-22;parcelas_27f18137-37a5-47c7-8eaa-80a62ca9dc8c.csv
1;16800;2019-10-30;parcelas_27f45602-0a7f-4b64-adf5-ef0eaaebae4c.csv
1;1361.5;2019-08-27;parcelas_27f6b7c6-9251-4aaa-95b9-912e26c68455.csv
1;19128.33;2019-03-22;parcelas_27fc9123-3304-406c-8507-52189c760501.csv
1;2355.36;2019-02-13;parcelas_27ff9017-dde1-490a-a6d8-2c82b598838e.csv
1;270553.17;2019-10-29;parcelas_28043a67-2e08-43f4-a8e7-d88da258b294.csv
1;1618.43;2019-09-18;parcelas_2806998e-1807-4aab-9695-61bcc7dacee5.csv
1;1245;2019-07-30;parcelas_2808b5b6-fc3a-490e-9028-dfea5385ae39.csv
1;8205.2;2019-09-10;parcelas_280a4606-97a5-4237-85a2-850d702d301d.csv
1;6604.78;2019-01-28;parcelas_28182d13-6d71-49f5-a6df-e45339b2a195.csv
1;399.6;2019-02-11;parcelas_2819a8b7-bcfa-4e3e-b082-33d89c097ee8.csv
1;264.71;2019-10-07;parcelas_281daefd-09f4-4e39-8ad1-7d9bf8279c24.csv
1;11281.62;2019-08-30;parcelas_281e683f-3a36-41de-9b69-208b3b2379e2.csv
1;2466.73;2019-08-27;parcelas_281f23cb-2186-4ef0-a484-199073a4e90a.csv
1;6634.07;2019-03-29;parcelas_2820ca35-c75b-4f42-8ed0-570fb94d60f1.csv
1;24754.68;2019-02-18;parcelas_28263cfc-c143-4e71-ac6a-8e0d60677d5f.csv
1;36280;2019-04-11;parcelas_28273a80-8908-4fd1-8bac-54c0e5e27ce7.csv
1;12107.25;2019-09-24;parcelas_282e77fb-a7ec-4ce6-9efc-bd464e54ad77.csv
1;8661.16;2019-12-30;parcelas_2839e6f1-a970-4d1b-b7ed-4fbc25c1bd40.csv
1;580;2019-02-04;parcelas_283a0bfd-663a-43a3-b6db-49865a960cf3.csv
1;33938;2019-11-04;parcelas_283bb97d-160d-4a66-8c05-ca600aa30362.csv
1;23600;2019-01-02;parcelas_283d2ca9-9365-40a6-a68a-9418f5dd8e9c.csv
1;9601.09;2019-04-03;parcelas_283e2125-baad-4753-8c73-e8f73038802b.csv
1;57633.09;2019-12-19;parcelas_283e54b1-12f9-439e-a405-1da632cab14d.csv
1;65396.5;2019-04-04;parcelas_283f0893-3115-4754-a9ff-e5fc98612383.csv
1;4997;2019-08-30;parcelas_2842c7fb-a7a5-44e1-8991-2a07b3325f86.csv
1;551.48;2019-11-26;parcelas_284f8e34-9df6-4257-b52e-1c329599f73e.csv
1;5109.43;2019-04-30;parcelas_28555ff1-9343-40aa-b5bf-663939c89c3e.csv
1;3925.04;2019-02-28;parcelas_285bdbbe-b1af-4c92-b9ff-9dafebd228d8.csv
1;3504.52;2019-05-28;parcelas_285c43b1-ccc5-415b-8145-f0b776f955c1.csv
1;1557.75;2019-11-26;parcelas_286b90f1-c957-4118-9409-94c21c89fa93.csv
1;622.88;2019-08-15;parcelas_286eae0b-8a21-49c6-b7ba-b869fcaf7768.csv
1;1431.91;2019-02-28;parcelas_28718642-8b40-43c6-b839-3883bb2d23d2.csv
1;94203.15;2019-01-29;parcelas_2871bb16-da8b-4e22-a4bb-020ccb64fa86.csv
1;68450;2019-07-22;parcelas_2872d543-7f6d-4c50-8ada-cf97cd0c2a00.csv
1;281998.52;2019-09-30;parcelas_28759529-b9b3-4bf3-bdbb-ef43b3278f7c.csv
1;775;2019-01-28;parcelas_2877ac45-666e-4b9f-999c-71cbfe7dfbe4.csv
1;1580;2019-11-29;parcelas_2879cc6e-6c8b-4169-aca5-a896028cd6fd.csv
1;12900;2019-04-08;parcelas_287cd3f8-a0d3-46c3-be1e-892ea71e4330.csv
1;11400;2019-03-12;parcelas_287ef292-85fb-4407-a164-124b49a13274.csv
1;1505.51;2019-04-30;parcelas_28814938-4fc6-4e52-8c4b-f775321a52a0.csv
1;19755.73;2019-10-29;parcelas_288951ed-839a-43d9-a6c6-e90db2239fec.csv
1;116000;2019-02-28;parcelas_288ab588-6585-44fb-b074-68c0733d669e.csv
1;66608.21;2019-10-10;parcelas_2894ecf6-a94e-4469-88b4-473f0c11430e.csv
1;142749.02;2019-11-08;parcelas_2896ec35-f3d9-4beb-b1e6-05b8b25932ee.csv
1;94.76;2019-10-16;parcelas_28992848-89ec-4e82-aa2f-425f633bab5f.csv
1;7500;2019-09-26;parcelas_289a26d8-8c14-4ff9-8f87-398f74ff35d5.csv
1;249.5;2019-04-09;parcelas_28a9d157-e10d-4659-b920-1dc07e066d2d.csv
1;3534.55;2019-11-05;parcelas_28aa5d57-7047-40a1-b6a7-d2648236819e.csv
1;1109.82;2019-11-26;parcelas_28ab94af-9fc6-4b54-9584-a23965a68a8a.csv
1;66.66;2019-02-15;parcelas_28ac1821-072c-4139-91bc-6ab38ab02429.csv
1;8968;2019-01-28;parcelas_28b09a4f-ef37-414c-8404-61cacb58da3f.csv
1;13000;2019-08-30;parcelas_28b41b12-1bd0-4b76-bfe8-4ad2196753ca.csv
1;1769.72;2019-01-02;parcelas_28b4545c-49b2-49c3-b85f-59e40713d4ea.csv
1;800.17;2019-01-10;parcelas_28bbd626-f6db-46b2-abc7-61416d76fca8.csv
1;5000;2019-08-02;parcelas_28bf532f-1bc7-40de-aab3-491d4a9ea842.csv
1;247.35;2019-06-10;parcelas_28c88789-b2ea-4f24-a110-a0e025ca7b60.csv
1;298.19;2019-08-27;parcelas_28c9cba5-abdb-47df-bc07-cd705b48bfcf.csv
1;1666.66;2019-08-22;parcelas_28d9b2ae-88c6-4264-aa06-cb8aa254a985.csv
1;27047;2019-02-11;parcelas_28dfe433-fa17-4cab-aaed-098835df387a.csv
1;30.06;2019-11-26;parcelas_28e10561-9180-4db1-b52c-ba045529bf79.csv
1;176.59;2019-09-30;parcelas_28e80f32-6f79-43b5-898a-a0319ac4e3e7.csv
1;2762.34;2019-01-21;parcelas_28ea8152-c357-4ff6-b7a9-14c8858a99a1.csv
1;3600;2019-04-16;parcelas_28ee3c63-856d-4186-babc-916408bd1dda.csv
1;3667.09;2019-06-19;parcelas_28fcba30-72d5-472e-bfcd-f49410878a58.csv
1;18762.64;2019-06-27;parcelas_28fe44ef-7840-4945-9fca-b316009ca705.csv
1;203.6;2019-10-25;parcelas_2900aa44-3615-4030-bef8-48f9a3210677.csv
1;48000;2019-01-02;parcelas_2903a333-a05c-4a37-b3c2-3ff935e15a10.csv
1;79.79;2019-10-17;parcelas_2912fa68-b760-4477-be27-b69928f44cc4.csv
1;695.27;2019-09-30;parcelas_29163d4d-3962-49d1-996d-684e82260d19.csv
1;33310.98;2019-04-08;parcelas_29309cd3-6087-4da0-90a5-5d3a733ac05f.csv
1;29;2019-09-25;parcelas_29383b8f-a8d4-4263-a350-c787587c7dc7.csv
1;12257.3;2019-09-19;parcelas_293d60fd-c4c1-4d5d-a49b-48aae6f6430f.csv
1;1803.69;2019-07-10;parcelas_2944c473-b742-434d-8813-afb7277233fd.csv
1;361958.33;2019-11-28;parcelas_29460995-d962-46a3-bb66-a5607e705ed4.csv
1;89984.47;2019-03-11;parcelas_2946dd52-964e-4d1b-bdb5-a31cc414f2a9.csv
1;249.5;2019-03-15;parcelas_2947017b-7954-4335-9d47-118827e5111c.csv
1;25000;2019-09-27;parcelas_294e80e8-648f-46f9-b930-5a755633f42d.csv
1;3259.5;2019-06-21;parcelas_29515d74-bbc2-447b-a78f-edc684c379a0.csv
1;0.03;2019-12-31;parcelas_295dadcb-4c2e-45e3-a43f-f22d80d29dcc.csv
1;59910.4;2019-02-11;parcelas_2964c2fb-6cb9-4eb9-b9af-9c7967fbe68f.csv
1;518;2019-08-05;parcelas_29699fa4-5af9-4b9c-ae61-e0bdfb8782e1.csv
1;500;2019-03-22;parcelas_296cbbbe-258c-43c0-a2f7-b11334a23b02.csv
1;79.79;2019-09-18;parcelas_296e0ca9-8b81-4a77-8a2d-eae6b0469754.csv
1;708066.39;2016-12-15;parcelas_296e44a3-a0cc-4219-b4dc-9565189623e3.csv
1;1102.88;2019-08-30;parcelas_297ff101-4c53-4f39-94b8-d6723d0f98c9.csv
1;410;2019-01-28;parcelas_2982871f-fbfc-4b73-9ba9-18921ba0f1d7.csv
1;74.62;2019-11-18;parcelas_29874ee4-b071-4eb9-91dd-8590d83051db.csv
1;891.99;2019-09-02;parcelas_298819f4-81eb-4aef-b661-57d6fb18654b.csv
1;3764.35;2019-08-22;parcelas_2989750f-6b22-4051-be51-5f70dd825ed2.csv
1;29370;2019-09-25;parcelas_299503d8-df5f-4155-83ff-32b084f7d5f7.csv
1;929.23;2019-09-30;parcelas_2998b4f6-346f-4722-bbff-7592f226f86a.csv
1;79.79;2019-12-09;parcelas_299a3144-87b7-487c-8b06-9a0853b0de63.csv
1;79.79;2019-11-13;parcelas_299b1a22-8532-46bb-80e6-3333e3a4b370.csv
1;13084.8;2019-01-10;parcelas_299c7d24-87a3-4dc8-8044-4886ccf1523a.csv
1;1200;2019-05-21;parcelas_299e7676-c915-4fbe-b4f7-57fdc3c15171.csv
1;914.73;2019-03-22;parcelas_29a28962-b0af-4ac1-b4e4-07a15625e64c.csv
1;16346.32;2019-06-19;parcelas_29a43203-644a-4d16-846e-874aeb47720e.csv
1;15184.24;2019-01-28;parcelas_29a9e6db-7316-49f8-8e02-9e91ab8facd8.csv
1;684;2019-10-10;parcelas_29aaa269-6fd3-415b-9cd6-f70fe782555f.csv
1;290.65;2019-10-14;parcelas_29ac1c28-a043-497b-b169-d3bd142c3c05.csv
1;372002.44;2019-01-07;parcelas_29adc1a7-d40c-400f-8733-3f8c945e4f9a.csv
1;211756.79;2019-09-11;parcelas_29aec042-b622-4da7-ba1b-4222ebf59028.csv
1;8985.11;2019-01-02;parcelas_29af407e-1893-4206-b2a8-9d8129f52c20.csv
1;867.6;2019-06-26;parcelas_29b0cc18-c9b5-4146-965e-452ce003dbc1.csv
1;520;2019-10-29;parcelas_29b1d7db-d3ad-4b71-b56a-be77ed05bf25.csv
1;51561;2019-10-10;parcelas_29b39c7b-0a77-49b4-b15f-dbfb668846e9.csv
1;2440;2019-02-14;parcelas_29b73c38-2887-40a0-86c6-188faf3ad360.csv
1;449.27;2019-10-25;parcelas_29bf182f-b74e-49f6-9c64-586d1de204cd.csv
1;1913.65;2019-09-17;parcelas_29cc102f-110b-4f77-8644-1cf1019df29e.csv
1;31864.6;2019-10-29;parcelas_29d4f853-7817-4a65-be46-3c04cd961cd7.csv
1;6500;2019-03-18;parcelas_29de0037-bba6-4864-ad16-e4734a58c983.csv
1;4413.66;2019-04-30;parcelas_29de3181-d906-44f7-82ac-e668d1d1813a.csv
1;1749.6;2019-08-01;parcelas_29e2fcc3-a9bd-403b-a43f-1dae71395aa6.csv
1;99.46;2019-09-12;parcelas_29f41124-d30f-43ce-9a6e-e0a3a74cdb5d.csv
1;81.54;2019-05-31;parcelas_29f8ea63-ad6a-46ff-a0ac-ac2dc6773b57.csv
1;4250;2019-05-13;parcelas_29fa938e-f59b-4091-a245-c1b8cdc950c3.csv
1;11432.46;2019-06-19;parcelas_29fe5384-e42e-49d9-bcf5-6aa6f423483b.csv
1;43380;2019-06-18;parcelas_29ffb3dc-05ea-4026-a62c-6eaa3d70b4ef.csv
1;1;2019-03-11;parcelas_2a031c32-5e71-4d82-a73f-4457f442d5d0.csv
1;8455.55;2019-06-03;parcelas_2a046535-2997-4fb5-be55-c68f706904a1.csv
1;122.04;2019-06-27;parcelas_2a0c3e2c-dabd-4a9c-9dc6-2554d82774fd.csv
1;26100;2019-02-13;parcelas_2a14d24f-635c-4e98-946f-c132250439e1.csv
1;2000;2019-03-01;parcelas_2a15db5a-70e6-4309-918f-afe8edd75d1e.csv
1;10087.5;2019-08-21;parcelas_2a17e7d1-2879-4b5b-b071-dbe8615227c1.csv
1;1200;2019-09-02;parcelas_2a18a4a3-b602-4a8f-add0-1691e5f05589.csv
1;1807.5;2019-03-18;parcelas_2a1a8f36-d2d2-4646-81e9-98211d69f3e3.csv
1;13387.19;2019-05-28;parcelas_2a1faade-6107-4d0f-b519-38851db5ec76.csv
1;19674.6;2019-08-08;parcelas_2a2aac10-5852-4056-a0f1-6fbaa03f87e0.csv
1;630;2019-04-30;parcelas_2a2bdfa5-f584-4acf-ad60-45242493f9b8.csv
1;78375.74;2019-01-31;parcelas_2a2fa46b-63aa-4b51-b034-7109514153c7.csv
1;343.62;2019-11-27;parcelas_2a33725a-9df0-4b78-85aa-74f806441607.csv
1;640;2018-12-21;parcelas_2a48c90f-5f6b-4d53-801a-995358b3ffb2.csv
1;4752.55;2019-10-01;parcelas_2a4b5206-de38-491b-aa4f-5edc2a0ab93f.csv
1;960;2019-01-31;parcelas_2a5067ac-9f46-4020-b89f-7db1ed5eb096.csv
1;224.4;2019-02-08;parcelas_2a51fb2f-a01a-48b3-a37e-368d9de521d7.csv
1;1000;2019-02-25;parcelas_2a544343-8544-46ec-ad03-45f018f82015.csv
1;100;2019-05-21;parcelas_2a54a03b-c3da-4c4c-ad12-04da196ae4f6.csv
1;61847.52;2019-12-31;parcelas_2a55200e-d5c1-4885-9489-59af4e8c2a6c.csv
1;65;2019-07-31;parcelas_2a5f1751-f1d2-4205-910c-6f2924269766.csv
1;23.36;2019-07-31;parcelas_2a63ea4c-8310-423c-b839-189cb1cc2b44.csv
1;2375.93;2019-06-28;parcelas_2a6f797e-65e2-47d0-ae34-bec1915ffea9.csv
1;1400;2019-10-22;parcelas_2a73e9f0-5c86-433c-815f-837ba70fc4f3.csv
1;86658.43;2019-11-28;parcelas_2a7b9db8-3a17-49c1-b193-0b1df3040df0.csv
1;28542.45;2019-04-17;parcelas_2a7c4c33-9213-4c2e-9f13-587d01c8de15.csv
1;6368.94;2019-09-30;parcelas_2a814766-8841-4221-993e-9a5f663211fc.csv
1;2100;2019-02-25;parcelas_2a83f751-90a7-4382-b854-ff556d59e275.csv
1;18.69;2019-04-09;parcelas_2a88c705-6998-4ee2-94ec-7b352a0d90c0.csv
1;36083.6;2019-01-10;parcelas_2a8d782a-6771-4c07-adeb-76966e8bf7aa.csv
1;13286.5;2019-03-12;parcelas_2a8e5819-baee-4bb1-ba51-26e2497d49a2.csv
1;2936.77;2019-01-28;parcelas_2a933e6d-ffb1-4029-9823-ebfcdbe2c8fb.csv
1;5733.07;2019-11-26;parcelas_2a9e6c4f-f496-43df-acaa-78090002409a.csv
1;2183.37;2019-09-03;parcelas_2a9e82bb-27f3-4ba2-8004-cced0e871213.csv
1;2951.73;2019-06-27;parcelas_2aa07557-3fd6-457e-9dc2-7591b63f9de4.csv
1;3252.97;2019-10-16;parcelas_2aa2723e-2276-46dd-a146-757a0b9a5046.csv
1;61.16;2019-10-03;parcelas_2aac61dc-4697-4824-9539-7af87fc80a9f.csv
1;18574.85;2019-07-10;parcelas_2ab7e5fc-5836-4d87-9ffe-5d5497f5d50a.csv
1;8548.6;2019-07-10;parcelas_2abed822-643e-4f7e-96a8-8473fa35ad1c.csv
1;9117.36;2019-04-16;parcelas_2ac490dd-dc3e-431f-9812-15f0067ab436.csv
1;1500;2019-11-14;parcelas_2accc024-c771-4279-a1f1-e0e7622755bd.csv
1;8432.46;2018-06-20;parcelas_2acea891-1bb4-4cc1-8573-7f94d7d44a54.csv
1;156;2019-08-13;parcelas_2acf29d5-2c88-4f3c-8719-88bb02cc700b.csv
1;6124.8;2019-07-10;parcelas_2acfb675-daec-40ca-943a-7f28e5314382.csv
1;24563.84;2019-12-11;parcelas_2ad03119-5e89-4a84-9529-3c61a0751037.csv
1;1607.4;2019-03-29;parcelas_2ad072e6-cacd-4203-9b51-592b5a092862.csv
1;55499.51;2019-10-17;parcelas_2ad12cae-9453-4dfd-870a-0ec0c6bc56f4.csv
1;4990;2019-12-31;parcelas_2ad2a3af-49e7-4b7d-bb10-898a9e0da86f.csv
1;322.67;2019-05-24;parcelas_2ad3b417-eca1-454a-8d5e-6d194708684a.csv
1;161930.83;2019-07-31;parcelas_2ad4ab4c-7bab-4a90-9183-efdd56b05f20.csv
1;2400;2019-04-30;parcelas_2add1a31-3705-4ea6-acdf-92bc39dd9c53.csv
1;501.21;2019-01-23;parcelas_2ae98582-811e-41d8-9173-d93b6700f04c.csv
1;155844.44;2019-04-30;parcelas_2b041634-bb18-4242-a963-f809fd04b605.csv
1;1074.62;2018-12-20;parcelas_2b08b2d4-5ba3-4541-8b01-f4451f55d0b6.csv
1;239.25;2019-04-17;parcelas_2b0c333e-1aa1-4331-9d61-d039ed954d65.csv
1;908.32;2019-03-29;parcelas_2b103c16-187f-4ac1-b217-215a51eb238b.csv
1;3031.93;2019-01-16;parcelas_2b10914d-8cd9-4a8b-8463-d3bb08fc9fae.csv
1;404899.76;2019-12-19;parcelas_2b13be27-c75c-44ed-b820-5a28a8881bb1.csv
1;978.29;2019-08-26;parcelas_2b1745df-30c5-4fa6-b395-ec696a6ad2fc.csv
1;3180;2019-07-29;parcelas_2b19c808-b35c-4fff-b43f-310eac131da0.csv
1;1463.99;2019-04-30;parcelas_2b1d72b9-f5df-4a13-b480-8c0acaf7fda1.csv
1;2495;2019-05-31;parcelas_2b21b464-9afa-480b-bb09-1f66607d599f.csv
1;104.5;2019-07-29;parcelas_2b2acc28-27d4-4e2f-92d0-f739edc9c8e8.csv
1;600000;2019-01-02;parcelas_2b2af124-05d8-4133-b18d-272e5806a520.csv
1;48312.16;2019-09-30;parcelas_2b317f37-cdc6-4b55-8da0-5f96c4e24bfb.csv
1;41649.87;2019-10-31;parcelas_2b3c045f-eac9-4f02-8679-7527d973c74d.csv
1;2000000;2019-01-02;parcelas_2b3e554f-7d1c-4832-b982-295dd4054e5d.csv
1;3702.65;2019-10-21;parcelas_2b422588-e3ae-41fd-92ec-bf17ab5900f0.csv
1;7756.39;2019-04-04;parcelas_2b4453f6-5b9f-477b-a5c2-2c708ee82418.csv
1;4657.3;2019-08-01;parcelas_2b4b6037-9df6-4738-a1c7-8ec50fa15aa8.csv
1;2381.81;2019-06-28;parcelas_2b4f0210-8674-42e7-8915-b248dab813a7.csv
1;875;2019-07-31;parcelas_2b5126ff-065a-4371-9a0b-fb214e17c364.csv
1;1749.9;2019-10-18;parcelas_2b53d7ea-e185-4d3d-88ce-41ad47c8b9df.csv
1;1008223.04;2019-09-26;parcelas_2b61f687-3a2b-4f3b-bd65-ddd43d943aa4.csv
1;278.88;2019-06-27;parcelas_2b673fb1-fa7c-47ff-9892-a52be0404eb1.csv
1;3143.7;2019-03-20;parcelas_2b674cb5-6ff0-4dbd-8d62-4279d33f9b21.csv
1;730.8;2019-07-26;parcelas_2b70ca18-6ce1-480e-bb30-0730d6168fcf.csv
1;3380;2019-11-05;parcelas_2b7f817e-47b8-41a5-94bb-695cacdcb6d6.csv
1;892.11;2019-11-26;parcelas_2b868822-1348-4294-af10-a0e976e4f0d7.csv
1;138.69;2019-03-21;parcelas_2b8d07c3-1369-4bc5-82d9-88f9ff1bab22.csv
1;4843.27;2019-11-28;parcelas_2b8f1c69-1ad1-4203-a60f-0d79b882617b.csv
1;22117.18;2019-02-08;parcelas_2b8f89c4-d3b1-4169-90a6-e55daaf9736f.csv
1;38162.5;2019-02-27;parcelas_2b92d4f8-ca89-4db8-b8d8-19e8ab9a08d8.csv
1;3077.46;2019-07-18;parcelas_2b969da0-5178-4d28-80c1-63bd2afeb725.csv
1;1115.5;2019-02-01;parcelas_2b99c0ee-e5f4-403c-a26f-634316b28462.csv
1;357181.81;2019-10-04;parcelas_2b9a292b-9b9e-4bb7-8935-7f6b8a046f61.csv
1;89263.6;2019-07-31;parcelas_2b9f813e-fdbb-448f-93ca-de52f3996658.csv
1;15550;2019-01-02;parcelas_2ba16763-ca13-4741-a8a1-e7de653e415f.csv
1;51985.13;2019-03-29;parcelas_2ba33a3c-66fc-4a85-b0a7-71d5bca5c036.csv
1;307.75;2019-03-06;parcelas_2ba519c6-cdd5-4788-a4f3-d5ae59fb4486.csv
1;127.99;2019-05-28;parcelas_2ba66faa-b3fe-4aab-af2f-41650c2fbfcd.csv
1;7740.33;2019-07-31;parcelas_2bab5a22-13bb-4f81-b6d9-5876eca0c60b.csv
1;17000;2019-07-18;parcelas_2bb1ef71-1ba5-4d8b-bbff-a310cb5c3879.csv
1;33261.18;2018-12-31;parcelas_2bc03a0d-42e7-4a8d-ae66-518503bbfdbc.csv
1;72738.19;2019-03-29;parcelas_2bc7d5c0-60b4-499e-aed8-dee85329a5b0.csv
1;65;2019-05-13;parcelas_2bcae85e-05b4-45b0-9780-0b2489b82701.csv
1;41534.03;2019-09-24;parcelas_2bcf9206-ee6f-447b-9b45-8938667f68ec.csv
1;65;2019-05-16;parcelas_2bd39971-82dd-4ddf-b75a-17bad9ab9174.csv
1;1338.68;2019-08-09;parcelas_2bd40141-e17a-4f3f-bb96-c8452194f568.csv
1;735.55;2019-07-01;parcelas_2bd83495-16d7-44e4-9a90-6fb8b41b0dd7.csv
1;12472.5;2019-02-19;parcelas_2bdc8dc7-a3f0-477d-af58-64c8064e46a5.csv
1;17500;2019-08-13;parcelas_2bde92bc-2075-4bbe-acb9-1ef8ba0f1a09.csv
1;40000;2019-06-27;parcelas_2be830a3-7e31-4c77-9a2c-35f09d8ad484.csv
1;1917.93;2019-10-25;parcelas_2bf00dd2-5de3-4c30-9cc5-cfb02c4c0adc.csv
1;4205.13;2019-08-22;parcelas_2bf0678d-4c25-4b41-b4ac-d1f38d832153.csv
1;62496.28;2019-03-01;parcelas_2bf7b4d0-be41-4705-bdce-b9785860f237.csv
1;1368.48;2019-11-27;parcelas_2c03be3e-2e04-4ee8-9657-fe84d37c1fcd.csv
1;1499.93;2019-04-30;parcelas_2c072b74-2083-4c21-bcc8-ea36985a08b2.csv
1;65;2019-06-14;parcelas_2c0cef0d-6e68-4cee-b9be-36b5adaa013f.csv
1;2428.78;2019-12-09;parcelas_2c141f3f-1775-4cc9-8844-32327e054b48.csv
1;195.3;2019-07-11;parcelas_2c1b3c52-829b-492c-86f3-ef612f9e4b89.csv
1;20189.26;2019-07-31;parcelas_2c1b534c-bc8d-4645-b56b-f66075aa07df.csv
1;341.94;2019-07-01;parcelas_2c1cc13c-a777-441c-96c8-5df2ad7773bd.csv
1;114;2019-06-04;parcelas_2c1e59f1-722c-4052-9b9d-20ae89cd2fa0.csv
1;430.63;2019-02-28;parcelas_2c284d25-c0dc-4537-bbec-b43b109828e7.csv
1;1996;2019-09-30;parcelas_2c30d13c-ce1e-47c8-ae48-3b9f82f981cc.csv
1;2123.19;2019-01-10;parcelas_2c372b02-5f52-4053-ba48-1c28bc4d5256.csv
1;62069.85;2019-10-31;parcelas_2c427d09-a3c4-428f-95fb-689633b38f18.csv
1;3842;2019-09-27;parcelas_2c486c07-fe9c-4e87-8a9c-36013146043d.csv
1;14945.02;2018-11-20;parcelas_2c50c968-626e-460c-976f-fd9d9961c3ef.csv
1;170.97;2019-08-19;parcelas_2c5240f7-40bc-40b4-b0ff-a2af511e210d.csv
1;8920.55;2019-03-22;parcelas_2c612481-ef7b-4ea4-9859-7dbbf3a9a10e.csv
1;65;2019-01-24;parcelas_2c632f91-12a4-4293-a4a4-261360789010.csv
1;10213.76;2019-12-31;parcelas_2c690eb3-48f4-478a-9eb8-6c3dc88e5c77.csv
1;2035.2;2019-03-18;parcelas_2c6bae15-0490-4f93-867f-cc26377a9c22.csv
1;952;2019-12-09;parcelas_2c6cad58-391e-4045-ad61-d2f1be7440d9.csv
1;25235.25;2019-07-10;parcelas_2c72c4cb-4fb1-43e9-8b90-c16e5d481389.csv
1;170.97;2019-11-26;parcelas_2c7a6854-7147-45d6-8e22-433e892e6e5b.csv
1;65.1;2019-09-17;parcelas_2c7ae26e-3c62-49fe-b453-e69f2e7f70f2.csv
1;1541.7;2019-11-27;parcelas_2c8309a1-a8c9-483e-bb03-0fa77ffdb57f.csv
1;156.18;2019-04-17;parcelas_2c87d383-2f6a-452e-8e45-635922c950bb.csv
1;79.79;2019-09-09;parcelas_2c91c78b-e851-4ed4-a4c5-b7881fe70b95.csv
1;48652.91;2019-03-22;parcelas_2c985b97-bd8b-4a6f-ab9a-b7b867788500.csv
1;4756.78;2019-05-31;parcelas_2c99c9ee-8a53-4669-a4b4-166dfd3cd78e.csv
1;18967.96;2019-06-27;parcelas_2c9eb87e-d19d-4441-afbd-92b83908f4da.csv
1;58.03;2019-06-27;parcelas_2ca6e8d6-af73-4536-90ef-c1b06b9c97b5.csv
1;1717.09;2019-07-31;parcelas_2ca8c910-f09b-4a3b-8df3-3cce90ab380b.csv
1;8090;2019-09-23;parcelas_2ca95a6e-46d5-4327-83f5-4c31c20e213e.csv
1;79.79;2019-04-03;parcelas_2caae811-725e-4b21-89b6-39d93c853407.csv
1;996;2019-05-30;parcelas_2cacabd6-01ef-4c35-9cd1-381b2b0e8606.csv
1;3241.4;2019-11-14;parcelas_2cad5d24-a92a-4ca6-bbbf-132b7d5c3630.csv
1;3412.59;2019-02-26;parcelas_2cae029d-a407-47e7-88f6-0e5f765eb591.csv
1;2331;2019-10-21;parcelas_2caf188b-33df-4590-8c1e-f6ed71a27a4e.csv
1;1990;2019-12-05;parcelas_2caff062-566b-4b77-88a4-60d59a37051f.csv
1;14000;2019-02-28;parcelas_2cb46cc4-bc47-4153-8e31-a89815c99a0b.csv
1;234.78;2019-04-17;parcelas_2cb519b6-cd6a-44bd-8745-e48071e08c8e.csv
1;13500;2019-06-03;parcelas_2cbba667-2561-4175-8a19-df85b9f5d769.csv
1;40000;2019-03-25;parcelas_2cbd1bf9-eb3e-4bb9-9bae-7dfb3d785cb4.csv
1;42614.6;2019-12-09;parcelas_2cc286c1-0358-42f0-938f-2bc9404a7000.csv
1;193.37;2019-05-30;parcelas_2cc54d74-497f-4b95-93f2-a98bb88e12c5.csv
1;59652.25;2019-12-11;parcelas_2cc613cb-1f24-4629-8977-9e19aea15a3f.csv
1;26892;2019-03-15;parcelas_2cc7302a-8867-49ad-bb6f-7168e530513e.csv
1;630;2019-06-03;parcelas_2cc7585b-5632-45c8-95f4-7ae738283d11.csv
1;138039.54;2019-01-28;parcelas_2cc99b62-c6ac-4072-8dbe-18ff37a3ca16.csv
1;2578.13;2019-11-29;parcelas_2cd10adf-0fe4-4925-842f-7bf087f54800.csv
1;502.5;2019-11-29;parcelas_2cd449f4-4a0b-4e69-9862-904899d5ac7a.csv
1;130;2019-08-05;parcelas_2cd5a89b-a10a-4a17-9516-2ad0dfc74ff2.csv
1;65;2019-10-07;parcelas_2cd8529d-e4f8-49a4-9e53-8d97cae30a85.csv
1;44200.51;2019-10-30;parcelas_2ce15a3a-e8ab-466d-a728-ed28616d0b45.csv
1;212.8;2019-11-26;parcelas_2ce17315-1a51-4f00-b03a-127695486863.csv
1;675729.89;2019-01-03;parcelas_2cefe3e5-58a0-4bc8-9918-4db984e5857e.csv
1;913.62;2019-10-21;parcelas_2cf8da3a-77bf-45d2-9d3b-a85e81a96a63.csv
1;79.79;2019-04-01;parcelas_2d137eee-ee5a-473d-a4ad-4dcef628085b.csv
1;17437.5;2019-04-15;parcelas_2d14cc58-29b0-461d-9449-477f5ed458ab.csv
1;44790;2019-01-14;parcelas_2d1bdfe9-10ba-482e-9ed2-aade27cf4f41.csv
1;23480.6;2019-04-08;parcelas_2d1be66a-d9a4-435f-9b38-d4cafbeb07b6.csv
1;307.75;2019-05-20;parcelas_2d1c3b96-5b9e-4584-98e5-64d0dc36209b.csv
1;31000;2019-02-28;parcelas_2d259d6c-8a40-44fb-8745-ff38d4693d53.csv
1;394.21;2019-05-31;parcelas_2d2f73ee-8617-4931-a721-e675bfe9de17.csv
1;53378.04;2019-06-27;parcelas_2d33a0e2-ddcc-4976-b9be-d71e12dfece8.csv
1;2902;2019-05-28;parcelas_2d3704fa-3daf-4b33-947d-54d5fe6ffc67.csv
1;147;2019-04-29;parcelas_2d3e2f85-f2e7-4480-9616-97c31eba43b8.csv
1;2496.77;2019-09-30;parcelas_2d41ba97-7ff7-406a-a71b-c7ab5566dc05.csv
1;5586.4;2019-03-14;parcelas_2d42571c-7b1b-466a-8100-4fb5a73add7b.csv
1;6468.58;2019-07-31;parcelas_2d44117c-b97a-443a-8ad9-c74b404493d5.csv
1;1552873.4;2019-05-28;parcelas_2d501243-cd9e-468c-9edb-fc07cc35920f.csv
1;45934;2019-04-08;parcelas_2d52b5a2-38ac-48cc-a4e9-72659e5a86d7.csv
1;132;2019-07-16;parcelas_2d58131a-a00f-46a7-9ff2-d1bd9d1cac4a.csv
1;236.5;2019-09-16;parcelas_2d5f7687-1e83-43a0-9cf5-d6bfba5e71de.csv
1;130.4;2019-05-20;parcelas_2d63d3a6-032f-4c8e-a06a-b7c00fb7b5cb.csv
1;320;2019-06-14;parcelas_2d688442-bd6a-490d-a955-d5b5672c002b.csv
1;276973.1;2019-10-30;parcelas_2d699454-dabf-445f-8876-9e9efcbbcebd.csv
1;14133.69;2019-01-02;parcelas_2d6bea16-47a3-4b60-8dba-b7b6ea2b0146.csv
1;4278.18;2019-04-26;parcelas_2d7861de-2d6b-46a7-a084-a631c12dee52.csv
1;17255.06;2019-06-27;parcelas_2d7ad26c-fa29-4696-83cf-50830f907e1b.csv
1;2699;2019-02-14;parcelas_2d7c51d4-8a09-4a04-957b-d0f1d9b636d8.csv
1;1366;2019-02-11;parcelas_2d7d273e-baba-4f69-bfc3-bd5a83bf87c4.csv
1;5565.4;2019-02-13;parcelas_2d7e0675-40f5-451a-bbb3-7eb017f95f2d.csv
1;26385.12;2019-08-30;parcelas_2d7ed393-c8d4-4d8b-b5de-7ecb1838bfae.csv
1;1503.54;2019-03-29;parcelas_2d7ffbe6-3ae0-4411-aaa6-5147b567e4d0.csv
1;238189.77;2013-10-25;parcelas_2d852d8e-a1e7-4c01-bd66-7340d994af89.csv
1;26752;2019-10-14;parcelas_2d853d35-69cb-434c-a975-d3e93e593b60.csv
1;3283.74;2019-03-12;parcelas_2d8735da-e2f5-4802-abe5-dc9ac24ab281.csv
1;804.23;2018-12-28;parcelas_2d8977e0-704d-4472-8d10-e72c94a60ce8.csv
1;583.15;2019-04-08;parcelas_2d8d3421-f002-40bd-8483-fb02252c4982.csv
1;17780.7;2019-10-22;parcelas_2d94ca28-462a-44b4-8f5c-5bd8706352f8.csv
1;140752.29;2019-01-28;parcelas_2d96ad23-2e17-42d6-aa94-e52f037e154f.csv
1;2831.94;2019-05-28;parcelas_2da3ffa5-49d6-4b4b-80db-390ed19d29c0.csv
1;28.14;2019-08-16;parcelas_2da43410-4a6d-49c0-8326-9c9ee683b59a.csv
1;6800;2019-08-26;parcelas_2da8be59-a916-4daa-80d3-e9e1d710faa0.csv
1;420000;2019-12-30;parcelas_2dab58c7-f69c-41b2-82d7-bba30f0d68e8.csv
1;123.93;2018-12-28;parcelas_2db81f26-9318-48d4-91a0-eb71c6dd9ff3.csv
1;1518.17;2018-12-28;parcelas_2db81f26-9318-48d4-91a0-eb71c6dd9ff3.csv
1;39.89;2019-09-19;parcelas_2dbe5623-2855-4baf-84de-e17ddc462cd6.csv
1;78000;2019-07-11;parcelas_2dbff2ea-49b2-4c5b-a5a7-590d4ec8e100.csv
1;16440;2019-04-30;parcelas_2dd53ab3-f817-41e3-9449-404241621810.csv
1;603.45;2019-06-27;parcelas_2de72a44-9b7f-4772-aee5-d78abf197c7c.csv
1;3490.48;2019-03-29;parcelas_2de82556-0e3a-4a84-b651-c01623a4bce4.csv
1;5591.02;2019-04-11;parcelas_2dea7214-81ad-46d7-9a9f-97dc5bfd488b.csv
1;981.26;2019-01-28;parcelas_2df18cb3-0681-45be-9e24-b4f4c054522d.csv
1;55750;2019-06-10;parcelas_2df52ab2-1fe1-40c3-87d0-8648eea271a4.csv
1;1247.99;2019-11-29;parcelas_2df85603-8216-4c6a-9e3f-24fc35bb0a4f.csv
1;129.76;2019-03-12;parcelas_2e00dd0f-aaab-4f40-9091-19893231bcc1.csv
1;79.79;2019-07-05;parcelas_2e0187fe-bf92-4784-8feb-dfe6bf5d2e74.csv
1;50000;2019-08-19;parcelas_2e02a35a-0ce3-4ce6-b025-56b4f70bbad4.csv
1;457.5;2019-10-04;parcelas_2e076bb2-8bed-4958-9978-bb5b066a784f.csv
1;3957.1;2019-01-31;parcelas_2e0a1543-11ea-40e8-a5bb-4c81f912e1f0.csv
1;1050;2019-10-30;parcelas_2e0e7007-d252-4bab-a586-492d32a8bb04.csv
1;3;2019-11-29;parcelas_2e149001-bd7d-4577-85c7-bba6d4638654.csv
1;752.1;2019-02-25;parcelas_2e1a5283-d781-45a1-9a68-6ab6a9cd3573.csv
1;1294.08;2019-03-29;parcelas_2e22ec0d-bdbe-4056-8d49-408d4222abe5.csv
1;474.67;2019-10-18;parcelas_2e25c41b-d044-4b8d-8416-4c6fc17ee58b.csv
1;1151230.92;2019-04-29;parcelas_2e282419-8cef-4d96-84cf-868384f0330d.csv
1;923.36;2019-06-27;parcelas_2e31d2a3-cad8-44c9-9037-bcdd4f2c995b.csv
1;139.32;2019-04-03;parcelas_2e368068-256a-4d59-87c9-fda136fc5d72.csv
1;895.39;2019-12-03;parcelas_2e39a922-181f-4e63-826c-61440c42410b.csv
1;15358.62;2019-09-30;parcelas_2e4042ec-ea9d-4674-963c-aba3d7ecb032.csv
1;75;2019-12-06;parcelas_2e42d520-02d9-4144-bbf9-e09eb5208e67.csv
1;750000;2019-09-05;parcelas_2e43eb49-53dc-4e1b-9159-682c985bc5ca.csv
1;130;2019-10-25;parcelas_2e476b46-983e-4d3e-8000-6773ccd6fbc6.csv
1;54750.82;2019-07-26;parcelas_2e4f494e-fca0-4741-bc0f-a57fc462a93d.csv
1;65;2019-09-09;parcelas_2e4f818b-e9a7-4aa1-afc4-cdb87f298a9c.csv
1;4092.49;2019-02-26;parcelas_2e5931e5-05ba-4bed-aafe-c592411681c3.csv
1;37428;2019-02-05;parcelas_2e6f108a-2106-418b-8470-c09a2a8018f3.csv
1;2704.38;2019-11-22;parcelas_2e702775-cd94-47a4-b4ed-aeec6e06e66e.csv
1;3774.25;2019-02-28;parcelas_2e75329e-40d3-4976-9eec-c0e237eb7ae7.csv
1;10799.8;2019-09-03;parcelas_2e7ef013-7eaa-4d6c-a0f3-7a8facdee005.csv
1;5447.99;2019-11-29;parcelas_2e7ef4f3-30f0-4cf5-b03a-c0bae13ce580.csv
1;976.61;2019-01-28;parcelas_2e7fc6b8-4563-4667-8b1a-cad94f6080ba.csv
1;43194;2018-12-28;parcelas_2e8457da-b8ca-407f-b9a9-d382557179c4.csv
1;640;2019-03-12;parcelas_2e89bb00-59d6-43c3-9a92-731ade23e7bd.csv
1;6900;2019-07-26;parcelas_2e919854-d3e7-4de3-82fb-20dfd88596b9.csv
1;1803.29;2019-01-28;parcelas_2e921e3a-c03f-446f-a36d-91337405f2d8.csv
1;12400;2019-02-18;parcelas_2e92f81a-6a22-4d79-a686-cd1e47a3d5f6.csv
1;1684.85;2019-09-30;parcelas_2e9b0acb-09ce-429d-b595-0b0c5ce28b5a.csv
1;229449.66;2018-12-28;parcelas_2ea1277f-02d3-43a8-9adb-5f8fdd4714de.csv
1;617.76;2019-05-30;parcelas_2ea310fc-f3d1-4e5c-9322-8203c2617995.csv
1;589.88;2019-04-30;parcelas_2ea8e073-e9cb-421a-bac7-7db897b7ffd2.csv
1;900;2019-07-30;parcelas_2ea9e7a0-ab6c-488f-b572-300f8ce7166c.csv
1;262.6;2019-08-16;parcelas_2eabafbe-9489-4f61-8b57-8316da55a82a.csv
1;6600;2019-01-02;parcelas_2eb4ec6d-c3a8-4395-aed5-5df49c1cbeb5.csv
1;24954.34;2019-10-08;parcelas_2eb6b5c5-2d8a-4d0e-9852-d632cfa0356b.csv
1;400;2019-01-02;parcelas_2eb8b8b9-a542-4d5e-a9b8-4b34108aece7.csv
1;44184.69;2019-05-28;parcelas_2ebabc03-bca3-44a4-b5f3-c27696fdf8cc.csv
1;181330;2019-02-11;parcelas_2ebcedcb-06ef-4bda-9cf1-fcf964952af9.csv
1;10711.8;2019-02-11;parcelas_2ec83a59-fe5f-48ea-86f9-173558d0b38b.csv
1;1429435.36;2019-01-28;parcelas_2eca63b5-9fa2-46ac-9d1d-05be16df8594.csv
1;875;2019-10-30;parcelas_2ecb75c3-f4a3-4594-b61f-64b13756d241.csv
1;250;2019-07-25;parcelas_2ecdd36f-18f9-4e7e-8842-a95a7ee4ed29.csv
1;6946.4;2019-08-01;parcelas_2ed44679-c4f9-486e-b875-b246493a97ca.csv
1;22764;2019-08-27;parcelas_2ed88e90-4994-423a-961c-af3844e96abf.csv
1;1520480.36;2019-03-29;parcelas_2ede4022-b5e1-4407-9ba6-7bc33605c440.csv
1;3359.78;2019-11-29;parcelas_2ee3ef5a-286e-4f4f-a8cf-3165da93429f.csv
1;43624.37;2019-06-19;parcelas_2ee7fa8f-78a8-4009-b768-700a5e89e69f.csv
1;65;2019-07-05;parcelas_2eeef2aa-b541-4e7f-bbdd-55cc51d7ca51.csv
1;544.15;2019-09-12;parcelas_2eef7263-bee9-47ef-b592-13c0f9454810.csv
1;919.76;2019-08-19;parcelas_2eefda47-23ff-4b5b-967c-c5edfa59d9b9.csv
1;2524.51;2019-02-28;parcelas_2ef33f42-9947-49e1-997b-9e68f53e8c9e.csv
1;94.76;2019-05-07;parcelas_2ef56f7b-e522-4aed-8a12-18e6f0fcfa3a.csv
1;463.07;2019-11-28;parcelas_2ef78fea-9d25-4375-a2de-4ff284650db8.csv
1;683.88;2019-07-29;parcelas_2ef9834b-711e-4362-96a9-8271eac93fc9.csv
1;10294.57;2019-06-14;parcelas_2efce240-3613-4e1f-a9d4-085d2c512da6.csv
1;1018.6;2019-05-21;parcelas_2f08426d-7f8f-4385-9a8c-938116576454.csv
1;278.1;2019-02-11;parcelas_2f09024c-d6d3-41c4-9d89-e161b03f4ab6.csv
1;24623.2;2019-07-02;parcelas_2f0cc14e-22c0-4e30-8623-3f5aef6c6bd6.csv
1;81.72;2019-10-31;parcelas_2f139a60-4207-493b-b007-41f6adbfdcc8.csv
1;2226.54;2019-01-10;parcelas_2f289ddb-6182-4e12-8143-f9e3fd93f651.csv
1;23173.5;2019-07-11;parcelas_2f2e947d-19fd-4ea8-b3e1-392fc5374305.csv
1;62.97;2018-12-28;parcelas_2f30a5f4-60a1-4938-98c8-48e10f5f49d3.csv
1;1891;2018-12-28;parcelas_2f30a5f4-60a1-4938-98c8-48e10f5f49d3.csv
1;5834;2019-08-30;parcelas_2f39fd38-e996-42b1-85a3-413ebf19642f.csv
1;17216.42;2019-12-11;parcelas_2f3d750d-774a-472f-8d0d-ff37afc51829.csv
1;31410.96;2019-09-09;parcelas_2f4213ff-d987-4243-87c0-7e8344a41b99.csv
1;150000;2016-10-31;parcelas_2f476e92-3b97-4b9c-8adb-904bc6d31d13.csv
1;145;2019-11-25;parcelas_2f50601a-33dd-4e2f-b09b-93da3d5c7b8e.csv
1;1541.98;2019-02-28;parcelas_2f530c18-234f-4287-8382-a888faa41d22.csv
1;260.4;2019-09-17;parcelas_2f60adaf-39b2-4236-a2d1-d478085b0775.csv
1;503.73;2019-06-19;parcelas_2f6182f6-fcef-4e3e-8327-5f762032c916.csv
1;1135.43;2019-01-28;parcelas_2f63d601-3bf4-4646-a27b-57372cac8bf8.csv
1;10502.01;2018-05-18;parcelas_2f676f4f-2822-4306-a103-80318d262bc3.csv
1;49800;2019-03-20;parcelas_2f678e36-1c02-4e30-bc71-548389e84afc.csv
1;858;2019-05-10;parcelas_2f6bc69f-412c-4874-a297-30d24ef7ad73.csv
1;21866.4;2019-09-19;parcelas_2f7049cf-694c-4ca1-a495-9e1be3fd2948.csv
1;2495;2019-01-31;parcelas_2f715808-1085-4245-9e5c-b2f36252cba6.csv
1;35723.32;2019-06-27;parcelas_2f77dda7-7880-4a2c-bd88-8fa7d2f3a01d.csv
1;285596.04;2019-11-01;parcelas_2f795e8b-17c4-4e11-92f5-8f71ef53db5d.csv
1;1096.88;2019-04-30;parcelas_2f7e6bb5-c932-44e1-bf4c-a1deef2c789e.csv
1;27071.7;2019-07-01;parcelas_2f80cbd1-12b9-4140-a616-2b9055882f2f.csv
1;82428.77;2019-03-29;parcelas_2f8952ed-bbf8-4f48-bd86-54b2519b2f27.csv
1;858000;2019-09-30;parcelas_2f8ee2db-d865-4690-858e-464f840b4dad.csv
1;2579.35;2019-01-25;parcelas_2f9013f7-7000-4304-8e65-1e3a251e06da.csv
1;242.35;2019-09-30;parcelas_2f92da21-5ebf-45c6-a1f9-cccf3a90351e.csv
1;90215.12;2019-03-29;parcelas_2f96e5d6-b913-4de7-84c4-b89236658807.csv
1;1842.5;2019-01-02;parcelas_2f980258-53b3-45a7-8ef6-d0e209f96504.csv
1;13923.06;2019-11-06;parcelas_2fa16898-8487-4a73-8c3a-704838efb663.csv
1;281569.21;2019-12-30;parcelas_2fa1e7ab-5f68-4ee2-b983-3ad286401746.csv
1;85.96;2019-02-26;parcelas_2fa3ae12-f257-4207-a9f4-27b58426b07a.csv
1;12383;2019-11-25;parcelas_2fa776a7-2838-4474-8786-f41d834e129c.csv
1;133821.1;2019-03-29;parcelas_2facde10-afa3-4876-b78e-29db7329afda.csv
1;25740;2019-06-13;parcelas_2fb9f700-40df-492f-ae21-b1ac8387f96f.csv
1;5347.65;2019-11-28;parcelas_2fc176a4-620f-4985-b71a-b7648cc6682a.csv
1;270000;2019-01-02;parcelas_2fce56db-e850-4d54-b37d-eae6f7d64c34.csv
1;1320.25;2019-06-07;parcelas_2fce9440-f27e-4851-8ce4-aafa31a40137.csv
1;1536;2019-05-02;parcelas_2fd00b8b-1868-4cd6-8323-b7fc8d8ba158.csv
1;65;2019-10-09;parcelas_2fd5cad5-c9e9-4d3f-b9e4-475db402ecaa.csv
1;120;2019-04-03;parcelas_2fdb839a-efe8-41c4-b4e7-9cb3c997d299.csv
1;34546.95;2019-10-25;parcelas_2fdff8af-d3b3-4b65-8c62-2f89b2f4eedb.csv
1;1137.71;2019-03-06;parcelas_2feed0f8-1de3-4f63-a676-e993e98e273a.csv
1;714547.71;2019-07-31;parcelas_2ff67060-0c2c-428c-bb07-eb185790dd53.csv
1;21972.9;2019-06-03;parcelas_2ff7db9a-5693-4ca6-88e6-4ac05f0d1fca.csv
1;1955003.48;2019-03-29;parcelas_2ff880cf-f45a-41b3-ae30-464b8afeef28.csv
1;5318.87;2019-10-31;parcelas_2ff9d599-6672-4980-abfc-3f184c597a5d.csv
1;1839.52;2019-12-30;parcelas_2ffdf4d0-9a7f-48fe-82fb-93bb78040149.csv
1;200.44;2019-06-27;parcelas_3002e38d-b90c-4b6e-8476-69d6692a5c6f.csv
1;799.15;2019-07-12;parcelas_30071c2c-f5be-482a-915e-47dcca6b143e.csv
1;520;2019-05-09;parcelas_3008061c-e8ba-41db-bfc5-dab325f980c3.csv
1;170.97;2019-03-29;parcelas_3008178b-40c1-459c-ac01-8e00e20f20fe.csv
1;65;2019-08-09;parcelas_300eefbf-710f-4ca7-9133-0de03b9a78f8.csv
1;36442.66;2019-12-31;parcelas_3012e608-7350-488c-b9c0-0b0d0ce78d3b.csv
1;128094.68;2019-01-28;parcelas_3014333b-8a6d-49f7-bc1c-f846cdba192b.csv
1;100000;2019-10-30;parcelas_3014ac7a-9983-4923-8a58-c94746b35432.csv
1;17885.76;2019-08-08;parcelas_3016faa8-90c6-49ba-baab-b6f1faf528a0.csv
1;3787.27;2019-02-28;parcelas_301e0204-2249-4b23-a083-efe6055ff36d.csv
1;79.49;2019-06-19;parcelas_3022176d-6038-47c3-817f-f1d1ad60d8ab.csv
1;1520;2019-03-21;parcelas_3022bfea-5b84-4c3e-98f0-5b8623f8820c.csv
1;240154.53;2019-12-19;parcelas_3025ea67-6a9c-47b5-be2f-1d8b812091c1.csv
1;341.5;2019-04-08;parcelas_3027f9d9-3bea-4e57-9880-368d4c083dd7.csv
1;98696.61;2019-10-30;parcelas_3028eaf7-0d7f-453a-8667-6131a218b0be.csv
1;8056.68;2019-05-28;parcelas_302aa10c-b7c2-4f39-b1a1-2df984f551cb.csv
1;28.5;2019-03-12;parcelas_302b9391-02b1-4506-a2e6-5d2d13cc01ef.csv
1;13750;2019-11-18;parcelas_302cb5a7-eba1-42b6-bbb0-4f726aba76bf.csv
1;799842.15;2019-01-02;parcelas_3031b25f-1c53-46ad-a95a-2e105af1d9e4.csv
1;1327.81;2018-08-13;parcelas_303341ec-f90c-4258-b17a-b971baf4232e.csv
1;240;2019-03-07;parcelas_3034c6ee-c5ac-43ac-9ceb-97d50a0fca3c.csv
1;88.2;2019-04-09;parcelas_30373312-5d13-4f21-a7b7-6787d5433267.csv
1;2969.24;2019-08-08;parcelas_3039c6c8-ade7-498b-a14e-607b98f0b140.csv
1;43628.43;2016-08-19;parcelas_30445fab-8114-4ab1-ba13-eb4752bc3701.csv
1;7011.89;2019-06-05;parcelas_30451ab6-9e17-48ce-ab34-0cc2f5c953de.csv
1;2521.24;2019-11-28;parcelas_3049a3d8-b8f4-4e63-9018-657837ca50f1.csv
1;211;2019-05-21;parcelas_304a5161-9089-4b86-b139-b977de59625e.csv
1;34650;2019-01-02;parcelas_304b3507-fdfd-497b-9789-f51ccfc57c68.csv
1;166.25;2019-06-27;parcelas_30526546-d78a-4385-b843-7ef613f1eedf.csv
1;4781;2019-11-06;parcelas_30528b04-9ef4-44e7-aa66-2c5b935efb7d.csv
1;998;2019-10-29;parcelas_3053e023-5e26-4f11-b7d7-025f4d12874d.csv
1;210;2019-07-10;parcelas_3058af39-e1b9-4263-a486-c185deb2cc95.csv
1;41528.8;2019-07-29;parcelas_305cea82-a0e5-4848-8937-7d4f102aa7c3.csv
1;506.5;2019-04-15;parcelas_305e01ec-5281-4ded-9484-86c5a27084a0.csv
1;78706.92;2019-12-11;parcelas_306603bf-62e4-454b-b1ff-d236a9e541bf.csv
1;17874.16;2019-11-28;parcelas_306a7a81-56b6-4595-9b97-97c358a63ffb.csv
1;1225;2019-12-19;parcelas_306bc310-af21-4c2f-b001-c0c089b45400.csv
1;2400;2019-02-11;parcelas_3072c441-6400-4235-859b-4c80f60d417c.csv
1;2275;2019-08-30;parcelas_30733d3c-12df-46ec-a1f5-1978166cc6ec.csv
1;2509.2;2019-04-18;parcelas_307b8e54-084c-44a7-9e7e-949ade1aa89e.csv
1;104.67;2019-02-21;parcelas_307d9c39-22d1-487d-8877-835f7a8a946b.csv
1;234.52;2019-12-30;parcelas_307f430d-a6b7-49b8-8d14-79ba5bb47cf2.csv
1;4482.05;2019-08-30;parcelas_30892d9e-545e-4d25-a770-354d1c4a065f.csv
1;1663.4;2019-05-02;parcelas_308961bc-20b2-4875-a0ea-574e428c562a.csv
1;9593;2019-01-14;parcelas_308a208b-5464-4aec-b2f2-c64126bb4790.csv
1;17145.32;2019-09-04;parcelas_308a65e4-c316-4ba7-acef-cd74df7be1d2.csv
1;3695801.74;2019-04-30;parcelas_308b10d0-e15a-4c64-8923-115b78f28144.csv
1;21842.8;2019-02-28;parcelas_30923475-13ab-4b7d-b43f-cb9a1fd186ba.csv
1;1495393.35;2019-10-30;parcelas_30990eab-c252-4b9e-8935-2bc45276717d.csv
1;400000;2019-10-18;parcelas_30a58a2e-b549-4977-8566-c2e6664f4319.csv
1;148.08;2019-01-31;parcelas_30aaa41f-d994-4806-adda-db70b15d2fa3.csv
1;219.51;2019-04-12;parcelas_30ae577f-9e48-4579-833a-5fd900ecfb5c.csv
1;2196.49;2019-11-25;parcelas_30b022a2-08f0-42ae-a7ff-7c066f755790.csv
1;235;2019-03-18;parcelas_30b11823-031d-45c6-8b5a-f2bd9d5ba081.csv
1;39;2019-08-05;parcelas_30b3652b-8dc2-4cb3-aeee-52318ac029a2.csv
1;22115.36;2019-01-29;parcelas_30b51996-4b2f-4606-b7fb-9cc0fb611482.csv
1;12258.71;2018-07-20;parcelas_30b89981-a83c-4ec4-9829-319bf0a7024c.csv
1;2918.07;2019-10-30;parcelas_30bab766-6f1a-475f-be60-6518cbcba1d2.csv
1;2270.19;2019-06-27;parcelas_30c02df9-0461-4b7a-b903-e23d62771fd2.csv
1;9170.5;2019-04-04;parcelas_30c9e470-4801-4a16-b5fe-6288be80bcb0.csv
1;23200.93;2019-01-25;parcelas_30cce606-9550-41f3-8f5f-d98e7ea21815.csv
1;1289979.28;2019-03-29;parcelas_30d0bb36-2059-49d3-89f9-d04ebd8899e9.csv
1;1549.75;2019-11-26;parcelas_30d8dac5-8eb2-4506-9996-1270ff5777fc.csv
1;29460.6;2019-10-31;parcelas_30e315b3-3c4c-414d-a179-e0fa21ed82e8.csv
1;43174.31;2019-05-28;parcelas_30eab660-4842-4b59-8858-723bb46f1313.csv
1;14850;2019-05-02;parcelas_30ef771b-7bed-4ea7-b5a7-1deb066883f7.csv
1;148.86;2019-01-31;parcelas_30f478d5-d7f6-4c6b-9c16-6b95b3693963.csv
1;7314;2018-12-28;parcelas_30f9596b-9891-4800-8ae0-64574dbba4c7.csv
1;2392.4;2019-04-30;parcelas_30fd5f99-9173-471e-b113-53987bdf9e73.csv
1;810;2019-10-24;parcelas_31013028-eb82-4b57-954b-180530523098.csv
1;36070.49;2018-09-06;parcelas_3106471b-ab31-41fa-9964-59c6005049f6.csv
1;17955.83;2018-09-06;parcelas_3106471b-ab31-41fa-9964-59c6005049f6.csv
1;23448.04;2018-09-06;parcelas_3106471b-ab31-41fa-9964-59c6005049f6.csv
1;9153.17;2018-09-06;parcelas_3106471b-ab31-41fa-9964-59c6005049f6.csv
1;62365.48;2018-09-06;parcelas_3106471b-ab31-41fa-9964-59c6005049f6.csv
1;3575.35;2019-02-19;parcelas_310904fa-9e85-4f0e-a1a9-1f7cf1760a07.csv
1;22563.92;2019-10-31;parcelas_310ba77f-7e78-493e-a1d5-8ab3f7c33c24.csv
1;1127.63;2019-08-27;parcelas_310c4c8c-40c1-46b0-ad3a-93ec1c70d52f.csv
1;10457.64;2019-10-30;parcelas_310fba1e-d42a-4588-adf4-25f8dbad34b5.csv
1;31964;2019-08-20;parcelas_31172741-8158-492d-a1d5-e156e359c82a.csv
1;2930;2019-04-11;parcelas_311ee1e4-1360-463f-828c-337d91d2713c.csv
1;3858.92;2019-05-15;parcelas_31208a4c-e93e-405a-b4d0-5b09655ef60c.csv
1;10833.75;2019-01-31;parcelas_31241984-e15c-4567-a517-b6f0c8bc7c86.csv
1;117600;2018-12-21;parcelas_3129ea7f-064a-471d-b760-929036a71567.csv
1;11847;2019-11-13;parcelas_312d1da0-e8ec-4c25-8a0a-47d61b2bdc88.csv
1;268.12;2019-10-24;parcelas_3133fddb-3461-40cb-ba30-59c4cd953003.csv
1;3590;2019-07-01;parcelas_3134897f-19d9-421d-a5c2-4150ebda8ac8.csv
1;39496.42;2019-05-28;parcelas_313ab4e7-d3c6-4c97-ac8d-105c81ffa344.csv
1;3282.2;2019-01-25;parcelas_313c0a89-6364-48e9-a4fa-ed3b29e54026.csv
1;42.97;2019-06-27;parcelas_3149b250-829a-4572-bbe7-7ef46e42ac1c.csv
1;1343.39;2019-04-30;parcelas_314ab2a2-34b4-4900-9654-0bf420fcdc68.csv
1;36000;2019-09-10;parcelas_314d58b3-b1c3-4760-b7d5-0721e0ca3f64.csv
1;20;2019-03-13;parcelas_314f0bc6-baf0-4647-a84a-fed3a97dbf67.csv
1;1486.74;2019-11-20;parcelas_31568569-ba63-4c9e-8209-234fbb64df97.csv
1;156.18;2019-02-11;parcelas_31583afd-16e5-4599-bc1d-5ca4eb8b5c72.csv
1;193067;2019-01-31;parcelas_315d8f2e-ff2e-4e6c-a02a-b7ff3daac058.csv
1;440;2019-04-04;parcelas_315fe766-53b0-4257-a941-b608e3fc0650.csv
1;156.18;2019-03-14;parcelas_31619af6-da37-45eb-91c5-6cb31f0c62c3.csv
1;70493.67;2019-02-28;parcelas_3164bb76-1c7f-4005-a455-76ada0d1e41e.csv
1;1742.16;2019-09-02;parcelas_316a3a19-fab5-49d3-899f-88a02bf49380.csv
1;3307.12;2019-07-26;parcelas_316c2249-691f-402a-b244-8cbe1c75480f.csv
1;190000;2019-07-31;parcelas_316c5028-0f42-43ac-a992-845903280439.csv
1;14264.76;2019-04-29;parcelas_316d1abe-aed3-4902-b199-302056c4f9ea.csv
1;890;2019-11-25;parcelas_3177eda3-ad70-4ffd-acd3-07fab8a96414.csv
1;662.17;2018-12-28;parcelas_317d1643-fcf7-4011-9e6f-c93feeb0d2e8.csv
1;79.79;2019-08-12;parcelas_317dece0-b742-474e-bb94-7ba40360af12.csv
1;361.66;2019-07-31;parcelas_31828e11-aacc-4982-8554-e6abb7fb259c.csv
1;800;2019-01-10;parcelas_3182c989-4ae3-4113-afa0-f787af0f02cb.csv
1;24565;2019-01-08;parcelas_3190763a-432f-4e18-bbeb-b43e2d3aa4ad.csv
1;68770;2019-09-23;parcelas_31930693-8290-486a-aa89-4e597eff4806.csv
1;4158.9;2019-01-02;parcelas_31932bd5-e44a-4c01-9e62-618442dcc72d.csv
1;25726.2;2019-06-27;parcelas_31956c67-558a-46db-9b5b-dfd2fe564e2b.csv
1;300;2019-01-10;parcelas_3197307f-19ee-4ce4-b517-3c8c95989fd2.csv
1;14043.76;2019-11-14;parcelas_31aa63f1-3c07-4134-a261-c75a34b9f7cf.csv
1;1358.26;2019-04-11;parcelas_31af2347-c1c3-4a0c-9b8a-b81e25b29879.csv
1;883.5;2019-06-04;parcelas_31af318f-db3d-49d2-a17a-4fc76265bc91.csv
1;64623.34;2019-01-28;parcelas_31b0954c-46f6-44c5-87ae-96b2f5b56de3.csv
1;624328;2019-10-29;parcelas_31b0c474-7ec9-4c88-bc98-05a5d14a0ec0.csv
1;100;2019-06-18;parcelas_31b81321-aab5-4444-9cc7-1d00f42e17bc.csv
1;5514;2019-08-27;parcelas_31bcbbd9-cd77-45e1-939d-1ab7ba338cd0.csv
1;17117.39;2019-01-28;parcelas_31ce4e04-764f-4880-9c91-650ab52a926d.csv
1;161743.05;2019-09-30;parcelas_31d4cb49-a73d-4c15-ae7f-f3c7b24a7cea.csv
1;1000;2019-02-28;parcelas_31d791e7-0847-4b05-b807-35e893c22001.csv
1;3489.71;2019-06-27;parcelas_31da40c8-1fe1-4254-9a9d-980bd76e9953.csv
1;182;2019-05-28;parcelas_31e05f16-1e1c-499a-beaa-1522bfbbcbb8.csv
1;205.2;2019-04-04;parcelas_31e0f895-0047-450f-817c-7cd9c3028d89.csv
1;170.97;2019-09-23;parcelas_31e5483e-f9b0-4d1a-8b31-a6d5b432aef4.csv
1;9843.01;2019-11-28;parcelas_31e5ccb1-ae0a-4701-b65d-99bd7556e64c.csv
1;79.79;2019-08-05;parcelas_31f1a9bb-7d97-4062-b4a6-493853d31244.csv
1;829910.47;2019-11-27;parcelas_31f3e1af-15c3-4e4a-abbf-f15a17099108.csv
1;545;2019-12-02;parcelas_31fbbbc3-0628-4604-9c16-33a98db0232b.csv
1;881411.01;2018-09-28;parcelas_31fd0640-3856-4243-9627-c28394f1f592.csv
1;238162.1;2019-03-25;parcelas_31fe5fc9-059d-4f98-9bd2-3b83193e5552.csv
1;1299.33;2019-07-04;parcelas_320023d8-da2e-47ef-8190-7fdb93475b49.csv
1;650731.19;2019-10-29;parcelas_32011979-d06a-4948-a3f7-2af40e6056e4.csv
1;17409.88;2019-11-28;parcelas_3202bbde-de89-4b00-a774-1674f0019dbf.csv
1;65;2019-07-24;parcelas_3204a871-310c-41c6-8eb7-0af2198a9695.csv
1;168026.03;2019-04-30;parcelas_3206f56d-2a7c-4091-8625-a92d79753f51.csv
1;27650.72;2019-05-24;parcelas_32145864-6a33-4917-b595-c904a5bf92a9.csv
1;50750;2019-07-10;parcelas_321fc574-888f-4d3e-8638-60ce8472b84d.csv
1;5681;2019-11-29;parcelas_322302ed-508b-4ff2-8a6c-9cbc609bb946.csv
1;0.78;2019-02-18;parcelas_322a76f6-07a5-4a43-874d-2dd13903412b.csv
1;346.07;2019-05-28;parcelas_322c7ab6-386d-4d78-8acb-7d022e9c45ba.csv
1;2940;2019-08-27;parcelas_322e12a5-526a-4f70-9bf4-bb93766746f0.csv
1;2025;2019-10-31;parcelas_3232e9ea-8a1d-4501-af48-fe972565ed47.csv
1;2667;2019-03-14;parcelas_32357494-350c-43f3-88b3-9be8b8ae8e0a.csv
1;141466;2019-08-14;parcelas_3237aee8-6835-4635-904c-287f0f588c1e.csv
1;58.1;2019-07-25;parcelas_324349f3-f2be-4689-ad92-26157de42813.csv
1;1050000;2019-09-04;parcelas_324529b9-9c58-4e73-be29-9814a5976733.csv
1;3385.08;2019-03-11;parcelas_324c9e5c-d277-4699-a45f-c2fc3a86067f.csv
1;1429.72;2019-01-28;parcelas_325e10de-ea34-41a8-bba0-cd78d4910561.csv
1;202055.82;2019-08-30;parcelas_32637a1d-4922-4ef9-9559-31693c59943f.csv
1;56456.85;2019-11-28;parcelas_326986e1-e22c-4a1e-8147-28b43e765057.csv
1;460;2019-06-12;parcelas_32756f19-239d-4feb-b3f6-3905562e97de.csv
1;0.04;2019-10-31;parcelas_327829ed-d49a-405d-abf1-51dfd59e04cc.csv
1;172635;2019-03-18;parcelas_327f2f2c-794f-41a3-b498-722194462251.csv
1;916.87;2019-02-01;parcelas_32802a8c-0048-41b4-ad17-d4ef2d261ea8.csv
1;79.79;2019-08-06;parcelas_32823082-416e-459e-a82c-43ca0f9f34e9.csv
1;565.54;2019-05-13;parcelas_3287e6b1-10a8-4126-8441-018f9da4e745.csv
1;118655.12;2019-09-30;parcelas_328871f8-1201-443c-b39e-6e36ef89b728.csv
1;9601.1;2019-12-19;parcelas_328a05f6-f233-4717-ba92-fb37b9e3a7ab.csv
1;65.4;2019-12-06;parcelas_328c83cd-1027-4509-abbe-8a7e40c19b09.csv
1;439.48;2019-12-31;parcelas_328dc88e-8330-4c85-82a0-0e0aa989a132.csv
1;46762.49;2019-12-19;parcelas_32933b3d-7ce1-40a1-80b6-05449b89d6f2.csv
1;13491.05;2019-02-28;parcelas_3294ad3b-808c-4079-b351-2f4f646b63c4.csv
1;2315;2019-04-24;parcelas_329897f0-554d-4bf6-a337-d494933eaa00.csv
1;419.22;2019-06-11;parcelas_329db8ab-a549-4652-ae2a-f672d3751882.csv
1;278.56;2019-06-19;parcelas_329ef0eb-cbd9-4575-9a7f-17370a963fce.csv
1;3967.5;2019-01-14;parcelas_32a0b296-dcda-448d-a416-5861bf5fbf2b.csv
1;10244.85;2019-02-18;parcelas_32a7d257-cb2c-4952-b991-1d6ffaaf2331.csv
1;7098.03;2019-07-26;parcelas_32a7ecfb-abfa-4c8b-a94b-0882b255a3fd.csv
1;151.89;2019-07-15;parcelas_32bcf60b-8076-4019-b4f5-de9140a75fa1.csv
1;81832.54;2019-12-19;parcelas_32bec632-c6bf-40d9-b08a-59d26683490a.csv
1;967.76;2019-01-31;parcelas_32c1d669-e2be-4c9c-87a8-9468832a0f28.csv
1;1011.38;2019-06-27;parcelas_32c94be9-2385-4f15-a38a-3bc38795b878.csv
1;24400;2019-05-02;parcelas_32ca0896-e264-4079-8b6d-2eaca05f893d.csv
1;6184;2019-12-11;parcelas_32cacc49-acb8-4bbf-9bb1-1314dc1e6709.csv
1;2437.49;2019-04-30;parcelas_32d0c67f-992f-477e-af00-5802b65597a2.csv
1;10833.75;2018-09-28;parcelas_32d1d3ee-cf9f-4ebd-87ec-574819aa9638.csv
1;24.07;2019-07-22;parcelas_32d81229-6525-456c-8335-b20cb6dd6d6c.csv
1;614880.53;2019-03-29;parcelas_32d8572e-7b2b-424c-b7bc-f9728b2f354b.csv
1;2900;2019-03-22;parcelas_32db0511-89d6-48a4-8491-9fdf6c531062.csv
1;21807.55;2019-12-10;parcelas_32dc6c06-e56f-453c-a44d-bad016adbd74.csv
1;2880;2019-01-10;parcelas_32e707df-681c-4269-b922-0b15d7d01bab.csv
1;649.2;2019-03-21;parcelas_32e9e57f-f37b-456f-a918-05b4515d971e.csv
1;33300;2019-05-30;parcelas_32eba7d7-9528-4eaf-931b-3d4fca8d22ed.csv
1;103.88;2019-01-24;parcelas_32ec2334-2014-427d-ba7a-5ff92b5d7a38.csv
1;1300;2019-10-23;parcelas_32ef9283-fc98-463e-993b-338b7644f214.csv
1;100000;2019-04-30;parcelas_32f058dd-81ee-445f-aa92-1abb6de35c11.csv
1;2715.5;2019-11-25;parcelas_32f2a5f4-adf8-4a65-ae55-fed68c2e50ba.csv
1;2155.8;2019-05-08;parcelas_33030758-22c0-4851-9d5b-7f539ccf5841.csv
1;97.86;2019-02-20;parcelas_330330b9-3359-43fa-9317-b19e94655149.csv
1;3073.5;2019-04-04;parcelas_3305474c-1f36-47c9-9244-e71493e61809.csv
1;33560.43;2019-06-27;parcelas_3305868e-b9a1-4d33-87a8-909ca6cc829f.csv
1;65;2019-02-13;parcelas_33067583-f55b-44bf-b879-56df4705f4c4.csv
1;14710.8;2019-04-09;parcelas_330e1bb5-2583-4872-95c3-69d367132f1a.csv
1;88.28;2019-10-14;parcelas_330f3b55-d218-453c-8fa6-74579a10b034.csv
1;1026;2019-12-16;parcelas_33126683-5168-40a0-ad66-f3b78ee03f18.csv
1;1900;2019-05-24;parcelas_33171924-42e4-4513-8e82-a6353ddff045.csv
1;11970;2019-09-30;parcelas_33184cda-ef14-4663-81de-05103e49f066.csv
1;130535.61;2019-03-06;parcelas_331db1ee-430f-4885-bc4e-57409de6862b.csv
1;40496.57;2019-07-31;parcelas_331dc6cf-1727-4061-95b7-67008e77dc36.csv
1;8551.58;2019-05-31;parcelas_331e98f5-c105-4d63-8fbe-dbf172e3f03f.csv
1;2206.99;2019-02-28;parcelas_33273ee4-681a-4601-83c8-6815c4d52635.csv
1;77747.43;2019-07-04;parcelas_332b38ce-e656-4cc9-84dd-4d0e0c0658e7.csv
1;3031.44;2019-03-06;parcelas_332b5089-a52f-4197-8be8-c3160743d5d0.csv
1;36636;2019-01-02;parcelas_333a2ccc-2a6f-4469-a5ac-2431cf6cf1ee.csv
1;229811.66;2019-02-26;parcelas_333f6986-ac23-4e94-b7fe-fcef2bc57338.csv
1;21000;2019-04-17;parcelas_3343a5ae-9a05-4208-89a6-6f246070e9b9.csv
1;1792;2019-10-31;parcelas_3348a8d6-16d2-4d4b-b058-4f7ad499cc1a.csv
1;415;2019-02-28;parcelas_334e5bed-21f2-4c89-b1bc-92ca7fcff9e4.csv
1;402.64;2019-11-27;parcelas_335fa850-c0a5-4bc0-9a44-0cbb84cf8b4b.csv
1;1620;2019-11-13;parcelas_336072e1-1ef8-4b90-9e96-288b2e4040d1.csv
1;170.97;2019-05-09;parcelas_3361a20a-d0ea-4b30-be5c-3a1aeb98d1e9.csv
1;1528.8;2019-06-19;parcelas_336433e4-d705-4d2a-9d9a-8912e847b25b.csv
1;755;2019-06-27;parcelas_336e2b34-16b4-49e6-a759-22ce3022a011.csv
1;6047.19;2019-07-31;parcelas_337bc15c-1203-4c6e-8ca8-e416129fc2da.csv
1;7065;2019-01-31;parcelas_3385fb71-bcc7-4a2b-a2d3-9d1b521d0fd4.csv
1;31430.86;2019-09-30;parcelas_338a3c17-36ac-4ec2-bbce-ff108b71139e.csv
1;2003.4;2019-08-09;parcelas_338d7174-5731-459d-b980-d166c10477a7.csv
1;42000;2019-08-30;parcelas_338ddb3e-ae05-40cb-8609-3a70f417d8df.csv
1;15260.61;2019-10-31;parcelas_33900675-3ec7-463c-b773-6b26a9378cc3.csv
1;1479599.7;2019-04-30;parcelas_33939e63-76fe-4f6c-9845-b239320e2e84.csv
1;1761.67;2019-12-19;parcelas_3398326d-8603-4de2-8b0e-52523110ad82.csv
1;3658.63;2018-12-28;parcelas_33a4b111-62a6-4159-9992-11158212b556.csv
1;168000;2019-03-18;parcelas_33a55f32-0a34-44cb-86c5-0505bf58181f.csv
1;55.8;2019-03-08;parcelas_33ae45b0-2dd6-423f-8473-0e8d4dd7b0aa.csv
1;6644.17;2019-09-30;parcelas_33bc9004-0647-4339-81c4-7020749fc9db.csv
1;3850;2019-11-28;parcelas_33c2d91f-e228-492d-9ab9-b623ef7aa8c3.csv
1;1320;2019-05-14;parcelas_33c5ee5b-fa1a-4d14-a6d0-7550dd1a80a5.csv
1;342090.26;2019-03-06;parcelas_33c87737-12fe-495f-b0e5-72978f0965fe.csv
1;12203;2019-08-22;parcelas_33d4079c-89f0-45de-86a0-76d643801dbe.csv
1;4500;2019-03-29;parcelas_33dd4a48-07f4-43a0-af96-ece3cbf6cabd.csv
1;39172.5;2019-12-30;parcelas_33e5305d-eb59-401e-bbdf-bd5714a97b3f.csv
1;152.7;2019-04-03;parcelas_33e8be55-e690-4d18-940b-f2bf5a1880f5.csv
1;48650;2019-01-31;parcelas_33ed6d39-a363-4ad8-a2dc-096001d610c1.csv
1;5440;2019-01-02;parcelas_33ef65ee-c718-48fa-9c5d-adf81f4746a2.csv
1;243.5;2019-11-19;parcelas_33f92954-1c71-4b50-a4ce-e2d0fe613a67.csv
1;255.56;2019-12-23;parcelas_3401bfe2-9bf4-4be8-8abe-aeb5c156adfc.csv
1;7962.5;2019-09-30;parcelas_3403ef68-66cd-4bf1-bddd-8909ad6ac65d.csv
1;338589.83;2019-02-25;parcelas_3403fb93-e66c-459f-8884-9414a19f2c82.csv
1;488;2019-06-07;parcelas_3412208b-2fc2-4544-80e5-ec012c82abf7.csv
1;307065.04;2018-12-31;parcelas_3413b5d7-089d-440f-9d86-e66e0e786243.csv
1;102.58;2019-09-03;parcelas_34190b6e-f709-4023-ad4a-166662cd2729.csv
1;25000;2019-09-26;parcelas_341e01c9-345c-4b28-b48b-e12ec0a86b05.csv
1;4037.76;2019-08-09;parcelas_341e7b60-03df-4d67-bc00-8fa897a5f64b.csv
1;61471.6;2018-08-13;parcelas_34205096-0691-4ccb-9b47-0e88f23e5fcf.csv
1;2241.34;2019-12-02;parcelas_3425477c-8ceb-4dbd-ba9f-c4d0b4da13b6.csv
1;54635.6;2019-11-29;parcelas_3426697e-8afb-4eea-abde-f8c7a37a1999.csv
1;7070.88;2019-04-24;parcelas_3429ca57-ed0d-4c6c-9039-3cf14daeef06.csv
1;998;2019-05-31;parcelas_342a6683-c3ad-4d35-b125-0ee6c7a508aa.csv
1;1784.38;2019-03-29;parcelas_3433761d-6965-4b58-a8a9-6ee865951592.csv
1;70000;2019-01-02;parcelas_34347bf7-8d31-4dee-906b-9bef3873f4e9.csv
1;79.79;2019-08-28;parcelas_3434b579-81f4-46ea-9a5f-a48e517a2d6b.csv
1;1000;2019-03-01;parcelas_34378bb0-3df8-4d57-85a8-7559815bb935.csv
1;281885;2019-08-30;parcelas_343870d2-2c9e-41f1-81fd-b4a029b3edab.csv
1;2037000;2019-07-26;parcelas_343a4fe7-a4a0-478f-82eb-62d6798c3891.csv
1;2294.25;2019-07-25;parcelas_343dee6b-7b52-4734-9d6f-e58eab36ae95.csv
1;700;2019-06-03;parcelas_3447c7d4-d3ec-4026-a931-7ea6d340486b.csv
1;101.72;2019-04-12;parcelas_344b4843-7454-43c3-b12a-72f47d790ed9.csv
1;400000;2019-09-23;parcelas_344e4efb-9ba7-4008-9c9d-dfc6c1774826.csv
1;749.32;2019-11-25;parcelas_3457b21c-26f4-4a6d-bcfc-61c7f01533e8.csv
1;1020.52;2019-05-31;parcelas_345b0471-b861-4816-8450-708acec33ba1.csv
1;113820.49;2019-10-30;parcelas_345f0b83-6afe-439e-8240-9f1682c5b125.csv
1;175;2019-02-28;parcelas_34627ca9-e80d-432d-9fc7-50c6cf4ffe4d.csv
1;234.78;2019-10-04;parcelas_347f67cf-c70b-482e-aa13-d5c0ce421505.csv
1;20947.56;2019-07-11;parcelas_348c8973-4fe9-4ef9-8374-529f9dd5fb51.csv
1;23900;2019-06-03;parcelas_349202ae-99ad-409c-bcb6-1a2e53d36108.csv
1;78623.88;2019-01-23;parcelas_34940617-4324-4eb9-af8f-2b301349cf76.csv
1;2824.18;2019-08-30;parcelas_34aad179-0a89-4610-864d-acc766984561.csv
1;3041.45;2019-02-27;parcelas_34af9b0d-5c2c-4dfd-b831-af6fa9e38533.csv
1;307.75;2019-03-01;parcelas_34b1d2ce-c84b-4bd4-ac24-67c0c740d8a2.csv
1;849.99;2019-04-30;parcelas_34b276b2-c61f-4068-9d20-5b989ce4207d.csv
1;1719;2019-05-22;parcelas_34b44a2a-865f-4166-a135-0ba32afc94bd.csv
1;12863.65;2019-04-26;parcelas_34c6f60f-4e69-4260-86d7-9d727dce0e22.csv
1;931.8;2019-05-28;parcelas_34c818ca-9744-4e69-80cc-0578da902d0d.csv
1;20673.07;2019-03-29;parcelas_34c8b2ba-8fec-49f4-bda2-afbfad605b51.csv
1;192.33;2019-05-28;parcelas_34d0b6ce-a6b2-42a9-aa93-7dd593c7934a.csv
1;4583.48;2019-06-27;parcelas_34d16645-d7aa-4951-bc3b-ce17d7219d43.csv
1;90728.01;2019-01-02;parcelas_34d25e31-19b1-4c3c-9bcb-69030bae3c88.csv
1;17409;2019-09-09;parcelas_34d9a9e6-bbf3-439f-855d-33facea72935.csv
1;2300;2019-03-01;parcelas_34e1f18c-787b-484e-a328-89bcbdf78629.csv
1;326.61;2019-04-12;parcelas_34e7b357-3b16-4847-b512-38e4e03665db.csv
1;119880;2019-08-02;parcelas_34eb8ea3-26d7-4283-bb91-2d447238e3e3.csv
1;598;2019-02-15;parcelas_34ef8470-3bf0-4c77-8ede-d47316b3910e.csv
1;332478.5;2018-09-20;parcelas_34f6ae7c-9aac-4b9d-bf1e-c47963b753a8.csv
1;111.95;2019-01-31;parcelas_34fcd888-5f6c-478b-b7f1-c754f71f16c8.csv
1;700;2019-06-27;parcelas_34fd0774-952a-4fc1-bc66-2fe3dcf9714a.csv
1;268070.14;2019-09-30;parcelas_34fd1ecd-3d25-4c83-8953-688662fc55cf.csv
1;78716.4;2019-04-10;parcelas_34fda68a-18e3-4e8b-97b9-629d9016df83.csv
1;35536.57;2019-12-05;parcelas_35022f01-cc47-496b-946b-97f3420b8368.csv
1;45022.55;2019-09-11;parcelas_3509a0e5-dfe5-402f-ab41-5b6ecac13d6c.csv
1;384.2;2019-02-08;parcelas_350b31f1-7008-4125-8c1c-5baf5b2ee421.csv
1;4738.66;2019-08-30;parcelas_350ede7f-00b5-482a-bef2-2561de31d1c8.csv
1;1058.9;2019-01-31;parcelas_35109d33-d672-416d-94da-3e99c096f5da.csv
1;584.85;2019-06-11;parcelas_3515f3e8-1446-406a-af49-ff5e71418e69.csv
1;3364.32;2019-04-30;parcelas_35186ddb-3492-44ab-8450-e317464919a5.csv
1;125543.36;2019-12-19;parcelas_3519d120-cde7-459d-ac5b-9809e19bbe87.csv
1;68473.31;2018-12-31;parcelas_351da045-63d1-4c4b-87cb-dc5572fc626f.csv
1;19924;2019-04-08;parcelas_35210786-e031-4c65-8be9-3a22e2f8d261.csv
1;3496.8;2019-07-29;parcelas_3526cf25-97bd-4771-9efc-b5ac4c62701d.csv
1;708728.06;2019-03-25;parcelas_3527368c-50d7-4381-866f-e9e41cb86a69.csv
1;30.74;2019-06-27;parcelas_3527bf10-089b-4ca2-a54e-7cb55c59c9aa.csv
1;8330.48;2019-11-26;parcelas_35296cf3-a7d7-468f-945d-06ef90c9d337.csv
1;93.58;2019-02-28;parcelas_352ca1f8-5ae4-4b7d-b48e-3d6e38bff859.csv
1;545;2019-10-31;parcelas_352d41d8-8a1b-4bfc-a94b-0b4692f5e52f.csv
1;27950;2016-08-19;parcelas_353317eb-7a22-421e-aed3-8a43d97d089a.csv
1;97900;2019-02-22;parcelas_353c0203-03ec-4a52-b373-98097515aab4.csv
1;170.97;2019-10-08;parcelas_353ce1dc-8711-458a-932d-b56fcbe73fab.csv
1;5400;2019-07-16;parcelas_353d3684-f97a-4f38-8c4f-bf4618e0318b.csv
1;89930.6;2019-07-08;parcelas_353fe04b-dcd9-4b94-a850-c947a87e4855.csv
1;329;2019-06-10;parcelas_354e36ce-6795-4ba2-9743-9a53dd66cdee.csv
1;88.92;2019-08-08;parcelas_3550c95a-f48a-4a75-8935-6909cecf82b5.csv
1;1225;2019-08-30;parcelas_35512a8a-03d9-40dc-baf9-ceac0d6d016f.csv
1;227.96;2019-04-02;parcelas_35556d4f-4442-485f-8ea6-fa3f37e90f38.csv
1;1869;2019-04-17;parcelas_3555b8c9-58ad-4bac-857d-9fd1213ee6a8.csv
1;66.66;2019-09-19;parcelas_3558d129-5dbe-4028-9eb4-320d92abc1ad.csv
1;85.48;2019-01-24;parcelas_355ac81e-743a-4d99-9036-6ddab62eacb7.csv
1;165.99;2019-03-01;parcelas_356c2ebf-1217-4727-9b8f-8766af67220e.csv
1;373051.61;2019-01-21;parcelas_356d63bb-1556-4914-b2fd-cfd50a3397f7.csv
1;30868.3;2019-12-31;parcelas_357b137f-25ea-4c3d-ba94-ebcabc8ebd0b.csv
1;2355.9;2019-04-04;parcelas_3580bb45-3f92-4916-af1e-811d2433b10c.csv
1;3136.53;2019-07-31;parcelas_35846fe8-2b28-4472-a5c2-ed5bf0af0f7a.csv
1;86094.67;2019-06-27;parcelas_358a105c-fa99-420e-aae1-bafb25734280.csv
1;4290;2019-10-04;parcelas_358aff80-b771-47f8-ad28-fe9fae76c8e6.csv
1;63126;2019-05-15;parcelas_358f9cfd-fc50-435c-8caa-e8b6ec7bfe58.csv
1;65;2019-05-15;parcelas_3595d929-87d3-4477-a399-8b2bd80948f3.csv
1;8666.6;2019-06-27;parcelas_359a20ce-b775-456a-a3fd-ca3cbbffd461.csv
1;5005.43;2019-01-21;parcelas_359e4f49-f6d2-460c-a592-e424122ff842.csv
1;45028.1;2019-03-29;parcelas_35a1c7a0-5c25-4f5a-be55-a0df193e4bf8.csv
1;65549.08;2019-07-31;parcelas_35a82755-6940-41a4-b600-6463b2a21131.csv
1;5040;2019-01-31;parcelas_35add626-8f10-463e-aa8d-302ffa2cce66.csv
1;234.78;2019-05-24;parcelas_35b24bd7-3bc9-46f5-a681-9de7ebf4d6a3.csv
1;74390.34;2019-07-04;parcelas_35b5c442-3a9d-493d-9e10-d74c6b14689e.csv
1;45372;2019-07-08;parcelas_35b85a94-ce67-4469-b87f-114a258bb6a2.csv
1;79.79;2019-07-09;parcelas_35ba1c7e-2601-4c44-aca2-302498e3f94e.csv
1;432;2019-11-27;parcelas_35be668d-410d-4665-b563-bbe5b2bd04e9.csv
1;2187.5;2019-06-27;parcelas_35c18a31-a37c-4fd9-903a-adc1c264e8de.csv
1;258.98;2019-01-21;parcelas_35c7df3e-3a2b-4edd-a1a4-ea2071136c7e.csv
1;159.14;2019-02-28;parcelas_35cd4e81-c926-4dbb-a92c-212e122ed2aa.csv
1;520;2019-07-26;parcelas_35ceed10-1aa4-4c34-a18a-66900137be30.csv
1;2110;2019-03-26;parcelas_35d3919b-34f5-448b-a7e9-2909559fe606.csv
1;65;2019-11-11;parcelas_35d82bc7-1e55-4d22-9a8e-e8792595f8ef.csv
1;5545.07;2019-03-29;parcelas_35ea6c62-cb1c-44e5-aa13-7f64505025ea.csv
1;1662.5;2019-06-27;parcelas_35f12ef9-49a3-4d98-9a8f-639af93e78d5.csv
1;462.8;2019-05-06;parcelas_35fa0951-6453-4557-aad5-6991cb71818c.csv
1;175;2019-11-25;parcelas_35fa5c4b-ac6b-4593-8390-1857808eb302.csv
1;2335.24;2019-02-28;parcelas_35fb8925-b5ab-4e69-9c03-8e3ccfeeeff1.csv
1;1005.95;2019-04-22;parcelas_35fd8d2b-1684-4709-82cf-254bdd5f97e6.csv
1;669.47;2019-06-28;parcelas_3602f8e4-5cda-47b2-a4de-1e14128e0a64.csv
1;79.79;2019-02-22;parcelas_3605d051-7c9c-4c75-a64d-64e8ca3af610.csv
1;407.76;2019-04-29;parcelas_36139310-ff67-468e-a631-4ca2c7887600.csv
1;2278.84;2019-08-30;parcelas_3617a36c-8352-4e38-8ad3-c94cff64ef29.csv
1;1.15;2019-02-14;parcelas_3619184b-0e88-4bb4-a3ed-f9f43c12f49d.csv
1;96.7;2019-03-14;parcelas_361a6efc-dcd9-48e3-b9dc-72c53bd04fa0.csv
1;94.76;2019-04-23;parcelas_361b6d59-9c08-45af-aaf7-f591a254edfc.csv
1;9066.5;2019-06-03;parcelas_36278634-69be-4ab1-816f-37196ad3f4a3.csv
1;1102.38;2019-09-24;parcelas_363510bb-6794-4b4f-b564-73db9a82f334.csv
1;472633.27;2019-10-30;parcelas_3643ed04-0e51-4316-8476-d5ba46fa2a66.csv
1;2307.27;2019-01-25;parcelas_36451385-0b62-41c2-8deb-c4e333e348d7.csv
1;178.46;2019-11-25;parcelas_364baef4-6d3a-4c17-b012-5f46aaa78d3d.csv
1;7469.97;2019-04-17;parcelas_364cd5f7-1292-4096-8018-b73f2e8344de.csv
1;44552.15;2019-04-01;parcelas_364e5856-53e2-40d0-9821-0e9cc13720e6.csv
1;65;2019-12-12;parcelas_364f616d-1afe-4b60-90dd-c73e24b434bd.csv
1;65;2019-02-19;parcelas_36567ead-10fa-46b3-8d32-c5a038d71515.csv
1;3684;2019-10-31;parcelas_365b3645-8a07-4199-8396-92e37e331e58.csv
1;71759.57;2019-10-31;parcelas_365c10dd-8fbf-4737-8813-ff2e50e3c290.csv
1;1416.57;2019-11-04;parcelas_36636599-5a5d-4bba-819a-8aa33dbc5643.csv
1;42822.91;2019-05-28;parcelas_3666d9e1-aede-4bf3-b244-3fed0598d7fe.csv
1;83727.54;2019-04-30;parcelas_3666e61f-d5da-4457-b948-21c20ef28960.csv
1;79.41;2019-09-30;parcelas_366941db-fcdd-40de-81c1-e8d558c58b26.csv
1;79.79;2019-05-13;parcelas_366b9771-2e87-43e2-9ef4-d07bb391a365.csv
1;4780;2019-03-14;parcelas_3686ebb6-4290-4122-a356-6b3438d8d089.csv
1;296.47;2019-03-12;parcelas_3690d71d-0dd6-40e7-a24a-7c383ca9cc7d.csv
1;79.79;2019-08-07;parcelas_369135ed-a000-477f-8dd9-1a58487c861a.csv
1;159.58;2019-09-09;parcelas_3691e88e-342d-4e07-93c6-9124e09653a3.csv
1;403;2019-09-18;parcelas_36931c43-ddf9-4177-8489-1caeb8c79406.csv
1;869538.24;2019-03-29;parcelas_36b2cae0-2363-4035-8abd-ee776bf8de30.csv
1;51572.66;2019-04-30;parcelas_36c8aa22-dfd1-4139-ab75-a695527d0a0a.csv
1;254.62;2019-07-01;parcelas_36c989cd-996e-466c-9c33-dc511232f70f.csv
1;54.05;2019-07-02;parcelas_36d65d31-d86c-474e-9ac2-0ea8a3dadc0a.csv
1;35783.85;2019-05-16;parcelas_36dbe69e-e161-4828-9126-bb19e5fce7a2.csv
1;1761.64;2019-06-27;parcelas_36e009bf-d08e-43dc-a7b0-68b0864095f7.csv
1;8174.89;2019-04-30;parcelas_36e757db-e4bf-41d0-9014-d71e5efb8284.csv
1;52650;2019-04-10;parcelas_36ed8908-5f1d-438a-8a1f-270627c9f5bf.csv
1;672.48;2019-12-02;parcelas_36f06226-b5d2-472a-af29-732e58ad8342.csv
1;115.7;2019-08-07;parcelas_36f89fe1-a50f-4291-a35a-6860819fec57.csv
1;32861.97;2019-01-02;parcelas_36f9c5c7-9612-44a5-95ad-78b9d3aad9ee.csv
1;2507.07;2019-02-28;parcelas_36fb52af-775c-4c0d-a1ef-e23d5a7e18be.csv
1;3954.26;2019-09-30;parcelas_36fc577c-bfee-419d-ba8f-1a2784b4d45e.csv
1;4672.67;2019-04-29;parcelas_36fc8625-5388-4c29-aba3-a02ab4cedb4f.csv
1;5740;2019-07-26;parcelas_37050c55-be0b-4f7b-9ee2-5716b1f6b777.csv
1;689.98;2019-03-01;parcelas_3708913f-8d32-49b1-b7f2-7213cdc4e36c.csv
1;79.79;2019-09-11;parcelas_3713ee0b-3434-4659-87b2-756d9104dc98.csv
1;10986.65;2019-06-14;parcelas_37158a91-461a-4331-8587-3d7894e5f2c9.csv
1;65;2019-10-17;parcelas_37177222-2ff6-4634-b670-6a3e0175b7e9.csv
1;818.28;2019-01-14;parcelas_3718be23-e3db-45e1-b1f5-f4be85fdcf75.csv
1;220825;2019-06-25;parcelas_37247c7e-dacc-4c76-9851-f1ac07427255.csv
1;51024;2019-01-31;parcelas_3740d58f-892a-4cf9-899d-9440bcec7882.csv
1;3979.05;2019-12-02;parcelas_3747e4de-d11b-43c4-a055-1cb737ac4067.csv
1;8780;2019-04-25;parcelas_374d5eab-637e-4787-a3a8-3f5247840897.csv
1;2392.51;2019-11-21;parcelas_374da066-93c6-491c-ba6c-d45c80dfab5f.csv
1;65;2019-02-05;parcelas_374f5dd2-0548-422b-b74d-0b183c58ab5f.csv
1;1529.76;2015-08-24;parcelas_3754e30a-0b68-45cd-b110-50d9724de0c8.csv
1;4219.22;2019-01-23;parcelas_3758caea-7d48-4072-bbfd-1e8f67fa0897.csv
1;14480.2;2019-03-12;parcelas_37628477-90e7-4b03-a540-d1801c9e35a2.csv
1;5043.06;2019-04-30;parcelas_3763f243-0260-4114-8a70-9cd3785c3f46.csv
1;4048.48;2019-08-22;parcelas_3774e03b-2d0b-4897-8437-3426eafbc8a8.csv
1;3482;2019-08-30;parcelas_377ac0d4-bb91-4be8-b559-9c4505e240dc.csv
1;273.6;2019-08-20;parcelas_3780b44e-7e43-4276-8f46-4f3f8c95fd38.csv
1;30000;2019-12-11;parcelas_378b1d87-db59-44c7-83f1-dd8f07765bb2.csv
1;3622.67;2019-07-12;parcelas_37924b23-e99b-4ae7-b6c4-762cbeca1342.csv
1;2537.53;2019-02-28;parcelas_3794ea51-d6b1-41f4-b59f-5be7d9c98c25.csv
1;4254.8;2019-01-02;parcelas_379c62bb-e3ec-4ef9-8a12-c56bb7bfad38.csv
1;65;2019-02-27;parcelas_37a08562-1a3d-4810-af73-26943b7c39c1.csv
1;1622.21;2019-04-30;parcelas_37a6b803-65f0-4da6-be16-3844babd4be6.csv
1;79.79;2019-09-27;parcelas_37a91e1d-4a5f-4b93-b103-3fca7e4f0d76.csv
1;7997.25;2019-10-30;parcelas_37aeb027-0456-4181-a10f-270523e2a79d.csv
1;74060;2019-01-14;parcelas_37bf15ea-2b5f-4cd8-abbf-2a18aae988c5.csv
1;30537.63;2019-11-28;parcelas_37c53861-f52f-4ff8-8c94-fa7ee8497b84.csv
1;1961.26;2019-04-16;parcelas_37c7acf4-97ad-41cd-a557-84fcb19e892c.csv
1;1199.8;2019-04-18;parcelas_37cae465-4c14-4528-b65a-26c2f9f19f2f.csv
1;474001.57;2019-01-28;parcelas_37d8b95f-cdcf-4af7-958a-1ab9bb823a2f.csv
1;19520.22;2019-03-21;parcelas_37dfe667-bd71-4165-b135-1c36aa1bad84.csv
1;3892.69;2019-06-11;parcelas_37eac3a4-a289-402f-8f20-e66e88cf71a9.csv
1;5800;2019-07-26;parcelas_37ebbf14-e9bb-49e0-81a9-88c652bd60dd.csv
1;11307.02;2019-03-22;parcelas_37ef50fc-565a-49b4-b37e-5efeeb647c97.csv
1;3847.78;2019-10-21;parcelas_37f19768-6a63-45b3-a943-6c506bc65faf.csv
1;2257.5;2019-08-30;parcelas_37f82c27-41cc-4e1d-a39f-5eba849e2677.csv
1;1361484.73;2019-12-11;parcelas_37fce166-657c-4065-8644-e18165f22230.csv
1;322760;2019-05-15;parcelas_3801892a-4563-4af0-98aa-f2925a186b9a.csv
1;421.46;2019-06-27;parcelas_3802cd5f-0146-46a2-bcf5-cba95d9bdc19.csv
1;3672.06;2019-08-01;parcelas_3804627b-eb0b-49d0-9ee9-59b70880219e.csv
1;281325;2019-02-01;parcelas_380843f7-2c53-4451-9650-50e9782b09df.csv
1;4355.8;2019-10-21;parcelas_38157531-23d1-4a5a-afa2-f8bba75f1a35.csv
1;1110.25;2019-06-04;parcelas_3816a8ff-2ffb-49b3-8eb8-f392cab5acef.csv
1;2123.45;2019-12-11;parcelas_381af575-864d-47bf-b8a5-d64a6621a7cb.csv
1;1378;2019-08-23;parcelas_381eb27c-2e30-47b1-bfb6-a4411ba30121.csv
1;160.99;2019-04-30;parcelas_38203038-ab95-4c42-a788-d947bb6c334a.csv
1;120904.37;2019-10-30;parcelas_38211c0a-19b9-4779-a2ca-34fa27fafd23.csv
1;3180.72;2019-03-08;parcelas_38248017-b780-40b2-ad9c-56b6862df7ab.csv
1;89206.47;2019-09-30;parcelas_382d9bfa-f5e8-4903-ba24-47286b9a71be.csv
1;579.47;2019-09-09;parcelas_3833ca28-7df5-4851-9874-b66db5b589b8.csv
1;576.19;2019-09-19;parcelas_383b0955-0ba9-482a-bb99-4229040d2d7f.csv
1;1859.4;2019-03-12;parcelas_383fa1d5-f011-473d-bba4-0b5b2f570d66.csv
1;1646.66;2019-06-19;parcelas_38400381-a997-4b45-a14e-58ab097916e1.csv
1;132235.51;2019-01-04;parcelas_38414454-e8f6-42dc-bdd3-556f2bfbe600.csv
1;4065.26;2019-01-28;parcelas_3847fdbc-8543-4616-81a3-8ae668e84300.csv
1;13695.44;2019-12-02;parcelas_3850752c-dba9-4681-b8bc-b055aefc7fed.csv
1;1320;2019-02-27;parcelas_3853fdfa-3f8e-4d2e-971e-fa7d6eba96c6.csv
1;361958.33;2019-04-29;parcelas_38540370-58ab-4355-98ec-3dc992704638.csv
1;3581.27;2019-07-09;parcelas_385675da-e681-405b-884f-6883c52b50e3.csv
1;18400;2019-06-14;parcelas_386ac439-5c2f-4618-8ec1-c0ce3537a4a7.csv
1;27737.84;2019-01-28;parcelas_386c67ca-68fe-4ae5-878a-4d0d6f23065f.csv
1;877.69;2019-11-29;parcelas_386d4ced-43c1-440a-96c1-06c7eb6289f4.csv
1;8220;2019-03-12;parcelas_38797040-29de-4f8e-85e8-3c943a1c8340.csv
1;7270.08;2019-08-30;parcelas_387a3234-904e-41db-b6bf-a6295dd88098.csv
1;18148.6;2019-11-04;parcelas_38910988-842a-46d7-8ce1-aae297a66e47.csv
1;156.53;2019-08-21;parcelas_38948bea-9424-4df8-8b74-276da9491cfb.csv
1;768.16;2019-02-11;parcelas_3894ed6f-5801-44e4-b5cb-455d2f3a19ce.csv
1;6557.15;2019-11-27;parcelas_389d1e60-0fb1-4ed4-b66f-6cfee9a2b512.csv
1;2576.86;2019-10-29;parcelas_38a280a6-298a-469b-ad78-202f973a83f5.csv
1;170.97;2019-01-14;parcelas_38a390c8-8dbe-40dc-bb36-adba960ac603.csv
1;400;2019-02-26;parcelas_38a46ccc-7027-45ed-8e56-4dde192982c9.csv
1;85261.5;2019-10-16;parcelas_38b10967-e02c-4770-87d1-dc93d46e1c51.csv
1;94.76;2019-07-24;parcelas_38b7026e-e46d-4390-b652-bc38c0b92dc5.csv
1;166.25;2019-10-30;parcelas_38b90e70-e479-4e2e-bd3b-0d0108c4a11c.csv
1;79.79;2019-09-20;parcelas_38bffa78-836e-44fd-a25a-8f70d926d2fc.csv
1;288;2019-10-25;parcelas_38c0661f-1f79-4f7b-8cdf-f81c26fb6331.csv
1;2463.72;2019-11-12;parcelas_38c57bf5-829f-4bca-aef0-872156eb54d2.csv
1;53.34;2019-08-23;parcelas_38c74197-a61f-4d1f-906e-b490c675fce8.csv
1;561.02;2019-04-30;parcelas_38c8dea1-bffa-40ab-a3b9-f1e659ae01c5.csv
1;4200;2019-08-30;parcelas_38cbffd0-1c4d-45b2-90f7-ac2350a5f7dd.csv
1;269710;2019-10-21;parcelas_38cc08b1-01b0-44d4-be3f-acf4002bb07f.csv
1;3961.5;2019-10-08;parcelas_38ce9eba-215e-4dfe-a65d-7f65c12872b8.csv
1;2400;2019-07-10;parcelas_38d1fcb8-e1f2-472e-8075-9ba0e593acae.csv
1;170.97;2019-07-18;parcelas_38d43a21-e061-46d2-9a6e-7e3675e0e190.csv
1;5295.49;2019-05-28;parcelas_38dec965-e4a0-4277-85f2-6ba134956412.csv
1;124214.44;2019-08-30;parcelas_38ebe2a8-f62f-4edc-9829-85a36a91d054.csv
1;79.79;2019-07-17;parcelas_38f1cd45-3f48-4f78-8624-94c5e080176f.csv
1;65;2019-06-12;parcelas_38f44d25-094e-43be-a9dd-8eded1baba0c.csv
1;4225.17;2019-03-20;parcelas_38fca430-24b9-4c5b-8a3c-aea4eb17f77f.csv
1;1905.18;2019-11-26;parcelas_38ffe720-35a2-4b75-a6b1-b136ccc696ca.csv
1;153140.16;2019-02-28;parcelas_39031122-05e8-4f0c-915c-7df9fa637a34.csv
1;1440.12;2019-08-27;parcelas_390937ec-57a7-4ed5-b008-402c0224fa3f.csv
1;33972;2019-03-12;parcelas_390a9f6b-d8bd-43f4-a959-52ed8f6a0ba2.csv
1;61708.05;2018-08-13;parcelas_39170808-4008-468b-a3a7-69e1837f04f4.csv
1;5596;2019-10-22;parcelas_391a3301-c4dc-4079-bc61-35fb6c377d67.csv
1;3521;2019-05-22;parcelas_392fb2aa-1277-4d3d-8b65-ada9bcfa304e.csv
1;10088.1;2019-01-04;parcelas_3937502e-2697-4591-9d16-2728e3fcbd89.csv
1;69.42;2019-05-28;parcelas_393e0fcc-1d80-4de9-9a1a-64409d864f54.csv
1;1647.06;2019-10-25;parcelas_3941db30-77a1-42ee-81be-4651821fa96b.csv
1;4854.25;2019-06-06;parcelas_3948baf1-b3c7-41f4-b289-e4592d818a91.csv
1;2967.05;2019-11-25;parcelas_3952535f-2b30-4019-ab47-54458ebe4f50.csv
1;218.08;2019-02-08;parcelas_395719ae-048d-4be2-a603-11b961363fba.csv
1;883.82;2019-03-18;parcelas_397211ca-330e-4b16-af68-f22452b3e748.csv
1;10943.34;2019-08-30;parcelas_3973224e-1141-445b-bcdb-4461a59c8f91.csv
1;200777.15;2019-06-27;parcelas_39838caa-8ddf-4e23-9672-fe6b201f62e1.csv
1;10000;2019-09-30;parcelas_39892031-8257-4a9c-bea4-74c57df79b57.csv
1;37000.05;2019-09-23;parcelas_39914d4d-a7ec-485b-8c2b-086737b04a7c.csv
1;455.92;2019-09-04;parcelas_399fd0f5-c2a5-48a5-a2d7-95b696f22909.csv
1;2065;2019-09-20;parcelas_39b25901-9849-4815-84cd-e0a82fceb7bf.csv
1;10777.35;2019-08-27;parcelas_39b40043-4f7e-4281-801c-c7759a1c3f54.csv
1;1705.48;2019-01-23;parcelas_39c15097-b8f4-469d-ae53-66a08b3af450.csv
1;2770.02;2019-11-05;parcelas_39c2dc0a-0fd1-4f4a-a131-c1f72951ca0b.csv
1;25540.67;2019-07-26;parcelas_39ca1919-3f63-4a61-a01c-bd56e1ff5039.csv
1;85.96;2019-03-08;parcelas_39ca7343-94aa-4cee-8f57-1c9cfa697962.csv
1;2440;2019-07-19;parcelas_39cdae8b-250a-4da8-a8ec-6df09466b592.csv
1;109.42;2018-12-28;parcelas_39cdb215-7e29-497c-8652-83cd37eac458.csv
1;65;2019-10-22;parcelas_39d4caf2-5be2-4ee8-a38b-5bc08a57f798.csv
1;107.34;2019-09-17;parcelas_39d74a3c-43bd-4695-a528-aeb612f3ed01.csv
1;27277.29;2019-02-11;parcelas_39dd21b7-2dc3-41cd-bbe5-ec2bfa3b3993.csv
1;7219.6;2018-02-28;parcelas_39e373e6-84f3-4386-8e9d-1df880432882.csv
1;442.54;2019-02-28;parcelas_39e50f7a-31b3-4885-9c07-e2545cccc680.csv
1;3328;2019-08-30;parcelas_39ea6b64-db58-4028-bc07-c3caa1e19c76.csv
1;313.05;2019-01-21;parcelas_39ed0cb3-a58b-42f2-8f62-bc229b0e1915.csv
1;16980;2019-03-20;parcelas_39fd1aa0-6de7-4b49-9ed7-e0ab04520d33.csv
1;58951.9;2019-02-21;parcelas_3a005922-700f-471e-992a-059b3f75955c.csv
1;234.78;2019-05-14;parcelas_3a039347-aecc-40fe-868e-7d02e649fd9f.csv
1;136868.28;2019-09-04;parcelas_3a03c85a-2138-4448-a77c-300f9671deb9.csv
1;6190.21;2019-02-26;parcelas_3a061edd-9c85-4ec2-b836-1b2127f4a8ae.csv
1;85.96;2019-02-06;parcelas_3a06e4ff-c975-4f72-8329-1fdb44595766.csv
1;154.55;2019-10-02;parcelas_3a199bfb-7b84-47f1-84c4-57666a2f7cb8.csv
1;2105.63;2019-09-10;parcelas_3a2788a7-dd06-4022-87c9-433af6d090f4.csv
1;40000;2019-01-02;parcelas_3a32d09c-0d0a-420c-b3de-1bdbfa5b36df.csv
1;2620.89;2019-04-12;parcelas_3a3443c7-2ceb-49d1-bcb8-e18c9e788829.csv
1;475443.81;2019-12-19;parcelas_3a3dc741-28a7-4d60-824e-14e1d1e38006.csv
1;48546.45;2019-11-28;parcelas_3a438537-7940-4b2e-b02e-314e3ead6ddb.csv
1;157.91;2019-09-12;parcelas_3a4cdd13-334f-4cb2-aa62-e1399936de94.csv
1;157020.07;2019-06-27;parcelas_3a4de8b5-cc32-49b7-b7a6-1e89d528e47d.csv
1;2211.49;2019-12-09;parcelas_3a5831ae-9d6d-4197-a61d-9cdf88563b7d.csv
1;21878.05;2019-04-08;parcelas_3a5b07d6-9287-4f00-aae7-e55e58bacbf4.csv
1;2621.74;2019-09-19;parcelas_3a5e69bd-1fbd-4948-adcb-f7fbcae38018.csv
1;901082.55;2019-01-31;parcelas_3a61958e-4f0a-4850-af99-fcc0d304bc17.csv
1;10881.24;2019-12-13;parcelas_3a635563-d774-4351-8f42-aaed895849b8.csv
1;22133.77;2018-08-13;parcelas_3a63d216-dad4-472f-abb3-bd777516cbf4.csv
1;1719.54;2019-08-21;parcelas_3a64bc79-eed7-4c8b-b1a9-3498c2db81f2.csv
1;1153;2019-08-30;parcelas_3a672cb5-2015-47a0-9aa2-1856b82d6d9b.csv
1;208.5;2019-10-11;parcelas_3a67410f-cf5f-4ea9-a055-d6c310d5da27.csv
1;250;2019-02-11;parcelas_3a6800e0-a9a1-44e1-b3a1-696dd7d1af1d.csv
1;7890.24;2018-12-31;parcelas_3a6cab50-144b-4eee-9238-d80df836f199.csv
1;1049;2019-10-16;parcelas_3a6db2af-dd7f-4624-b981-06f66dd0e166.csv
1;357181.81;2019-09-04;parcelas_3a6e026d-9f4f-4903-9959-bd60e6265170.csv
1;6600;2019-06-27;parcelas_3a709281-d879-4e4e-abbf-8fcb2a86fb81.csv
1;76.3;2019-09-09;parcelas_3a7532ab-28e1-4d39-bac2-a5b50ac50665.csv
1;46345.23;2019-04-30;parcelas_3a779cf2-fd44-42f4-a92c-a16370e37448.csv
1;1800;2019-07-30;parcelas_3a7d717e-4e17-4a47-b2a3-c5d98b6d0458.csv
1;467328.84;2019-02-19;parcelas_3a85345d-1f93-44fc-9b1b-bc8a8dc8f87a.csv
1;33740.54;2019-02-28;parcelas_3a862c93-6d93-4b2f-97c9-3d118edd591b.csv
1;65;2019-11-20;parcelas_3a8b0159-4ed2-4c10-a123-3276a6d0451a.csv
1;958.65;2019-06-04;parcelas_3a8bd5f9-2c27-44b7-b388-3e78597d4fcd.csv
1;85.96;2019-11-19;parcelas_3a93bffa-0aa3-4848-b030-3099ec4b796f.csv
1;922.08;2019-05-31;parcelas_3a94a8fe-8bc2-4401-b833-6e3943f2fbc3.csv
1;127.52;2019-01-31;parcelas_3a95a3d9-f3a6-460b-8022-b42f7f9feef9.csv
1;74572.3;2018-12-28;parcelas_3ab2f723-ca40-47a4-bd16-1bde70888c98.csv
1;34832.47;2019-03-29;parcelas_3ab5009f-2606-4045-a874-a8f1978ebcad.csv
1;434.88;2019-05-02;parcelas_3ab863b3-860c-47a8-b03c-c6ce90140a46.csv
1;296314.99;2019-01-28;parcelas_3abea5fc-6603-411d-91de-fee5bed8416c.csv
1;1263.91;2019-05-03;parcelas_3ad006c3-f884-4f3f-985c-86e9b3b26987.csv
1;416.81;2019-07-31;parcelas_3ad698e0-9eec-4349-ac7e-54d8dfba141d.csv
1;8177.05;2019-01-25;parcelas_3ae0edee-a317-40c7-9b2c-1496a4a727f6.csv
1;162687.73;2019-10-31;parcelas_3af3420c-e3cc-4407-b19e-796fad434159.csv
1;13200;2019-03-29;parcelas_3af376c1-5a62-481d-b753-530eb07312f7.csv
1;621.46;2019-05-31;parcelas_3af960c5-431a-4694-8e0f-f81efdfb8394.csv
1;27486.56;2019-09-09;parcelas_3afbb796-3441-47eb-b2b9-6afefed8ea14.csv
1;1478.62;2019-06-06;parcelas_3afe50f9-09ff-4dc5-b093-c7734e33d88b.csv
1;46147.51;2019-07-31;parcelas_3afeb151-4a88-4272-b1cb-c389d48116bc.csv
1;5624.65;2019-06-04;parcelas_3aff30ed-372c-47f1-9bf5-972f02bb2219.csv
1;79.79;2019-09-23;parcelas_3b00c388-e93c-4146-871a-4e1c5f0c7088.csv
1;162.75;2019-02-11;parcelas_3b038a4b-2245-4c47-8431-12c65d9a2a03.csv
1;1256.39;2019-09-30;parcelas_3b0f1c5e-674a-41e4-b552-ce9f0defe585.csv
1;60;2019-12-11;parcelas_3b135c17-a9c1-47ac-b0ca-b0ac527d70dd.csv
1;156.19;2019-08-19;parcelas_3b23bbc6-5412-4a88-8ab5-4210629e25eb.csv
1;211930.58;2019-07-31;parcelas_3b271e23-1f46-4e0e-9abc-5cf1f11da78d.csv
1;79.79;2019-05-17;parcelas_3b2b0f7b-9025-4341-ba7b-ecefdc28557f.csv
1;7206.75;2019-06-27;parcelas_3b2bdf59-cfa4-4e94-afba-6fd00ab3212d.csv
1;71254.71;2019-01-28;parcelas_3b2f8761-b336-4a43-b8af-1d12e4e280e0.csv
1;25149.3;2019-04-24;parcelas_3b32af10-2e95-454b-904b-fe71fa7fa5b2.csv
1;11140;2019-06-05;parcelas_3b362066-6fb7-4e74-ae24-ac8d6d42e885.csv
1;120000;2019-01-02;parcelas_3b36db5c-b7d9-4137-b1c9-2982d0e0b3f9.csv
1;581;2019-04-22;parcelas_3b6944a4-489f-4e45-a3e8-4f9a231bf5d8.csv
1;100;2019-09-26;parcelas_3b6becde-a24d-4db6-845f-9c6406357e39.csv
1;517;2019-05-20;parcelas_3b6c4bec-3602-4d11-b173-dba4cd762ca3.csv
1;4051.2;2019-04-18;parcelas_3b6e24ad-2778-4060-bcb1-ee27b0d22cab.csv
1;44095.61;2019-03-18;parcelas_3b6f2429-8095-4778-a2f9-fdc7fcbce082.csv
1;6384;2019-05-14;parcelas_3b6ffe7e-a6a2-40b8-a411-ed8b4c0fec8e.csv
1;24292.8;2019-01-08;parcelas_3b779b69-bd0b-46ea-908e-5118976c085d.csv
1;9300;2019-11-18;parcelas_3b78cb23-926e-43aa-822b-0aa2cb586bd5.csv
1;1992152.86;2019-04-30;parcelas_3b7f9aa0-407b-4322-a5fc-5194700a7911.csv
1;25847.07;2019-12-19;parcelas_3b88d870-447d-4c7d-affd-f8363f32b6f2.csv
1;177.1;2019-01-14;parcelas_3b95824c-ee24-44b2-a6df-8201cfca8972.csv
1;2499.37;2019-09-05;parcelas_3b97ef20-5f83-49ff-aa31-af2166f5a168.csv
1;2322.27;2018-12-28;parcelas_3ba90b13-6764-4045-b655-3fbca6927418.csv
1;370.34;2019-06-27;parcelas_3bab9a19-d609-4e5a-bab3-449b9b74010d.csv
1;53612.7;2019-12-19;parcelas_3bb104ae-d369-40f3-b9e7-0e4cdded2fa7.csv
1;2335.9;2019-04-04;parcelas_3bb78cfb-bd11-44c2-83ce-631e3f46be03.csv
1;4375.69;2019-09-30;parcelas_3bbc288c-670b-4f63-96f4-bed0b746a0c7.csv
1;4900;2019-12-19;parcelas_3bbed5d7-b6ca-4c58-8456-36c620dd74b1.csv
1;4781;2019-09-02;parcelas_3bc28f42-32b5-4301-aee4-1d9cc4486cf2.csv
1;52402.45;2019-12-30;parcelas_3bc3c0fd-e0e4-4aae-bc04-87dcc0c5bae6.csv
1;65;2019-07-18;parcelas_3bc61721-1517-4a9a-87c3-ffbbd4e8c9c2.csv
1;265.66;2019-03-12;parcelas_3bcd8e2a-c8ce-4af7-bf45-7345780f600e.csv
1;13176;2019-08-09;parcelas_3bd0bf52-38f2-4207-8734-6c3197584a2f.csv
1;1302.4;2019-05-31;parcelas_3bfa3dba-5807-4232-9e92-b88bee1f7249.csv
1;349.5;2019-02-11;parcelas_3bfacd46-bf34-4c99-9c3d-ec5abcdc435e.csv
1;7390.64;2019-01-08;parcelas_3bfe0d3d-6b07-47b6-89fc-59e1a7d0d232.csv
1;1339.13;2019-03-25;parcelas_3bff056f-aa7d-4733-9870-cabdba09cedd.csv
1;4000;2019-02-15;parcelas_3c053a5d-9af8-47d5-bb32-1058903b4713.csv
1;51500;2019-08-05;parcelas_3c07033f-8e68-42c4-862b-ccfa5c04fdff.csv
1;11946.95;2019-01-10;parcelas_3c09366d-0e09-4bd2-9b15-0678ebc18d6f.csv
1;6698753.19;2019-01-02;parcelas_3c0ce9ee-d2ee-43b0-ba2e-a6b976850dd2.csv
1;520;2019-08-27;parcelas_3c149535-6e8c-4fd2-9a36-1fa213f57bc1.csv
1;480;2019-09-17;parcelas_3c225962-4298-4e7d-b68d-e26d2c9c0d45.csv
1;90909.7;2019-05-28;parcelas_3c2cb16c-9095-48be-bbfc-aba8055d59e3.csv
1;59242.23;2019-04-30;parcelas_3c31b3c6-0e2f-4cdc-a262-66d2f7260937.csv
1;79.79;2019-05-28;parcelas_3c42c6a0-d776-4930-bed7-64cf883a7c31.csv
1;867.81;2019-10-21;parcelas_3c43be3b-fcb4-4e15-b2b5-7ca5e888141a.csv
1;971.55;2019-10-31;parcelas_3c59e06c-5892-411e-ab89-f3bd1d10014e.csv
1;40036.64;2019-10-30;parcelas_3c64c74b-1df7-4182-adec-ac38cc188b19.csv
1;3102;2019-03-12;parcelas_3c64edb4-fe3f-49b4-80e8-c0ab5bbeee89.csv
1;23478.35;2019-12-20;parcelas_3c69848d-07f6-4bb8-a44c-4dad85723a21.csv
1;90;2017-11-30;parcelas_3c6c061a-d496-4679-9ae4-5457f84c85fc.csv
1;19972.78;2019-02-28;parcelas_3c6cb25a-8cbb-4226-b763-e0efa1358083.csv
1;1649.51;2019-11-06;parcelas_3c6e8650-a523-4655-a768-938f63c2df2d.csv
1;917.94;2019-11-13;parcelas_3c782513-aa4a-40e7-bdfe-daf6e3076e19.csv
1;1424.88;2019-10-04;parcelas_3c7a74b0-f283-4460-9bbc-702837c98eca.csv
1;5119.04;2019-03-29;parcelas_3c7ac30b-2176-4d09-a314-8850b346e45a.csv
1;100000;2019-08-30;parcelas_3c7c0ca6-8a40-46f1-b0e4-77aafe8f428c.csv
1;13403.44;2019-06-17;parcelas_3c7d7ba4-d989-4450-adc5-b1450b1a594b.csv
1;56500;2019-05-09;parcelas_3c7eeef1-52a9-4331-80e4-cbbf1c2d0f5e.csv
1;900;2019-04-03;parcelas_3c8430d9-5ee6-4af5-9c2c-9e2e8abfe19a.csv
1;156;2019-05-08;parcelas_3c8bdfb9-c94d-41dd-bbfc-56adcb0fa8d6.csv
1;46621.96;2019-06-27;parcelas_3c8c8221-b2bb-43e9-ba58-da4f306f097d.csv
1;18168.36;2019-01-28;parcelas_3c94132c-e3c3-4089-acc9-6a9a66fc5cd0.csv
1;5497.95;2019-11-28;parcelas_3c9a6d71-6c03-4676-9b1f-41dd455fe6aa.csv
1;1750;2019-01-03;parcelas_3c9b891f-0c92-442e-9666-b4bf854814f8.csv
1;36800;2019-07-26;parcelas_3c9d2cef-25a9-457e-9afe-ff544d2af2c7.csv
1;97.65;2019-02-11;parcelas_3ca18120-a223-4721-99d7-040c8c8b6b8c.csv
1;100000;2019-05-21;parcelas_3ca1b591-6ce6-4d75-8472-41867edaa0a7.csv
1;1698.03;2019-04-25;parcelas_3ca31ba1-62c0-478c-912f-8c25dfac982f.csv
1;71.79;2019-11-29;parcelas_3ca7b443-003d-4cc8-8327-f1b06d509e58.csv
1;516.68;2019-05-15;parcelas_3cae4ef9-d187-4a81-871b-a9d48924875c.csv
1;600000;2019-11-14;parcelas_3cae927f-74eb-4598-9e85-2d2a538eddb5.csv
1;4083.96;2019-01-21;parcelas_3cb1fb1c-2523-4bfe-aa49-cbcab4680bc0.csv
1;1850;2019-08-21;parcelas_3cc8d715-2597-4a27-9fca-c3c631390626.csv
1;3338.96;2019-06-14;parcelas_3ccc657d-0492-447a-947b-abc4105e6b82.csv
1;13216;2019-01-22;parcelas_3ccd2d76-5713-4da2-987f-6554689c1a81.csv
1;544.2;2019-06-04;parcelas_3cd24861-4719-49af-ac8a-af1c74f89d6c.csv
1;689.5;2019-06-27;parcelas_3cde0dcd-26ca-4e06-b292-9a5a9d7af2ca.csv
1;42244.58;2019-09-30;parcelas_3ce2269a-91bf-469c-82cd-a2609e9b39cb.csv
1;6284.31;2019-04-17;parcelas_3cf46415-dd0c-4a03-8564-bd3baeae3a72.csv
1;1290;2019-06-25;parcelas_3cf68e8f-b5e0-4201-9313-64d356935c60.csv
1;114.85;2019-06-27;parcelas_3cf872ce-172f-46c7-ac07-8a85a57e3d38.csv
1;251.1;2019-08-06;parcelas_3cfba1e0-3089-4190-819e-407644fb2907.csv
1;66.66;2019-11-22;parcelas_3d10d432-50e0-404d-8f08-3370902b0664.csv
1;1630.77;2019-03-29;parcelas_3d131de5-8c2e-4a53-b634-89404728de85.csv
1;113.17;2019-04-03;parcelas_3d231609-71c1-41ff-a859-4daee86a873f.csv
1;895444.33;2019-04-04;parcelas_3d2edf72-f5e8-4071-bb1c-7a28a1d99e93.csv
1;1242.5;2019-11-28;parcelas_3d304f2d-1ba8-4194-8f3b-4ca2d4ad63ad.csv
1;320.88;2019-08-21;parcelas_3d3587a7-b6d3-4b98-89bb-becd33db5630.csv
1;145.04;2019-04-12;parcelas_3d36e716-f771-4a8f-88f7-bb021e7406fe.csv
1;423130.56;2019-09-26;parcelas_3d3c645a-c3fa-4a64-a204-0b104de90193.csv
1;2489.64;2019-06-28;parcelas_3d3e4fe9-a4a9-4ff0-a6d5-d0d2f6adc984.csv
1;171.57;2019-09-12;parcelas_3d4053cc-c8d9-48aa-8d97-8604ebb382fb.csv
1;2862.3;2018-12-28;parcelas_3d40d5dc-0106-4539-bc4c-160e95e95abd.csv
1;46225.66;2019-10-30;parcelas_3d4500a8-b85a-4272-a01e-ed48e91606dd.csv
1;4600;2019-11-19;parcelas_3d4ba9fd-abdf-4dd8-807c-8bb354009e63.csv
1;2690.53;2019-06-27;parcelas_3d4cda0b-5b1c-42c7-867d-f576a4b5c9c2.csv
1;202716.22;2019-01-02;parcelas_3d4d4db4-709b-4300-9e1a-ed6a118f0a20.csv
1;937.72;2019-02-28;parcelas_3d531075-c8af-4c6f-920e-96bc736c451d.csv
1;35043.87;2019-05-15;parcelas_3d588e5c-297f-4d92-9604-fdd1fecfa638.csv
1;21102.54;2019-10-30;parcelas_3d5cb22e-ccb3-47bc-a34f-f328817f8416.csv
1;34.15;2019-03-27;parcelas_3d5f922a-a1a4-4311-a2ed-e4ded4061b90.csv
1;8061.67;2019-06-27;parcelas_3d66cb03-9203-4318-8894-63a59b0844d7.csv
1;521.1;2019-07-01;parcelas_3d6caa5e-260c-4b4b-b20e-35237517de85.csv
1;6500;2019-07-31;parcelas_3d6d0c08-8355-4c27-bc01-081aca4a7436.csv
1;40807.15;2019-12-19;parcelas_3d721660-7f91-45c9-b72f-d17302c9b463.csv
1;2200;2019-01-31;parcelas_3d73d148-0c5b-4ee3-bb10-233a9b82d399.csv
1;6367.32;2019-06-04;parcelas_3d7b307f-4c8e-44c3-8d54-e2d56ff4e163.csv
1;307.75;2019-02-15;parcelas_3d86ea6a-7f7f-4045-9e41-1c7fc13c1ae5.csv
1;5177.48;2019-07-11;parcelas_3d872597-0608-4886-bc4e-7e01d88171b4.csv
1;12645.1;2019-02-13;parcelas_3d8d58e5-9bfa-4f0b-a74b-76748cb470d3.csv
1;175;2019-06-27;parcelas_3d9202d6-46fa-4d0c-8f02-32ad020474a3.csv
1;1121.44;2019-03-29;parcelas_3d9acca5-ddf4-4ce4-a8c0-d9616d3ef5f4.csv
1;2275;2019-11-28;parcelas_3d9b86b9-614d-410a-ac27-f4b08ddb9d6a.csv
1;55300;2019-07-12;parcelas_3da05825-717b-412e-89dc-42b6a690e199.csv
1;29560.09;2019-07-09;parcelas_3da36c2d-8f47-473d-be8a-bba74ae768a8.csv
1;17215.67;2019-05-02;parcelas_3dad43c1-bf06-40e0-be73-88a1fd28bc4f.csv
1;65;2019-06-21;parcelas_3dadf45f-709c-470a-8473-a740caa40eb8.csv
1;10053.04;2019-08-28;parcelas_3db05095-483c-4d1d-a7d2-6e5401020b33.csv
1;3046.83;2019-06-27;parcelas_3dc99570-295b-4b94-97b3-800bcdd02354.csv
1;11306;2019-09-18;parcelas_3dd4c974-5f90-4b73-a7ca-815966f7526f.csv
1;934.8;2019-07-09;parcelas_3dd6ce44-0e31-4fce-807f-b09337125318.csv
1;353.8;2019-04-12;parcelas_3dddd931-d286-400c-bab8-59da9c81b346.csv
1;180;2019-11-27;parcelas_3de2b673-6e58-4b78-bfce-9e238d0273b6.csv
1;5471.18;2019-11-29;parcelas_3de6a861-1e6d-4c94-b4c0-77dc9e266c06.csv
1;1213;2019-11-06;parcelas_3deaa649-f482-4f0e-af18-7c3717c8ecbb.csv
1;16087.5;2019-05-10;parcelas_3deb4feb-7699-4a8f-90fe-ed4a511d770e.csv
1;44121.14;2019-09-30;parcelas_3def4966-ffde-4ba1-ac81-b49ff79693ba.csv
1;915;2019-02-11;parcelas_3deffae8-be84-4b82-8ae7-ac4e419c1fcf.csv
1;14400;2019-07-31;parcelas_3df113bd-2392-4811-a1f5-272e294e3d7a.csv
1;5175;2019-10-31;parcelas_3df7b79e-a904-45e4-b2c6-a53f9a7719e6.csv
1;1820;2019-04-15;parcelas_3df8bb35-eea6-4711-998d-84f3166ee889.csv
1;557.71;2019-05-28;parcelas_3df91478-37b5-4b19-9feb-49a4c5ad92d4.csv
1;11741.83;2019-06-04;parcelas_3df978ee-0326-409f-9728-571fc7bd3e89.csv
1;852.28;2019-08-21;parcelas_3e02df1c-e987-4926-8444-60cc553ffb7a.csv
1;869.03;2019-01-25;parcelas_3e110a90-3a6f-4026-8164-b16dd7bd0c5a.csv
1;3794;2019-05-02;parcelas_3e1b49c6-71bd-4403-9273-87b0ec8d6f07.csv
1;647.18;2019-09-16;parcelas_3e20c166-07c0-472a-aac4-a7ac38955028.csv
1;45850.19;2019-01-04;parcelas_3e245096-31f3-485e-b746-27abf1fcfc19.csv
1;10.64;2019-05-13;parcelas_3e297af0-5004-4fe1-9c6c-8d84e467e147.csv
1;16862;2019-10-31;parcelas_3e29a008-8a30-4e2d-84e0-c6f644a85762.csv
1;14774.75;2019-08-09;parcelas_3e2d1f86-b1f4-47b8-a91c-ba38df3edf5b.csv
1;23222.58;2019-01-31;parcelas_3e33af10-204f-461c-9831-5e2a5fbd304f.csv
1;7694.17;2019-10-30;parcelas_3e3b3d44-5bc5-4064-8b31-19417618a3da.csv
1;265676.98;2019-07-31;parcelas_3e3e9c37-b565-454c-ab90-815d8064d7e0.csv
1;1996;2019-04-30;parcelas_3e479167-4802-4fbe-a2a5-7f8af9451b1b.csv
1;111572.01;2019-12-19;parcelas_3e47d92f-9671-44f7-8960-3f324968a18b.csv
1;107.48;2019-04-30;parcelas_3e53ca11-286b-4f98-9c56-651b6bf3a577.csv
1;2320.66;2019-07-31;parcelas_3e6231a4-b202-4197-a761-c3a93a46c75a.csv
1;1722.38;2019-01-21;parcelas_3e630acf-0a19-4b87-b5f3-54d36f4b9ce3.csv
1;13440;2019-03-21;parcelas_3e753e91-1a4a-48c4-8da5-e7a151f57246.csv
1;3167.52;2019-12-30;parcelas_3e75bfb8-dc69-4779-8ca9-4eabaea2d607.csv
1;20200.11;2019-11-28;parcelas_3e778764-61d9-42c6-9759-51a5909e4354.csv
1;617;2019-03-22;parcelas_3e7956fb-c19f-495d-b27a-24dd1d9e91a7.csv
1;25460;2019-12-30;parcelas_3e808836-c35e-4a48-996b-fb0a7320110b.csv
1;57132.75;2019-06-10;parcelas_3e8556cf-28f4-4db5-b913-81ff6e55d9de.csv
1;191293.32;2019-09-30;parcelas_3e87000d-52b7-4d71-b6d7-23534e5b5070.csv
1;57058.59;2019-08-23;parcelas_3e87bc57-b35f-43b7-b3b1-7a07f6dd777f.csv
1;39778.66;2019-06-24;parcelas_3e8e9fa3-5810-43ed-9985-d8e5b0d04bb4.csv
1;34768.7;2019-08-30;parcelas_3e937a9d-eb46-4be9-afa9-9947d8a5c404.csv
1;662.17;2019-03-29;parcelas_3e94e61e-6adc-40f9-b9dd-d46f1e18c177.csv
1;2103.34;2019-06-26;parcelas_3e950e1d-efde-401b-93ff-489da32cbd8f.csv
1;152.96;2019-10-07;parcelas_3e9577b7-8204-440e-ad7e-55474f98244d.csv
1;78675.84;2019-12-19;parcelas_3e97bb6e-3a16-4c68-baba-e5758f4dbcc8.csv
1;10332.5;2019-01-15;parcelas_3ea0cc5c-e582-4c0c-962d-27b1b19202de.csv
1;1470;2019-04-24;parcelas_3ea4d178-1e11-4c98-9523-4cda2b8b0774.csv
1;3013.43;2019-04-30;parcelas_3eacc94f-6131-4a3c-a8b7-db231eeb0517.csv
1;1225.58;2019-11-14;parcelas_3eaf970d-7274-4abe-896a-44fa1e469887.csv
1;79.79;2019-07-15;parcelas_3eb0d134-5cca-4d47-b3cc-daa83711ef99.csv
1;236000;2019-04-09;parcelas_3eb0f820-a5dc-424d-a5fd-c887ff1f0f83.csv
1;14299.66;2019-08-02;parcelas_3eb2475e-ca5d-485e-9e8f-e14a03490170.csv
1;10136.08;2019-06-27;parcelas_3eb70cfc-cf81-4392-ab89-d77420cc3e4e.csv
1;1432.13;2019-09-12;parcelas_3eb7a8cf-db8a-4f85-9c18-9bb4cb74e254.csv
1;45.64;2019-01-31;parcelas_3ebd6105-c626-459f-a49d-80828b656b62.csv
1;5163;2019-03-29;parcelas_3ebeb260-ea11-46d9-b00b-b3d8a26a1445.csv
1;419.22;2019-03-12;parcelas_3ebf52fd-1a1a-4648-81e6-8a30de3e1c01.csv
1;6786.78;2019-03-20;parcelas_3ec7f0a6-1bd5-453c-b662-612e9e2640d1.csv
1;259.2;2019-10-25;parcelas_3ecdef6d-217b-4d44-b2eb-86bbbc07ee9c.csv
1;790;2019-06-06;parcelas_3ed1c6ca-ded2-43cd-8ba7-17d32f69a228.csv
1;15100;2019-07-11;parcelas_3ed275b0-3219-4c67-8e0b-ed1fd7ef8414.csv
1;265.76;2019-12-05;parcelas_3ede6014-fdf5-461c-918e-8f4344459d32.csv
1;65;2019-06-27;parcelas_3edf08f2-66f0-4f4c-a443-8a17c719aaf3.csv
1;3416;2019-03-21;parcelas_3ee123e6-8a0e-43cb-885c-993bce33134a.csv
1;42830.7;2019-02-26;parcelas_3ee408ff-1d99-4eb1-9c13-2172259388ea.csv
1;1261.62;2019-01-28;parcelas_3ee9234d-57b8-476a-9bbe-dc1e2656e56e.csv
1;160;2019-06-14;parcelas_3eeb8de2-27b9-4ed3-a80a-712f1e9a9b35.csv
1;79.79;2019-11-21;parcelas_3eee0b49-630f-4c43-af73-604c0a0d0221.csv
1;32012.47;2019-03-29;parcelas_3ef43ea4-e05d-41a7-9bde-fed5d20eea6b.csv
1;4193.61;2019-09-30;parcelas_3ef6e4da-3362-4d44-9eb6-8a3bd3cdc9ec.csv
1;113055.01;2019-03-29;parcelas_3eff1e37-cbc0-4c2c-a7cc-3f9608a4f617.csv
1;1041.28;2019-04-15;parcelas_3f0be4db-69e2-4700-921d-232f672f686f.csv
1;30.98;2018-12-28;parcelas_3f22cbc3-cf62-4e0b-a355-568334d9444d.csv
1;53861.18;2019-02-21;parcelas_3f262a88-7255-4c27-ad22-5c8b90d97f01.csv
1;8080.27;2019-12-10;parcelas_3f27e3d9-19fe-462e-9193-f40f69f6f4d1.csv
1;9250;2019-09-23;parcelas_3f29357a-1638-4f49-823d-112236754a97.csv
1;22284.8;2019-07-23;parcelas_3f399005-67dc-42bd-9a98-778b56575133.csv
1;1218.41;2019-07-24;parcelas_3f4043ce-a9dd-424c-9ee9-b96708ce9107.csv
1;65609.87;2019-01-02;parcelas_3f41eb4d-6011-44e1-aeb1-ba654496b695.csv
1;218.62;2019-11-29;parcelas_3f42cc66-a8da-46ae-99d7-19b3c52dddf9.csv
1;158;2019-03-12;parcelas_3f58c30d-f532-42cf-98f6-ccca45cf728d.csv
1;2332.5;2019-04-30;parcelas_3f63bd62-3061-4c0f-b443-cda2f197821f.csv
1;58.7;2019-03-26;parcelas_3f6522a8-217b-4f93-9e4e-46991af72153.csv
1;8726.12;2019-06-26;parcelas_3f6b5caf-e2e5-427b-9b75-094420e70e61.csv
1;7840.53;2018-12-28;parcelas_3f81a9fb-9d9d-4aec-a7b7-8685ee51bf53.csv
1;10683.31;2019-06-27;parcelas_3f8423f2-2992-48bd-ab60-0df7cce876cb.csv
1;680;2019-01-25;parcelas_3f857f36-1e6c-4192-8217-6a4ddd1991b4.csv
1;3248.04;2019-04-29;parcelas_3f8b2e5c-440c-4391-b414-5b1bdb5f90df.csv
1;900;2019-04-05;parcelas_3f98fa1a-75f6-43f6-b0d8-c27e8886ec5f.csv
1;1567705.4;2019-11-28;parcelas_3f995080-1578-42b1-979d-43a9afc4bf31.csv
1;1849.26;2019-02-19;parcelas_3f9a4824-3634-400f-b403-0b9b22b44637.csv
1;15000;2019-01-04;parcelas_3f9d3882-6ddd-4910-9f65-8dfffe00fb0c.csv
1;28490;2019-05-27;parcelas_3fa0deec-1406-4074-ab57-0be4ac1524f1.csv
1;9566.21;2019-04-30;parcelas_3fa3d2e0-67a1-4e4f-95a4-0f103c334822.csv
1;0.03;2019-05-21;parcelas_3fb1b3f6-2d11-4251-ac32-3385f47f14ae.csv
1;10367.38;2019-10-30;parcelas_3fb8d4ba-54cb-4872-8a70-b78d7a0dcc8b.csv
1;7118.28;2019-10-25;parcelas_3fb9628d-2d56-489c-9d0b-4e5af959b62d.csv
1;629.78;2019-03-08;parcelas_3fb9c2ba-5b10-4e92-94dc-5d4709357400.csv
1;853765.43;2018-03-20;parcelas_3fc93799-f069-49f8-ae0f-eb302f6ffc32.csv
1;1495.34;2019-01-30;parcelas_3fc94cba-e413-48ec-b831-186b7cd5235d.csv
1;59802.33;2019-12-02;parcelas_3fcec1d9-00ed-4101-bbe3-e86792a2538b.csv
1;1805.1;2019-07-04;parcelas_3fd90a45-e7ab-441c-a8bf-79d010e8006f.csv
1;3445.2;2019-03-12;parcelas_3fdb78ff-9756-4b38-8002-32b279ec1f4b.csv
1;65;2019-10-14;parcelas_3fdf4f27-14b9-4716-8cfd-4c92b2c8c5cd.csv
1;2495;2019-02-28;parcelas_3fe5d11b-0fbe-4615-84a1-e9e8c955d3e4.csv
1;61725.87;2019-12-19;parcelas_3fe5f692-9732-4319-8415-9a1f5d60a270.csv
1;12174.65;2018-11-30;parcelas_3feb420d-b115-4931-aaad-a1cadf41a972.csv
1;464.4;2019-08-12;parcelas_3ff3613c-7624-4736-a450-e10478599303.csv
1;60106.38;2019-01-28;parcelas_3ff4d6fe-1d38-41ca-907c-6a37b0ce5802.csv
1;56715.67;2019-10-09;parcelas_3ff67edc-b925-4816-b6dd-ca064fd2df13.csv
1;48231.22;2019-05-28;parcelas_3ffccfe1-73b5-4e86-9673-dd4e4401cd34.csv
1;65;2019-03-15;parcelas_4007722d-9b63-454b-bbd8-dfb96462aca2.csv
1;4500;2019-08-01;parcelas_40097d77-d574-44cf-a9ec-1bdb63488615.csv
1;810.77;2019-12-17;parcelas_400d489c-cf68-4e60-b8fd-54816b8db6c7.csv
1;1577.6;2019-09-30;parcelas_40166ba5-685c-466e-9ed1-795b55359e11.csv
1;200;2019-03-06;parcelas_40197e70-9641-4978-949a-ef6d7cc159cd.csv
1;16993.2;2019-04-08;parcelas_401df586-ed66-4a55-8e96-992a9a770a0f.csv
1;1333.3;2019-10-30;parcelas_40216053-5d3d-4475-9b5a-a6dcd56d8b16.csv
1;3433.15;2019-09-25;parcelas_402174cb-b177-44af-9a2d-cb05a2f0a569.csv
1;305.28;2019-01-18;parcelas_402a8124-39e4-41d0-aa79-23bcda1a085a.csv
1;26941.08;2019-01-02;parcelas_4033f1db-ff7a-4d04-a2db-60338c8d3aa9.csv
1;6795.84;2019-06-27;parcelas_403579b1-64e1-4d88-8131-0a78c35d0cc7.csv
1;350;2019-11-13;parcelas_4036602c-08ae-4de2-b86c-e41803ae246f.csv
1;437.07;2019-04-08;parcelas_403668d5-4345-4822-a98e-6ce382547249.csv
1;1488.63;2019-01-04;parcelas_4038ce5c-7d06-4bcf-8e64-67ac32a421e5.csv
1;412.75;2019-02-18;parcelas_403a59eb-3480-4fbc-baae-2b03486c8d42.csv
1;74.8;2019-10-14;parcelas_403bf594-b680-45c2-9a3c-6c04784117c3.csv
1;2975;2019-10-30;parcelas_4040f3c2-023f-48a8-93ff-5d723a21e334.csv
1;12723.36;2019-12-30;parcelas_4043352d-37fa-48e1-bc75-6def6e7ed3cd.csv
1;1651.49;2019-10-29;parcelas_4045301f-5f37-4909-b79a-4dd0ba4a0001.csv
1;23937.47;2019-02-21;parcelas_4045c7ac-f6b4-4fb7-98f5-a5a282042bb1.csv
1;10125;2019-10-04;parcelas_4048675a-df7f-4001-b79f-22fdeb2c0514.csv
1;13209.52;2019-10-14;parcelas_404da55a-2bd2-4502-8b2b-539f16fc726c.csv
1;36573;2019-04-04;parcelas_40564a18-511a-41aa-8444-e1c387bf1316.csv
1;100000;2019-03-29;parcelas_405e4605-4d91-4ea5-b26f-e1071f47333e.csv
1;4678.5;2019-04-04;parcelas_40636393-831f-46eb-9426-c7e26d1f6f33.csv
1;23895.9;2019-11-28;parcelas_40636ec6-d564-4dfb-b564-3abeb319a19c.csv
1;244.08;2019-11-26;parcelas_4063791c-fb17-4be6-9a8d-8bd1b5cb63ec.csv
1;737.88;2019-12-30;parcelas_40654bbd-f8df-426e-a080-d2381470ef9e.csv
1;292.97;2019-03-06;parcelas_406f7d35-74ab-4292-8673-505a07481630.csv
1;12614.58;2019-09-30;parcelas_4070e564-9c66-4cea-8c1e-d6f5d4895a26.csv
1;803.09;2019-07-31;parcelas_4073777d-3e75-41d0-819a-4cec2add0b37.csv
1;12167.74;2019-02-15;parcelas_40764da9-3137-41dc-a0bf-a7491586d7fc.csv
1;499;2019-07-08;parcelas_407c2d3a-e830-4cac-adec-45a95945745e.csv
1;2584.76;2019-01-07;parcelas_40832ae1-2d09-4927-a865-78633c5172c3.csv
1;2495;2019-11-07;parcelas_40846654-8927-4c04-b02a-2bdd69d9cb9c.csv
1;130.26;2019-03-12;parcelas_4086739e-309c-4ade-8b5a-f0b5b15029ac.csv
1;2538.7;2019-07-31;parcelas_408bf558-7168-4dc3-a275-0705b79e5044.csv
1;18694.2;2019-02-06;parcelas_40916c4e-f012-4678-967f-4168949674ba.csv
1;45226.09;2019-05-28;parcelas_4092a191-085b-4ba2-ba61-a1112f3fe236.csv
1;52735.32;2019-10-30;parcelas_409aeabd-0fe7-418e-bb96-bf84c1dfd7f3.csv
1;6452.88;2019-09-30;parcelas_409c3855-4631-4537-9d95-a7153d050864.csv
1;10668.5;2019-06-10;parcelas_409dfcf8-3703-4d64-8f97-01f839bce75f.csv
1;14260;2019-07-31;parcelas_409e9903-600e-43f5-80cf-6406d798dd41.csv
1;1308.5;2019-02-12;parcelas_40a04c6f-fc66-4251-8a57-9771ced69037.csv
1;0.94;2019-02-15;parcelas_40a40670-1b15-4b36-b35d-c1085afa5c7b.csv
1;304.02;2019-08-13;parcelas_40b06659-2149-4069-950e-ec77effdc8b9.csv
1;174.57;2019-11-25;parcelas_40b35d12-9dd0-41af-9e61-0423b263181d.csv
1;14004.37;2019-02-25;parcelas_40bba5ee-19da-4d4e-8c40-b7ccf181ec6c.csv
1;2220;2019-03-06;parcelas_40bdaccd-dd36-408e-b8df-a63a761efa1f.csv
1;2653.6;2019-04-29;parcelas_40c8cffe-a779-44bb-8acd-c9a20c4efd84.csv
1;85.96;2019-04-18;parcelas_40cab236-2fa5-410f-8ee4-b3ffe58484f2.csv
1;2102.7;2019-05-28;parcelas_40cdcd00-ec34-43fc-bd4f-3851d67dbeb2.csv
1;6843.72;2019-03-06;parcelas_40ce3d2f-8a8d-46ea-866b-a6404d35ad45.csv
1;11.2;2019-08-20;parcelas_40d41262-b26c-4829-b6e9-5eeac75e5a88.csv
1;65;2019-01-14;parcelas_40e05a9f-fdfd-40c3-8394-b9fcbc98ac7b.csv
1;1801.89;2019-06-05;parcelas_40e0d9f7-ac51-42bc-af58-8329db8e0c81.csv
1;1800;2019-09-12;parcelas_40e29bdf-3128-41df-b71d-07c25fc6c0e7.csv
1;211;2019-04-09;parcelas_40e3a635-3e17-40ea-ac7a-0e0ae1abcb27.csv
1;876728.76;2018-05-18;parcelas_40e490af-bdca-4d65-9f68-aa23ce036a4b.csv
1;44976.6;2019-12-19;parcelas_40e55300-19c0-42fc-8fa2-6d53f83c248c.csv
1;474.89;2019-09-26;parcelas_40e671b5-3d92-4853-97a1-e35e3eb58860.csv
1;514.25;2019-10-07;parcelas_40f9e320-f470-4b84-8ddd-732fdefe2398.csv
1;310.49;2019-11-26;parcelas_4107e1b6-f6d6-4451-8396-98b0378417f7.csv
1;134224.98;2019-11-28;parcelas_410cc943-56dd-4aa6-9ca3-8b7041dc2510.csv
1;649.8;2019-07-09;parcelas_41115892-0b40-43a1-ad95-daa904bbde8b.csv
1;131.46;2019-08-09;parcelas_41123682-e788-4223-97d0-89d882b16f52.csv
1;600053.99;2018-12-31;parcelas_4116a7ee-cff9-45ed-a767-8958c853ac72.csv
1;1659.86;2019-02-20;parcelas_4116a7ee-cff9-45ed-a767-8958c853ac72.csv
1;44575.44;2019-02-20;parcelas_4116a7ee-cff9-45ed-a767-8958c853ac72.csv
1;22344.29;2018-12-31;parcelas_4116a7ee-cff9-45ed-a767-8958c853ac72.csv
1;156.18;2019-01-28;parcelas_4121553f-c938-480a-8e6b-1e82d2080940.csv
1;475.37;2019-07-31;parcelas_412156ec-ba4e-4d6c-904a-fb8d3d2c260a.csv
1;49100;2019-01-29;parcelas_41218210-0795-49da-a146-01736a16d1ce.csv
1;65.1;2019-07-11;parcelas_41274ca6-96b1-4baa-b62a-f36f7189410a.csv
1;1459.28;2019-02-28;parcelas_4127bc10-613a-40b7-8f66-7f579b3a247e.csv
1;1565.35;2019-02-28;parcelas_412ad62e-ba3e-445b-9e4d-0659da7431e2.csv
1;34015.86;2019-04-30;parcelas_412aed7f-a5e8-478f-bedc-834e67818d32.csv
1;206000;2019-05-06;parcelas_413bb23d-2dc5-407d-bc94-e8b21ca01a6b.csv
1;3231.25;2019-05-28;parcelas_413d6caf-9868-4f1b-9457-f7a35cc25c88.csv
1;270717;2019-02-27;parcelas_414006ea-7b0f-4c7f-be2e-2f9433d87ea3.csv
1;2827305;2019-01-31;parcelas_414ef55d-7ed6-45a6-964d-154d5e149807.csv
1;278.48;2019-11-04;parcelas_4150649a-9feb-4854-bfad-03a1720b33f6.csv
1;80;2019-04-24;parcelas_41553513-e90f-4f1c-922e-4195bcc1969c.csv
1;16291.82;2019-04-04;parcelas_415fa41f-7a76-46eb-98f7-be3f0850bc36.csv
1;1562;2019-01-10;parcelas_4160fe53-b4a9-4bcb-b000-62b201f7d4c5.csv
1;3921.74;2019-06-19;parcelas_416124ac-f858-4ccc-bb30-872ea12f7128.csv
1;2110;2019-07-08;parcelas_4163e14f-c1dd-4d8b-a1e9-c5077728b675.csv
1;79.79;2019-03-08;parcelas_41670196-0660-4e51-83fd-1958a327a555.csv
1;385.6;2019-05-20;parcelas_41688571-e7b3-4a87-aca7-5a7e42c9256d.csv
1;3897.03;2019-02-28;parcelas_416d8b11-0a79-4747-82d9-abc32455e8d3.csv
1;2495;2019-03-29;parcelas_41785b4f-2d3c-4716-bff2-a1144e5247dc.csv
1;3504.3;2019-11-01;parcelas_417c74e6-cb86-49c2-95fc-9e1b39b6f9a1.csv
1;42754.2;2019-11-25;parcelas_417e2ebf-e023-4f33-b1a4-d858db9900f6.csv
1;5775;2019-08-30;parcelas_417e5755-7969-4250-b5a8-72a80ef203b7.csv
1;763.67;2019-05-13;parcelas_4180c9ff-04ec-4756-8628-f9de152115b3.csv
1;1186.03;2019-10-30;parcelas_4187d526-54a1-44aa-b651-ee701da5f82b.csv
1;38615.91;2019-11-28;parcelas_4189df94-2133-4a9b-9baa-bda1f8bd5a37.csv
1;50.64;2019-09-24;parcelas_418f337f-88ae-4cd4-ae41-9ba9d050d1e3.csv
1;969.75;2019-02-26;parcelas_41a3ec37-67c2-43a8-b0fa-b0667289bbff.csv
1;19600;2019-02-18;parcelas_41abdb08-45f7-4487-a7e6-7aff940dd42a.csv
1;1492.9;2019-10-21;parcelas_41ade3a6-60f9-4beb-a68f-12ff9c0d6065.csv
1;79.79;2019-09-12;parcelas_41c17f1a-5c2e-4813-9170-4611711384c8.csv
1;1607.36;2019-04-26;parcelas_41c44efa-0fab-4fb9-821d-c9a9c1979829.csv
1;4114.16;2019-02-28;parcelas_41c4e54e-f1bc-4257-b801-f67a90b595a6.csv
1;2079;2019-06-28;parcelas_41c5d87e-adaf-439f-a876-6f7bdb3a2a66.csv
1;910.35;2019-11-06;parcelas_41cbcecf-71bf-4cc2-9224-4d297dd5186e.csv
1;1852.57;2019-08-08;parcelas_41d2b6c6-3de0-4d3b-b52a-95cf303043b3.csv
1;826.96;2019-08-26;parcelas_41d6e1e4-1b7d-456e-98d8-8fa7ce07e34c.csv
1;1426.12;2019-09-30;parcelas_41d7854a-c35e-4d87-a20c-33d6b3555d4a.csv
1;2603.51;2019-04-12;parcelas_41de57b4-821b-4c74-a31d-402890012ba7.csv
1;19879.09;2019-10-11;parcelas_41eaa4d9-a3e1-441f-96ec-7a283f56c5a5.csv
1;2549.4;2019-10-25;parcelas_41eb1b12-8627-4e51-959a-18c51b44b056.csv
1;987.34;2019-07-31;parcelas_41fbd61d-01ec-460e-94e6-3f0318113c70.csv
1;7262.24;2019-05-14;parcelas_4200e553-8cef-45e0-a397-af408517579c.csv
1;313.5;2019-06-24;parcelas_42038116-febe-4e99-a08b-8cfea2929a5a.csv
1;2505;2019-09-24;parcelas_42079cfd-3c7e-44ef-a570-20c9be98dc34.csv
1;65;2019-02-06;parcelas_42111880-ee95-43a5-832c-837c0da92dc3.csv
1;4702.1;2019-01-14;parcelas_421148c9-30c3-4ce2-88d5-737c98e34130.csv
1;5290.21;2019-04-29;parcelas_42118bc0-5965-4bb5-999f-cabf839aa413.csv
1;2527.63;2019-02-28;parcelas_4222b025-f9b8-4ff8-80c6-148668496edf.csv
1;217.36;2019-12-17;parcelas_42268791-447b-4919-9025-27a46d17d73a.csv
1;380.67;2019-02-25;parcelas_42301f81-cc5e-493d-abe3-3ff0367b27f6.csv
1;300;2019-06-04;parcelas_42481e23-8d5b-4db3-9d71-3d0f87276902.csv
1;1126.64;2019-09-30;parcelas_424b2bd2-4ca7-4db5-8c78-f12ce6c14869.csv
1;17075.57;2019-12-02;parcelas_424d3adf-fa56-4a68-8395-0b811abb711d.csv
1;1977261.36;2019-07-31;parcelas_4251a4c9-027f-4db9-aadc-69d2b7392af0.csv
1;162.75;2019-02-08;parcelas_4253c251-27f3-44b9-a9f0-a548bceec780.csv
1;8103.97;2019-10-30;parcelas_425ba559-3a6a-403d-a508-ea99adacda0b.csv
1;425;2019-02-08;parcelas_4262220c-04ac-4529-b0c1-e7c8099c237c.csv
1;290.6;2019-08-15;parcelas_426366b6-e72a-4934-8fa8-13761d2fbe9f.csv
1;5938.33;2019-06-27;parcelas_4264148f-b825-48c0-8255-5c00c12d4b99.csv
1;232.63;2019-10-25;parcelas_426b0aad-904f-437e-9c5c-087fc3984530.csv
1;41741.8;2019-06-21;parcelas_4272cb41-4d55-4d5e-bcb0-2bcc236e4c35.csv
1;8696.97;2018-04-20;parcelas_4277723d-86b4-487d-8678-e5a47f4bf406.csv
1;5570.32;2019-10-15;parcelas_42788fe3-4677-4eab-8975-b9c180da9f9b.csv
1;742.32;2019-03-18;parcelas_427dde74-d5b4-4912-999b-f818abb0ffa3.csv
1;1264.96;2019-03-29;parcelas_427f2f74-9b3d-4461-9809-94f8ce918e75.csv
1;6388.34;2019-06-04;parcelas_4280a3a5-80e3-4aa8-8ed4-362e37e343d7.csv
1;700;2019-12-30;parcelas_428d7c2b-57ec-466f-bc8d-9b38a2e12c00.csv
1;2495;2019-11-29;parcelas_4290d91c-fd92-4d2f-b774-20f7be65fe77.csv
1;528.25;2018-12-31;parcelas_42939349-2749-48a1-8f33-e32a5f212ba0.csv
1;44820;2018-11-26;parcelas_42969853-fa74-4197-956c-ffd45b20b2a1.csv
1;140.18;2019-02-28;parcelas_429735ea-1a85-421b-b1fe-57a8bc315ccf.csv
1;105800;2019-06-27;parcelas_4299e26a-6ac7-4013-8af4-86c4f0e58116.csv
1;8484.55;2019-12-09;parcelas_42a5d43d-9c13-4545-9fbf-6b650577e593.csv
1;475.8;2019-07-08;parcelas_42a6daa4-278c-4756-8509-24fc4261fe30.csv
1;44825.74;2019-08-02;parcelas_42a70dcd-eba9-4ae8-8e8a-b000d484fd42.csv
1;153.76;2019-06-14;parcelas_42aae759-2876-4ce1-8bd0-eff610739b63.csv
1;65;2019-07-09;parcelas_42b70980-6b9e-4dfc-b2ab-19d0bbd1d7a0.csv
1;397600;2019-01-03;parcelas_42b999e1-5f53-4261-9d6e-b9f344eb0d0a.csv
1;14504.13;2019-01-02;parcelas_42bc0bb8-5d06-4be9-85ef-e3429ccb5afb.csv
1;17763;2019-04-18;parcelas_42c29f6c-89a8-45f1-8d55-76fe629b9a99.csv
1;45447.07;2019-06-27;parcelas_42c63273-9058-4a44-9496-de2b7a125792.csv
1;65;2019-10-31;parcelas_42cbbb85-6f74-4251-99b3-31038a277326.csv
1;227.96;2019-08-06;parcelas_42cc0db6-59d1-43ec-9fc3-173cad99ffc1.csv
1;247.09;2019-02-28;parcelas_42cc9916-91b5-4ad8-8a0e-735ca86aeca4.csv
1;158858.16;2019-10-17;parcelas_42d35cbf-3687-4652-b472-0219a2aaf34a.csv
1;2321.2;2019-01-07;parcelas_42d886ca-1a8d-4638-812c-9d8721310ca5.csv
1;22117.18;2019-01-28;parcelas_42dea984-b5fb-479e-92d3-56ef46a35f3a.csv
1;400;2019-03-21;parcelas_42e26319-c47c-4f3c-9ca8-d4600cfef0ad.csv
1;80368;2019-01-02;parcelas_42e8a04c-f5a2-4bbd-b050-c0e09046fdea.csv
1;5773.16;2019-10-31;parcelas_42e9be26-24ca-4793-ba5d-b35fba045b68.csv
1;9564.98;2019-05-28;parcelas_42efd269-49be-4a76-b33f-55d5d2f660b7.csv
1;284.95;2019-04-01;parcelas_42f24128-c340-45a0-88d0-79fcd3eee61f.csv
1;6523.05;2019-05-28;parcelas_42f26ad6-09d0-45a0-9b5d-9f331f854e9f.csv
1;2574.63;2019-04-30;parcelas_42fedd80-218f-4723-ab61-eefef79c331d.csv
1;707.54;2019-06-19;parcelas_43050db2-b06c-4f53-867d-44272c1c0797.csv
1;79.79;2019-06-14;parcelas_43075a45-569f-410d-84b9-2b40626ade37.csv
1;463.8;2019-05-24;parcelas_43090454-feb9-4445-8e03-42c8f2a7e199.csv
1;2086.14;2019-06-04;parcelas_430afbb2-a53c-431f-80ae-0c67a56f27eb.csv
1;102600;2019-01-22;parcelas_4315293d-033f-412e-ae45-89d792200fde.csv
1;6913.08;2019-08-30;parcelas_4318a974-95e0-42e3-9bcf-99a7982776c3.csv
1;8580;2019-08-07;parcelas_431a64e6-23fb-432a-8cc6-06d7d8b0fed9.csv
1;90000.01;2019-01-02;parcelas_4326f66c-e47a-4ca6-baf8-460bb687a7e6.csv
1;182.43;2019-10-31;parcelas_43322d52-79d4-4a7f-8f84-54686df206a6.csv
1;65;2019-01-10;parcelas_4334a4ef-0909-4db9-838b-ec796a4d26d6.csv
1;64444.48;2019-07-01;parcelas_43390be7-5f90-4f78-a39d-f4410858bc20.csv
1;10403.75;2019-07-31;parcelas_433cab1d-0233-4883-8d5c-9c9ace7bcc27.csv
1;1600;2019-03-12;parcelas_433e6263-7b41-4a17-ad0e-eb53c8979efc.csv
1;6000;2019-05-02;parcelas_4341daf2-533b-423a-9341-2ab7a5c03f5b.csv
1;42;2019-04-09;parcelas_43440a04-ebbb-446d-a6ba-fe6620e89acf.csv
1;174.96;2019-07-11;parcelas_4347bfa2-69f7-4638-a3c2-fb6a8e77e099.csv
1;136000;2019-01-02;parcelas_4354842a-04d7-48b4-a753-ddab239119c9.csv
1;179.54;2019-04-12;parcelas_435c5184-c1c6-4583-816c-ceb9fba47abf.csv
1;19236.3;2019-03-26;parcelas_43609717-0f1c-49b2-a509-6f93734ebbd0.csv
1;218000;2019-04-30;parcelas_4372b91e-1e29-41cd-b2df-791b743ecbaf.csv
1;7823.93;2019-06-19;parcelas_4372fdb5-72d0-4f1a-8d91-f38ae270b555.csv
1;3961.46;2019-10-03;parcelas_437591cd-e221-477a-8122-2fd01dae60e0.csv
1;726633.7;2019-08-12;parcelas_437aa4dd-3ccd-4a39-9945-984fe1be7780.csv
1;104.13;2019-06-12;parcelas_437c641b-845b-474e-92f5-9f9756c0a1cf.csv
1;130;2019-09-26;parcelas_437fb1cb-acfd-4859-9cf1-d1f3b1a793b6.csv
1;1827.4;2019-08-12;parcelas_4385bcc2-c157-4ba7-bfc3-f817bf9d7311.csv
1;18.57;2019-06-27;parcelas_43943330-7e7d-4d84-87a0-fc1847ecd032.csv
1;113.03;2019-08-08;parcelas_4394df5e-2cad-44a8-bd42-f134b8e17595.csv
1;2393.58;2019-08-12;parcelas_439840e6-b355-4293-8096-5148b3413b60.csv
1;125224.18;2019-05-08;parcelas_43988d8a-2347-4651-9fc5-8bdeaff87bf3.csv
1;142523.24;2019-01-28;parcelas_43a0fca0-2d84-49ea-8287-2f39cf2f2ddf.csv
1;120531.07;2019-08-27;parcelas_43a29e56-0e16-410e-b5ca-ee4c9cdba4f3.csv
1;79.79;2019-09-17;parcelas_43a40228-2df4-433d-8aba-1087dca46cda.csv
1;156459.6;2019-05-17;parcelas_43a4f751-2ba5-4eee-8bc4-af267a4610f0.csv
1;136307.37;2019-12-19;parcelas_43a90b17-e7cb-44f5-8236-928f18e79797.csv
1;61004.02;2018-12-28;parcelas_43b24d0d-5f6b-4c64-9fa2-4e82c2b672c0.csv
1;1600;2019-09-23;parcelas_43b53ccf-4444-4055-802a-4e0d0fcddc85.csv
1;712.2;2019-09-26;parcelas_43b8462b-492d-4762-bc29-47e16bef5006.csv
1;165.75;2019-11-25;parcelas_43c5d06e-4132-442f-9e6d-319dfb8b1a18.csv
1;1665;2019-01-31;parcelas_43cd3e21-acc8-4fe5-b270-3a6b8fd67b14.csv
1;8917;2018-12-28;parcelas_43cf132b-b694-4359-bb2d-2b30342daba7.csv
1;20903.2;2019-08-01;parcelas_43d17753-d99a-4983-a569-ca34ae86946f.csv
1;1517.03;2019-12-31;parcelas_43d4d9f5-b96c-4b4f-975f-79933399a240.csv
1;159.34;2019-03-25;parcelas_43da28e7-149d-47b8-8de5-2aeaf935390f.csv
1;472.36;2019-10-31;parcelas_43dc2c46-f44c-492e-83c7-21633c03d9b5.csv
1;1199.05;2018-06-20;parcelas_43df62ff-69ed-4d1d-9de5-c1d6a5789870.csv
1;11961.6;2019-09-24;parcelas_43e5cb37-7abd-4426-acdb-5421c86d358e.csv
1;13690.64;2019-01-04;parcelas_43e69318-04ef-4f4c-97b4-58bca8648437.csv
1;39689.64;2019-10-29;parcelas_43ebf620-534b-41f4-81be-4c9068ea3775.csv
1;79.79;2019-03-26;parcelas_43ec17e7-540f-486d-be66-b0a613f01565.csv
1;3760.32;2019-01-28;parcelas_43ee1b62-4359-49f3-96d5-9817d75dd82a.csv
1;1993382.96;2019-09-30;parcelas_43f0489f-f42b-45be-ba05-f466926c6c4c.csv
1;531;2019-10-31;parcelas_43f1660d-9fff-4ed8-a888-5a9692af6d48.csv
1;2495;2019-08-30;parcelas_43f628f7-f19c-452a-baf5-dcb7e61218b8.csv
1;1151.88;2019-03-18;parcelas_43fa1273-e162-4034-9bc5-cfaf16b00142.csv
1;180000;2019-10-31;parcelas_43fba304-2349-4d76-b964-29b10e2c0e3b.csv
1;53140.71;2019-02-15;parcelas_43fcf8cd-3344-4394-8a0b-d9da0a08ab1a.csv
1;250.05;2019-06-27;parcelas_440a5715-11a4-4a45-8066-835ad8a534e5.csv
1;1541.98;2019-01-28;parcelas_440ff359-418c-4d67-8f74-bb9ce88f98c3.csv
1;300000;2019-09-30;parcelas_44103d7c-a634-483d-8ebc-95044a411cf7.csv
1;268.19;2019-08-08;parcelas_4411e0fc-d2f9-42f9-9d54-557823c4d55e.csv
1;1.57;2019-09-13;parcelas_441c5110-25aa-4720-a6b4-165ffc13f816.csv
1;249.5;2019-07-30;parcelas_441ed5ed-e384-4011-ab8a-d45a6c225132.csv
1;1590000;2019-01-02;parcelas_442ff12b-d293-4a59-8158-2e15dc5185fe.csv
1;4906.3;2019-01-28;parcelas_4431e02e-0636-4426-8625-749e80480322.csv
1;454.5;2019-10-31;parcelas_44468fcd-9302-408d-86f0-bd74414d9855.csv
1;5937.5;2019-01-15;parcelas_4449383d-cc8e-4b84-b86b-33a3d3bdfe26.csv
1;30000;2019-03-29;parcelas_444c76a5-cabb-49f5-a8d7-53672e9a2548.csv
1;80870.47;2019-12-10;parcelas_44513a68-8942-478b-95d9-97dfce222a0f.csv
1;44950;2019-08-12;parcelas_445b783f-614b-4960-ba1a-d668daaf89d5.csv
1;5812.1;2019-10-31;parcelas_4473107e-c782-41b1-b90d-d93afff4c5e2.csv
1;170.8;2019-08-05;parcelas_4475c6fa-a879-4517-bdab-bb55392207c9.csv
1;211.25;2019-07-09;parcelas_4477dc44-7e53-45f3-bf04-14673799b262.csv
1;28466.4;2019-01-10;parcelas_4478ccc1-0300-497b-9bd7-f5bb23d13046.csv
1;485;2019-02-19;parcelas_4484f8d2-4d6c-4c83-ba0f-add4ea696db9.csv
1;9896.24;2019-12-31;parcelas_44853bc2-d441-48c6-80d9-4dfb73f5ba81.csv
1;30791.69;2019-09-30;parcelas_448720eb-1184-4e19-b461-6f608442ba0b.csv
1;102.58;2019-08-15;parcelas_4487767d-7242-489f-8e91-acb2d47094f8.csv
1;48;2019-11-14;parcelas_448e4a3f-7394-420a-9d77-3ad6a37ce511.csv
1;368957.74;2019-09-30;parcelas_449faa95-c852-4edb-89a9-50d60035711d.csv
1;612.3;2019-03-26;parcelas_449fccf9-2ae5-4753-9fc1-c5a134de001f.csv
1;1350;2019-10-31;parcelas_44a2f286-3343-44c5-a104-88fffd36ce12.csv
1;53059.99;2019-06-27;parcelas_44ad01f1-d8ea-4177-bd8d-f6fcda7ea075.csv
1;20460.71;2019-11-08;parcelas_44afb37a-ff48-40c8-85e6-94febdd6bf41.csv
1;65;2019-07-04;parcelas_44b87e96-e387-4e5b-922d-19130a6167f0.csv
1;3219943.14;2019-05-02;parcelas_44bc2288-ddc6-465c-b7ec-324f97e66f01.csv
1;240000;2019-01-04;parcelas_44c01beb-d6f2-4ee0-a10b-3d7b57b62572.csv
1;1568.65;2019-12-31;parcelas_44d25c96-4efe-425d-a839-f332524fd6b3.csv
1;1996.57;2019-08-30;parcelas_44d48905-3fa0-430e-9a33-153cf9c54369.csv
1;1112.4;2019-10-04;parcelas_44d4e380-27e3-4c64-afec-736b1bec8177.csv
1;458.3;2019-03-12;parcelas_44d89017-dea4-4f1e-bf3f-127e2b34245d.csv
1;1121.44;2019-04-30;parcelas_44d94780-872e-4ac0-9513-2488e70f5c99.csv
1;3692.6;2019-01-31;parcelas_44dbf688-9000-4da1-8ffc-af9bf72fc523.csv
1;16980;2019-08-14;parcelas_44dd6116-d347-4b5d-b59b-c4700a91bad2.csv
1;1956.2;2019-11-25;parcelas_44e00e2a-7562-4cef-8730-f4da90be8edd.csv
1;66566.81;2019-05-28;parcelas_44e3fb03-d716-4148-86d9-00648bf300b5.csv
1;34615.14;2018-12-31;parcelas_44e8b294-635a-43f0-a897-da142a5d63bd.csv
1;85.96;2019-04-24;parcelas_44eeb847-f3af-4fed-8abf-5bb52c22a061.csv
1;8323.46;2019-01-11;parcelas_44efc458-94fb-492f-b382-fa2bc174ee0c.csv
1;984.89;2019-02-08;parcelas_44f1e379-2cc0-4b6f-a097-85466309708f.csv
1;9300;2019-10-11;parcelas_450439c1-55a7-4d91-be7f-9296e21e75ee.csv
1;499;2019-05-06;parcelas_450a6e26-3dcb-497d-b6ea-2fdfdd7d25e7.csv
1;170.97;2019-07-02;parcelas_450b86e9-766d-4119-b86b-68141b7a9aac.csv
1;65;2019-09-05;parcelas_45108b4f-8389-464a-85c6-bf2e5286f76e.csv
1;1499.69;2019-11-27;parcelas_4513318f-baf6-4224-b9f4-0a46a293f483.csv
1;111200;2019-11-28;parcelas_451d439c-3c2e-4b89-9bac-feec37b906a9.csv
1;251080.43;2019-01-03;parcelas_451d4729-e8f2-4076-ac04-5fe5b5711fce.csv
1;307.75;2019-08-06;parcelas_451d5caa-950a-42da-ba54-f347891a95d3.csv
1;51853.21;2019-06-27;parcelas_452b919c-7c58-4448-b0b3-66365d28a38b.csv
1;12497;2019-02-26;parcelas_452b99df-9761-4015-b2b8-8d1a0ee21d9f.csv
1;112;2019-11-26;parcelas_452d2091-5e99-48f0-99fe-f7433085cbbe.csv
1;236.08;2019-07-09;parcelas_4533bad3-242f-4ce1-871c-eefb25fdb3a9.csv
1;1700;2019-09-30;parcelas_453537aa-f710-4f75-ac1c-4054848aa272.csv
1;79.79;2019-07-18;parcelas_453839f7-a53f-4611-a483-0d08390db227.csv
1;3000;2019-06-28;parcelas_453dd062-13a5-42b2-8658-f83e04489fe3.csv
1;72275.8;2019-11-28;parcelas_453ff80a-8252-4b32-8fe9-27b5ec88e434.csv
1;33369.54;2019-02-28;parcelas_4540a734-112e-4c7b-ad93-deaab8579733.csv
1;4637.7;2019-01-10;parcelas_454b2890-20e6-4d07-818c-b528a3a0a363.csv
1;34888.46;2019-11-29;parcelas_454b7619-4469-41c8-814a-664af9900544.csv
1;453463.05;2019-07-31;parcelas_454fed48-3a2c-46ff-a4e6-c718f1a5eabb.csv
1;27.08;2019-04-17;parcelas_4550d689-88ff-4cee-b588-dff57e241eae.csv
1;170.97;2019-02-22;parcelas_4559eda5-5e85-4273-b729-72fae29c17b1.csv
1;151.42;2019-04-08;parcelas_455db57a-821f-4816-a70f-0a48c260fd37.csv
1;199.6;2019-06-04;parcelas_4565d9f9-2f92-41c2-b124-4fa0b5eb9ade.csv
1;18841;2019-09-02;parcelas_45680a0d-dd23-4f75-a0e5-aae1451fdc6a.csv
1;756;2019-08-27;parcelas_456ec83c-f30c-4101-ad61-bba05308f02d.csv
1;7485.67;2019-03-22;parcelas_4574632a-1add-456b-bc60-c35cc2c3f391.csv
1;1800000;2019-01-02;parcelas_457eeb8a-b675-4e97-bad1-e158720b6f50.csv
1;5908.73;2019-08-30;parcelas_45811266-956a-4e2d-96ef-6fdb1623fa22.csv
1;621.45;2019-03-15;parcelas_45831bcf-462e-49ad-8d0d-f3aa4e1f4d76.csv
1;307275;2019-01-02;parcelas_45833387-57a0-4116-bbe4-7a6747585969.csv
1;2000;2019-01-10;parcelas_45866f14-da4f-499d-b396-3684bed3d421.csv
1;67.02;2019-09-26;parcelas_458c48f6-01f3-420c-9b45-86350784e460.csv
1;80000;2019-02-08;parcelas_4591d19f-07ae-4d68-a093-b8e1bf40f6e2.csv
1;11856;2019-04-04;parcelas_45922ea1-c484-4150-9360-bc8eef2c1fa4.csv
1;68657.83;2019-02-28;parcelas_45943731-da49-441c-b0d2-7b362257510d.csv
1;489.96;2019-07-22;parcelas_4594e645-123c-4c38-87a0-14cb79cf38f5.csv
1;19468.15;2019-04-18;parcelas_4599b498-0009-4d19-a459-3247b7d981ec.csv
1;42044.57;2019-10-30;parcelas_45a21e3a-8534-441a-acdd-78b354fda0c0.csv
1;104.13;2019-02-20;parcelas_45a626f6-cc33-4bcc-aebb-8094a83111d6.csv
1;4542.25;2019-11-29;parcelas_45a8b6ac-3296-4d1d-89cf-3a5971f74e21.csv
1;18000;2019-08-27;parcelas_45ac9721-9a59-4a34-b463-4391af00ca02.csv
1;2310;2019-07-10;parcelas_45b09974-43c2-480b-b964-d665037cc17c.csv
1;104.13;2019-11-26;parcelas_45b1b40a-4677-45b1-898d-9285c8deefee.csv
1;7286.42;2019-09-30;parcelas_45b2d0a0-68af-4f5f-b0ef-2e7d0f10a0fe.csv
1;18056;2019-04-09;parcelas_45b3b727-ec49-4d69-a0e3-84accd0d5e2c.csv
1;65;2019-11-06;parcelas_45be1fa7-ceb9-4b79-bd2a-69ee639a6420.csv
1;20818.91;2019-12-11;parcelas_45c4cae4-4223-4e7f-906e-ca84d38e2f42.csv
1;65;2019-12-27;parcelas_45c52347-dcb5-4137-ac7a-b57073222638.csv
1;65;2019-08-13;parcelas_45c64983-ca49-475a-9d44-5a5042a164da.csv
1;10833.75;2018-12-20;parcelas_45cc447c-e74e-4e9c-a7c7-d73965345515.csv
1;27481.75;2019-04-30;parcelas_45cd390e-4152-42a1-8f3d-4b5a05b3f179.csv
1;10915;2019-06-03;parcelas_45dfcba9-ba6c-4f5d-9035-230c3794156d.csv
1;6215.82;2019-11-29;parcelas_45e2ee61-51d8-435a-a8f1-e3a1374d5a08.csv
1;983638.5;2019-01-02;parcelas_45e8fd15-987b-40a1-aac6-a97f792711ad.csv
1;5075;2019-12-19;parcelas_45ebc91a-cf2f-4a1b-aa76-6b1c9a7ea995.csv
1;969;2019-01-10;parcelas_45ecf118-fe10-4f0e-8b74-17fe1419afb9.csv
1;1476.24;2019-03-01;parcelas_45f1db65-e2e8-4833-a897-f4929a3c8ba6.csv
1;393.78;2019-01-15;parcelas_45f45e6f-4edd-45ec-9036-4b036ca26cb9.csv
1;493701.87;2018-08-13;parcelas_45f53264-1caa-4606-b149-9a2da8c97b64.csv
1;150.62;2019-03-12;parcelas_45f86e45-b845-463c-9fce-85efb0c07aac.csv
1;79.79;2019-10-31;parcelas_45fa485d-823e-47e9-89a9-e474cf4fcdd6.csv
1;128;2019-02-28;parcelas_45fd4be7-f5d3-459c-b0b9-a9bae67b0b34.csv
1;79.79;2019-07-22;parcelas_4605c617-9aa4-43b6-beda-52fd3409e713.csv
1;2115.89;2019-04-09;parcelas_4607d7c9-04a6-4a39-aef9-a4408f76eb14.csv
1;30245.58;2019-02-28;parcelas_460992a3-5fd0-41bc-b9ba-a749859cd77d.csv
1;614.21;2019-06-27;parcelas_461a7b1d-b003-414a-86d8-80d004f38031.csv
1;49193.81;2019-12-11;parcelas_461e2279-96a3-4b67-86b7-d2a1ba1d8170.csv
1;6000;2019-02-01;parcelas_46234f5b-dd22-430e-b1a6-8e57fda42567.csv
1;5610;2019-06-21;parcelas_462491d4-80a1-4e54-b817-8b6b75a9b112.csv
1;2114;2019-09-04;parcelas_4625ffd3-80c7-487c-a1f2-a7ec2ed25afe.csv
1;9150;2018-10-29;parcelas_4630db83-a5f2-4886-951f-7ee2b2c169e8.csv
1;31165.22;2019-12-31;parcelas_4632155d-37a0-4e4e-b54a-6abf6593fe63.csv
1;98;2019-08-27;parcelas_46333b03-1f13-49b5-a764-9481d3bb7643.csv
1;15982.72;2019-07-22;parcelas_46344fa1-72ee-43a6-b03f-228d18650bf5.csv
1;939.8;2019-12-02;parcelas_463e2352-2f32-45a8-ad70-53a7bd78eac6.csv
1;69655.75;2019-10-21;parcelas_4643201f-dfd8-4b4f-94be-d72c2232c823.csv
1;20601.33;2019-04-29;parcelas_4643e2f1-e2f3-4536-a8d1-4e2d64d5e25f.csv
1;14608.02;2019-12-16;parcelas_464a1bb0-b02f-4ab5-83b8-44ec7eb6fa48.csv
1;7242.17;2019-12-05;parcelas_464e427e-d90b-443b-9996-ce847ab7aa6e.csv
1;142749.02;2019-07-10;parcelas_465ca3e8-a6c4-491d-abb1-146d07f81f58.csv
1;2196.49;2019-12-02;parcelas_46636747-b425-49ed-8aa3-3f969c310032.csv
1;430;2019-10-07;parcelas_46681c42-721e-4c9d-89dc-e89fd4459a8b.csv
1;10053.04;2019-06-28;parcelas_46768f0f-8a3d-4bd6-8385-3df3e0eb449a.csv
1;5000;2019-02-13;parcelas_46775c7b-9b61-4e9a-9364-9be3eb629750.csv
1;81568.49;2019-09-30;parcelas_467949a7-2c65-4cf0-ac50-4cbabd187894.csv
1;672.48;2019-07-25;parcelas_467e9e7c-581f-40d2-aa51-129c743c6368.csv
1;21439.28;2019-12-11;parcelas_4680db05-2351-469e-b665-1712f7abde70.csv
1;755.86;2019-09-05;parcelas_468819e9-2975-4c5e-a4e7-497f41d50779.csv
1;680;2019-08-01;parcelas_46886fc4-caab-4d2c-ba79-86044a79656e.csv
1;2488.65;2019-09-26;parcelas_468f6f0e-8c6b-4f2a-ac4c-cf2a16e64782.csv
1;46500.89;2019-11-29;parcelas_468fb7e8-14a6-4c20-8df9-278c85a963b5.csv
1;8548.6;2019-07-18;parcelas_46901bb1-bb28-4900-9d5d-b75f48545529.csv
1;63234.74;2019-02-28;parcelas_46952baf-11f1-41cc-9711-ea51a73b0e52.csv
1;10013.42;2019-02-25;parcelas_469620c0-87ba-4455-8709-73aa26612ae2.csv
1;57.47;2019-08-30;parcelas_46998cf4-b42f-47f6-800a-967aa4d50f85.csv
1;3027.5;2019-06-27;parcelas_469d43c4-9c51-4343-b56d-b57927039b53.csv
1;8551.17;2019-03-29;parcelas_469d8bd0-3812-4e09-9675-18063efe5a49.csv
1;3198.15;2019-03-29;parcelas_46a1ec80-e025-4ec1-82d5-bcf6948495aa.csv
1;66.67;2019-11-25;parcelas_46a2e781-b9d1-4ecd-8a32-39d1ad8ec558.csv
1;6261.73;2019-01-04;parcelas_46a501aa-b72d-4d0a-91c5-8eb39e608d82.csv
1;130.2;2019-07-11;parcelas_46aba89f-07be-41b5-ac01-bc6aa7a47172.csv
1;1874.19;2019-11-27;parcelas_46b0c4f2-968e-4376-be9e-5600e5655755.csv
1;3734230.81;2019-05-28;parcelas_46b67448-540b-442d-bce5-f54a1d74477f.csv
1;59751.13;2019-08-30;parcelas_46bcd9dc-510f-4ce2-9523-e7dc2e777f75.csv
1;200.01;2019-11-20;parcelas_46bdabd4-01bb-4f86-892a-75e925eb807c.csv
1;26385.12;2019-01-02;parcelas_46c181a3-e2e4-4547-9007-5996595c401f.csv
1;6120.35;2019-11-25;parcelas_46c2d5bf-02eb-4b30-ae96-22b67420608a.csv
1;5177.1;2019-11-28;parcelas_46c93fc0-7c25-49bc-8d52-d97b3e5cf488.csv
1;13191.58;2019-03-22;parcelas_46d38b89-11ee-4df0-af36-4d2f4aeba901.csv
1;11138;2019-02-11;parcelas_46d61fe5-1861-4793-8b05-f0c07d149cb7.csv
1;240;2019-01-29;parcelas_46dce7f8-5664-498e-ae7f-5fd06725e830.csv
1;900;2019-03-12;parcelas_46e05064-84c7-4f71-92ae-96fc0b6b1331.csv
1;4808.88;2019-04-30;parcelas_46e2f6bc-ce59-4eb4-9716-78a9832c6542.csv
1;130;2019-11-27;parcelas_46e40b58-387f-4866-912e-c40d017088a9.csv
1;3711.3;2019-05-06;parcelas_46e759e8-b020-40e6-afbf-623c9a96dfde.csv
1;503.33;2019-09-25;parcelas_46edf075-cac5-483d-837e-d4c978b2ad05.csv
1;9;2019-08-22;parcelas_46f96d3c-1749-4372-b72d-c394fb95a514.csv
1;137.59;2019-03-12;parcelas_46fb7a1f-e143-4976-9023-b1ecda7763c3.csv
1;4676.61;2019-05-31;parcelas_46fcd10e-cb6a-4412-bff4-3dd465b20cde.csv
1;2400;2019-01-23;parcelas_46fd058a-1572-45e1-8e5f-a79d1087df50.csv
1;83128.75;2019-07-31;parcelas_4700625d-7f6c-46e3-95a2-3b59766943a2.csv
1;38423.37;2019-12-09;parcelas_470c1aa9-f403-4fdb-9688-ed86338f854c.csv
1;49807.92;2019-09-30;parcelas_470d25ad-71d3-4173-afba-fff541aa3fd5.csv
1;20000;2019-04-03;parcelas_4714cd7e-6e03-49e2-b279-554f28233c0c.csv
1;1163.7;2019-02-12;parcelas_4715e00d-ac89-4346-b9cd-8b7454715b3e.csv
1;795.71;2019-04-04;parcelas_4716b605-7185-40a2-8ef3-ed68f8974243.csv
1;195.3;2019-02-08;parcelas_471c2b53-7526-4c81-86e5-7721c438fc8a.csv
1;7476;2019-10-16;parcelas_471d7355-51fc-449b-b30a-9b896c3031d6.csv
1;17422.52;2019-04-08;parcelas_4724cf50-f83b-41bb-833f-dea9b27afe92.csv
1;34967.9;2019-08-30;parcelas_47279206-f703-4e51-a936-0b78f51302ad.csv
1;48700;2019-01-02;parcelas_472ed258-7321-484b-b8db-fc848a89196b.csv
1;1576.96;2019-08-27;parcelas_472fedfa-92a0-41d3-9fc0-5ca777cb5405.csv
1;6578.6;2019-09-09;parcelas_4732f330-dbeb-40b5-9c5b-334d5b91aa60.csv
1;60.88;2019-09-24;parcelas_47342379-3303-4ccf-a2bb-66ef178640db.csv
1;2049;2019-05-17;parcelas_473467fe-160f-45ac-b128-f1ab86f86e45.csv
1;1975.97;2019-01-25;parcelas_47391fff-4912-47dc-baa0-82c1fcbd381b.csv
1;860;2019-11-25;parcelas_473b3e04-0f65-4f06-95e5-b0bc63a649da.csv
1;5300;2019-02-28;parcelas_473c7e02-4ce7-4d03-b7fc-f0225f389fe2.csv
1;104.13;2019-10-31;parcelas_473de640-0146-48bb-96ed-696e5345f517.csv
1;50347.44;2019-12-09;parcelas_47416960-bc9e-4876-aabf-c61b5811f67b.csv
1;12028.1;2019-04-04;parcelas_47464a3d-e3ba-45cd-90b6-a1c43aee7b36.csv
1;1095.39;2019-09-26;parcelas_474770ca-1ccb-4a55-a25f-c2904abfec02.csv
1;14649.28;2019-02-28;parcelas_474c9d1a-095f-44b4-be40-c941f60d048f.csv
1;10367.38;2019-11-28;parcelas_474cafe5-62b9-4db3-b0e9-57c72aa5e163.csv
1;150;2019-09-20;parcelas_474ed1b8-969d-48a7-b75f-a2f98993ee96.csv
1;48110;2019-08-23;parcelas_47545fcd-a92f-4dec-99da-b6cb969953a7.csv
1;274;2019-06-12;parcelas_47565092-0cbc-4345-94cd-826db0f24dc8.csv
1;553.35;2019-02-11;parcelas_4764ef30-5ba9-41b3-b6e8-b0c770dca894.csv
1;900000;2019-03-26;parcelas_47736c88-f865-4130-9dc2-15ef52b53863.csv
1;36802.97;2019-01-03;parcelas_47761f40-99e2-458f-9e1f-83dadc7632aa.csv
1;2000;2019-10-30;parcelas_477cb32b-086e-4603-8682-dcc5f982d418.csv
1;4321.99;2019-03-06;parcelas_4783a71a-e90a-40fc-8d44-ce200ab04bda.csv
1;10104.48;2019-01-04;parcelas_478ecf66-2609-4982-82ad-e789ec38333b.csv
1;1273362.11;2019-01-31;parcelas_4794bea3-5869-4538-b945-dd042f2cc62e.csv
1;5164.82;2019-12-06;parcelas_479c6f15-c4db-4cf4-8655-b0fceab1396e.csv
1;12260.13;2019-10-16;parcelas_47a149ea-3c4c-4715-ac82-2fff9f9c05c4.csv
1;54996.41;2019-02-28;parcelas_47a28c19-8a85-4102-922a-ad015e5a762b.csv
1;1887.46;2019-10-30;parcelas_47a4a313-da10-4fa5-9446-71adfba74980.csv
1;48750;2019-05-31;parcelas_47ac7ac4-67b4-42ec-b744-5425236a5e72.csv
1;2918.07;2019-12-30;parcelas_47b1b7ca-9045-468e-83f9-ad24fd2348b4.csv
1;720;2019-04-22;parcelas_47b3c662-083d-4bc6-9bcd-2a9354f4798a.csv
1;1461.38;2019-01-28;parcelas_47b84a63-60cf-42af-8265-83b2f6168592.csv
1;985.42;2019-06-11;parcelas_47b95f4c-e0be-4679-b357-8311f08a8aad.csv
1;17690;2019-12-16;parcelas_47bbb18a-0dc0-4fe5-9f06-5e36a0949cd3.csv
1;940.36;2019-10-31;parcelas_47bbff08-31ce-4530-830b-da7a042c3a0e.csv
1;36384.43;2019-07-31;parcelas_47bc82e4-1c43-41c7-82ae-ba39febd7568.csv
1;38564.78;2019-03-11;parcelas_47d3b31c-b122-4a7a-b79c-31aa672798a8.csv
1;170.97;2019-05-13;parcelas_47d71150-d5db-4c90-946f-a3d7b16e129a.csv
1;437.5;2019-12-19;parcelas_47d7a35d-74aa-408c-9681-ff206aa623bb.csv
1;519.98;2019-05-13;parcelas_47d7a8cc-2a60-478b-83f3-89ac0d69e2d1.csv
1;490;2019-05-14;parcelas_47da1d25-0d16-4554-9262-ec8a7bbe0749.csv
1;23854.92;2019-02-11;parcelas_47edcee5-2cbf-4f50-aa2d-8f0e8a4296b3.csv
1;1830;2019-09-19;parcelas_47fbcd48-ea5e-47c3-bc35-a119389d7713.csv
1;90000.82;2019-12-09;parcelas_47fe2b88-c511-4c84-a707-530caa2f722e.csv
1;6053.37;2019-08-05;parcelas_4812b848-7c83-4c45-a32d-35b8ef687a28.csv
1;2247.47;2019-05-08;parcelas_48139ee1-3f90-4c6e-9fb6-9856f75e0ed4.csv
1;1588.2;2019-03-20;parcelas_482386c2-fe15-479a-8763-0f0ccda425e7.csv
1;72;2019-11-29;parcelas_482d8efc-a9e2-448a-a75b-8fb2538c416a.csv
1;584.61;2019-04-12;parcelas_482df51b-ac5f-448d-aa7a-31dec0fb9b9c.csv
1;6720;2019-07-29;parcelas_482ea98b-4621-46ee-b8f0-46a01adccc17.csv
1;6111.68;2019-09-26;parcelas_484c4286-23de-4d38-8654-432621f83bc8.csv
1;929.58;2019-01-28;parcelas_484e4392-b45f-4dba-b357-1378b215a757.csv
1;4985.74;2019-01-28;parcelas_484ebfa8-0cc5-4668-b614-84fad54ba628.csv
1;10711.54;2019-10-04;parcelas_485c0992-cac0-422b-bd00-84df50d96048.csv
1;750000;2019-11-25;parcelas_485dbb20-a3d9-404c-9409-be083f389ac1.csv
1;510.96;2019-12-02;parcelas_4865924c-edb6-4f74-9d15-04835c77746d.csv
1;680;2019-03-12;parcelas_4866799a-9248-4587-b4ee-eec7c228caed.csv
1;225555.68;2019-01-02;parcelas_486acf14-e3e8-4b66-b560-d31351e4c18a.csv
1;32160;2019-10-11;parcelas_486fc59a-dde3-4e63-871a-11c925f521b0.csv
1;85000;2019-09-19;parcelas_4871ce58-1f42-4c6c-88c2-66b2455d143d.csv
1;307592.65;2019-07-31;parcelas_48725b36-66e4-45f3-8124-95b63f319e70.csv
1;17230;2019-05-29;parcelas_4872a2df-6218-4ef5-9890-d918e7245330.csv
1;589.63;2019-03-29;parcelas_4875f023-3c3d-4c18-83cc-1d6eb32d67de.csv
1;55000;2019-10-31;parcelas_4886a053-2669-4d6e-b331-92d190fa34e3.csv
1;82.5;2019-08-30;parcelas_4886e236-c07d-498b-88f6-6d4888ea1273.csv
1;6422.54;2019-09-06;parcelas_4887630f-8323-4333-805f-a9556abbc407.csv
1;1116;2019-01-10;parcelas_4889638d-762e-4112-800f-ae0b6a840a1c.csv
1;504.43;2019-07-22;parcelas_4899b9f6-5d9b-4172-a116-92fbd56d2e76.csv
1;299400;2019-01-03;parcelas_489acca7-c9f6-4426-8eec-9adc447557f0.csv
1;394200;2019-04-01;parcelas_48a8e829-ed45-4aa3-abd0-c1f5cacad67a.csv
1;1920;2019-10-23;parcelas_48b3d204-aeac-4fb4-8e7c-720f550b9fca.csv
1;226.52;2019-08-26;parcelas_48b73f0f-c9ca-4c02-94f2-b0e4f51dbad0.csv
1;6899.19;2018-12-31;parcelas_48b98d17-ef6b-4309-b1b7-5bf3380cab8b.csv
1;1464;2019-07-26;parcelas_48bac114-b074-4d97-b92f-5133a8bde5b4.csv
1;12000;2019-09-27;parcelas_48cf7500-e9c3-4841-aa04-7056e5a45973.csv
1;200;2019-05-28;parcelas_48d519bd-cae5-4b37-a19f-f2ee1826e135.csv
1;7076.21;2019-06-28;parcelas_48d7223c-c9e7-4c70-b888-cd411d1c8ca2.csv
1;13567.5;2019-10-21;parcelas_48d86f86-3f50-46d2-8020-d98e20f36eec.csv
1;65;2019-08-22;parcelas_48dc888d-4a5f-4535-8d23-0721b8a49009.csv
1;81.5;2019-07-24;parcelas_48dd35b8-72b6-404a-85b3-09b4abe1625a.csv
1;128870;2019-04-03;parcelas_48dd6583-4992-4858-bd7b-3b207406d4be.csv
1;397.2;2019-04-12;parcelas_48df1ecf-7030-4dd3-ac32-f771b8169dc6.csv
1;5000;2019-12-02;parcelas_48e0569f-6c89-4f1a-b610-bf2ba76f4fde.csv
1;2140;2019-01-08;parcelas_48e6171a-a041-48a7-9acf-083c9888496d.csv
1;239423.12;2019-06-27;parcelas_48e9cdce-27ee-4b66-8662-e39663836062.csv
1;511.75;2019-03-18;parcelas_48eb6cfd-86d5-4171-b2e5-30a54f1d5898.csv
1;84.67;2019-07-26;parcelas_48ec1264-d9b2-4f61-b054-602e28122281.csv
1;600;2019-02-11;parcelas_48eda78d-8876-4060-b8d5-dbd9933d4869.csv
1;200;2019-10-14;parcelas_48efe9a5-47d4-47ba-8132-9fda1bd2cb7b.csv
1;3198;2019-02-18;parcelas_48f5757e-88ba-415c-83a9-6f4db6b2f084.csv
1;2245.54;2019-02-08;parcelas_48fa149a-c617-44cd-8395-ea534e710752.csv
1;20000;2019-01-23;parcelas_49013808-368d-4cdf-93f6-0bc3342595e0.csv
1;26469.52;2019-06-27;parcelas_49016fa8-de38-4b4f-b70e-b719c98c7f5f.csv
1;432.16;2019-10-08;parcelas_49038535-fcc8-467c-8c95-261dbfba40c5.csv
1;12159.86;2019-10-29;parcelas_4907ea89-e873-42d9-861c-5f5e79156e87.csv
1;42190.04;2019-11-26;parcelas_490daedd-8d6a-45c0-a350-ac30820f87a6.csv
1;3085.1;2019-04-29;parcelas_490e121d-05b2-4573-847e-b64404a92416.csv
1;227.96;2019-07-10;parcelas_49120659-6df7-4df7-b8c1-abaf8ce426fe.csv
1;101297.61;2019-05-27;parcelas_49198469-0769-4bb8-9826-e1e25d7303c9.csv
1;996.6;2019-12-02;parcelas_49274618-f399-4d40-aaf3-b22f5b2eefb4.csv
1;380000;2019-05-15;parcelas_4930f87f-c729-4fe4-a0c4-8d65dd3a0b87.csv
1;0.03;2019-01-31;parcelas_4933b09d-5721-4695-bffb-9a4f247f1699.csv
1;976;2019-04-22;parcelas_4939c16f-082e-4efe-8664-5f86300ee342.csv
1;3387.5;2019-01-10;parcelas_4941a341-93ae-4c48-9b47-31ad257022a6.csv
1;143.04;2019-09-16;parcelas_494c5a6c-6a94-4b31-ac47-c81a6d761342.csv
1;1996;2019-05-28;parcelas_4952f442-490a-4ef0-8b0d-4903fa42c321.csv
1;22276.83;2019-04-17;parcelas_49548b36-1c78-47a3-9ef0-2ffe69581577.csv
1;9925.21;2019-01-04;parcelas_495a5afa-ae57-4b97-a2a3-5e4925630a07.csv
1;146401.08;2019-12-11;parcelas_495ea46c-0332-4c2a-b22d-7e40ac65485d.csv
1;32380;2019-11-28;parcelas_496087cf-4eb2-469c-a0e6-228b545fead2.csv
1;499;2019-09-19;parcelas_496b90c5-b935-423c-b1f0-215ca7eaea53.csv
1;1019.62;2019-07-10;parcelas_496dc312-795e-44a6-8899-b72e56f61b06.csv
1;86592;2019-01-02;parcelas_496e1913-b96b-4c31-841c-57775f140150.csv
1;1833.07;2018-12-31;parcelas_4997bebc-3f1f-468a-bd4a-4809e8c00b26.csv
1;8734.52;2019-12-10;parcelas_499ce981-d62f-45f2-b0dd-0edf3ecdd93e.csv
1;150.77;2019-01-31;parcelas_499e400a-3741-4ece-ae6f-e82350aee7ed.csv
1;273.43;2019-08-13;parcelas_499f71ee-1043-40b7-845a-51b32a532159.csv
1;5864.08;2019-03-01;parcelas_49a11f85-4837-4258-b105-8efc07bf7c24.csv
1;21042.53;2019-11-25;parcelas_49a2d9e5-3b6e-40c6-aeec-903b1fc30546.csv
1;79.79;2019-04-09;parcelas_49a7f8ad-f2f6-4986-ac7a-789b953f83d4.csv
1;465.5;2019-01-14;parcelas_49af369c-8b37-448b-918d-956f46cf5ae6.csv
1;13707.09;2019-05-22;parcelas_49af5e22-e481-4099-8d3b-feb7b99b1ab1.csv
1;1043.26;2019-08-05;parcelas_49b6a2b2-2dec-4766-ba5a-b4dcee190e4d.csv
1;79.1;2019-11-26;parcelas_49bae0d3-1a12-4e14-bef6-2d68affc0845.csv
1;285299.18;2018-12-31;parcelas_49beb584-8c53-4d9e-a27b-593761125759.csv
1;45501.45;2019-05-02;parcelas_49c8d04f-d8eb-4826-868d-c7df0820bba3.csv
1;46172.72;2019-04-16;parcelas_49c94e20-c1d7-451e-8b90-3a312ee26682.csv
1;39270;2019-08-12;parcelas_49c9fdd8-7e8d-4c59-bb88-75c6057a2892.csv
1;17.93;2019-05-07;parcelas_49d40a62-b405-45e2-9ce3-b78349fe1371.csv
1;670.74;2019-05-17;parcelas_49d7cb69-66e7-4a76-aec7-73496fe529e0.csv
1;166615.95;2019-12-19;parcelas_49d8be9a-20d8-432a-bc4a-e8eca471fa0f.csv
1;595.8;2019-11-25;parcelas_49da7bfc-ca96-4e09-87f1-3f5e836480bf.csv
1;6287.6;2019-02-28;parcelas_49da8e0d-a79b-4ae2-b5ab-03b651aad087.csv
1;4265.1;2019-09-19;parcelas_49db9d48-8a6b-416f-815e-755650489190.csv
1;100;2017-11-30;parcelas_49dbe705-e6a3-45c2-aa69-85799fe36fd6.csv
1;219;2019-01-28;parcelas_49dc3da6-902b-4fda-835a-688693b13f9a.csv
1;669.75;2019-07-09;parcelas_49dd2571-dd65-44a6-bd96-c24679faf24f.csv
1;4200;2019-06-21;parcelas_49dfd427-851b-4934-bb2b-260b3e87f084.csv
1;43128.54;2019-05-06;parcelas_49e06cbf-527c-478e-8f09-b30a020bd810.csv
1;5000;2019-09-26;parcelas_49e12eec-5df5-48b3-8a97-5319ae39b207.csv
1;901512.19;2018-12-20;parcelas_49e15412-eb9b-4f34-bab8-b4420716acdc.csv
1;5120.38;2019-06-17;parcelas_49eb6416-1993-453c-8e86-999636b9f47b.csv
1;1400000;2019-03-28;parcelas_49ecf2fd-f80f-4b64-8916-88ce877651ef.csv
1;29383.76;2016-08-31;parcelas_49f1491e-fd81-4536-bf42-bb43312d8ffa.csv
1;187.79;2019-10-22;parcelas_49f75d9a-1da3-44e6-983b-ab7ab414ce32.csv
1;381.08;2018-12-21;parcelas_49f94a5f-7c60-40d5-9e5f-8dce7d11f232.csv
1;35678.16;2019-10-01;parcelas_49fb6cca-c078-44d3-8dcb-0e083af9e71a.csv
1;3198.11;2019-06-05;parcelas_49fcc797-8c89-4070-9a05-414996e49fb9.csv
1;85.96;2019-06-21;parcelas_49fdffb0-7404-4f7f-81dc-ee0ce7d05fd1.csv
1;159.58;2019-05-27;parcelas_4a005f79-fb06-4529-bf90-84006e0754f0.csv
1;42000;2019-11-18;parcelas_4a0562d9-b82c-4fad-b590-25be0d4586e1.csv
1;30950;2019-04-17;parcelas_4a05b706-9065-4ea3-9af4-3cbe2f274d5d.csv
1;940.4;2019-10-21;parcelas_4a070213-a0fe-4a40-85be-4c4042f40812.csv
1;350;2019-06-27;parcelas_4a0ce6d0-78ee-4aa0-bcdd-9c11498a86e0.csv
1;189500;2019-10-16;parcelas_4a0dbac0-06e9-4f6a-9688-411ea545e484.csv
1;900;2019-06-07;parcelas_4a1a7889-5cc2-4720-a865-8e686a1c147e.csv
1;256.5;2019-07-09;parcelas_4a1bac33-682b-4e2e-8ffc-f9d846029ad8.csv
1;104.13;2019-04-29;parcelas_4a1ca6a1-9c72-433c-ad39-1f47f85feb69.csv
1;53179.18;2019-08-06;parcelas_4a20ebf6-7c41-4e1c-8171-0e45ae4e46d6.csv
1;31317.1;2019-10-29;parcelas_4a2130cd-8fae-4984-9392-e9d0e5712f2e.csv
1;128897.14;2019-09-30;parcelas_4a2b0d7b-49b0-4190-809a-6c41aa7f0739.csv
1;21047.15;2019-01-31;parcelas_4a2b9c49-d267-4335-8e00-a4de2fa3f9f0.csv
1;1033.57;2019-02-21;parcelas_4a31405e-751b-49ce-94d1-f8b4d27c96d1.csv
1;24.84;2019-09-30;parcelas_4a33b659-93da-4ff4-bb05-3c7cf3110f06.csv
1;15030;2019-05-24;parcelas_4a3e1952-2bec-4919-ad5d-e1819becea9e.csv
1;4082.69;2019-11-29;parcelas_4a3eba86-9ec4-4bea-890b-6a697451b866.csv
1;1996;2019-11-25;parcelas_4a4948fc-da55-4e9b-9c76-d185601f7964.csv
1;65;2019-05-07;parcelas_4a4b62de-7310-45ca-acb0-69aa15bcc424.csv
1;1486.74;2019-01-07;parcelas_4a5093b8-bd08-4ddd-8e9a-bfaaefa60482.csv
1;239.37;2019-07-17;parcelas_4a5d5284-cf5a-4b9a-a5dd-bc234a1de403.csv
1;23355.2;2019-01-31;parcelas_4a5f3f92-51d8-4781-9b3b-841575243fa4.csv
1;232477.09;2019-04-29;parcelas_4a6231dd-4c25-4a75-8ac9-3367d4eb7377.csv
1;617.76;2019-05-10;parcelas_4a67ea0b-657c-4567-b445-370906c637bb.csv
1;14000;2019-03-06;parcelas_4a696995-2e92-457e-8b17-e8e622f5d941.csv
1;1000000;2019-05-06;parcelas_4a6a6347-474a-4a65-b1c3-6a6f812b59a8.csv
1;1669;2019-10-04;parcelas_4a6f6dcc-c3ac-42d7-acbc-3690a09b98a0.csv
1;151115.51;2019-01-02;parcelas_4a707e45-64c8-48be-8224-1988811d17db.csv
1;4958.33;2019-11-28;parcelas_4a783eb8-2281-4311-9c8b-471863ce76eb.csv
1;16295.75;2019-05-28;parcelas_4a79104c-d632-4ef1-8789-6c8fe6b709fe.csv
1;11794.7;2019-07-23;parcelas_4a8c54b1-2c8e-4911-9978-3ff4c4850ab0.csv
1;3000;2019-05-14;parcelas_4a8f0346-cb8e-44dc-93eb-458110daee12.csv
1;44037.89;2019-05-28;parcelas_4a9523a4-4f2e-4ca2-9693-578adddf37c7.csv
1;33030.48;2019-01-17;parcelas_4a96458f-2a11-4aec-ab42-60d8dcb68806.csv
1;1601.31;2019-09-30;parcelas_4a96abe6-b2d1-41a6-955b-e02fde5eb7e4.csv
1;15921.18;2019-03-15;parcelas_4aa0110d-0603-478e-ad70-b38e5b2addd6.csv
1;460.5;2019-07-23;parcelas_4aa11f0b-d09a-4ad5-8ace-0f2e3e5d4cb7.csv
1;268.78;2019-03-29;parcelas_4aa37276-76a7-4eb1-b513-ccee98ba110c.csv
1;22900;2019-12-02;parcelas_4aa635d5-751b-41c3-88c0-e979fb694481.csv
1;701.8;2019-09-30;parcelas_4aa73ea0-e94f-44c6-85a0-3042913563e2.csv
1;87.71;2019-03-12;parcelas_4aa7b716-1228-436f-9fe6-e598e243d6d2.csv
1;29714.19;2019-09-25;parcelas_4aa833d3-48ed-4480-8eb1-d17f65585fbc.csv
1;32479.66;2019-05-28;parcelas_4aab1438-4460-40b8-82e5-d3ac23f0dbaa.csv
1;3364.32;2019-02-28;parcelas_4aab5ecd-3887-4870-93ef-57508c522b09.csv
1;3045.9;2019-07-09;parcelas_4aadd06b-3018-4173-9ce4-09a41340d629.csv
1;1262.33;2019-03-29;parcelas_4abe1e75-5963-482c-a877-1fa75ff571d2.csv
1;2495;2019-04-30;parcelas_4ac034c5-bbf6-4e87-a35c-55a3551bc637.csv
1;231.71;2019-11-26;parcelas_4ac2ca04-e5cd-4c44-8c29-696214d70a30.csv
1;7800;2019-09-12;parcelas_4ac2ed80-7a41-454e-bfe9-f94f07e7a7ec.csv
1;415.48;2019-10-31;parcelas_4ac68bd3-86ef-4676-955a-87c76781e554.csv
1;6008.06;2019-05-15;parcelas_4ad3bb01-9176-4fe8-98ae-6cb606ea95fb.csv
1;1896.5;2019-03-18;parcelas_4ad5b9c1-45ce-4290-ad19-9f57d7010f14.csv
1;36692.22;2019-03-29;parcelas_4ade777d-27e7-4441-9ac9-2dcb68ba980f.csv
1;15600;2019-04-30;parcelas_4adea3b9-2477-471c-baca-4eb365f236a0.csv
1;13.52;2019-05-28;parcelas_4aed7885-b0a5-401b-85c7-cbe25ff51507.csv
1;7740.34;2019-07-30;parcelas_4af52298-501e-4180-bfb0-9c3fae7a3649.csv
1;52150.58;2019-07-17;parcelas_4afa8298-a45e-48f1-99e6-fa8b31373d4b.csv
1;1666.66;2019-03-11;parcelas_4b04ef53-21e2-4279-9a82-ac21b09333ca.csv
1;38278.12;2019-10-18;parcelas_4b066c2d-de87-4f2d-b068-fc00422ea7df.csv
1;55000;2019-01-02;parcelas_4b08af21-2767-4f5b-b736-bfcecef4cb38.csv
1;9692.25;2019-06-27;parcelas_4b0af880-23ed-4788-b669-7b0b25bb4306.csv
1;1172814.03;2019-09-13;parcelas_4b102370-043c-4cf1-ad25-fe3d7330fe4d.csv
1;559.75;2019-05-10;parcelas_4b1284d4-e9a2-41b6-adb1-17dd19c8ec0a.csv
1;45.01;2019-05-31;parcelas_4b190dc3-db43-4c33-889b-60cea88b0aff.csv
1;179235.91;2019-02-28;parcelas_4b248c43-0cdd-460c-8279-06394f49443f.csv
1;19914.5;2019-03-29;parcelas_4b26384f-f466-45d3-bd35-8c62855bc2d3.csv
1;149.17;2019-04-08;parcelas_4b2e0e3b-2078-4c1a-a2f5-b8b47b73ae69.csv
1;9177.5;2019-08-08;parcelas_4b2fb9db-4a4d-4a9a-b5ff-fe5b76405b66.csv
1;3261.78;2019-06-28;parcelas_4b31c399-5853-40cc-ab20-f906a8fa8663.csv
1;2996.34;2019-05-28;parcelas_4b33a44f-ae1f-42f5-b988-779a3fa5eafb.csv
1;133197.09;2019-11-28;parcelas_4b34e854-78d2-4e7b-baff-481833a0f0b5.csv
1;30543.27;2018-12-31;parcelas_4b37f810-6c2d-4dfa-b9a1-02ac725d7a67.csv
1;387.53;2019-08-27;parcelas_4b3890c6-d1f1-43a2-97c6-af75ca4ca37c.csv
1;1020;2019-08-01;parcelas_4b3fc815-3c34-4fbe-85ef-b056b15a08ec.csv
1;22057.3;2019-05-28;parcelas_4b41cfe4-bde0-4ef2-b49a-8b667d68917d.csv
1;424.41;2019-12-30;parcelas_4b42387d-1256-4b2d-bf02-3049fc30aefb.csv
1;3350;2019-01-31;parcelas_4b427b67-47f1-4064-bd59-e0549b1470d2.csv
1;1952;2019-08-30;parcelas_4b599c6b-4ff0-448b-9af0-63143f4712ce.csv
1;6367.28;2019-05-06;parcelas_4b5bdbd6-c1cd-4fb9-982c-5e23467bdc70.csv
1;974.27;2019-03-29;parcelas_4b5f2a7c-fda5-4d4f-9ee5-604d87b260f3.csv
1;2724.8;2019-08-30;parcelas_4b660c59-53d7-43d7-bd91-8935eb702c43.csv
1;52599.17;2019-07-31;parcelas_4b6c0f87-0510-4b3a-8403-ddaf88577107.csv
1;647325.52;2019-04-30;parcelas_4b6ef5e0-0e20-4cfd-b4e4-c615bedb235b.csv
1;25475.66;2019-11-25;parcelas_4b74c198-0ba1-4cf8-8c2b-47b927979eb1.csv
1;14519.38;2019-05-28;parcelas_4b762d2d-de96-4898-8048-482a9e4a9297.csv
1;16169.23;2019-03-22;parcelas_4b791bf7-7249-4c28-a159-8a98471dd110.csv
1;560.88;2019-10-25;parcelas_4b7e65c9-0724-4ce2-8394-e79f0b4c9650.csv
1;17000;2019-04-25;parcelas_4b861081-6fcd-4efd-9e1e-53f9bec7cb0e.csv
1;210.28;2019-01-28;parcelas_4b8dbb94-1507-4d9e-ae82-9a6d4bb3af85.csv
1;4754.44;2019-05-28;parcelas_4b90cf69-722b-4d0c-9871-e333ed0bbba7.csv
1;6985;2019-04-26;parcelas_4b92028b-ef68-49c6-bb63-5f3fa24320ac.csv
1;5946.99;2019-02-28;parcelas_4b9486c5-b2bf-4894-95cb-e51419753ef1.csv
1;20000;2019-05-15;parcelas_4b9a8b00-e8a7-4baa-9d5d-3578cbd89907.csv
1;2954.75;2019-10-30;parcelas_4b9ae94f-fd11-4596-b102-f8b1c874cb91.csv
1;387.53;2019-10-16;parcelas_4b9ba762-3dff-4d7a-a7c4-2fb27bac36da.csv
1;720000;2019-01-02;parcelas_4b9e46dd-4a7e-4989-b83b-1caf9391190a.csv
1;3239;2019-06-27;parcelas_4ba4e906-8b7b-4d17-a322-955b5d2c7718.csv
1;45868.59;2019-06-27;parcelas_4ba5322e-534f-4e9e-97b3-218c03fee05d.csv
1;39720;2019-08-01;parcelas_4baef14c-1793-4fba-b6be-d8cdedbadfaf.csv
1;2011.97;2019-09-26;parcelas_4baf17c7-b6d6-4015-ab3a-8262dc5a21ca.csv
1;856;2019-11-13;parcelas_4bc29430-3c3d-476c-b20a-e000e2c2a222.csv
1;6387.5;2019-11-28;parcelas_4bc43d35-1ce9-4ab2-b6a7-898f3395e476.csv
1;349;2019-06-03;parcelas_4bc62292-bfa0-4653-b6b5-826c60d411fc.csv
1;1769.5;2019-06-03;parcelas_4bc84710-a2de-4bb7-a963-6aa83ee65cd6.csv
1;276.36;2019-03-12;parcelas_4bd03b4b-a11a-4083-9c1f-89351d00a2f4.csv
1;900;2019-07-19;parcelas_4bd09971-54b0-43c3-b88f-d9304f36d3d5.csv
1;51.94;2019-10-08;parcelas_4bd1bf36-0e67-47de-a6e1-ffc64dc17f5e.csv
1;5000;2018-12-28;parcelas_4bd3ab40-1bf8-49e5-9ef2-68a06ca8395f.csv
1;679.59;2019-05-22;parcelas_4bde4352-43df-4766-b2c5-8d6feb6f5ba3.csv
1;617.76;2019-09-18;parcelas_4bde7f01-dac7-463a-8ca9-f18d62447e2d.csv
1;773.89;2019-03-12;parcelas_4bf2b756-86af-40d8-ad65-e4d6139a8fff.csv
1;2054.78;2019-02-28;parcelas_4bf4ce2b-b634-4924-aabc-834e42f001fb.csv
1;8844.59;2018-08-20;parcelas_4bf62dac-cc62-460c-8ff3-8c8c48620c09.csv
1;71962.76;2018-08-31;parcelas_4bf62dac-cc62-460c-8ff3-8c8c48620c09.csv
1;143925.53;2018-07-31;parcelas_4bf62dac-cc62-460c-8ff3-8c8c48620c09.csv
1;85.96;2019-01-07;parcelas_4c14eb88-cb9d-478d-a8a2-4cc4486cf0c9.csv
1;17584.18;2019-01-09;parcelas_4c22c4bb-cc34-4267-8c44-dcd434bb1e0d.csv
1;25130.87;2019-04-30;parcelas_4c283f00-2208-4f09-ad53-c62bf77d14fe.csv
1;61631.89;2019-06-06;parcelas_4c353f99-3bd7-4a28-ab6c-94ba735b7808.csv
1;654011.42;2019-11-25;parcelas_4c3af4b5-90cd-419e-b5b1-3f0f2573dc65.csv
1;3404;2019-09-03;parcelas_4c42340f-fcdb-4c57-839c-ba7408c8a63b.csv
1;63.56;2019-05-28;parcelas_4c48a740-0fd0-49a3-86ee-7ddc298fb973.csv
1;210.28;2019-03-29;parcelas_4c4d6bde-81de-4b60-bfac-bf8a38f0cf75.csv
1;78000;2019-03-18;parcelas_4c539b9e-0e0a-415a-a4b2-b6fd2d09172b.csv
1;3075;2019-03-29;parcelas_4c545b7b-4a8f-400e-9b04-5de46671b508.csv
1;11594.31;2019-05-02;parcelas_4c5c7a18-86a3-40bc-a54a-1f071b6efaf4.csv
1;265;2019-02-13;parcelas_4c6637a5-79c2-4e6c-831a-8acc1ef706c1.csv
1;235;2019-06-03;parcelas_4c667f28-bd3a-4870-a14d-87c70b8c9da7.csv
1;5340;2019-11-27;parcelas_4c67b2bc-17bc-441f-bc9c-6be26008b02c.csv
1;2518.55;2019-03-29;parcelas_4c67e3dd-80b7-4f5f-b7b5-0a6e40a65a39.csv
1;2199.24;2019-12-10;parcelas_4c6fd2ec-d2ae-40eb-a3e9-4b01b6a90efd.csv
1;9760;2019-06-10;parcelas_4c720570-562e-4697-8e45-caf158a36e3a.csv
1;230;2019-04-04;parcelas_4c76c4a6-6401-45fd-a803-1e338bc26df9.csv
1;17422.67;2019-03-29;parcelas_4c8ab2f4-0ce9-40d0-a40c-264cc66c7068.csv
1;49616.22;2019-11-25;parcelas_4c8c160c-0ee4-454e-9c0b-5d304286e4e8.csv
1;516.37;2019-09-30;parcelas_4c93c0b1-4348-4da0-8ad3-89472e4abde3.csv
1;569999.91;2019-12-30;parcelas_4c9747d1-d850-4bbe-bd47-f860f52ac1ac.csv
1;2844.48;2019-06-26;parcelas_4c981326-d454-49ef-b8ae-575c6403dfa0.csv
1;1453.53;2019-06-19;parcelas_4ca3d130-afdf-49d4-800b-ca651d404a2d.csv
1;1375;2019-12-06;parcelas_4ca6509d-66ac-444a-8d8f-0d4fb0e17910.csv
1;282929.5;2019-11-28;parcelas_4ca892e0-77c6-4cc0-9b26-818d017598e4.csv
1;11696.5;2019-05-23;parcelas_4cab4c4f-c94b-43c5-8fa4-34923e6141e0.csv
1;1730.75;2019-10-11;parcelas_4cac2efc-a0a4-4d83-afa4-f3a084d59931.csv
1;16153.5;2019-03-15;parcelas_4cc04f03-9f35-4a3e-95d5-de0205bbee34.csv
1;4281.86;2019-10-29;parcelas_4cc09d63-07c9-4d29-819f-6db2615c0ef9.csv
1;698;2019-06-03;parcelas_4cc6785e-ed76-4240-b877-7e8bdecbcf5a.csv
1;1771.06;2019-04-17;parcelas_4cc68018-5548-4d24-b1ac-ad9f1be4a428.csv
1;79.79;2019-10-16;parcelas_4cc7d301-ffd2-4a5a-84fa-dfa1b713171a.csv
1;2957.41;2019-08-27;parcelas_4cca10c5-04ed-4400-8837-24b7900451ef.csv
1;66167;2019-08-27;parcelas_4ccb9ffa-5d80-485a-bcfe-dff9a591285c.csv
1;37732.37;2019-07-31;parcelas_4ccce7d8-e00b-4c99-a301-8f9c89062ea0.csv
1;20770.18;2019-05-03;parcelas_4cccf7d2-14cb-49ac-834e-76d50a566dc6.csv
1;779150;2019-12-30;parcelas_4ccfca6f-cd98-4d98-b74e-2635087ca680.csv
1;45338.4;2019-05-24;parcelas_4cd224fd-90e4-4517-bc53-19026926ec67.csv
1;670.32;2019-07-08;parcelas_4cdd0905-8f3f-4ca1-9689-e7fdbfff86e6.csv
1;331.1;2019-03-14;parcelas_4ce06468-e6db-42b9-b68b-f5eeaa2ad74a.csv
1;200;2019-08-30;parcelas_4ce8152b-9c09-413b-8649-9eeb84627e67.csv
1;5499.72;2019-07-01;parcelas_4cea74e5-9bee-47d1-a87d-62e4615fb8b8.csv
1;21.3;2019-12-10;parcelas_4cf92c84-adf2-43c7-8ed7-d4accfd89527.csv
1;234.78;2019-07-01;parcelas_4d08a73e-6622-4438-b731-af7444483567.csv
1;103916.64;2019-05-07;parcelas_4d0c9ffb-1c46-40b1-8a29-625c6ff04261.csv
1;130.43;2019-03-01;parcelas_4d0d44c7-0b90-401c-9ae1-b5a05b49be3e.csv
1;85.96;2019-02-01;parcelas_4d0d590b-5cb6-4a90-b3de-52f09d2d3b33.csv
1;84.95;2019-09-09;parcelas_4d10396d-fe6a-4b8a-98ea-e09067d9c843.csv
1;46385.5;2019-09-30;parcelas_4d12382b-bd59-40dc-b677-7b6fc639eb10.csv
1;2772;2019-07-02;parcelas_4d125202-40df-477a-b36b-47958eaaf6c3.csv
1;996;2019-03-07;parcelas_4d20dbe1-c5e0-466e-9d00-586d12814e50.csv
1;1667.97;2019-08-30;parcelas_4d20fc45-f32d-41b4-b309-2008ded1959e.csv
1;48850.53;2019-01-02;parcelas_4d23d747-3928-4594-9eb2-fab16b323587.csv
1;259.3;2019-07-29;parcelas_4d29bade-63f9-49f7-b2b1-104ae418a22f.csv
1;421.2;2019-10-21;parcelas_4d2e701c-7eb0-44bc-a585-028a0d3d19b0.csv
1;150.68;2019-03-20;parcelas_4d2ede74-d875-4a7f-a0fa-8a5a28efcdf7.csv
1;6540;2019-11-25;parcelas_4d365992-6437-4eac-a6d3-5babe1e8246a.csv
1;1023.8;2019-03-22;parcelas_4d3946ed-6d7a-4f3b-82d2-edfc53fb5163.csv
1;272.82;2019-08-21;parcelas_4d3a9c17-dbc8-442b-b1c6-77704c8dfd10.csv
1;380;2019-01-21;parcelas_4d5550b6-fe3e-4bd9-b651-df800de55801.csv
1;2538.56;2019-08-30;parcelas_4d56dafb-f520-498a-8f05-023ef6073e0f.csv
1;911.39;2019-09-30;parcelas_4d58b447-1a89-4d74-a09f-5e0b5dfcf37c.csv
1;194.56;2019-01-15;parcelas_4d5949c3-43ff-4e67-98f4-52c9cb5add7b.csv
1;43851.07;2019-04-05;parcelas_4d5a0608-631b-4102-8a36-09c56e1802f8.csv
1;5486.71;2019-02-25;parcelas_4d5a1a47-868c-4b63-95d8-a0b797ac48d9.csv
1;466.4;2019-02-08;parcelas_4d6420f3-57d1-4596-8104-1bd27aab8d56.csv
1;65;2019-12-20;parcelas_4d6cd4a6-68d4-4716-aa51-5fcdd50b62d9.csv
1;56000;2017-01-10;parcelas_4d74049a-22c4-4b80-aeda-8634d8e31f3d.csv
1;35060.8;2019-06-05;parcelas_4d768247-1368-4f1a-b536-a587173808f8.csv
1;619;2019-11-25;parcelas_4d777b8a-e5cc-4fb7-b009-984fba26897b.csv
1;2290;2019-01-17;parcelas_4d78af54-513f-4d86-8427-dcc3aca730d8.csv
1;133.3;2017-12-07;parcelas_4d79dd37-a066-43cd-b374-dbba848189c1.csv
1;298.9;2019-08-05;parcelas_4d7eedf2-4d77-4eed-b36b-a95ff82b3c4d.csv
1;750;2019-04-22;parcelas_4d83f98d-e6ba-4262-9639-63dc2e16aa72.csv
1;47120;2019-04-29;parcelas_4d85f408-8c6c-42fc-a3ba-dc65d9814d43.csv
1;136921.82;2019-10-30;parcelas_4d87ec45-0612-4f77-ac1f-0405cce59493.csv
1;3925;2019-10-04;parcelas_4d8b496f-dd5c-4183-8c7d-f000a0fa4fc8.csv
1;319382.14;2019-01-02;parcelas_4d92e4f8-19d2-4851-83fe-0bab84879ed9.csv
1;1249.52;2018-08-20;parcelas_4d96f888-6f7d-40b0-ac4d-0853f343e88e.csv
1;22830;2019-07-26;parcelas_4dae1e16-2dc8-40ae-93f8-8a0f1d8f5d18.csv
1;315;2019-06-03;parcelas_4db27d80-aba4-4641-93b3-c29f9d170c47.csv
1;30532.81;2019-05-28;parcelas_4db380f4-b21a-4633-9862-978bfee5b1c7.csv
1;187;2019-05-29;parcelas_4db8121b-8fec-42b3-9905-5f0a33964423.csv
1;6700.63;2019-10-18;parcelas_4db9f167-3637-4142-adaf-60dd7b08a08a.csv
1;56;2019-10-21;parcelas_4dbae6ca-0a38-4e29-ba9a-8f82a3293273.csv
1;307.75;2019-05-17;parcelas_4dc02531-d0ef-4aa5-8006-2e81eeeb4d3d.csv
1;3640.71;2019-09-30;parcelas_4dc89ca7-f433-4ed6-8296-71eeb733051d.csv
1;700;2019-06-18;parcelas_4dd07edd-ff5c-42d5-95b7-dd633b9d1529.csv
1;5071.5;2019-02-11;parcelas_4dd483dd-f4c3-4682-bf9d-395bec20cf73.csv
1;31327.19;2019-05-28;parcelas_4dd49e3f-f20f-4e3e-be41-a5cf49dbc152.csv
1;420.54;2019-04-30;parcelas_4dd63dae-7ccf-4289-ad28-7f378e04b5af.csv
1;1800;2019-04-22;parcelas_4dd774e9-fee3-45ad-b2b7-2c53926d93c7.csv
1;8000;2019-02-28;parcelas_4dd99d0c-e0dd-4f20-98f4-592452ccd919.csv
1;2132.17;2019-02-28;parcelas_4de4cb81-e618-43d1-b4ff-e9e5932ef558.csv
1;5795.19;2019-06-04;parcelas_4de6e910-506b-4b1a-ad04-654450b56c59.csv
1;8611.34;2019-07-31;parcelas_4dffbc1e-67cc-4125-a19f-96f5a608f444.csv
1;10045.54;2019-11-26;parcelas_4e01271e-f1fb-4a0b-aa0d-ccc44dddd6e1.csv
1;6113.88;2019-08-02;parcelas_4e08c1a5-f910-40eb-878d-2cd823b3852c.csv
1;116860.19;2019-06-19;parcelas_4e0a2f4e-d724-4a5e-9f3a-cf6bddadceae.csv
1;573.48;2019-06-19;parcelas_4e16ea4a-8a12-47c4-b33c-c295087ab0e9.csv
1;5425;2019-12-19;parcelas_4e1dd47f-eed8-4efd-bd2a-841dbafec44c.csv
1;105;2019-05-02;parcelas_4e1e1553-b3ec-42fb-9b67-6ee1b5454dd6.csv
1;145.2;2019-01-31;parcelas_4e1e239e-9b8e-4695-8122-e7a123e26777.csv
1;443.93;2019-07-31;parcelas_4e26001b-a1fd-410e-b2c1-aa6e10bba0ed.csv
1;106.85;2019-04-12;parcelas_4e301d31-7c8f-48bd-b329-ee49d038d79b.csv
1;66.26;2019-04-30;parcelas_4e33d969-dfc0-49a0-9fe5-3043dd652adf.csv
1;6578.6;2019-07-05;parcelas_4e345d24-4304-4d9b-a4b4-32c503871c75.csv
1;4194.36;2019-09-30;parcelas_4e36fa9a-a329-4408-8e69-040cca228c07.csv
1;110359;2019-07-26;parcelas_4e3855d8-44ad-4d27-91fc-d67b1ebc1f4f.csv
1;33489.94;2019-03-29;parcelas_4e3b43d0-eb75-4554-b9ac-b4b98c483f11.csv
1;17822.5;2019-03-18;parcelas_4e45017a-6b9d-4203-b8b7-82af07bdbc7e.csv
1;87561.33;2019-11-21;parcelas_4e4888f8-06f4-4c76-aa3a-56e859d6cc45.csv
1;3100;2019-01-24;parcelas_4e4975e9-5336-412e-a285-4887c40c7c66.csv
1;26.03;2019-07-26;parcelas_4e4b9a69-274e-4ad9-968f-f0548a75656a.csv
1;233.95;2019-05-20;parcelas_4e4e4a44-4ad4-4cb9-b2f8-54e105a65fd9.csv
1;41588.07;2018-12-31;parcelas_4e50bab2-54c0-414b-882d-d4284d0c060a.csv
1;100;2019-03-01;parcelas_4e56a641-e005-4d84-9c02-831c680d4c55.csv
1;2528;2019-01-10;parcelas_4e56a9e7-f580-4a82-b10d-7fff562c355b.csv
1;2940;2019-09-09;parcelas_4e59e6c5-b86b-4925-a6a4-4a5147185713.csv
1;733.5;2019-08-14;parcelas_4e5a6dd6-30f1-42b3-96a4-51d531701534.csv
1;1040;2019-11-26;parcelas_4e5a990a-dc92-4191-8400-ff9ba663cd6a.csv
1;2790;2019-09-24;parcelas_4e5b62d3-81db-4901-8c72-0b54b99ffa2a.csv
1;204.2;2019-08-07;parcelas_4e637e33-c0ae-4b51-8fb6-fc5dfd27250d.csv
1;2800;2019-12-19;parcelas_4e6b56d1-7fda-4384-bde1-0c340bfaea7d.csv
1;150000;2019-08-13;parcelas_4e6c6720-d3ec-4585-9f1e-91e99b77b7ce.csv
1;104.13;2019-08-02;parcelas_4e6d5218-49b0-4607-859c-2bf105409584.csv
1;281.2;2019-04-08;parcelas_4e71eabf-8529-4808-a459-1c6c890933db.csv
1;292.95;2019-07-11;parcelas_4e75a55e-a39e-4a7c-a7ef-bdc9effde1cc.csv
1;421408.99;2019-11-08;parcelas_4e7ac103-e2a5-4139-a131-50ef795939b9.csv
1;447825.65;2019-07-04;parcelas_4e7bbf4f-af02-463e-a535-3ae30506b3a1.csv
1;7703.76;2019-07-31;parcelas_4e7c5c77-d2b9-4221-bfe5-b8623528864d.csv
1;5220;2019-04-24;parcelas_4e7f5759-4426-499a-84d2-070c9d3496ad.csv
1;7483.78;2019-04-29;parcelas_4e87b9b2-76d5-422c-906a-28da9e7653fc.csv
1;15540.1;2019-06-26;parcelas_4e8d5880-356c-4201-9653-e6ffc935104e.csv
1;26250;2019-02-28;parcelas_4e901ca6-7508-4368-b8de-baf1fb7f9175.csv
1;2975;2019-11-28;parcelas_4e93633e-6fb3-4767-848a-8c2f0dd8b71f.csv
1;38744.99;2019-06-27;parcelas_4e9d9b21-aef0-452a-bc3d-7c0083a84bcf.csv
1;312.36;2019-01-11;parcelas_4ea4fdf7-097a-42c6-9b13-07d5378a252a.csv
1;34520;2019-08-30;parcelas_4ea96561-9a41-4890-a1e2-0aaf30ec2301.csv
1;5640;2019-06-03;parcelas_4ead77c4-38e9-46f4-b82e-e464e19f56e3.csv
1;4917.23;2019-07-29;parcelas_4eb15e44-08d6-4e47-a83b-b4df5862b88a.csv
1;842;2019-06-17;parcelas_4eb5b6f8-1305-4298-ac1a-1dcdf0d67739.csv
1;958.28;2019-01-18;parcelas_4eb8fe24-98b6-477b-a4b7-ae63f947b52d.csv
1;100;2019-06-27;parcelas_4ebf8340-10de-4127-97e6-d88297031b24.csv
1;2881.06;2019-10-08;parcelas_4ec84947-e6d7-443b-9827-8f4970d1fc2e.csv
1;5750.38;2018-12-28;parcelas_4ec93d7d-9006-4af9-a5c5-57ae8e175132.csv
1;363131.2;2019-10-29;parcelas_4ec9ad6d-de26-4f9b-bbe7-b0d368172dad.csv
1;3887.6;2019-03-14;parcelas_4ecd4eb4-0ca7-43c9-bec6-2ed4d68e58bb.csv
1;122418.19;2019-02-28;parcelas_4ed3b0db-250b-4265-9a0a-6d5ceca5a167.csv
1;205.17;2019-07-18;parcelas_4ed585cd-5760-4095-bbb7-aa9beff4a6fa.csv
1;284956.82;2019-02-01;parcelas_4ed95e9a-6ed3-4390-a84b-3e65bb5d5086.csv
1;13500;2019-01-02;parcelas_4eddfce9-4553-4a3c-a2e0-c1373c9d7721.csv
1;24420;2019-08-22;parcelas_4ee0778a-9310-4bf5-b452-956ac035d31d.csv
1;298.92;2019-02-28;parcelas_4ee16489-1231-4143-bb1f-cc75157eda1a.csv
1;307.09;2019-02-21;parcelas_4eeb9454-bb20-4c6f-9dfd-85f8d8785626.csv
1;400;2019-06-04;parcelas_4efab26d-c081-432e-bcd8-d99de096b66d.csv
1;50000;2019-10-31;parcelas_4efc2b8a-6c24-4f37-a097-19ff13878b54.csv
1;2465.18;2019-10-25;parcelas_4f06eb15-dae0-408c-91e3-dd59e28d1125.csv
1;130;2019-01-28;parcelas_4f079c8e-03d3-48f9-bd93-2d9e4ea9a457.csv
1;42628.1;2019-01-10;parcelas_4f1136b8-92f4-41e8-b117-6842dadb1b2e.csv
1;335.82;2019-06-03;parcelas_4f15ac3b-cf0a-4817-9a89-8824e3da61d5.csv
1;4904.83;2019-09-12;parcelas_4f1acec5-7c89-4dfc-9bd2-5ec8c2da2ffe.csv
1;12345.71;2019-06-27;parcelas_4f1c6a59-9e78-4124-bce8-434e6036b922.csv
1;1134.1;2019-04-03;parcelas_4f1e9909-17ab-4a7c-9dad-71ff4d2fd8cd.csv
1;28879.3;2019-02-11;parcelas_4f21b543-5bad-4c3a-bdc0-a8a637a3c7c1.csv
1;29383.76;2016-09-30;parcelas_4f238293-36f1-4f02-ae22-33645d6baaa2.csv
1;1799166.64;2019-05-06;parcelas_4f2436f4-f040-4004-998e-ea5eba6fcd4d.csv
1;2538.75;2019-09-17;parcelas_4f28ab3d-e228-40d3-a42e-f28b50d2237c.csv
1;299129.11;2019-02-28;parcelas_4f38b699-1e92-467d-9a9f-ecb800ddcf33.csv
1;79.79;2019-12-18;parcelas_4f3b2849-f3e0-4131-bf9d-441560bddbf7.csv
1;420614.21;2019-06-27;parcelas_4f40a26a-81cb-4d93-b762-a0b0a5377f82.csv
1;249.5;2019-06-19;parcelas_4f43145d-5789-4d9d-b018-c1151cb35d2f.csv
1;639;2019-02-13;parcelas_4f4662bc-f5ca-46d2-bd37-32579b2f0b61.csv
1;9000;2019-01-02;parcelas_4f5316b6-8ebd-4cce-b2d0-e01f151c2766.csv
1;800000;2019-01-02;parcelas_4f535894-42c8-43a9-b89e-b13da792c702.csv
1;127827.49;2019-11-28;parcelas_4f535c91-d936-4374-8281-84053019343a.csv
1;88020.87;2019-06-28;parcelas_4f56f78a-d284-4b97-b5a8-ba1c05411083.csv
1;122824.96;2019-12-10;parcelas_4f5e0274-4264-45a4-bced-3b981cb24902.csv
1;1643.05;2018-08-13;parcelas_4f603984-890f-49e2-86f8-9b8fa27c4d7e.csv
1;893.77;2019-11-27;parcelas_4f6160b6-337e-4fdb-863d-0b3192f466c1.csv
1;2800;2019-07-31;parcelas_4f65fbe2-ce26-498b-9fa3-a87caafa1ad0.csv
1;58.31;2019-02-19;parcelas_4f713a1f-289f-4eec-9666-bd498db0b6bb.csv
1;38956.67;2019-07-26;parcelas_4f736ebc-5167-4ae6-b4c6-dccdbd066631.csv
1;503.44;2019-01-31;parcelas_4f750471-10a1-4583-844d-654af42269f0.csv
1;106135.85;2019-05-28;parcelas_4f760e6f-5523-4378-814a-a78088736f88.csv
1;29383.76;2016-05-31;parcelas_4f7accdc-3932-421d-b5d3-83ab017ebf66.csv
1;4441.47;2019-07-09;parcelas_4f7ea6fd-af14-4363-8a42-4ac7e8651e27.csv
1;14929.03;2019-09-13;parcelas_4f853535-acf2-42ec-96aa-4cf29530ad5b.csv
1;303.99;2019-01-31;parcelas_4f8ad4b8-17db-4398-b480-097e8458f8c2.csv
1;2700;2019-02-07;parcelas_4f8c3b8c-6dfd-41e3-b04f-1887e9d0a154.csv
1;422;2019-08-09;parcelas_4f8da4e9-b6af-4354-8a53-38100a933221.csv
1;4700;2019-05-28;parcelas_4f9075a0-3328-4673-a713-af6f47d058b8.csv
1;3925.1;2019-03-29;parcelas_4f96eb58-f23e-438e-8722-ed264ea540e2.csv
1;20911.09;2019-06-27;parcelas_4f9c7e49-bd9c-43ee-b825-d46ac3d91145.csv
1;861473.31;2019-05-15;parcelas_4fa1607d-1275-4302-b357-6cf99b18a101.csv
1;10820.6;2019-06-27;parcelas_4fa39a31-cabd-4e89-94af-db8d4cad4d9a.csv
1;15978;2019-11-11;parcelas_4fa6d8a0-2652-4c98-ad33-790ae81d2fe0.csv
1;500;2019-08-30;parcelas_4faa675e-b516-4ae1-9d24-635aeec35b90.csv
1;698799.63;2019-06-27;parcelas_4fabda60-eeea-4b75-aaf2-9234124d8f22.csv
1;2400;2019-09-09;parcelas_4fb240a4-5720-4dd4-98a3-aa0a37567ed4.csv
1;33.8;2019-11-25;parcelas_4fb529a3-8329-4245-8f4e-0507b50fc0c4.csv
1;2041.1;2019-09-17;parcelas_4fbd00c7-6f36-40d4-bf92-304ff83a318c.csv
1;3525;2019-03-11;parcelas_4fbde410-4816-43dc-97da-3a3c3b30705c.csv
1;3423;2019-10-14;parcelas_4fc36ec8-8e98-4959-af1b-ee8623f5e4c4.csv
1;47290;2019-10-25;parcelas_4fc47776-8b74-4be8-a249-7c966d7a1786.csv
1;130.94;2019-06-14;parcelas_4fc887af-337d-48e4-82c8-d453c5311ebc.csv
1;95779.44;2019-05-07;parcelas_4fca50ca-0764-4f59-9149-68b3e6b11367.csv
1;600;2019-09-12;parcelas_4fca7d3d-89cf-41cd-b7fb-0c9ce3d9c7f0.csv
1;65;2019-03-11;parcelas_4fd4725e-0a00-408d-9665-bd7e583f70d6.csv
1;85.96;2019-02-18;parcelas_4fd7ac58-94c3-4840-a24e-2579da13523c.csv
1;57909;2019-01-11;parcelas_4fd99097-46e0-4ca7-a38b-cd37d9c9fd21.csv
1;546.21;2019-11-18;parcelas_4fdd75f7-e0e0-4e49-b011-209f152d0724.csv
1;5916.2;2019-06-27;parcelas_4fdf0e29-27bb-46eb-9341-4e1aedadf671.csv
1;79.79;2019-10-15;parcelas_4fdf27ab-2197-48ae-8f22-08280a769ecc.csv
1;15793;2019-02-14;parcelas_4fe0b3ce-5816-4391-b662-05dd2336a076.csv
1;30631.62;2019-02-28;parcelas_4fe59b64-2a99-4307-a451-8ff0f0f386cc.csv
1;29383.76;2017-03-31;parcelas_4febd511-e25c-4c72-8551-64fceda6bc5d.csv
1;6783.34;2019-05-31;parcelas_4ff1f350-5c3a-49e2-98d2-9d7938c25347.csv
1;1195.3;2019-03-29;parcelas_4ff64c4c-eef8-4bad-8ff1-9c6123fc469b.csv
1;500;2019-04-03;parcelas_5005b976-de37-438f-a5c4-d68cb1a39765.csv
1;8956.5;2019-12-06;parcelas_500cf87e-458a-43cd-9708-d4ac7d3948e1.csv
1;6838.99;2019-05-28;parcelas_50108b11-f811-4941-b236-d0c9d495075c.csv
1;765;2019-11-25;parcelas_50115ed4-22c5-49f2-9c10-d938b39055bc.csv
1;1102.27;2019-09-30;parcelas_501acaca-6270-4254-bf84-4d1b36644ba1.csv
1;619.5;2019-08-27;parcelas_501db36b-942c-46f5-a1ee-162f97ed131c.csv
1;104.13;2019-05-14;parcelas_50216202-3736-4984-a4ca-9bf36117e2c9.csv
1;105750;2019-04-30;parcelas_5022664e-b545-4dac-b4ba-3872b3ce7af0.csv
1;477.15;2019-04-25;parcelas_502aba76-23d5-4833-858e-ada4c1b3ee11.csv
1;9975.22;2019-02-25;parcelas_502c8fed-020e-4d3e-bc5b-9eefb5855894.csv
1;318;2019-05-16;parcelas_5038032e-4dc4-4cf4-9e52-395311cb40bf.csv
1;200000;2019-08-13;parcelas_5038a14a-e810-4dcd-bbcb-dc979496d3d6.csv
1;43400;2016-12-06;parcelas_503ece59-d09d-4233-8f0e-12d634c8ccfc.csv
1;43400;2016-04-11;parcelas_503ece59-d09d-4233-8f0e-12d634c8ccfc.csv
1;43400;2016-03-07;parcelas_503ece59-d09d-4233-8f0e-12d634c8ccfc.csv
1;43400;2016-10-07;parcelas_503ece59-d09d-4233-8f0e-12d634c8ccfc.csv
1;43400;2016-07-04;parcelas_503ece59-d09d-4233-8f0e-12d634c8ccfc.csv
1;43400;2016-05-03;parcelas_503ece59-d09d-4233-8f0e-12d634c8ccfc.csv
1;43400;2016-02-19;parcelas_503ece59-d09d-4233-8f0e-12d634c8ccfc.csv
1;43400;2016-11-08;parcelas_503ece59-d09d-4233-8f0e-12d634c8ccfc.csv
1;43400;2016-08-09;parcelas_503ece59-d09d-4233-8f0e-12d634c8ccfc.csv
1;43400;2016-06-10;parcelas_503ece59-d09d-4233-8f0e-12d634c8ccfc.csv
1;43400;2016-09-05;parcelas_503ece59-d09d-4233-8f0e-12d634c8ccfc.csv
1;2208.54;2019-10-29;parcelas_5042eece-7b85-440a-8575-791a047a8c08.csv
1;143.26;2019-01-31;parcelas_5043b874-64aa-48fc-914b-2e804df4d478.csv
1;5975.74;2019-03-28;parcelas_504a4e0d-c682-4e92-8487-5eac05c5c0b5.csv
1;12800;2019-01-17;parcelas_504c70c1-d786-47e8-ae63-7a878c4c8b84.csv
1;1588.72;2019-02-01;parcelas_504f3ac9-588b-4471-a1a9-629ee98fc1c9.csv
1;1996;2019-11-29;parcelas_504fa3ac-f786-4065-909c-286fa70282e3.csv
1;79.79;2019-11-22;parcelas_50540ee0-6265-41c3-b5e6-75a7b4a42f20.csv
1;24440;2019-01-02;parcelas_5055e93c-dba0-4a56-979d-1fc9039d6a9a.csv
1;892.63;2019-04-30;parcelas_505708cf-93e5-4d4c-a95b-959765193431.csv
1;2024.16;2019-06-27;parcelas_505c4890-f937-4d56-bf41-329f510d91b3.csv
1;981.26;2019-05-28;parcelas_5064030e-2dfb-4f0c-816a-217f95d05b85.csv
1;23245.58;2019-02-28;parcelas_5064dbf6-3054-4946-a9c5-909a9d70495d.csv
1;33966.41;2019-05-31;parcelas_50670da5-d465-4238-a5d5-d5510d73a26e.csv
1;67787.87;2019-04-30;parcelas_506b3231-b9dc-4c89-95f3-10565909d03b.csv
1;136493.15;2019-07-31;parcelas_50709167-3758-4f0a-b75b-07bb7695937a.csv
1;285;2019-06-04;parcelas_5079afe5-358c-4c3e-8ac5-4ee68abef5bc.csv
1;28353.5;2019-10-15;parcelas_507b3e98-7e86-4716-9f2c-8b22541e72a6.csv
1;1473.86;2018-08-13;parcelas_507fe7e4-f2c5-42dc-990c-98ec165bc3fc.csv
1;293400;2019-02-25;parcelas_508329f6-5bf0-47ad-9065-1475c5fd2c00.csv
1;2460.91;2019-02-08;parcelas_508a262e-b314-4540-b23b-4b7f8c4fbc7b.csv
1;1716.08;2019-08-08;parcelas_508da374-c46f-4163-8539-cae42fe2d90c.csv
1;2367.55;2019-07-22;parcelas_509607da-b5a8-4118-8f0c-fe74338029ee.csv
1;126000;2019-10-17;parcelas_5097b48e-5414-4216-b805-c5441002e6cf.csv
1;5120.01;2019-06-04;parcelas_50998832-8e8f-4439-b22c-9a2ffee42bc2.csv
1;237.91;2019-09-12;parcelas_509cbcc9-f433-4832-93c3-c21c177b503c.csv
1;14486.8;2019-05-02;parcelas_50a0bec6-6438-4807-850d-e979d801c140.csv
1;160;2019-04-03;parcelas_50a2af39-0ab4-44cd-beab-79c2d477ecbc.csv
1;116.2;2019-07-25;parcelas_50a7dbdd-aa7b-422e-800f-f49ef7256f0a.csv
1;14175;2019-05-09;parcelas_50a92892-64e1-4b9b-b8df-910b5177d613.csv
1;4018.68;2019-04-15;parcelas_50b2bef6-10e1-495a-a3e5-39b400129ac4.csv
1;4326.89;2019-04-30;parcelas_50b6eb80-2f00-4cf9-8e15-d3e16d0e52fb.csv
1;500;2019-01-04;parcelas_50b77bc8-8250-4e20-9a6e-33840d8f52bc.csv
1;1283.33;2019-07-31;parcelas_50be4c95-ed35-437f-adcc-e06f55581b4d.csv
1;695.27;2019-08-27;parcelas_50c84a01-c1c0-4a64-b4e5-5e1fa0be241c.csv
1;5757.13;2019-08-30;parcelas_50c9176f-40a9-4039-b88b-2778c7c210b0.csv
1;102.58;2019-07-18;parcelas_50cbba6c-4073-44ae-913f-afff8a244c84.csv
1;25873.17;2019-03-14;parcelas_50d20a32-8e19-4a55-812b-e7930a911c81.csv
1;488093.1;2019-06-27;parcelas_50e7c244-5857-45eb-a132-d87030aabea1.csv
1;122824.96;2019-09-11;parcelas_50e8a30a-147b-453f-93a2-df4d56c2643c.csv
1;1682.16;2019-05-28;parcelas_50efd936-6115-4510-8fa1-f47e2c2a6354.csv
1;342999.9;2018-11-20;parcelas_50f68bbe-5197-4b35-bf54-1664565d6433.csv
1;13833.86;2019-04-22;parcelas_50fb90aa-b135-4477-92ab-aa58a1ca2ecc.csv
1;1839.49;2019-03-06;parcelas_51032d48-3345-4f6f-9032-16229cd9686f.csv
1;237.38;2019-11-25;parcelas_5108296c-a494-4233-a0e4-932ad458b2ec.csv
1;240.95;2019-10-22;parcelas_51093a0a-8791-4f28-b573-f078bd96b929.csv
1;3996.31;2019-02-28;parcelas_51133c5a-b3b1-4a6b-b04e-1ac8575de6f6.csv
1;25236.46;2019-06-28;parcelas_5114af0a-f876-44f2-bb84-803b60186054.csv
1;207056.53;2019-05-28;parcelas_5126f125-bac8-4d98-89c8-c5d55c773d8b.csv
1;79.79;2019-02-05;parcelas_5127a630-3f5e-4172-a6b0-c49c55cb8b4a.csv
1;249.5;2019-02-14;parcelas_5129721c-700a-4d9a-992f-df328b03a240.csv
1;126;2019-07-10;parcelas_512a3629-7ce2-4169-8cf5-0530de4dec63.csv
1;2928;2019-09-12;parcelas_512cf971-e9ad-4d65-b068-0e97a92fefff.csv
1;10700;2019-12-02;parcelas_51401fe1-aace-4b35-9e62-531729c8eb76.csv
1;500;2019-04-08;parcelas_5140d52c-03cb-4cae-a03c-ec506cf7080b.csv
1;1942.56;2019-01-18;parcelas_514b4995-8e87-4348-8421-519cfb6f332c.csv
1;5720;2019-08-05;parcelas_514c50a2-eb42-4d83-882f-22f9d6685a91.csv
1;434.88;2019-07-29;parcelas_515023c0-c3bc-4790-ac86-82adf908f6c9.csv
1;200000;2019-03-11;parcelas_5159ac0b-a07e-4b85-8dc4-b157376ec40a.csv
1;4899.29;2019-03-29;parcelas_5164ab91-53f8-419c-a240-7819e300ec94.csv
1;65;2019-02-04;parcelas_516581df-1a70-46c4-95fc-fc055bbefd93.csv
1;397.25;2019-06-27;parcelas_5167a52a-c228-4163-9b64-652afd1cd3e5.csv
1;205.11;2019-06-14;parcelas_516ba1b4-8a1c-40fe-85d5-6764797d62fa.csv
1;38600;2019-06-27;parcelas_516e2d32-bee4-4dca-bb02-91c066525cad.csv
1;254.55;2019-06-03;parcelas_5176139a-ec12-492a-bf1c-fbc461d3e8b4.csv
1;2017.76;2019-10-25;parcelas_5187525a-d71b-417f-be2a-b0d4b8c76476.csv
1;4021.81;2019-02-01;parcelas_518817b2-54aa-4632-8c81-b6574b75c3ce.csv
1;41160;2019-01-04;parcelas_518fb026-6cf2-4bcb-9962-3b98d891bf4c.csv
1;18825.88;2019-06-06;parcelas_519266b0-c855-40ef-8d8f-2c7ef68df293.csv
1;1077.3;2019-09-16;parcelas_5196a80d-de0a-42e6-a2ae-421be4e6a148.csv
1;5238.33;2019-09-30;parcelas_51a1cb4f-fae3-41c8-8d99-5c6f3453b0c6.csv
1;52147.41;2019-12-05;parcelas_51aa1c76-1b59-4814-a78b-177c95444656.csv
1;175;2019-11-28;parcelas_51ac4087-f7d8-468c-a35c-dacf2eea12bb.csv
1;819.97;2019-04-03;parcelas_51c36608-aa5c-4c43-8fef-a04596374716.csv
1;30794.9;2019-02-28;parcelas_51c8471a-c229-433c-b586-a2c0f5562535.csv
1;10129.39;2019-01-28;parcelas_51c9924f-1483-4a27-9315-7b70154e5c24.csv
1;679.64;2019-04-30;parcelas_51d38709-2555-4713-8c74-e748e6c91cc4.csv
1;328.5;2019-01-14;parcelas_51d5a533-67e9-47bf-95ab-2173f4895e31.csv
1;3730.91;2019-03-29;parcelas_51d5ef06-5726-43da-a223-093a9c432618.csv
1;5116.6;2019-04-22;parcelas_51d90b43-29ca-4dd3-8be5-047a6840ff6d.csv
1;42000;2019-09-26;parcelas_51da7503-8a82-4070-91d9-25c6418f2041.csv
1;731545.59;2019-07-31;parcelas_51df811f-3452-4bc2-aad3-5344688d7e63.csv
1;147.2;2019-04-29;parcelas_51e24ba5-45a4-4895-b230-dbadfdf95550.csv
1;452;2019-04-11;parcelas_51f38c53-fc64-4fa2-84ca-859a9f617ceb.csv
1;72633.58;2019-05-08;parcelas_51fec2b7-8a36-4985-a121-6fe0632c6986.csv
1;1018.6;2019-04-16;parcelas_51ff291b-ea69-4180-8ff5-157780df2d25.csv
1;6387.5;2019-12-19;parcelas_5202c2e1-03d9-48ec-a7ce-b925f7ca7bc5.csv
1;365.36;2019-02-28;parcelas_5202ee27-a046-4b25-97ac-ab0cce58b846.csv
1;341.94;2019-10-22;parcelas_520f1812-d783-49f8-8778-ddece9671b63.csv
1;2000;2019-11-28;parcelas_520ff0e8-75c5-45ef-b5b9-223f90e5b92c.csv
1;7882.28;2019-06-27;parcelas_521bab6f-f8b2-4af8-a959-af19d0cec232.csv
1;21132.55;2019-10-29;parcelas_522dd765-199b-452e-89de-3d966eb3f202.csv
1;479.35;2019-09-23;parcelas_52323e65-77c8-4681-8c97-e0027a92b929.csv
1;2528;2019-02-11;parcelas_5232d2b3-0da3-41bf-95aa-27cf2def8940.csv
1;4248.71;2019-08-22;parcelas_52388081-b5b6-4196-a12f-2d84b1189570.csv
1;6599.04;2019-12-11;parcelas_52398159-5ea4-4364-96a7-d57836c10ae7.csv
1;897630.64;2019-10-15;parcelas_52402f33-e82b-47eb-b3c9-955a9815ef5c.csv
1;6790;2019-04-04;parcelas_52405fa9-45a3-4594-9420-ee74601d4388.csv
1;9140;2019-06-18;parcelas_5241fa24-51d3-4de9-bae8-c1c404ead489.csv
1;2102.16;2019-09-18;parcelas_5247f574-423a-40a2-a64d-15170dd057d3.csv
1;246;2019-04-03;parcelas_524ad082-f074-43d4-b549-de2f081a18f8.csv
1;200;2019-01-04;parcelas_524b3fe7-ed29-44b0-8465-ea78f4f6f25a.csv
1;10830.69;2019-03-25;parcelas_52568cfd-972d-46fa-ac84-d39274e8edd6.csv
1;3315.17;2019-11-28;parcelas_525aafd2-ff52-4e57-935e-ab5295ae5016.csv
1;43142;2019-10-04;parcelas_5269563a-809f-4639-984b-53f5a41a89eb.csv
1;65;2019-01-22;parcelas_5274033b-dbe0-422d-b191-a1045f04a8d2.csv
1;47051.77;2019-04-30;parcelas_5274e56b-37eb-4099-8ce0-ceb3946d6309.csv
1;80.3;2019-10-01;parcelas_527627a8-a419-498a-848d-8096abb96593.csv
1;2788.32;2019-07-31;parcelas_52779e37-a338-4128-aa55-83b245672a8a.csv
1;67045;2019-05-24;parcelas_528d1a41-4141-474a-ab11-afd06654525e.csv
1;9250;2019-06-19;parcelas_52971043-ea60-4d79-ab71-e87596282431.csv
1;396;2019-06-17;parcelas_529a4f33-04c4-493c-8153-b3557f63186e.csv
1;1485.03;2019-04-12;parcelas_529be699-5ed5-401c-a031-ebc3ebba993f.csv
1;2100;2019-01-25;parcelas_52a45986-fe07-47cb-97ad-86422e1180e9.csv
1;50;2019-03-11;parcelas_52aaef2b-01b7-48a0-b521-bafea2a845e8.csv
1;171;2019-06-04;parcelas_52ad9804-137a-4f96-a003-adf1a6d32544.csv
1;735;2019-09-02;parcelas_52b02d27-1d96-4311-adb3-f1a81d65f91b.csv
1;390.4;2019-06-14;parcelas_52b18b4e-7989-403d-a487-9acd058d3115.csv
1;99700;2019-04-29;parcelas_52baa127-7e5c-4885-a5e7-b6ffaa646790.csv
1;170.03;2019-03-12;parcelas_52bb65b4-19be-44ad-abbc-cfc481e4860c.csv
1;600;2019-10-31;parcelas_52c3ae0f-37df-48a1-8378-1b0cbabb19c4.csv
1;56000;2019-05-16;parcelas_52c94e46-aa84-4e93-91ba-0c92df94f34b.csv
1;1134;2019-07-10;parcelas_52caba23-6b68-444a-b11d-6ca146f7c772.csv
1;2994;2019-03-29;parcelas_52cac3be-987c-460b-8f6b-0f949684c156.csv
1;126156.74;2019-02-28;parcelas_52cd4367-8ded-4b9e-8553-6c282a529ad5.csv
1;166.32;2019-10-22;parcelas_52ce425b-7d31-40c7-8ccf-673b2f6baa87.csv
1;117600;2019-07-26;parcelas_52ce5bfd-7855-4510-a1ba-88ef230bbdff.csv
1;156;2019-10-16;parcelas_52d17293-91aa-4a51-b988-095d89fd292c.csv
1;11334.28;2019-12-11;parcelas_52d5b108-0365-451a-b9cc-6ca3121c1f6e.csv
1;2700.06;2019-08-21;parcelas_52d74986-e75f-40a1-9743-203d80a654d3.csv
1;100000;2019-08-13;parcelas_52e10075-c0f6-4720-87d4-0ebf8c55857f.csv
1;854.85;2019-03-27;parcelas_52e1c209-3417-49b9-a50d-22ec19bddab9.csv
1;65;2019-10-24;parcelas_52e3639e-5659-47a5-8d5b-12fcf64ed910.csv
1;156.85;2019-08-08;parcelas_52e4a59c-5939-4baa-8e16-4064cb707122.csv
1;24436.3;2019-03-14;parcelas_52ec1085-3665-4538-9faa-4b197a93f062.csv
1;43884.58;2019-05-28;parcelas_52fe248c-72fe-42c2-a352-bfcae709f883.csv
1;1541.64;2019-05-21;parcelas_53018fe3-eabe-4508-b58d-3857dd340cbf.csv
1;6315.54;2019-06-03;parcelas_530ed640-e5d7-4bdb-b39b-223ff568c036.csv
1;1909.5;2019-09-18;parcelas_530ffc27-0405-4874-973b-d789e23250fc.csv
1;400;2019-01-03;parcelas_5317cf9b-56c2-422f-9b3b-f8c62672afa0.csv
1;13750;2019-05-21;parcelas_5319feea-2197-463c-879b-c57edcdacfd1.csv
1;1635338.3;2019-11-28;parcelas_531dda45-7bee-43c0-87cc-11706aaa3992.csv
1;116800;2019-11-18;parcelas_531e1759-dfa4-4405-8681-377678797a5b.csv
1;15911.52;2019-05-21;parcelas_532d35bf-bad9-4e99-bb86-35e47c14bd2f.csv
1;880;2019-11-25;parcelas_532e19fe-c19e-4d03-b108-a0f0e81516d9.csv
1;20745.13;2019-02-26;parcelas_532f406d-1953-4a1f-bac5-f8523958a659.csv
1;11315;2019-08-09;parcelas_533fe7a9-49e1-4d97-9732-d08643abccbd.csv
1;655003.42;2019-11-29;parcelas_534972fc-9794-40f3-a855-0245c1459612.csv
1;130;2019-04-29;parcelas_534aa669-2bf2-4196-a43b-0f9c34420a06.csv
1;1050;2019-11-19;parcelas_535418f1-390d-45d7-92f0-ca237df42f7d.csv
1;175;2019-07-31;parcelas_53576d41-d6dd-4885-82aa-40ae3cea7555.csv
1;143746.93;2019-03-29;parcelas_5359c61e-4a91-4f6f-99b1-2d1181ed84ed.csv
1;11238;2019-10-30;parcelas_535d3ef9-9a81-46a9-a806-7c6a2b4b265b.csv
1;16470.4;2019-02-28;parcelas_5364fe22-29f3-4ee8-b0dd-34645ce518f6.csv
1;355688.52;2018-12-20;parcelas_5366c52a-ec5a-434c-a859-52493480b98a.csv
1;18500;2019-11-28;parcelas_5368ec3d-d0b9-4da2-939f-4227965e63ed.csv
1;895380.83;2019-06-27;parcelas_536b5e64-88c8-48f9-9734-221a0c0ab964.csv
1;910.67;2019-05-29;parcelas_536fbc97-b8c6-4e01-af87-0ce76d429517.csv
1;475443.81;2019-10-30;parcelas_5376f7d4-e932-47d3-8cdb-5528ece00485.csv
1;1035.8;2019-06-25;parcelas_5377fb10-d11d-4237-8378-8fefd95b888c.csv
1;39792.87;2019-04-30;parcelas_53789eb7-48e4-4c3e-815f-79767b7ed0ff.csv
1;3005.5;2019-01-08;parcelas_537a87af-957c-412f-9f47-964c50476d86.csv
1;26285;2019-09-30;parcelas_538c000e-12b7-439f-9112-18f3c88b1fd9.csv
1;949.52;2019-05-15;parcelas_53935799-a8fa-4ceb-80c4-e7b70a16d96e.csv
1;94570.4;2019-01-02;parcelas_5393d328-2399-4171-a761-eacf1c55acad.csv
1;85.13;2019-01-18;parcelas_5397d920-0bca-4bad-ad6e-818479952076.csv
1;4880.59;2019-04-30;parcelas_53985802-6d64-4f1c-8de4-ddbd8c03899f.csv
1;134.87;2019-03-27;parcelas_53a5a83c-6407-4fe7-9039-1814e76d0bce.csv
1;10037.7;2019-04-04;parcelas_53a6c780-b6ea-4eeb-ac05-2674e1d6e35c.csv
1;23692.16;2019-06-06;parcelas_53ac88b9-c39e-4449-a7d8-db7b7e6d63d4.csv
1;33398.45;2019-04-30;parcelas_53af90de-a99d-4b7b-a8b0-ee458a6a6ab8.csv
1;120397.78;2019-07-31;parcelas_53b09554-332e-45fa-b187-599105821268.csv
1;3603.25;2019-05-15;parcelas_53c584bf-2aee-4e62-b5c9-07138e04facd.csv
1;1123234.72;2018-12-31;parcelas_53cd5c0a-4b5e-4c5f-8a7b-711ddb172a59.csv
1;64000;2019-01-02;parcelas_53d46612-5955-4a0a-9db2-39de8c126c9d.csv
1;49866.9;2019-11-14;parcelas_53d483e7-c0f7-45d5-9283-99fa179e7c54.csv
1;18620;2019-01-02;parcelas_53db676c-419f-400e-a2e9-1549810825fc.csv
1;880;2019-04-03;parcelas_53e57d7d-22d1-424a-8cbc-b1d41c1dc70d.csv
1;52000;2019-06-25;parcelas_53f0a56f-6ffb-42f6-a1c2-4536917009ec.csv
1;0.04;2019-12-31;parcelas_53f16a2e-a88d-4be6-946d-7cb59857d3c9.csv
1;305.87;2019-12-19;parcelas_53f35d5f-1801-46ae-b51b-465fd1c68c62.csv
1;158.22;2019-09-12;parcelas_53f5ba85-900f-4954-930f-b58eafc51969.csv
1;33;2019-03-08;parcelas_53fa7984-6d3e-42bc-af72-6276a91bce4b.csv
1;1960;2019-09-23;parcelas_53fc4f01-bc6f-41b1-bf04-48d7503cb62b.csv
1;790.6;2019-05-16;parcelas_53fe45e4-1097-41e4-bc0f-aee9fc049b3a.csv
1;1579.42;2019-06-28;parcelas_54081131-b035-4026-b013-6e2c50e80262.csv
1;1622;2019-01-02;parcelas_54136e1d-489b-4e86-97b0-9f297629b16f.csv
1;5987.82;2019-02-28;parcelas_541db42d-613e-4e90-9bcd-7dcb12177976.csv
1;27852.67;2019-01-25;parcelas_541eaa65-dfeb-4f79-8c2b-2c6e0934c520.csv
1;1642.89;2019-09-17;parcelas_54217fca-794b-4ae7-8e9a-9cb8a2484f6b.csv
1;4906.3;2019-02-28;parcelas_542c3953-d1f4-4794-baf1-655e560499ae.csv
1;85467.98;2019-09-30;parcelas_542f54f5-abe1-47bd-ae5f-57e231486768.csv
1;2656.04;2019-09-27;parcelas_54388128-7698-42ce-946d-3d2ec23fa0e3.csv
1;13750;2019-06-19;parcelas_543b3648-393f-4fb1-9acf-07696e0403fe.csv
1;218.5;2019-06-04;parcelas_543b419e-a2b4-45ac-9615-b472ed63c433.csv
1;79.79;2019-08-27;parcelas_544eb946-b58a-47d8-8e9a-d25efe3ac1c2.csv
1;65;2019-11-18;parcelas_54558537-4a25-4d68-8a8e-23dfbdc74ea4.csv
1;8230;2019-08-08;parcelas_545e2801-9def-47a8-97f1-b92bee0c18fc.csv
1;18295;2019-09-30;parcelas_546065d7-6204-411a-8ae5-5383e5c12d48.csv
1;126;2019-06-03;parcelas_5461ae7c-eac1-4ccd-8de9-f614684c395e.csv
1;829350.01;2019-07-22;parcelas_54642497-4464-4ad4-8af0-1002b3b7a9f2.csv
1;30850;2019-01-29;parcelas_5467f80b-5a19-4864-8095-88d56c0e1a0c.csv
1;512.91;2019-11-18;parcelas_5472a782-e49c-4c28-b077-4378229bdaa3.csv
1;8661.16;2019-11-27;parcelas_547476ff-4569-4bf3-813b-8385230c383f.csv
1;1018.6;2019-09-18;parcelas_5474f36a-662d-4b6c-a00f-6f6367c539e0.csv
1;79.79;2019-03-21;parcelas_547705bc-53c6-4bc8-9695-6006cc9cdb63.csv
1;702.95;2019-09-30;parcelas_547e17f3-e69c-4dff-923d-7f5c28faf210.csv
1;445.55;2019-02-11;parcelas_548623cd-3774-4894-9ba8-7438bc163735.csv
1;424746.81;2019-01-02;parcelas_5487cd7a-9368-4fe0-9d18-d0671982869b.csv
1;234.78;2019-05-09;parcelas_5491926f-8b24-46b7-bd43-795a179cea6e.csv
1;6843.72;2019-03-25;parcelas_5493fe4c-aa96-4cd3-bd28-408bd2e329b4.csv
1;612.8;2019-09-30;parcelas_54943cd0-1c97-49a3-9d2c-68a304f60f8e.csv
1;65;2019-06-10;parcelas_5495578a-bff5-49b6-9f32-cd5390e87b29.csv
1;518;2019-09-02;parcelas_54a15908-e008-49ad-9bbb-9ea9a07bc1d8.csv
1;960;2019-08-12;parcelas_54a6c5f9-f250-4e4d-a29a-b60cf76a69d5.csv
1;69239;2019-01-30;parcelas_54acc276-24c6-484c-9a47-b0f88aa0afdc.csv
1;65;2019-04-08;parcelas_54af74e8-546b-4f8e-a7ed-84d74d45a392.csv
1;384.81;2019-03-29;parcelas_54b14520-93f6-4576-a713-b37d55ee0746.csv
1;65;2019-04-26;parcelas_54b7961f-48c3-4a7a-b170-e9c7c530b443.csv
1;2846.11;2019-10-31;parcelas_54ba165c-758f-4730-9eed-8f9d310cdee7.csv
1;2030.07;2019-10-30;parcelas_54bc212b-ef92-4325-b3ec-6db687a04d59.csv
1;1341771.9;2019-09-05;parcelas_54c5840a-9cc9-437f-b1d7-26c7291cde29.csv
1;841.08;2019-03-29;parcelas_54cec1d2-e5a3-4e2f-ae9c-944c0dd8eb75.csv
1;180000;2017-01-10;parcelas_54ceca1e-d902-435f-b7ac-91ac4e1ab6e1.csv
1;850.98;2019-01-31;parcelas_54d1948c-ab74-41cb-8760-4d5f12884f0e.csv
1;3024.96;2019-03-01;parcelas_54d2380f-2d9e-497a-86c8-51c0b4d1b908.csv
1;11671;2019-07-19;parcelas_54d3b731-7a68-4de1-852c-bebe4be679ce.csv
1;11230;2019-10-18;parcelas_54d4183c-486f-4dcf-ac68-4cc31c2ebaa2.csv
1;5482.18;2019-02-28;parcelas_54d82188-e04c-4ca9-ac0e-faaa8c6a46fd.csv
1;672.48;2019-03-25;parcelas_54de6f7a-4423-496d-9d43-ba9eb11b75fc.csv
1;2940.42;2014-01-20;parcelas_54f0a559-28c4-4b86-9507-c64bc47868d5.csv
1;27000;2013-12-27;parcelas_54f0a559-28c4-4b86-9507-c64bc47868d5.csv
1;512.91;2019-03-13;parcelas_54f9c636-7621-4164-8651-655109df6972.csv
1;465.5;2019-04-08;parcelas_5500ca12-f043-4ab5-a513-00bcbf4d5ed6.csv
1;37988.7;2019-07-31;parcelas_550192f6-1dc4-4dda-ad55-73d836839afb.csv
1;1292;2019-03-20;parcelas_5503bf76-9dc1-487e-8934-f0aab7b39143.csv
1;1919.34;2019-06-24;parcelas_5504d709-4528-43b7-b158-8225beff19e3.csv
1;4000;2019-03-01;parcelas_5505fff6-78da-40f8-9351-9d54cd5fb754.csv
1;163962;2018-12-31;parcelas_550b8acd-6b6d-4250-acb5-5bb228515cb6.csv
1;297751.96;2019-11-28;parcelas_550c834f-5e7f-4e11-8921-3aca764f7480.csv
1;363116.11;2019-04-30;parcelas_550d20c4-1cb8-4166-8fed-94375d1f0508.csv
1;3408.81;2019-01-28;parcelas_550da329-bcfd-418f-ac5e-9aa64d440257.csv
1;8734.33;2019-06-03;parcelas_550fbc77-8c5e-4eab-aaa8-50ae94334e55.csv
1;2100;2019-08-20;parcelas_551343e4-4fe6-4182-8ccf-b91521686ec6.csv
1;54163.35;2019-01-29;parcelas_5513a2fd-2412-45e1-9d93-0e7b8467ff89.csv
1;45405;2019-08-27;parcelas_5515787f-2742-4bf7-8f86-2722e652c918.csv
1;1348.33;2019-12-11;parcelas_551c7f12-a754-49a1-9660-c7c58ec298cb.csv
1;781.85;2019-02-28;parcelas_5521452e-96d2-4438-838f-1d64a2087dbf.csv
1;51922.5;2019-08-30;parcelas_5525ff2a-b52b-432f-ae81-4660233a0dd6.csv
1;66;2019-08-27;parcelas_55269be0-af17-479d-9ad8-bec98fe0604d.csv
1;10305.65;2018-04-20;parcelas_5529aef9-be11-462d-82fa-d251899b7580.csv
1;32601.98;2019-02-13;parcelas_552bd040-006b-4a31-aff6-f180b8c8f5e6.csv
1;973.5;2019-01-16;parcelas_552d49c3-e8c0-44eb-bbe8-274b6c39d4c4.csv
1;28556.31;2019-10-31;parcelas_552da421-bbb5-4828-a7a6-1315ffb82df7.csv
1;13750;2019-09-26;parcelas_552f99b2-e5f2-4910-b0c2-a4071a5461a0.csv
1;10141.25;2019-12-19;parcelas_553048b7-a392-4d6f-983e-7e96476ebdce.csv
1;250;2019-05-14;parcelas_553303b9-0e5e-4333-99e0-92d410ee3c40.csv
1;1056.56;2019-03-21;parcelas_55340ec3-255d-4d71-b883-5aff45233539.csv
1;5376;2018-11-27;parcelas_5538874e-7852-4294-99f5-d1dd25bfc96b.csv
1;21328.86;2019-11-28;parcelas_553ec8f2-ee3b-4fef-8a53-98d093117cb4.csv
1;129345.64;2019-06-07;parcelas_55415dae-d8dc-4113-be9c-4c96710657f6.csv
1;1996;2019-12-31;parcelas_55431df0-ffe4-4deb-a361-b490ac3f8e62.csv
1;27043.57;2019-04-29;parcelas_5543abfb-45c9-4560-80e8-ff0f34c83ed7.csv
1;5300;2019-08-05;parcelas_55489407-23b1-45cd-80f0-131a1865f9a0.csv
1;65;2019-12-03;parcelas_55489dbf-dc40-4d43-b0ba-388c907336c3.csv
1;1992.24;2018-12-28;parcelas_5548e738-9808-41a6-a267-ad0311f9ce93.csv
1;34081.22;2019-10-30;parcelas_554bd9ad-fb0a-410d-9066-831715ba6c19.csv
1;151.61;2019-08-16;parcelas_554cd8b0-2876-4e2b-b77e-3d99f8ea663a.csv
1;17401.5;2019-05-28;parcelas_554f19a3-0761-4740-9603-7a883be23a65.csv
1;573.35;2019-09-17;parcelas_555145fa-f3a7-4384-82aa-9ad16e4c7f4f.csv
1;205.17;2019-10-17;parcelas_5551f7fe-e3ee-47fd-a50e-f5459b1c4879.csv
1;684;2019-07-29;parcelas_555a2917-ba7a-4ed3-b764-ccf92fe13f14.csv
1;1207.86;2019-05-31;parcelas_55639a27-80d8-47e0-8b97-d64046621b28.csv
1;2651.4;2019-04-22;parcelas_5566911d-b5ab-44c2-88aa-fff4a34f7700.csv
1;6250;2019-11-25;parcelas_5573a215-d976-4cb4-ab0e-831dc32589cc.csv
1;134029.44;2019-10-30;parcelas_55750794-33d2-435d-bd63-b27c384d1890.csv
1;1142.7;2019-03-29;parcelas_557d3a66-5156-46d8-a268-58f2414eb2d2.csv
1;144.61;2019-03-12;parcelas_5580069d-602f-4875-a56c-7263f4887ab9.csv
1;5263.58;2019-08-05;parcelas_55832aa4-822b-49a4-a0fe-ab3a8c96e151.csv
1;92689.68;2019-04-16;parcelas_5584bead-a098-4afe-a00c-5b8a2e7864a2.csv
1;15119.06;2018-12-21;parcelas_5585e17c-d94e-4e3b-94da-23f4f063a1e4.csv
1;20940;2019-04-30;parcelas_55899774-c39a-400c-b061-b17bc93d460f.csv
1;411.5;2019-07-24;parcelas_558a4861-4b2a-4702-9409-c41b0ba94df8.csv
1;1575;2019-11-28;parcelas_558baa4b-3ded-4ada-9509-71ba79393db9.csv
1;45.12;2019-10-14;parcelas_558f7201-53db-4e76-84de-e6c7c43c755e.csv
1;900;2019-01-02;parcelas_558fc8a6-8544-4b0c-a319-e9eae91c69a3.csv
1;17950.56;2019-07-31;parcelas_55986848-4c40-4ce7-87fc-825619815127.csv
1;30826.31;2019-12-11;parcelas_559c5a6b-b8ea-4e54-82e9-b5621664b69d.csv
1;86.66;2019-10-01;parcelas_55a83002-c7e9-40ad-9b8a-27fee118b0a8.csv
1;1148.76;2019-01-28;parcelas_55aab950-f5cb-4b58-ab0f-c0321c714bef.csv
1;34500;2019-06-17;parcelas_55b3d2ea-8d3b-40a8-a13d-ebcc32bcc42e.csv
1;693;2019-10-21;parcelas_55b6ac19-7881-43e4-bd70-5ea46c14ace5.csv
1;170110.06;2019-05-28;parcelas_55b7341f-1337-425a-9707-a806af4d8ef2.csv
1;1750;2019-09-05;parcelas_55b7c3eb-fef9-4f84-bd82-52031af56c23.csv
1;855;2019-11-25;parcelas_55c416a1-b5ee-440e-a842-ce85f0a8013b.csv
1;127.72;2019-03-20;parcelas_55c95a3e-11a2-4709-984b-be8dd5515eab.csv
1;65;2019-12-10;parcelas_55cbd698-c986-40ab-a0dd-2508afcacdeb.csv
1;9353.73;2019-04-30;parcelas_55ccda2c-5a3f-4a84-b7d6-7820ed71bc09.csv
1;180.8;2019-03-12;parcelas_55d5198b-fc8a-48a3-8afd-9286dcded08a.csv
1;9956.13;2019-08-15;parcelas_55d5d94a-87d3-4d4a-8ed0-fcc925e7b086.csv
1;699798.3;2019-10-31;parcelas_55decfcb-64e8-4f41-a053-30f4bb08e583.csv
1;21954.86;2019-11-29;parcelas_55e671ec-4029-4c21-b026-5a04605a7cda.csv
1;525;2019-08-30;parcelas_55e9384f-f8fa-4bf4-a5c7-7ebd293a1102.csv
1;197.35;2019-07-31;parcelas_55edf6d8-d1d4-4b0c-bed4-3f24d720e2b3.csv
1;770.94;2019-08-02;parcelas_55f4a34a-f46b-44bd-a72e-f7aaa1489674.csv
1;1734.14;2019-02-28;parcelas_55f97b8f-9aa5-4864-96d8-3b658a8213a5.csv
1;102.58;2019-08-05;parcelas_55fdfa1e-70bf-4a87-b6f5-8920ed237ede.csv
1;2623.3;2019-11-29;parcelas_55fe6fd5-b654-499b-93ec-72a7c071a2a4.csv
1;208000;2019-10-23;parcelas_5609017f-832e-452b-b720-bb8c5f4d2cf5.csv
1;4000;2019-10-01;parcelas_560909ba-8c80-4e7f-b295-9842ef216bc8.csv
1;283.5;2019-04-09;parcelas_560f0e3f-5113-4ba1-b963-13d1ef0d0d80.csv
1;251.6;2019-05-29;parcelas_560f8ad2-2916-44ca-86bb-5566793ae71c.csv
1;1541.98;2019-05-28;parcelas_5618ce48-14b8-4e42-a6c0-ed215e9bfa3d.csv
1;320000;2019-01-02;parcelas_5619eb24-026c-48e7-9705-cf9815b14c6b.csv
1;3680;2019-09-30;parcelas_561d7f8f-4cd4-498f-9189-d44e6401664c.csv
1;563.7;2019-10-09;parcelas_561f8392-9e50-4f90-b118-742e0f717e81.csv
1;235801.11;2019-07-26;parcelas_5635989e-437a-42ae-813a-c5c6ff02ff67.csv
1;65;2019-09-25;parcelas_5636e515-f4a1-4eb8-afda-2463d89e2f93.csv
1;965.51;2019-01-25;parcelas_563a2d0f-a8af-4670-9986-a44b251d9cb4.csv
1;69.5;2019-03-13;parcelas_564aec92-338c-4d09-8e04-687c8494f5bc.csv
1;1486.74;2019-07-22;parcelas_5651e357-dc73-45a3-994a-af50aa832829.csv
1;1000;2019-01-25;parcelas_565a9a53-4823-41d4-aad6-232edd2d193a.csv
1;170.97;2019-05-28;parcelas_565becd0-10ed-4076-8e0f-00902908513c.csv
1;5127.42;2019-04-05;parcelas_56630e21-fdbd-451d-8b07-075d37eb3266.csv
1;1523.95;2019-04-30;parcelas_5667fb30-801e-4184-af58-7244f95b3b75.csv
1;496.3;2019-01-10;parcelas_56696a17-8bb9-4da5-8e6f-e27609736069.csv
1;79070.72;2019-10-15;parcelas_566e958f-4a19-4ef7-a0e7-fbf656ea0653.csv
1;36487;2019-03-29;parcelas_5678550d-4e41-4801-abf5-8a89d240801f.csv
1;4096.15;2019-03-20;parcelas_5681a289-4a08-4c08-91e9-088b877fa56c.csv
1;4500;2019-07-26;parcelas_5683dd1c-c808-4e69-9ddf-98f96ebc6d1b.csv
1;36000;2019-01-02;parcelas_568da3f3-4b8c-41a6-a6e2-0b637e4cac79.csv
1;75024.15;2019-06-07;parcelas_568f098e-aa38-4c09-8483-752d7d8d8aa8.csv
1;141946.51;2019-08-30;parcelas_56923ba7-4f4d-4df6-8d38-e8138af9b62b.csv
1;4676.21;2019-01-02;parcelas_5692ce08-639b-474c-b51a-2143e985fccf.csv
1;165553.09;2019-06-03;parcelas_569ba893-3db8-484c-8fcd-48959325c97f.csv
1;57;2019-07-09;parcelas_569fad34-c419-4cf7-9c47-40fcc1eb16ca.csv
1;1176;2019-03-14;parcelas_56a2829a-09c0-4b40-b4c0-bc5cea4a5a69.csv
1;73.56;2019-02-08;parcelas_56acd87a-0988-436d-81cf-9157c2f46142.csv
1;18913.63;2018-02-28;parcelas_56b53334-eff6-4a9e-9727-f1c9f272b7da.csv
1;1003.03;2019-02-01;parcelas_56b92f5d-1a55-4500-9475-c609c74af7d2.csv
1;130535.61;2019-01-31;parcelas_56b97092-fe2d-4aaa-bb3e-de8325215260.csv
1;5611.67;2019-07-31;parcelas_56bec328-da12-4ce9-8918-a99ebdeab348.csv
1;11400;2019-06-03;parcelas_56c22f02-160b-4eb8-ac07-cc7939778262.csv
1;1687983.09;2019-01-02;parcelas_56c376e3-ede9-4178-b6ea-a866e224d21c.csv
1;49994.4;2019-09-30;parcelas_56c4363e-2de3-4531-b0a9-a0b9b61c057e.csv
1;2614.55;2019-06-27;parcelas_56c48174-8d7f-4ddc-add6-d411f85abf5a.csv
1;491.62;2019-08-05;parcelas_56c589bb-8387-4d4f-adb5-0359ba3e0b2e.csv
1;103775.16;2019-06-19;parcelas_56c791af-d698-488c-929e-bf2d15067c9e.csv
1;29813.69;2019-07-31;parcelas_56c9c9fd-5269-4911-a283-499fa5b192b6.csv
1;1636.9;2019-03-25;parcelas_56d564ad-9a86-4a96-9ce3-0f64d7d389f2.csv
1;683.89;2019-07-02;parcelas_56d80dd2-3572-496c-9153-9badfc70f86b.csv
1;42742.77;2019-12-19;parcelas_56d96b92-daae-4647-9493-c9e285f92466.csv
1;1521.37;2019-06-19;parcelas_56daa121-4cba-4c88-9312-d184a9792251.csv
1;226.22;2019-07-31;parcelas_56dbc4d7-872b-4118-b0a2-36ad29d13b52.csv
1;2074.54;2019-03-29;parcelas_56e27368-b167-4d38-aa4f-85312dc79bb3.csv
1;692.91;2019-07-31;parcelas_56e7d1b0-799b-4ab6-a5d7-ed239042e42c.csv
1;567.33;2019-08-12;parcelas_56f1c154-6e16-439a-ac06-e58531614b4c.csv
1;136.39;2019-04-15;parcelas_56f3df85-2910-4928-b95e-81e313edb4f2.csv
1;1661.86;2019-01-31;parcelas_56fd9e84-0d51-45a2-9041-144de3aae2fd.csv
1;130;2019-01-10;parcelas_5701e104-2ff5-46f7-8329-c307aa65de54.csv
1;1003.72;2019-04-29;parcelas_57081bd8-3111-437e-b05a-9976cd2ca63a.csv
1;85467.98;2019-04-30;parcelas_570dfcda-1bb3-4a26-af59-be3cc0607798.csv
1;15000;2019-01-23;parcelas_571b4616-d906-40ce-88eb-7f8074fd13dd.csv
1;1334.14;2019-08-23;parcelas_571cc404-2dfa-45e6-bb88-152d9382ca2c.csv
1;14126.5;2019-03-27;parcelas_572baeec-fae9-4126-b2d2-9f1342f96ee7.csv
1;1510.08;2019-04-03;parcelas_572d753d-a86a-4442-ad26-37834f1f3d21.csv
1;4428;2019-01-08;parcelas_57364919-8b93-46f9-ae0b-a6613bb1ef02.csv
1;434.37;2019-05-20;parcelas_573a7045-df6a-4f0e-b193-48b08c86c6e0.csv
1;220575.28;2019-11-28;parcelas_573f0e57-9757-40ef-b703-1d755043d0ac.csv
1;131.46;2019-11-01;parcelas_5745604a-b670-49d6-b352-ef86e748c06d.csv
1;168.42;2019-06-04;parcelas_5748aee7-679d-49ba-a1b1-c1ea1e9f8fa0.csv
1;46680.53;2019-11-28;parcelas_574cd980-379a-44fe-af67-ac044a436662.csv
1;4728.73;2019-02-28;parcelas_575f4a1c-fbb2-404d-af0d-d785772d1261.csv
1;570;2019-10-07;parcelas_5760e295-1c06-474a-add4-6196655a64cb.csv
1;42902.27;2019-05-16;parcelas_5763debf-3dfa-49d9-847a-05bd00ad096e.csv
1;10290.45;2019-01-04;parcelas_576852a8-b5f3-4cdd-b829-422a67d9e967.csv
1;1422479.87;2019-08-12;parcelas_57685e30-70e9-4f6c-8041-a4a6c9816699.csv
1;39900;2019-03-28;parcelas_577b4abe-d88d-4b25-b7a6-d368cf481eeb.csv
1;2788.33;2019-10-30;parcelas_577b5e39-63df-4c2d-b4a4-0bd6612673db.csv
1;535.71;2019-08-09;parcelas_577d8845-4a61-487b-ba23-670c62e1a91a.csv
1;46889;2019-07-31;parcelas_577e6583-3a57-41ed-84bb-d834808e241c.csv
1;520;2019-01-02;parcelas_577e6947-9345-49a8-a93b-4cc97f288a7b.csv
1;5297576.13;2019-04-15;parcelas_5780ca44-4b1b-4880-8620-73ebe615becd.csv
1;63338.93;2019-10-30;parcelas_57847fcb-0877-40ba-a614-9523da9c3c1b.csv
1;325.5;2019-02-08;parcelas_57894a92-2e2e-4a8f-a93e-21a208d3505f.csv
1;7548;2019-04-29;parcelas_5789e592-d409-4807-9055-5bd21a343481.csv
1;4216.97;2019-03-21;parcelas_578cb7f9-45cf-41f3-8501-25431161547c.csv
1;520;2019-03-27;parcelas_578d0265-5aa5-4f0e-96e6-4e41bbe68baa.csv
1;2611.8;2019-10-21;parcelas_578de1e2-ff21-4841-8f6b-a211fe2775cc.csv
1;306.21;2019-08-13;parcelas_57991fb6-4021-48c1-b161-5db90126c4dd.csv
1;849709.55;2019-03-06;parcelas_579bd4e0-b635-44dd-91a0-e02c95f6f317.csv
1;2617.4;2019-06-18;parcelas_579d20be-a942-4e81-a207-2a5332ed2a4d.csv
1;8269.66;2019-01-11;parcelas_57a283f2-4685-477f-bd89-ac9afdfffcb5.csv
1;8730.15;2019-11-26;parcelas_57a8d5ab-cb8e-4e8b-a035-846cc3638dfb.csv
1;79.79;2019-09-06;parcelas_57ab8832-e247-4fe8-8af4-50768e20de7b.csv
1;19263.02;2019-03-29;parcelas_57b7b221-613d-48b9-8f3f-b7c217e51c7a.csv
1;74485;2019-05-30;parcelas_57bb1f05-3d30-44f8-abe9-8dd0d4e0939c.csv
1;1682.16;2019-03-29;parcelas_57bc1a0c-28b6-44dd-89af-8e861296dadd.csv
1;3876.66;2018-11-30;parcelas_57bcc17b-4379-47a9-a2c8-09973294291e.csv
1;3876.74;2018-12-21;parcelas_57bcc17b-4379-47a9-a2c8-09973294291e.csv
1;160;2019-02-27;parcelas_57be862c-203d-474d-b8b4-82a5722c264b.csv
1;20224.91;2019-04-29;parcelas_57c8a76e-1f75-4667-bec2-0bb8b42f21ed.csv
1;190;2019-05-28;parcelas_57cb3c13-59f1-4b5a-91a6-d2e95dbbfbbf.csv
1;684;2019-11-27;parcelas_57cf8d20-9eb6-452b-bc86-f5a130fe0e7c.csv
1;630444.95;2018-12-20;parcelas_57d696c5-7106-47b4-aa56-64601e82d665.csv
1;460404.44;2019-03-29;parcelas_57dbb22c-d16c-4c4f-a41a-ba6a8f1b1b73.csv
1;16036;2019-07-10;parcelas_57e05a20-7f0f-459a-88a8-d7422b72ef0c.csv
1;177.95;2019-12-09;parcelas_57e864a5-6cdc-4198-9b1d-836aa5c8a85c.csv
1;126.36;2019-09-12;parcelas_57ecc0bd-e385-4f23-919c-50f1737debd3.csv
1;85.96;2019-05-09;parcelas_57f20ae8-b2d5-4295-9629-16c96df7e33f.csv
1;11134.6;2019-09-20;parcelas_57ffd71c-5de3-4e53-9657-1be68a19d8f5.csv
1;1235.52;2019-01-25;parcelas_5808ceae-d83f-4d8e-b491-3ff521d6922e.csv
1;777.49;2019-04-22;parcelas_580bb7f8-c82a-4880-9e95-17c3aecca4c8.csv
1;2110;2019-08-22;parcelas_580c5b22-4a8e-4f47-a8df-557bd5305434.csv
1;276;2019-04-30;parcelas_58112bd0-b5a5-4f52-b7a5-3c85d4b8a02b.csv
1;100000;2019-11-28;parcelas_58148752-b3b4-42f3-8d04-92dd9de33c60.csv
1;2426.92;2019-12-11;parcelas_5830fe3d-6748-45e9-b598-f0ee4dc6335e.csv
1;79.79;2019-03-22;parcelas_5849ed1b-8ea8-43f5-aa07-caced94ca0ea.csv
1;101430.61;2019-07-01;parcelas_584db550-86b8-4638-bf75-7ad62b9e8edf.csv
1;2082;2019-06-14;parcelas_5855236d-6170-4663-913c-518e807e548b.csv
1;985.18;2019-07-31;parcelas_58608ce6-aa87-4628-b203-b47c2f97537e.csv
1;46500.89;2019-11-13;parcelas_58613df9-06f0-42bc-b7a0-cd56d11526b2.csv
1;12720;2019-03-15;parcelas_58665f2c-3dfd-47a5-9c75-2067f1663a0f.csv
1;6645;2019-10-31;parcelas_58684ca9-b0fd-49ac-ad8a-5908dd51e480.csv
1;22772.81;2019-09-25;parcelas_586f2e4f-7042-4e37-aaee-c7ea073b146c.csv
1;139.57;2019-10-02;parcelas_587250c3-24ec-49de-8c5d-84ce1f8d51c0.csv
1;15239.55;2019-01-02;parcelas_5872ce86-71e1-4736-8530-60dcd2a0edd2.csv
1;1996;2019-06-27;parcelas_58839e3c-1367-4917-a7cd-77686f7c5ff9.csv
1;1750;2019-02-11;parcelas_58853979-49fa-4173-b507-921d32769aa6.csv
1;23.03;2019-04-30;parcelas_58895daf-707b-48c9-b9de-09b70370dacf.csv
1;1640.14;2019-07-05;parcelas_58952ab9-5897-45af-88bb-9e3baa2776db.csv
1;500000;2019-03-29;parcelas_589ce3bd-5f6c-4034-bb11-e292b8cb0f31.csv
1;1500;2019-10-25;parcelas_589d556e-808c-4210-b718-ebdd91710d07.csv
1;5284.14;2019-06-19;parcelas_589fd33e-7b21-45ef-8389-2056fff2377c.csv
1;16821.6;2019-01-28;parcelas_58a6c0be-ff2c-4e2d-aaca-33a1f2343948.csv
1;7390;2019-02-13;parcelas_58a94d15-128f-4261-b2c4-207e8ac92276.csv
1;241553.43;2019-06-27;parcelas_58bc64a9-6ba3-4bc3-98c1-8e589b99f8b3.csv
1;9050.21;2019-03-28;parcelas_58c0ef22-da09-4321-91b1-df2bba4c0060.csv
1;946.3;2019-11-25;parcelas_58c11485-e935-4846-b44d-63d265169628.csv
1;534.64;2019-10-14;parcelas_58c36b6a-b70b-4f8a-b1fd-c0dd4922d6f0.csv
1;152.5;2019-09-16;parcelas_58c3797a-96bf-4c28-a7bd-5ad43a7a3f48.csv
1;142749.02;2019-10-10;parcelas_58d18255-5fda-4794-8e22-3dbbbc31ede8.csv
1;485205.04;2019-11-22;parcelas_58d1f42f-e97e-4715-80b9-3385bf2a5088.csv
1;25577.1;2019-03-20;parcelas_58d2fbff-3b8d-4b8c-b71c-ef011821aad9.csv
1;17035.5;2019-04-08;parcelas_58d595bd-3005-4b19-83b1-f8e53f77256a.csv
1;883.86;2019-10-25;parcelas_58da915b-e15d-4dea-8cd2-3f336a8288db.csv
1;5856.67;2019-11-28;parcelas_58e72168-8bc7-4ca7-b2aa-acfd52132c7c.csv
1;297893;2019-09-19;parcelas_58ed3565-77f1-49d1-baa0-d9cb72978eb8.csv
1;264;2019-11-25;parcelas_58ee2627-c92e-4f56-8f8c-c06061f924f7.csv
1;2859.35;2019-09-09;parcelas_58f1dca4-ac95-45ea-8635-60a8f6e51822.csv
1;2234.01;2019-04-29;parcelas_58f7db30-f57b-4512-a6be-0a46ab79d01e.csv
1;58.69;2019-07-26;parcelas_58fd2a56-2ca9-4dfd-856a-359a6d9850dc.csv
1;37243.49;2019-04-22;parcelas_58fda5bd-2975-414d-a72c-4e04587389ce.csv
1;235133.39;2019-04-30;parcelas_59011eb6-9115-4ba6-9239-d5f8bfd79c37.csv
1;300000;2019-03-11;parcelas_590e81cf-9722-4186-93d3-d4cdbdbdd345.csv
1;2518.67;2019-09-30;parcelas_590e8b65-278d-4fe1-8c5f-606202683319.csv
1;153.33;2019-04-03;parcelas_59135a51-371d-40b1-a261-b18f960c8af2.csv
1;166.95;2019-06-27;parcelas_591a4941-6963-42ef-a9bb-03cbeb2f16f0.csv
1;417.5;2019-03-25;parcelas_591ff6c4-068c-4a16-abca-440d9733e3e0.csv
1;180000;2019-07-31;parcelas_59261f02-8944-44b1-8c71-0e98c3709bdd.csv
1;1180.27;2019-03-18;parcelas_592813bc-7215-4b69-9110-e476f009881e.csv
1;4094.14;2019-11-07;parcelas_5932679f-8317-40d5-91aa-74ec0402ed55.csv
1;23751.47;2019-04-12;parcelas_5936594b-39dd-4ffb-a3b7-d17275893471.csv
1;2928;2019-11-19;parcelas_593daca5-8984-4fe1-820f-55607e889aef.csv
1;2000;2019-02-28;parcelas_593f722b-69e5-46d7-ae7f-4ceab2b285c2.csv
1;80.09;2019-10-31;parcelas_594091bb-8dbe-4860-a8c5-ff226c04fdcd.csv
1;489.64;2019-02-18;parcelas_594746ba-20bd-4218-a450-1e06db9dc16c.csv
1;1916.38;2019-06-27;parcelas_5947e5fb-7921-42b3-80eb-039b512105d3.csv
1;499.01;2019-06-04;parcelas_59481d9e-2e46-4c1a-a1e6-3955fba15932.csv
1;39.89;2019-11-14;parcelas_5949c0ac-f480-4241-b39f-0d68cfbea970.csv
1;1233309.41;2019-03-29;parcelas_5951ee4e-653f-42a3-a283-3e0e910f0529.csv
1;30970.91;2019-08-30;parcelas_59520ea8-e44d-4982-9b60-40538b8504a0.csv
1;350;2019-06-17;parcelas_59529f91-cc35-488e-a860-a6a3b50a4d46.csv
1;1150;2019-02-22;parcelas_59623979-11f8-4265-9bfc-849942834655.csv
1;43440.83;2019-03-26;parcelas_59625cc0-1238-40e7-b052-8a8ee5ce9d16.csv
1;105.51;2019-07-17;parcelas_596504d3-5eae-4cbd-a1ef-4c68eb182055.csv
1;26250;2019-01-28;parcelas_59670318-936d-42f6-8e08-da3621c60a91.csv
1;3639.5;2019-02-28;parcelas_597012fe-3f39-42ce-a11c-27da4a7e6c84.csv
1;44105.45;2017-08-08;parcelas_5984e134-406f-4a96-bced-be18554ade1b.csv
1;1485.51;2019-01-02;parcelas_59882f12-9e07-48b5-a92a-6b422fb49f8b.csv
1;1102.27;2019-11-29;parcelas_598f1f07-c24c-42f1-8ebd-b8173760fc36.csv
1;30547.5;2018-08-13;parcelas_599738ea-e14d-403e-a461-a06cd75f7961.csv
1;1083.13;2019-11-18;parcelas_59a8fa66-54f8-40b1-907d-33dec19ce3d1.csv
1;77.12;2019-02-28;parcelas_59b5554a-72e9-475e-bafd-961e5f83c498.csv
1;60612.96;2019-07-31;parcelas_59b8bbdb-4526-4c1d-847b-d4d641243c02.csv
1;19920;2019-12-05;parcelas_59c61411-fab9-4c63-a17b-56b70a687080.csv
1;6975;2019-01-02;parcelas_59cc6c63-1328-4a79-a3a2-0c9fed3b226e.csv
1;6086.24;2019-04-30;parcelas_59cc9237-71fa-4057-a39e-fb7767997d00.csv
1;15543.65;2019-12-11;parcelas_59ce3d84-4f23-43e7-9be6-005402939844.csv
1;491359.8;2016-05-31;parcelas_59d4e4e9-6057-49ad-afb4-5f413d98e19e.csv
1;5839.45;2019-07-29;parcelas_59d6c569-6e86-4ee6-9e04-58e36408530f.csv
1;10184.52;2019-07-31;parcelas_59d93396-4698-49e5-a4fa-bb18aa1d8dae.csv
1;175700.57;2019-12-19;parcelas_59e20b6e-55e1-4a37-8664-403b34fb125b.csv
1;169400;2018-11-29;parcelas_59e6e3b8-3472-47d5-aa58-ba939ed069d1.csv
1;377.51;2019-11-28;parcelas_59e7cf4a-51cf-4b5c-ba2d-9ad541d54fd1.csv
1;15750;2019-10-11;parcelas_59f32c17-6dff-422d-8f34-962e9a8cb9b3.csv
1;65.1;2019-02-08;parcelas_5a03ecc7-514c-4f95-b12f-56dad3c5e9aa.csv
1;191.62;2019-06-19;parcelas_5a055792-8f96-44a4-bfbf-f59f13ceb366.csv
1;1695.34;2019-02-11;parcelas_5a11fb9b-6f1e-4531-b68a-811fc3cba18a.csv
1;2169;2019-04-02;parcelas_5a159ae9-a3b9-4c24-aa84-c8ed429152c2.csv
1;1791035.5;2019-04-29;parcelas_5a18a9dc-56c4-4b1a-aa46-9a111812158f.csv
1;1247.5;2019-04-26;parcelas_5a18edb0-f6ae-45ce-8379-0e9671d1d44c.csv
1;262.92;2019-11-26;parcelas_5a282e6d-1d82-45cb-b1b4-c4210048226a.csv
1;6155.36;2019-05-28;parcelas_5a2e3e2b-50bd-4f2c-b0be-82702f7d5666.csv
1;2799.25;2019-09-16;parcelas_5a3439ee-1da4-47ec-b427-572fecd20dbb.csv
1;498.43;2019-09-30;parcelas_5a3ce5c1-4aec-4adb-9a98-8e15f3a80d10.csv
1;205.2;2019-11-26;parcelas_5a3ddf7f-472b-471b-b1f5-064295ce2fd3.csv
1;5686.31;2019-10-02;parcelas_5a402744-1877-4b2a-a1d7-de09c4a7ecdb.csv
1;2032.22;2019-09-30;parcelas_5a490547-0255-4d0c-b13a-b7c7bc15bd2c.csv
1;4.9;2019-12-31;parcelas_5a4a3968-008b-4db3-93fd-3a8b5c624a23.csv
1;7346.56;2019-01-04;parcelas_5a50a8a5-17b5-40d6-9de4-1b1632737009.csv
1;15277.01;2019-12-03;parcelas_5a519664-1378-43f2-84f7-f332c0791973.csv
1;79.79;2019-07-25;parcelas_5a5a6f2f-c083-4023-a49a-c8fa7edad775.csv
1;11397.8;2019-10-14;parcelas_5a5e3130-0721-4d85-92ce-3ea3ff8493da.csv
1;1996;2019-02-28;parcelas_5a5eeace-64dc-43d8-aeeb-3768a073e0fd.csv
1;39.6;2018-12-28;parcelas_5a61d37b-c2e9-448c-ac0b-6e46b3d8d0ff.csv
1;79.79;2019-08-13;parcelas_5a646534-b50f-4594-974c-b97a5ef8cffb.csv
1;2519.48;2019-02-21;parcelas_5a782daa-569d-4419-8ef7-9081853cda22.csv
1;675614.92;2019-08-30;parcelas_5a7e85da-0145-4aeb-9f35-685b877a2af8.csv
1;63.35;2019-05-22;parcelas_5a813e4a-e75b-45a2-9022-74a0076eea22.csv
1;56181.11;2019-06-19;parcelas_5a81f760-a3a4-46f4-b2f5-97f41112466f.csv
1;22900;2019-10-28;parcelas_5a834340-973c-4229-bf3c-ec418bb65ad0.csv
1;68684.05;2019-03-14;parcelas_5a852ab2-2a94-40a4-898d-07dae4156a5a.csv
1;204556.05;2019-01-02;parcelas_5a85ded2-f0d0-49bc-b64d-50d0b9caed59.csv
1;17340;2019-01-25;parcelas_5a87d967-981d-4a7c-8320-3d724633252b.csv
1;6123.56;2019-11-25;parcelas_5a8f66bb-26c6-45b1-871b-2bc15ca40655.csv
1;239;2019-07-16;parcelas_5a96f6ad-44bd-4371-a810-022511298745.csv
1;193521;2019-01-21;parcelas_5a9851d2-dff5-4a2b-8a33-d3b55af89f78.csv
1;20900.48;2016-10-27;parcelas_5a9b0461-8b3d-42e1-b03d-a203114a2f20.csv
1;3930121.12;2019-08-30;parcelas_5a9b1439-62ea-4f73-ad36-b9518ef070da.csv
1;78939.61;2019-03-29;parcelas_5aa73f14-0ad8-4234-b78d-018a6d30dd0f.csv
1;658.2;2019-06-27;parcelas_5aa7fbe8-11d7-46cd-8508-6ffc785d4964.csv
1;104.13;2019-05-08;parcelas_5ac0155d-8028-4770-91e7-24c3457c1a0e.csv
1;1347.5;2019-08-30;parcelas_5ac0cf45-c2e4-41ef-9a34-7895e71baa42.csv
1;229650;2019-05-20;parcelas_5acb8b0b-5627-4e6f-a934-f5fb55a97bf6.csv
1;8635.58;2019-06-27;parcelas_5acd311d-5b25-47d5-9338-3412f27beb64.csv
1;774.63;2019-10-31;parcelas_5ad3dc61-fad5-416c-8217-b9f2e2c48f8c.csv
1;33653.77;2018-12-31;parcelas_5adc3b04-1609-4925-88c1-d7f45b07abc5.csv
1;2000;2019-07-12;parcelas_5adf2514-e552-4a36-b4eb-e65230d83641.csv
1;1;2019-04-08;parcelas_5ae5e44c-4541-4b6c-a4c1-6372d1a35177.csv
1;65;2019-09-20;parcelas_5af2fda3-50e3-42af-9efa-fe3dda17dc05.csv
1;1276.58;2019-11-28;parcelas_5af5d373-0825-47c7-97a7-0cc90ec9a89f.csv
1;104.13;2019-03-14;parcelas_5afc1846-312e-4652-b449-89ccaa8e25f3.csv
1;197557.5;2019-04-22;parcelas_5afc7eec-b75f-495b-bb63-50133f354c4d.csv
1;278.07;2019-09-24;parcelas_5b04a99e-994f-4912-99e0-78503636901f.csv
1;6038.5;2019-06-27;parcelas_5b099325-3579-45d1-8f7b-ce992d3b964f.csv
1;20.95;2019-02-21;parcelas_5b0b3063-f672-470e-8fb3-d0f380f67595.csv
1;2049;2019-11-19;parcelas_5b0f89e0-72ac-40ba-a251-0b32e9b23f0a.csv
1;25.88;2019-12-31;parcelas_5b115013-d5e8-47d1-8e5d-1162ea54dada.csv
1;34880;2019-06-12;parcelas_5b160093-379b-4f38-a05c-6d80dee37f9a.csv
1;290.5;2019-04-22;parcelas_5b19417a-7fd0-4eb8-8dfe-acab241a98bc.csv
1;822;2019-09-05;parcelas_5b1f24db-67ff-4446-b529-2a645c3dab25.csv
1;86090.83;2019-07-31;parcelas_5b232eef-1a9f-4b1c-a05d-4fbaf5c1e713.csv
1;25000;2019-07-26;parcelas_5b29f4bf-3879-4f18-b4db-40fff139f457.csv
1;65;2019-01-07;parcelas_5b2b4f85-3f91-4c93-9a0e-8aea87dbaf89.csv
1;6648;2019-07-31;parcelas_5b3357a2-1917-4deb-973d-8c06d86b0f34.csv
1;1325.65;2019-12-30;parcelas_5b387526-2f2c-4b59-9ffc-da862631c786.csv
1;24960;2019-05-24;parcelas_5b442166-bdcd-44a4-b28f-b6afd134edec.csv
1;1450.97;2019-09-24;parcelas_5b443d4b-df78-45ac-a9ed-cf89fd133555.csv
1;79.79;2019-07-30;parcelas_5b48e12c-e46a-47c5-8065-1a6b397713e2.csv
1;5116.58;2019-04-30;parcelas_5b510b40-5b97-40a6-9327-7bd6f7c49a57.csv
1;1512.43;2019-09-05;parcelas_5b534151-d598-4b32-94e9-0d5acb4adc8d.csv
1;133.17;2019-03-29;parcelas_5b5424a5-28fe-47b2-b631-4cbf115a83f4.csv
1;2217.4;2019-11-28;parcelas_5b61e4be-b573-4c77-9354-b8500bb12bbd.csv
1;79.79;2019-05-09;parcelas_5b64207b-5320-4713-95dd-cdf703834327.csv
1;490.11;2019-11-08;parcelas_5b64fe28-ba0a-4fcc-ad91-67bbcb98ae47.csv
1;8103.97;2019-09-30;parcelas_5b65b5a5-6c10-4b04-9c62-2b85dd49f502.csv
1;324.66;2019-07-08;parcelas_5b724e0f-8433-404e-9ac4-eadaba3f12f8.csv
1;740791.78;2019-11-28;parcelas_5b77e5ba-f7d6-43ba-9a5f-bababb41c077.csv
1;520;2019-04-29;parcelas_5b797aae-0540-40bd-93de-21f62b2990b8.csv
1;2872.92;2019-07-31;parcelas_5b7ebd7e-be57-4f8c-b63e-7351316dbed6.csv
1;1079.81;2019-07-11;parcelas_5b858d43-494f-4e82-8c7e-4a3becc2c54a.csv
1;6697;2019-09-02;parcelas_5b899806-ea20-44d6-99dc-dae0e84f2cf9.csv
1;391.29;2019-03-01;parcelas_5b8d8a41-e365-42f4-9367-7cfb9913bbff.csv
1;1029.56;2019-03-20;parcelas_5b92404d-aa09-4472-903a-7c25f01f9b83.csv
1;179285.74;2019-08-30;parcelas_5b925420-2f84-4287-bd93-aeb640b2c7bc.csv
1;18273.25;2019-01-02;parcelas_5b979af4-fed2-4c86-b2ef-5fb62c53df88.csv
1;7536.15;2019-09-06;parcelas_5b97be03-d041-4f88-ac00-cea2b183eb95.csv
1;1225;2019-11-28;parcelas_5b9d6852-9119-4e8a-ae0b-299c0ed7b53a.csv
1;13000;2019-04-17;parcelas_5ba8775e-0d80-4202-90c6-e0cf4b6aa566.csv
1;9857.19;2019-09-30;parcelas_5ba9c4df-db5f-4237-a87e-4c49b9917786.csv
1;14733.25;2019-01-31;parcelas_5bac954f-7328-4676-9810-9d083a4f2ef8.csv
1;4044.14;2019-08-01;parcelas_5bad21e6-d009-4bb9-ad10-8fa6ba95c815.csv
1;79.79;2019-07-04;parcelas_5bad6fa4-e643-45a1-a801-b3d27e893a9e.csv
1;449;2019-05-21;parcelas_5baf7bbc-1d83-4b35-b942-9c7da4201ed6.csv
1;513.92;2019-06-14;parcelas_5bb14324-19c3-40c7-8f80-03069543b54d.csv
1;30000;2019-08-30;parcelas_5bb2501b-f940-4f54-a6c5-eacd298128cd.csv
1;13700.29;2019-06-06;parcelas_5bb544de-6ea0-48f9-b7e2-a779e52282f6.csv
1;499.99;2019-10-16;parcelas_5bc171e8-0dac-4cfb-9927-b93d0bb72cf9.csv
1;5000;2019-01-02;parcelas_5bc7fcd2-a08a-4a7e-b60a-36da99f8dc2b.csv
1;195.01;2019-06-27;parcelas_5bcb1b08-54a9-4fcb-9c8d-944640e94d55.csv
1;4246.9;2019-07-31;parcelas_5bccec67-3144-4421-857b-6296ab23d23a.csv
1;1900;2019-11-11;parcelas_5bcf9137-3711-4a4f-a37c-d526bebf8561.csv
1;141302.99;2019-06-13;parcelas_5bd35782-5020-4af5-9946-1de7847b58fb.csv
1;356005.58;2019-05-15;parcelas_5bd5e25c-e565-4d8f-bf33-74f9bd0fa9a2.csv
1;5497.95;2019-07-31;parcelas_5bd7aca7-3df2-490e-bbb1-75846e126214.csv
1;8300.32;2019-02-28;parcelas_5be77073-71dd-4c9d-8837-d8149a956827.csv
1;7226.22;2019-12-09;parcelas_5bff34a2-5780-4b1a-9bde-c3d0beebeb1e.csv
1;423130.56;2019-01-31;parcelas_5c181152-9d6f-4312-85e9-fef5d25256a8.csv
1;42149.51;2019-11-28;parcelas_5c1d10da-a4e4-4059-8be4-df2e2b5edaca.csv
1;1996;2019-08-30;parcelas_5c1d4327-6f37-4459-b46b-00cf0d95e8d8.csv
1;8537.27;2019-11-25;parcelas_5c1f9166-8f09-492c-9526-320239b054ad.csv
1;100000;2019-02-28;parcelas_5c229222-371c-44bb-a39f-f1e7ad78c3ad.csv
1;8376;2019-02-11;parcelas_5c2305c3-9bb4-4130-afae-2ac77c752237.csv
1;11509.98;2019-07-31;parcelas_5c2dd65d-469e-4758-8e08-da9c9fb20a64.csv
1;2000;2019-05-28;parcelas_5c314b2f-3fb3-4292-ad73-05411210b256.csv
1;2275;2019-07-31;parcelas_5c36617f-809b-4631-8d3b-fb47259d1f71.csv
1;13370.81;2019-03-12;parcelas_5c367ef9-3bb6-45d7-aa51-57bf49092425.csv
1;2100;2019-12-19;parcelas_5c3b8d43-9e89-4256-ae8f-279b9520fdb8.csv
1;1418.84;2019-09-26;parcelas_5c4818f6-65c8-41ab-aea9-d818d123bce5.csv
1;1615.95;2019-10-10;parcelas_5c4936b5-bb7c-4eae-9170-1b1153641e9e.csv
1;13414.77;2019-06-27;parcelas_5c50a43b-2f6f-41b9-9486-21dbfe5a553f.csv
1;25884.01;2019-05-28;parcelas_5c5478e9-78c8-466e-b656-fd8e0a96dbe0.csv
1;991.63;2019-05-10;parcelas_5c562c55-75b5-4556-a069-b269d32e763b.csv
1;1790;2019-04-23;parcelas_5c569b97-53d8-41ce-a5f2-7b7a6a1a566f.csv
1;1303.75;2019-01-14;parcelas_5c58a82f-4dcc-4f93-b883-204631e4eef0.csv
1;1699.21;2019-02-28;parcelas_5c5cbb6b-21b0-438f-b733-7ca63f42502f.csv
1;10605.56;2019-03-29;parcelas_5c5dce70-f1c5-4d32-a572-90459381c319.csv
1;2446;2019-04-11;parcelas_5c5f7b0b-80c0-41ea-a6ff-bdfe20f9cbf0.csv
1;4274.65;2019-07-04;parcelas_5c60baba-4825-48c2-a881-f153e5c22ac9.csv
1;2625;2019-10-30;parcelas_5c650084-9495-4943-a82a-00a381623900.csv
1;20096.2;2019-06-27;parcelas_5c69c3a0-5eb4-42ad-b5de-d50e77e46aa6.csv
1;40;2019-05-31;parcelas_5c6b006e-bc71-4f7b-8a8e-b1b593da4b04.csv
1;6358.47;2019-07-08;parcelas_5c706df6-4103-49eb-97e6-421cca40ab75.csv
1;250000;2019-11-27;parcelas_5c707f36-d8ee-47b5-a69e-b3355e3be644.csv
1;1848.36;2019-03-29;parcelas_5c72403b-fa8e-4239-8418-5a2d8aea8cee.csv
1;100;2019-03-29;parcelas_5c744a22-0476-4427-95ea-a6b6ab739adc.csv
1;289950;2019-01-03;parcelas_5c76fb7e-ee9d-4101-acc0-9952e73ca577.csv
1;424.69;2019-01-14;parcelas_5c77bfc4-1033-442f-aa65-8d42b6050921.csv
1;1451.9;2019-07-02;parcelas_5c7ca74c-7db5-42fc-b46d-7f23eacdd2f2.csv
1;14040.85;2019-09-02;parcelas_5c832c36-52c4-4556-8ae8-a77254cfbda9.csv
1;5000;2019-01-29;parcelas_5c876331-1cfb-4229-986a-7e8f4ff0d0a7.csv
1;35252.45;2019-07-31;parcelas_5c87f924-d409-4859-b83b-b0437275494c.csv
1;21878.05;2019-05-21;parcelas_5c941d35-ec7a-4105-a5c9-e1125fae9d5c.csv
1;3357;2019-09-05;parcelas_5c970b76-00e1-4ade-b2eb-853c5048498b.csv
1;20000;2019-08-27;parcelas_5ca531b5-5a77-4e24-9c6a-4055b97b9117.csv
1;540.96;2019-11-14;parcelas_5ca7b3ac-4a08-4d7a-9408-35c1a5f2d88d.csv
1;11560.02;2019-04-29;parcelas_5cb8fb62-3d98-4879-94f0-f068cb3a928a.csv
1;1898.6;2019-07-15;parcelas_5cbc77dc-4752-4ed3-8196-dbb8bd345eb7.csv
1;153.6;2019-02-25;parcelas_5cbf6b84-329b-4a48-9d42-d9491c0d056d.csv
1;275;2019-07-03;parcelas_5cc1b9d6-e566-4e18-b896-31477685f7cc.csv
1;6474.2;2019-08-30;parcelas_5ccbc884-69d2-4b23-a5ed-a0fa8cd33780.csv
1;370;2019-07-10;parcelas_5cd6b658-d222-4605-8e97-5db86a0cb970.csv
1;3850;2019-10-30;parcelas_5cd96ad6-e889-4758-8bda-e6695b5f0380.csv
1;1149.25;2019-06-27;parcelas_5ce42eab-ffb2-4973-97fc-8a79e18d1996.csv
1;29383.76;2016-07-29;parcelas_5ce5de3e-140d-4bcd-8ea1-b0b1441491c6.csv
1;35000;2019-10-04;parcelas_5ce8aa28-255d-4c99-bd0c-0ec91d4d99a5.csv
1;2897.31;2018-02-20;parcelas_5ce98e01-599a-4a90-8ddd-5ff9a88c3c13.csv
1;7997.84;2019-09-30;parcelas_5ce9b1a6-4919-4261-ab04-22c792716d7f.csv
1;5475.25;2019-07-04;parcelas_5ced2412-019a-4ea8-b2f1-b8037e7198cd.csv
1;40000;2019-09-26;parcelas_5cf05b7f-ab92-4324-8909-ac282b1f3465.csv
1;65;2019-07-02;parcelas_5cf1c9a5-0792-454d-9275-926604023db6.csv
1;147223.26;2019-05-08;parcelas_5cf6cca7-5f60-491a-ad2f-b5f6338d4065.csv
1;324795.36;2019-06-27;parcelas_5cfaa88d-5085-42e7-83c1-fea97d74548a.csv
1;160.16;2019-10-02;parcelas_5cfab825-c77f-4ee3-8a02-6e635679537d.csv
1;2798.75;2019-05-21;parcelas_5cfd86b6-7931-4c54-b871-304f82c0c1f0.csv
1;328.9;2019-09-19;parcelas_5d0e19a6-cb80-4538-8435-baa3ccbc36e3.csv
1;102.05;2019-05-07;parcelas_5d132041-0e32-4f15-a249-984eaf4efaba.csv
1;5362.72;2019-01-02;parcelas_5d146e15-44e1-4ed4-9cc7-03283d602f7e.csv
1;22799.9;2019-03-14;parcelas_5d1810e1-2670-4a35-a3fc-a54325d0b9ae.csv
1;200000;2019-02-12;parcelas_5d210bbf-ce5b-46fc-9bb3-c367c058394c.csv
1;18000;2019-08-01;parcelas_5d219e4f-b2e7-4a82-9e04-6e2d9c1a87a8.csv
1;12.98;2019-03-12;parcelas_5d27cc37-5fa2-4638-8ec3-b41e4889442e.csv
1;2766.07;2019-01-21;parcelas_5d298ff8-044b-40a3-9593-3b9187dd238d.csv
1;59964.48;2019-08-27;parcelas_5d2a84fc-072a-4b4d-9aec-0f40934ae482.csv
1;4920;2019-01-02;parcelas_5d2ad754-254f-4c53-9c64-036cd953d661.csv
1;1782;2019-04-22;parcelas_5d2f86f0-c469-4138-9464-bb0b46abc64b.csv
1;203.1;2019-07-22;parcelas_5d3acdd4-5ac5-4ad3-a305-666e69835501.csv
1;946.5;2019-02-12;parcelas_5d3dfc19-199a-4107-ab17-2ba24962abd9.csv
1;25418.61;2019-10-29;parcelas_5d3f002e-c2c2-4e18-8abd-5b15f3e178eb.csv
1;5839.45;2019-10-17;parcelas_5d4037a6-8354-4d02-846f-04f1bcd4856a.csv
1;11790;2019-10-31;parcelas_5d4464d4-722c-473b-8532-669193ffbaa7.csv
1;1688.18;2019-08-30;parcelas_5d4490b0-d227-4205-93c2-2127c8b83941.csv
1;1000;2019-01-22;parcelas_5d45431b-ecd5-4263-aa2f-7c8d9f848f7d.csv
1;586.9;2019-11-26;parcelas_5d486b10-2d6d-4951-8379-f27428fd2bee.csv
1;38150.27;2019-10-30;parcelas_5d4c5aa0-c7a1-48ed-a520-48cbe9314e18.csv
1;41715.79;2019-05-06;parcelas_5d5173ab-6fc8-4016-a4c9-9b338e4cd274.csv
1;1144.8;2019-05-28;parcelas_5d56d43a-f8d3-472d-b7d1-90697da1f159.csv
1;124.49;2019-03-06;parcelas_5d56dab8-a14d-4cbe-aabb-20f94d3602ec.csv
1;20700;2019-04-04;parcelas_5d5d52d4-afe1-4b1a-ae77-150bf0578712.csv
1;1115.05;2019-02-01;parcelas_5d64fee4-9668-4c26-8c7e-e82de2fe71cf.csv
1;1000000;2019-01-02;parcelas_5d679eab-75d3-421c-8a8a-cfae93fcc679.csv
1;5815.83;2019-06-27;parcelas_5d67ee7d-236f-4c26-9044-f47d4c9d2d17.csv
1;45.01;2019-02-14;parcelas_5d6b403b-db6f-47c6-a109-f351e2660c39.csv
1;466723.09;2018-12-28;parcelas_5d73687f-2a25-4c23-ab37-d387c8b313e9.csv
1;10000;2019-06-04;parcelas_5d825f3e-c67e-4c2d-8a85-b3cdb0580f8e.csv
1;770600;2019-08-30;parcelas_5d8f488b-d3b5-4aab-9e69-56efad2c9238.csv
1;104.13;2019-02-14;parcelas_5d91c50a-9dc0-4562-87a2-40ef03fae56b.csv
1;1400;2019-08-30;parcelas_5d91ea09-41b4-4aca-a044-295343bb60da.csv
1;1955.3;2019-07-12;parcelas_5d9ac785-0144-4fc7-9a7a-f871f2ea24db.csv
1;34212.17;2019-06-27;parcelas_5d9f3380-da07-4d46-90fe-ae44bf0e2afe.csv
1;350;2019-12-19;parcelas_5da6df16-2507-416c-9a45-c1b89311166b.csv
1;1168.94;2019-10-10;parcelas_5dc3ce98-71ea-4235-a0b1-27a95d76e3b8.csv
1;814359.02;2019-09-30;parcelas_5dcfb5cf-891f-44fd-b36b-02c3009cc22a.csv
1;8618.24;2018-12-20;parcelas_5ddca140-0fac-4d75-bfeb-d3a7455de166.csv
1;851.36;2018-11-30;parcelas_5dec0bac-d7c4-42a2-be2d-5d20aedff7c2.csv
1;134754.22;2019-09-11;parcelas_5df37f56-f00e-4e8f-a641-f5b42fdcfdab.csv
1;79.79;2019-02-26;parcelas_5df73346-ab6b-4eb7-9c3c-eb774379f10a.csv
1;140.92;2019-01-28;parcelas_5df993b2-2cdd-4e7f-bf5b-e6f819c6653d.csv
1;1253.92;2019-09-17;parcelas_5dfe5c38-0ef8-42a1-b6ea-95e463de5686.csv
1;6416.12;2019-10-29;parcelas_5dffa108-9d09-4c86-9087-ea027c9c36cb.csv
1;4057.49;2019-05-28;parcelas_5e09e301-abe8-450c-96d8-ced0b159ab4b.csv
1;11375.81;2019-11-25;parcelas_5e0d11b5-437e-4163-989c-1c81ba5108ac.csv
1;24349.06;2019-01-10;parcelas_5e194743-9a76-4f57-8140-4a30b4f9a1d9.csv
1;4881.26;2019-08-30;parcelas_5e1a6ab0-5d89-457e-b1c4-7e93277c06de.csv
1;16189;2019-10-31;parcelas_5e21695d-7d10-42a4-8d72-50209f5b8811.csv
1;5400;2019-07-02;parcelas_5e24f0d6-64b6-45d2-816c-bb6cfed91cac.csv
1;333;2019-08-09;parcelas_5e2a61f8-6395-46c9-9086-d04526426859.csv
1;65;2019-04-03;parcelas_5e33d91a-9e5a-4ade-b9bc-06e4cde597b7.csv
1;4298.92;2019-01-04;parcelas_5e36f6e7-32c8-47ff-ae4d-cb2291bb131f.csv
1;25590;2019-06-03;parcelas_5e3776fd-02af-4b58-996a-fc377d15d374.csv
1;7063.86;2019-04-30;parcelas_5e4146cb-83c5-4227-afdb-e52e1aaa18c7.csv
1;391428.17;2019-08-27;parcelas_5e475b2e-ed34-4c31-96d2-4d5652a42cc0.csv
1;104.13;2019-11-07;parcelas_5e48a799-ffb2-40aa-b2fc-36b4ab1db5cc.csv
1;553431.24;2019-03-01;parcelas_5e4a4b57-a0c6-46ae-8514-7d49be51f581.csv
1;1996;2019-08-23;parcelas_5e52c687-b2bd-4efb-ba9f-f51bc611ade7.csv
1;59.03;2018-12-28;parcelas_5e5cc634-fb9a-4dda-a822-b5360d7a05ee.csv
1;1548.52;2019-07-01;parcelas_5e669026-5d24-4220-ba50-3657898586e1.csv
1;37517.8;2019-11-06;parcelas_5e68cfba-de21-4f67-bc31-de33caa2d423.csv
1;2765.11;2019-01-28;parcelas_5e6acc92-5f0b-4b3b-a685-f25355f7e823.csv
1;62998.29;2019-11-29;parcelas_5e6f2879-3b52-4d3d-ab19-b304e39029d0.csv
1;179.28;2019-01-31;parcelas_5e70c646-0e42-4b1d-87b3-4521a52a4748.csv
1;8191.5;2019-01-25;parcelas_5e76275d-99fa-4182-ba15-833cd45899ad.csv
1;68438.64;2019-03-20;parcelas_5e89e364-4136-45d4-8aa3-67f7d1492b35.csv
1;26.2;2019-04-12;parcelas_5e8fab2f-4d8b-4222-8d42-b01a3dd47568.csv
1;26425;2019-12-19;parcelas_5e917845-d4f2-487f-9de8-3bd67f5a1644.csv
1;327;2019-01-10;parcelas_5e994389-50b9-42d0-9d1a-1b7664cebc15.csv
1;24605.35;2019-07-23;parcelas_5e9a8e69-ddb3-4840-bba9-097f794d4b38.csv
1;4295.2;2018-11-27;parcelas_5e9d0a59-8dab-434b-9d30-1504a82a2246.csv
1;9000;2018-11-27;parcelas_5e9d0a59-8dab-434b-9d30-1504a82a2246.csv
1;5648.05;2018-11-27;parcelas_5e9d0a59-8dab-434b-9d30-1504a82a2246.csv
1;270618.17;2018-08-13;parcelas_5ea150d1-7bf9-487f-821d-a95e27efeda0.csv
1;40804.46;2019-01-28;parcelas_5ea2190d-7f81-4083-ad5b-2414a865b35d.csv
1;859.5;2019-06-11;parcelas_5ea5e2bc-5912-4bdf-9c3a-9f7cdd08e829.csv
1;510.16;2019-09-04;parcelas_5ea83650-c5d6-4f43-8dd4-2c3fd49b76cd.csv
1;38160;2019-01-02;parcelas_5eb7a16a-8b74-4267-8a43-f9ba6f672960.csv
1;3099.85;2019-03-12;parcelas_5ebb9f64-3043-4586-8ef3-39b86b4d10c1.csv
1;491359.8;2016-07-01;parcelas_5ecc3a68-f90c-4be3-bea6-45161518cbb4.csv
1;150;2019-12-09;parcelas_5ecc731d-c535-4195-8afd-9f65992ab8fb.csv
1;1657.15;2019-11-26;parcelas_5ed63818-70aa-4c9d-805b-5a0209c2bb0a.csv
1;553.35;2019-07-11;parcelas_5ed7281a-076e-4ac7-879f-5c626a164702.csv
1;1560.51;2019-12-31;parcelas_5eead861-221e-4c4c-964e-82ecf31ecf69.csv
1;16820;2019-07-01;parcelas_5eed9f80-5ae5-4ab0-8b4a-ca45ee861be4.csv
1;2049;2019-09-25;parcelas_5ef3d256-199b-48c7-82af-faf40f72b5c3.csv
1;413011.52;2019-11-25;parcelas_5ef7492d-c4ef-46a8-a739-6a123fc1cb13.csv
1;72.96;2019-07-31;parcelas_5efc8afb-5ec4-4b88-9702-57786227b4d8.csv
1;677057.26;2018-12-31;parcelas_5f04e558-c245-47a1-9527-90926e4b8a96.csv
1;2887.5;2019-08-30;parcelas_5f0e0e10-3d4c-4c80-8a09-9c6c97ede9c7.csv
1;21894.77;2018-12-28;parcelas_5f10da2c-9dde-49f5-93cc-fc874eaed588.csv
1;377.51;2019-08-30;parcelas_5f1756f8-5b89-46b4-bde0-10dec68f3067.csv
1;34680;2019-03-12;parcelas_5f1bb65a-0b27-4607-9342-ba280fdc3b8c.csv
1;26250;2019-07-31;parcelas_5f365ce2-c3a6-414a-84ad-374d23c2f4ed.csv
1;200.1;2019-09-18;parcelas_5f376d44-1e25-4a91-895f-9ffbe8d9f3f7.csv
1;586.86;2019-10-29;parcelas_5f3c8530-3b38-491c-a30e-7999bc08b226.csv
1;120;2019-08-13;parcelas_5f3e4904-ee31-4423-96ff-ee5510759480.csv
1;65;2019-09-12;parcelas_5f42fd5c-b962-4535-b8d8-5bc09c9eff0f.csv
1;6525.82;2019-01-25;parcelas_5f47b3f6-5ebf-4a09-a423-92049b9544b4.csv
1;1255.94;2019-08-30;parcelas_5f4888c1-64d5-43ac-ae40-f3f613e0cdd8.csv
1;295147.74;2019-07-01;parcelas_5f4c3e53-f404-4c39-9676-ae45068523ce.csv
1;332.61;2018-12-28;parcelas_5f525e9d-a012-404c-8102-4a4d1cf134dd.csv
1;1300;2019-03-08;parcelas_5f5afa87-fd16-4c1d-9179-585b12958b17.csv
1;200000;2019-07-31;parcelas_5f5b0471-587e-41bb-9614-41c91a7e1eb2.csv
1;2000;2019-01-21;parcelas_5f5ca1d9-e78c-43c6-8395-a45b825f9cd7.csv
1;45.08;2019-12-02;parcelas_5f5d0d97-d4d1-4674-9adf-fd1e3a7b1d1f.csv
1;800;2019-01-02;parcelas_5f623cdc-4305-4cdd-804d-373fc342eb92.csv
1;4757.32;2019-06-28;parcelas_5f81c3ed-3d73-4467-b3da-ddc1f4932b79.csv
1;4562.8;2019-02-11;parcelas_5f8415f5-936a-4d71-b323-4b3dc46d68a9.csv
1;889577.96;2018-12-28;parcelas_5f87b738-196f-4527-b34a-da3231818b6c.csv
1;5464;2019-02-11;parcelas_5f881b0a-0c72-4f85-9c28-91f62d8eeabc.csv
1;35.1;2019-03-29;parcelas_5f8dadcc-3064-4c1c-bfd7-5c9e0f6d8e4c.csv
1;118.62;2019-11-29;parcelas_5f9950ce-8a73-48b7-938e-1fae67af9139.csv
1;105.95;2019-03-12;parcelas_5f9c1361-5546-4a81-adea-6130d6196b46.csv
1;160;2019-05-20;parcelas_5fa67471-3d57-46ea-b11c-6f0f63f88bb6.csv
1;1113155.41;2019-10-23;parcelas_5fa860b4-08c5-4600-b4e0-9a6b0a52f412.csv
1;17874.16;2019-10-30;parcelas_5faafa97-ac3c-4722-a5d2-a3c23f790a54.csv
1;808.22;2019-06-19;parcelas_5fac6564-2fff-4923-9d01-39d2f161b24f.csv
1;1021.9;2019-09-09;parcelas_5face776-3b64-49ad-96bb-13a1f42dcb88.csv
1;1619.05;2019-08-09;parcelas_5fae0394-0a57-48a7-9285-928a42c9b6e6.csv
1;20385.54;2019-04-01;parcelas_5fbadf91-b4fb-461a-b1a5-53391cdb9f2c.csv
1;700;2019-05-20;parcelas_5fc40e30-9a95-4cf3-b285-9516053abdeb.csv
1;43900.36;2019-02-27;parcelas_5fc49c72-8095-4597-8a8d-f7c6ef91a287.csv
1;26385.12;2019-07-26;parcelas_5fcbae89-3f1e-4b62-b8d3-30327b49c469.csv
1;117.27;2019-01-31;parcelas_5fcddfd2-e6b0-4308-a63d-1f12198f9294.csv
1;2945.43;2019-01-28;parcelas_5fd857f7-a0ae-495f-9d51-9964acf3a02a.csv
1;104.13;2019-08-22;parcelas_5fdab8cb-7959-4f08-b216-b2d30061efae.csv
1;736.5;2019-01-28;parcelas_5fe20a1d-8db5-4d92-a4f6-3e69c3ff6c91.csv
1;26355;2019-11-27;parcelas_5febdb33-1d26-47e8-9b42-3a85d7b7f0f9.csv
1;78699;2019-06-14;parcelas_5fec0a70-4e00-4d3d-9576-fb2a245a228d.csv
1;571501.5;2019-02-11;parcelas_5fed8111-0180-495b-ae33-006a6725ed63.csv
1;290951.59;2019-12-11;parcelas_5ffd1a09-b6ed-459f-b81c-1cadbde2467e.csv
1;35367.73;2019-02-28;parcelas_60004168-f4c0-4d9d-8154-52bfe241cbc4.csv
1;35833.48;2019-10-31;parcelas_6005d963-0d3f-4889-9f50-b23397425113.csv
1;26;2019-12-11;parcelas_600abbbc-a426-4b3c-b9de-74e89e02b49f.csv
1;86020.49;2019-05-31;parcelas_6015aabd-64d2-4c92-bcdf-07a46328edcd.csv
1;3097.32;2019-10-08;parcelas_601d2437-ae1d-43b8-8310-f559f5da8bfa.csv
1;7096.01;2019-07-25;parcelas_602cc4c3-6762-475f-8f94-d0790ca296a0.csv
1;5395.95;2019-10-30;parcelas_602fc11f-b0b6-43bb-88d0-e020f6f9398c.csv
1;1288.4;2018-12-31;parcelas_603550d8-b1a0-4c16-bb4e-d5ce3d81161f.csv
1;5443.93;2019-11-07;parcelas_60386b7a-1c19-4cb2-b9af-57571fb9390e.csv
1;1218;2019-01-07;parcelas_603daa53-2231-4c31-be99-652377a00b1f.csv
1;3441.62;2019-10-30;parcelas_604450a1-88a8-488c-a5cd-acb7ddb909be.csv
1;16906.75;2019-09-30;parcelas_60510ffb-e9e7-42d4-8643-59d7f1ac1ad9.csv
1;35907.4;2019-06-03;parcelas_60524ec8-50bf-4110-9ba0-26fc1b2f3149.csv
1;1250000;2019-12-19;parcelas_6061d049-67d3-49d4-a1e0-d20fc5b5a3db.csv
1;32.7;2019-11-11;parcelas_60672e9e-e0e4-4a85-bd01-7cd57734266e.csv
1;9777.3;2019-03-11;parcelas_6075116b-95bc-4814-b3e0-edcedfeb5adf.csv
1;310.63;2019-06-10;parcelas_60783e32-8d27-40bb-a6f2-6a59528c5fd0.csv
1;65;2019-04-23;parcelas_6079f9cd-1910-4355-b31b-eb0a2e46a9c9.csv
1;12660.4;2019-05-28;parcelas_607ce915-c2ce-4fb3-be36-c08bf2245ae0.csv
1;350.24;2019-07-08;parcelas_607e6f8d-8b68-4539-83b4-7a145d0c4707.csv
1;150.05;2019-04-12;parcelas_6083f368-b642-4cff-bcc6-703300f72bfe.csv
1;34577.94;2019-07-31;parcelas_60855e57-733c-47de-9e2c-c4dcf94525c0.csv
1;111204.75;2019-12-27;parcelas_608b5f20-a186-48e6-b46d-76e6b16eeb3a.csv
1;10549.68;2019-07-31;parcelas_608f63e9-ba7f-413d-8d6e-3fa47607c7c8.csv
1;1112.67;2019-01-18;parcelas_60917f00-949f-4aa1-a886-a180cb503f77.csv
1;71666.96;2019-01-02;parcelas_6092ebba-f58e-4291-87c1-b71e3eeaa1d4.csv
1;356.5;2019-04-22;parcelas_6093692f-d183-4a1e-bd08-79a7a2c83357.csv
1;3686.79;2019-01-28;parcelas_609b0ad3-212a-4bab-ba28-7aab09f6a35a.csv
1;41309.8;2019-01-07;parcelas_609e406f-55b6-49f0-8fa1-d1769e07d5b1.csv
1;452.2;2019-02-08;parcelas_609ea15d-cb48-44c1-92a7-c60f0e8752b9.csv
1;59280.92;2019-05-28;parcelas_60a82cb5-c482-4f6c-9f9b-4f9a4bb880f0.csv
1;70000;2019-09-23;parcelas_60a8ca6d-bb09-4024-8c4b-c53423611363.csv
1;1230;2019-11-13;parcelas_60abfad2-d03c-4ac4-9564-a6bec4d8e8a6.csv
1;3050.83;2019-06-27;parcelas_60af8333-e70b-483a-9d72-f45cb263b65e.csv
1;12159.39;2019-03-28;parcelas_60b32fb2-aec7-45f6-9b72-3fef9fdcf171.csv
1;78998.9;2019-01-28;parcelas_60b38783-806e-4af5-8fb9-43947ac1df60.csv
1;2785.1;2019-11-29;parcelas_60b8b0ae-d7b4-4b43-95cb-54b5335ee4ab.csv
1;166.25;2019-09-30;parcelas_60bd23cc-de27-4d21-95f0-8ec8e7c99e7a.csv
1;828;2019-10-31;parcelas_60db4763-5f04-46e4-884d-c491caa3fb6e.csv
1;981.26;2019-02-28;parcelas_60dbabaf-0cce-4c27-b2d6-e685e4102492.csv
1;79.79;2019-08-26;parcelas_60e40971-9329-4d5c-8a85-3fe5740cc963.csv
1;24328.25;2019-04-09;parcelas_60e804b0-708f-4dd0-91d8-4fbdb3034089.csv
1;52048.66;2019-10-30;parcelas_60ee5ecf-4b3d-4351-b002-945f84ba7b10.csv
1;282;2019-01-25;parcelas_60f0f77e-d0a3-45fe-865d-325435b06de8.csv
1;1156.07;2019-04-22;parcelas_60f4ed2e-9eb4-4914-9366-b8ee1bae1b79.csv
1;765698.84;2019-01-31;parcelas_60f5c3b7-821f-4397-9235-963491b6d330.csv
1;3830.97;2019-03-29;parcelas_60fe9079-8f7f-4a33-a3e3-54dbb47f1ee3.csv
1;961422.41;2019-03-22;parcelas_60ffe9d6-77e8-49d9-8ce4-6e5eb4f7c187.csv
1;2910;2019-04-03;parcelas_6107a16f-6cd6-45c6-ac6f-d815f2f224fd.csv
1;46104.75;2019-03-11;parcelas_610f1e99-530b-4085-9024-e20ed520185b.csv
1;2383.18;2019-01-28;parcelas_611821b0-e14c-4252-a494-922c8d3b5074.csv
1;377.75;2019-06-24;parcelas_61184e31-e0df-45d8-8b7d-4ea70f429f7a.csv
1;1445914.96;2019-02-28;parcelas_611b7370-5fe3-4a03-a114-8bfcd2388262.csv
1;18729;2019-03-15;parcelas_611d69cc-15bb-40e6-aa77-60afe7eb31e4.csv
1;156.49;2019-08-13;parcelas_611f628b-1218-47ba-97c5-46c89ee469e8.csv
1;4835.82;2019-10-30;parcelas_61201442-a184-46bc-a71b-c6ff0630be80.csv
1;1353.97;2019-01-10;parcelas_61208501-7654-4bad-ab48-9b0c71902544.csv
1;79.79;2019-12-10;parcelas_613320d5-e5fe-4981-aa38-21fdde62d6c3.csv
1;40225.19;2019-07-31;parcelas_61335dd4-c421-4a2e-914d-4568a14f7533.csv
1;581.38;2019-07-29;parcelas_6137e4cd-d3d5-45b1-a085-e58bc8ab7be5.csv
1;5373.47;2019-05-21;parcelas_6138bf95-a336-403a-811d-00df53d44743.csv
1;403.43;2019-02-08;parcelas_613e491a-058a-4e20-980d-6fb3567ce927.csv
1;96432.05;2019-09-30;parcelas_61404d8d-13bc-4c55-a10d-7ba6f4eb3961.csv
1;29400;2019-11-07;parcelas_6151c8dc-1f54-4466-aef0-190472292b8c.csv
1;6300;2019-08-30;parcelas_61520e87-7dc1-40be-8095-5c0006c58696.csv
1;500;2019-05-15;parcelas_615226de-1d1d-4d86-bfdd-8f022aafca5a.csv
1;341.5;2019-03-26;parcelas_615d1050-b7f2-42db-a3bd-3edc066c411e.csv
1;37611.58;2019-04-01;parcelas_615d7017-8ca9-4e2d-a8ef-2f0b4342dd12.csv
1;27720;2019-04-03;parcelas_61625904-a9c6-4584-b618-1820b07927f8.csv
1;12000;2019-03-01;parcelas_6168fa3c-6155-4bb0-a1af-baea8a17127c.csv
1;2387;2016-11-30;parcelas_616b04ba-bd18-4341-b67b-32456631a074.csv
1;5304.6;2019-03-12;parcelas_6174bc1c-92e0-416c-ba24-956fc5747983.csv
1;12858.67;2019-09-24;parcelas_6182a44d-d08a-4e45-abfd-8b491f170934.csv
1;119.23;2019-04-24;parcelas_618533ec-1772-491f-a19c-7c168d21970e.csv
1;1056;2019-10-16;parcelas_618fa375-a4c1-49d9-b62c-0f83741c9e9b.csv
1;17100;2019-10-04;parcelas_6192110d-0a56-43ac-b96b-026faeb4ec0c.csv
1;227.96;2019-11-19;parcelas_61a0749d-559c-4737-ade5-97400309c4f3.csv
1;5290810.02;2019-08-27;parcelas_61a4edc2-625f-4e83-ba3b-a985eadb54ee.csv
1;64621.48;2019-03-29;parcelas_61a74c16-8a77-4ca6-8f26-0f9b7150b376.csv
1;14.17;2019-04-04;parcelas_61ac962d-1899-4915-94ef-c7b13e048d36.csv
1;2097.64;2019-03-29;parcelas_61bba532-b99d-44f8-88b2-2cc1c260f9fc.csv
1;10470;2019-08-30;parcelas_61cf988e-6cb7-4472-b2eb-6aa7ff008843.csv
1;65425.8;2019-09-04;parcelas_61cfecd2-f362-47b2-b9c4-a46cc491491f.csv
1;11340;2019-10-16;parcelas_61d98505-f234-4b2e-b991-f5c949f9a451.csv
1;6306.75;2019-12-31;parcelas_61de18ad-b893-4092-b66d-6300aee51aec.csv
1;58570.62;2019-09-30;parcelas_6204d5a8-39dc-4dfe-a2ce-225de41cea70.csv
1;23052.58;2019-04-30;parcelas_62055bc2-c9fb-47d0-8d22-cfeb421a6b71.csv
1;45600;2019-08-13;parcelas_620f1161-0289-4120-9b6c-946ff6d4f6d8.csv
1;21033;2019-12-11;parcelas_6219abe7-807d-40f9-9fea-d914968bb0fe.csv
1;700;2019-12-19;parcelas_621d6f58-dc31-4ea7-bb05-aa6c9f99ecb8.csv
1;4680;2019-10-25;parcelas_62282dcd-a9ff-47a1-bfd8-bce6a3ad2a97.csv
1;200;2019-08-15;parcelas_62285a30-e8c8-407e-9b96-9c98f0360780.csv
1;41.02;2019-02-27;parcelas_62308947-fb28-4839-85dc-d43bc5e8bdbc.csv
1;212.8;2019-09-05;parcelas_6230b134-5c3b-4ccf-b47e-1f2b76b6ddb6.csv
1;426.38;2019-11-29;parcelas_62384240-bd50-4684-b817-a795aa09658e.csv
1;40200;2019-10-11;parcelas_62468fc4-e3fd-4698-94d2-22016f849857.csv
1;2884.58;2019-07-31;parcelas_624b813f-c5a3-488a-8b63-13a7f551e4e8.csv
1;66.33;2019-01-31;parcelas_625184ef-aa66-47dd-9f6c-a12af6ea6b42.csv
1;916.52;2019-03-29;parcelas_62521fb8-f97b-452c-a6dc-7712e8410b6c.csv
1;238162.1;2019-03-06;parcelas_62585e95-0e55-4106-b88f-701ef5a3bbd0.csv
1;1530.27;2019-12-10;parcelas_625971eb-5cd1-407f-a529-a78d9242a238.csv
1;480.89;2019-02-22;parcelas_625a1e7c-b782-4e83-a605-b7317e854b8e.csv
1;135132.73;2019-06-27;parcelas_62625dcb-04f9-4f1a-9856-7c9ecb25c93b.csv
1;98;2019-01-25;parcelas_62647ba7-dacb-4a4b-a418-3f4305b9d645.csv
1;284.84;2019-11-11;parcelas_62677865-d2eb-4fc0-9e7d-dcf2b402c897.csv
1;9759.62;2019-10-21;parcelas_626dce81-ed74-46ae-88d0-02be653ff6af.csv
1;4500;2019-08-27;parcelas_627da69f-815c-4301-a8df-e9c2f9575561.csv
1;13801;2019-03-20;parcelas_627fe566-d7a1-4c37-b8e1-28f2c1d3b78d.csv
1;157760;2019-10-22;parcelas_6280ec02-93ea-4050-a8ee-dfbafd7adf50.csv
1;3185;2019-07-17;parcelas_628a100f-2f22-4943-b8cd-761173979121.csv
1;389.97;2019-05-31;parcelas_628cc338-1387-47e8-9539-e8ad271b0ee6.csv
1;14470.97;2019-04-30;parcelas_629e7ce2-2f18-414a-b33e-cc694855cad1.csv
1;7305.05;2019-12-11;parcelas_62a7d497-2e9f-45f0-8c6a-746e306da9ca.csv
1;13192.5;2019-02-27;parcelas_62aa4659-1871-4397-8a60-4f1c1f7f2f47.csv
1;453.54;2017-12-28;parcelas_62ae83f2-3fa6-472d-9d36-d816570f126e.csv
1;441.59;2017-12-29;parcelas_62ae83f2-3fa6-472d-9d36-d816570f126e.csv
1;974.83;2019-11-29;parcelas_62b26b61-2be7-4ce7-8a33-a460cbbf959d.csv
1;29925.01;2019-03-14;parcelas_62bd7b50-3f0d-4568-b8a1-e42443958fe2.csv
1;8642;2019-02-13;parcelas_62bddf1d-5851-4162-8eac-85d10e439b84.csv
1;18930;2019-07-26;parcelas_62c525db-2e1a-4df0-a14a-a6dacc2e935e.csv
1;260;2019-06-27;parcelas_62c530d8-ea1f-41a2-9ad0-4109518147ff.csv
1;22975;2019-06-27;parcelas_62d1edf0-1a5d-4934-ae58-7aad6ae26725.csv
1;2849.45;2019-04-30;parcelas_62d35416-124b-4c80-9c01-5444af195dc3.csv
1;367.65;2019-10-25;parcelas_62d3c8f7-7724-4620-9a7e-399822cd4ea8.csv
1;613666.33;2019-01-02;parcelas_62e72a75-07d3-4caf-aac2-cb70fa09bc45.csv
1;122824.96;2019-06-07;parcelas_62ecb249-a856-4819-969d-759270feb7ad.csv
1;169996.88;2019-10-25;parcelas_62f53dc8-cae3-44ee-9a72-712a2e22aaf7.csv
1;11803.08;2019-12-31;parcelas_62fe1517-a0cb-4274-bbd3-6de46072fccd.csv
1;17450;2019-08-01;parcelas_6303dc56-03f1-4f2d-8e6f-2849a720221e.csv
1;32111.59;2019-12-30;parcelas_63040805-3fbd-4e5e-bc88-f855827b37b2.csv
1;11106.89;2019-08-09;parcelas_630d0d82-babd-4233-b43a-c94d218850c0.csv
1;7807;2019-05-29;parcelas_630ea083-b7c8-4042-9b36-44a0846d6a18.csv
1;2622.5;2019-05-21;parcelas_631898c2-2130-4727-8f96-2cf975480f96.csv
1;611.2;2019-02-25;parcelas_631e4850-ee22-49e3-8490-97dac64f0a26.csv
1;2255.7;2019-07-31;parcelas_63254d06-1765-4d9e-af30-b601255f33a8.csv
1;3915.69;2019-01-28;parcelas_632b82c2-425c-443c-acbe-be0748383ba8.csv
1;39.55;2019-03-29;parcelas_632eed6c-7f6a-4c7a-998d-7a2037b027ba.csv
1;2043.77;2019-05-28;parcelas_6330c388-fd38-4bba-a78e-101d398ed57e.csv
1;46046.1;2019-11-28;parcelas_6344ee24-ef1d-4b77-b853-211463d8296c.csv
1;506.5;2019-07-22;parcelas_634e4f69-d2cd-4032-853c-8f7958de85a1.csv
1;1200;2019-02-13;parcelas_63504975-1978-4918-8e95-49b62ba16057.csv
1;138794.1;2019-08-30;parcelas_6352a303-773a-4ec2-bb5d-6e0f418443df.csv
1;4441.72;2019-07-10;parcelas_635702c0-d2db-4e29-9c90-996bdefab0fb.csv
1;16526.23;2019-03-01;parcelas_6357d726-bbae-4b4b-b8c0-cad0df4678eb.csv
1;220.83;2019-01-25;parcelas_6358d1c6-5c75-47af-90b6-cb8341bd9948.csv
1;3940;2019-09-17;parcelas_6359a409-2626-42f8-bffc-2c92ad8c97e6.csv
1;28022.3;2019-11-25;parcelas_6364a614-431f-4cbe-8ce3-d95fafc7be23.csv
1;19704;2019-10-11;parcelas_636e6e9b-8a3b-42a9-b32a-b5f3c20738e0.csv
1;299431;2019-08-27;parcelas_637ec523-818d-47e0-8122-6664b6d76944.csv
1;1590.16;2019-08-21;parcelas_6386256e-c05b-43ac-b95c-463135fbe71b.csv
1;3848;2019-01-21;parcelas_63886397-f989-4b53-b8be-ab47393d18b5.csv
1;3791.63;2019-05-02;parcelas_638a39e6-f02b-492e-8c1f-19ca6894ddf0.csv
1;6578.6;2019-08-09;parcelas_638a3dfb-33a4-4738-8a2e-3d215818e11f.csv
1;1274;2019-04-24;parcelas_6393ddf6-046a-4275-9331-ec72a0267e0c.csv
1;47237.68;2019-09-04;parcelas_639899cd-1d7e-4ed5-9660-c728bfc3f858.csv
1;1815;2019-01-31;parcelas_639b67a6-2c60-4b06-8f9f-8c34838d7b64.csv
1;34636.21;2019-04-30;parcelas_639f5e1a-3029-4aec-8637-0456b8b0bd85.csv
1;1193.3;2019-11-26;parcelas_63a375cc-4fb6-447c-a24d-6f635ef78ed3.csv
1;449.18;2019-07-15;parcelas_63a47547-ecf9-412b-b93e-70c437e1baa1.csv
1;4740;2019-11-14;parcelas_63ab95b1-86c5-400c-af73-4efa08c37eed.csv
1;186.03;2019-09-05;parcelas_63b1bff9-f785-489c-8542-066f763ac411.csv
1;28388.92;2018-12-07;parcelas_63b6aeb9-1ee2-4d42-af6c-7e1e006ebff4.csv
1;143970.19;2019-04-30;parcelas_63c10480-c6b5-4e24-9c5f-b0dabf24911e.csv
1;2095.17;2019-03-12;parcelas_63cfa9f7-9673-4fe9-a95e-5b7989a11a1a.csv
1;3305.74;2019-07-26;parcelas_63d520f8-da6e-4d39-a23a-329ff1998304.csv
1;6276.05;2019-04-02;parcelas_63e1eec4-279d-4ebc-931b-ca3257745dde.csv
1;540;2019-11-12;parcelas_63e1fde8-29a8-4f92-8874-88a92e4ec46e.csv
1;307.75;2019-05-07;parcelas_63e22ed8-6eff-44e8-85da-d0dae2182708.csv
1;1425.76;2019-06-27;parcelas_63eef1df-1e6b-455c-8403-a8bbdb21689f.csv
1;15016.97;2018-12-31;parcelas_63ef614e-4df7-4db0-b24d-e19a37fd2632.csv
1;6589;2019-06-14;parcelas_63f1da46-fb08-4985-ad6e-eddefd529771.csv
1;1758.75;2019-07-16;parcelas_63f20747-8066-44cf-9fd6-2bfc56535d41.csv
1;483196.44;2019-08-30;parcelas_63f76f42-985f-494d-95c1-4141bacf5fea.csv
1;173.1;2019-10-30;parcelas_6402067c-666d-4fd5-91d7-1eb32cc992c9.csv
1;5171.23;2019-06-27;parcelas_6407b5b7-ad46-4bd3-a93f-8b8411e72c2b.csv
1;10036.25;2019-11-28;parcelas_64108f36-e33e-4810-a09a-70f751ec55df.csv
1;3000;2019-12-17;parcelas_6413adfd-4a57-413f-a045-50154942c789.csv
1;170.97;2019-12-11;parcelas_64198a38-fe9c-4d83-9521-39228eb551e8.csv
1;72000;2019-04-03;parcelas_641a9aa6-9427-498f-b049-e8eaa7020d14.csv
1;8707.81;2019-01-28;parcelas_641e3a33-9415-45b7-9a70-4cf2a91347b5.csv
1;51426.58;2019-12-19;parcelas_642ca5de-7c26-410f-ae87-9c99deee2f60.csv
1;31952.25;2019-03-18;parcelas_642e1bde-820b-44a1-b3dc-88e109d1c2b6.csv
1;1822.45;2019-01-25;parcelas_64306806-2334-4ea9-a00b-08a95b455646.csv
1;107606.88;2019-04-09;parcelas_64350d31-69a4-48a7-9d11-223dd6c33214.csv
1;3854.8;2019-10-31;parcelas_6436f324-0ee8-49eb-a159-439821c0595a.csv
1;30029.98;2019-02-05;parcelas_64398db6-1c52-49a8-a005-8ea018d9770b.csv
1;491359.8;2016-10-31;parcelas_64406619-996a-4786-b154-700fe07391c6.csv
1;1685.83;2019-07-31;parcelas_644bcf8c-9620-4a50-a101-473b1c3fb563.csv
1;16.67;2019-03-08;parcelas_6452919c-bc61-4816-b924-e9f3cce0ef99.csv
1;2884.69;2019-04-29;parcelas_6453b401-5c61-4d9f-b3b8-3cc055a7cc0f.csv
1;107.34;2019-06-28;parcelas_6456a76b-8313-4a69-a43d-481a50852e4c.csv
1;849;2019-07-18;parcelas_64581059-8955-4b8f-9ce4-946a4eab1aeb.csv
1;6837.97;2019-08-07;parcelas_64586743-5499-40c6-8c9a-93cf9879effa.csv
1;406.51;2019-05-07;parcelas_64604322-ced6-4af3-a72f-95db7d0bda32.csv
1;3329.9;2019-08-21;parcelas_64621e8e-ebb6-44e9-8e5c-a4b324980cde.csv
1;2527.1;2019-04-09;parcelas_6466e510-4f59-4889-abf8-78a966223b3b.csv
1;279.3;2019-03-12;parcelas_64674769-0160-4ea5-a681-7462665ed18e.csv
1;72450;2019-04-29;parcelas_64676def-8ea6-4805-ac4c-49084911655c.csv
1;5079.87;2019-01-02;parcelas_6467f726-fff5-4819-bd3c-5510868215d2.csv
1;4287.28;2019-05-14;parcelas_64685cc1-05d8-49bc-a6d3-fa94aeca5cc5.csv
1;192650;2019-10-21;parcelas_646b94ff-9894-4cfb-8a1d-30cabfc3816d.csv
1;90000;2019-04-01;parcelas_64757975-94e1-44f3-916c-7e040284b0a7.csv
1;5014.51;2019-05-31;parcelas_647b4acc-d824-423f-839f-32a2bc4c3c94.csv
1;57705.88;2019-01-28;parcelas_64922fba-3e81-4218-82ce-d6237ebdba94.csv
1;17063.03;2019-12-13;parcelas_64954f95-5421-41a3-8730-a12e27d80b78.csv
1;8000;2019-02-13;parcelas_649cf492-6864-4cd3-89c7-65a7d521f544.csv
1;206.25;2019-02-21;parcelas_649f23dd-c725-43cd-8d2e-7976214fa85c.csv
1;1486.74;2019-03-20;parcelas_64a3638c-8f68-4d5d-8303-0dc5547ba637.csv
1;18260;2019-02-26;parcelas_64a9d3d6-2602-4aec-833e-a9f86c63bb09.csv
1;750;2019-04-16;parcelas_64ac89ec-24aa-4e4b-8011-86725479fd00.csv
1;26385.12;2019-01-31;parcelas_64b3109d-3f66-4faf-9fde-15b69c60bb2d.csv
1;3866.93;2019-01-31;parcelas_64bf78ad-7773-47ba-8e21-4318f48574ea.csv
1;17769.07;2019-03-20;parcelas_64c2fc50-cbe6-46cf-bced-ca4a06140daf.csv
1;9805.45;2019-05-20;parcelas_64c6911b-5c01-480e-bc8f-b1f3a821762b.csv
1;25.5;2019-09-17;parcelas_64c80f9f-5296-4c62-950a-6ae1316eb1e0.csv
1;589.88;2019-02-28;parcelas_64d0099b-7477-4c15-bc5f-3b223d80347c.csv
1;20586.31;2019-12-31;parcelas_64d07556-6052-4925-8d94-a6b51ef6de66.csv
1;27222.57;2019-02-22;parcelas_64da7850-caa6-45f3-bc42-752350c50035.csv
1;112.12;2019-10-14;parcelas_64de2d6f-1317-4d9e-9981-c64010157dce.csv
1;561.02;2019-01-28;parcelas_64df2f22-0eab-45ee-b9b2-c9859b1179b4.csv
1;5000;2019-01-31;parcelas_64e63219-389d-46fb-88b9-381e799365da.csv
1;160.56;2019-01-02;parcelas_64e80d6b-5160-4bf4-8064-dd3f12ca232c.csv
1;901.56;2019-08-26;parcelas_64ef6f42-46af-496d-8c74-8214b57dc5eb.csv
1;26539.85;2019-01-28;parcelas_64fcbeb9-6554-4f27-b53f-97ddc3f79f8f.csv
1;34020;2019-05-10;parcelas_65073467-2251-4eb4-8e7b-05b6be2e284b.csv
1;4275.76;2018-12-31;parcelas_65079553-e295-43a5-8924-0edf7c3253f0.csv
1;67500;2019-07-03;parcelas_650e9db4-9ed0-45e5-a8b3-b021bca3ade2.csv
1;10944.62;2019-02-04;parcelas_650ff233-27ee-4fa1-8762-0b7a6d3d2e73.csv
1;410.46;2019-09-26;parcelas_6510eb36-7dca-4e41-8258-49acdd420148.csv
1;50068.54;2019-08-30;parcelas_6512b05f-24ba-4884-acb7-45630b1207e2.csv
1;66.66;2019-02-20;parcelas_65134ae4-b4ab-48d5-bf82-8e91a41c1273.csv
1;3602.36;2019-03-12;parcelas_651608b8-0410-45a2-bce7-cd7c4a580339.csv
1;740.87;2019-05-03;parcelas_652136de-1e9c-4dd3-8d6c-a4621f8594e4.csv
1;3704.81;2019-11-29;parcelas_65296338-06a1-4b74-a3d4-e48a3c6921bb.csv
1;547.2;2019-10-21;parcelas_652c1e0d-d5e5-4add-8fd1-23ca06c1145d.csv
1;27946.2;2019-01-02;parcelas_6530c149-cf0d-436c-b579-efd7f665233d.csv
1;123960.68;2019-10-30;parcelas_6531a74f-a538-4337-a68a-dd6df471c9cb.csv
1;291.2;2019-10-21;parcelas_65351f8a-0c59-4001-9489-44211667066b.csv
1;256.35;2019-01-31;parcelas_65355fe1-b2e7-42f4-834c-6fefd236d914.csv
1;821617.38;2019-04-17;parcelas_65387f6d-06d5-4d62-82b7-681d1e37f872.csv
1;1395.67;2018-12-28;parcelas_65431b4e-29ab-4f5e-a2c3-d7184d03a18a.csv
1;13200;2019-01-03;parcelas_6545a920-f8cf-47f5-8c75-91166ab0b938.csv
1;3400;2019-06-10;parcelas_65482bd9-e021-40a4-99aa-9d5230064996.csv
1;12804;2019-03-21;parcelas_655506cc-9f16-4f81-9bed-ddbe01a3808f.csv
1;121.38;2019-04-12;parcelas_6556051a-3690-495f-89ea-57b87ded33de.csv
1;155998.62;2019-11-28;parcelas_6565e278-f7ed-4514-8569-88116dae3956.csv
1;125.83;2019-09-30;parcelas_65666397-7cea-4450-8da3-e5b0362c1236.csv
1;101000;2019-09-30;parcelas_6566fc5d-59de-482e-b0d2-ee682d7d29ac.csv
1;10678.46;2019-07-16;parcelas_657be181-1c4a-43f4-ae9c-b5229bccc683.csv
1;3412.5;2019-09-30;parcelas_657f8f80-a7cb-4218-9c49-312f259ab6bb.csv
1;5684;2019-10-04;parcelas_6583b77e-b9c2-4ae5-be26-432d75475e52.csv
1;7495;2019-10-16;parcelas_658a6df8-22db-4a8c-858c-eb19b031c516.csv
1;80829.83;2019-12-31;parcelas_658b29c1-3f1d-48ab-9258-e8cee672a587.csv
1;617.76;2019-06-10;parcelas_6593706f-a386-4669-8fce-565e8fc425fd.csv
1;307.75;2019-06-10;parcelas_6597e516-39b7-426d-be43-9bc6eac952b5.csv
1;2546.25;2019-11-28;parcelas_6599aab2-98ab-4786-8b70-d2ae37237bc4.csv
1;2232.5;2019-06-18;parcelas_65a53ef6-c134-44c8-98e4-df2908dc6e71.csv
1;2199.17;2019-11-28;parcelas_65b10e28-52fb-494a-8628-20cf565c6468.csv
1;296896;2019-04-29;parcelas_65c70fd0-ae5b-4171-8a83-4bb7560f746b.csv
1;51.63;2019-01-31;parcelas_65caec9c-a463-4927-acf1-db8be8ef5a41.csv
1;831;2019-06-03;parcelas_65d13cbe-0381-4f92-a7d3-f275807f9e43.csv
1;313.42;2019-01-15;parcelas_65d16b4d-3f0c-433e-9840-01f24adbf922.csv
1;129284.24;2019-11-28;parcelas_65d8de2f-145e-4e6b-9530-51932e5f0f28.csv
1;307.75;2019-07-03;parcelas_65da7a04-0277-4873-a691-c448d761f19e.csv
1;314825.19;2018-05-18;parcelas_65daf725-98e9-4804-b54b-0cc2d8b13bea.csv
1;1468.64;2019-09-05;parcelas_65dd374e-7a4b-4f38-bcee-6142fd68c567.csv
1;2275;2019-10-30;parcelas_65dda912-ea3d-4f8b-a19e-4dd44f987642.csv
1;741.59;2019-04-23;parcelas_65e330e9-a3c2-418a-a2b2-0a8e869f9b98.csv
1;33303.84;2019-07-31;parcelas_65e7a356-dae4-410c-9990-36f1df752a64.csv
1;60061.21;2019-12-11;parcelas_65ed4004-9385-4c91-ac59-215a2fee1ef6.csv
1;79734.1;2019-10-31;parcelas_65ee17ee-363f-45f8-b6c5-9d3a4552e689.csv
1;698.62;2019-11-26;parcelas_65f11ed4-654a-4ec8-9b26-504297ba5547.csv
1;5304.6;2019-07-10;parcelas_65f65812-9831-414b-b32e-6fcad0df7926.csv
1;16101.4;2019-05-28;parcelas_65f977ea-6d09-4504-a76f-c5a1c54441b0.csv
1;595.86;2019-11-27;parcelas_65ffe5c3-41ef-47f5-bc56-7e12bd4cf70f.csv
1;2975;2019-09-30;parcelas_66070636-b001-45df-9bc9-08f112734c71.csv
1;112493.89;2019-01-28;parcelas_6612a37f-7f98-4dd4-82c0-6d2ce64b9288.csv
1;1121.44;2019-02-28;parcelas_66141343-17bd-4b6d-a8ea-4d31313b3083.csv
1;50216;2019-11-14;parcelas_6616b261-9b47-4020-939d-0324b0f867d3.csv
1;2110;2019-08-20;parcelas_66186e65-c061-485a-a6b5-665162020db4.csv
1;12599;2019-01-07;parcelas_6618a87f-7318-4b46-82d6-09efe005462c.csv
1;6500;2019-04-01;parcelas_661bb88a-1959-4123-b837-b9daf6cebb1d.csv
1;998;2019-09-27;parcelas_661c6ec7-141e-4b94-b4b9-43225137e06f.csv
1;263.38;2019-02-28;parcelas_662ea5f8-1844-4f31-8186-99b1d355daeb.csv
1;661.36;2019-12-06;parcelas_66368108-42ba-44e9-82fb-a4cda72c9ad1.csv
1;147.15;2019-06-03;parcelas_663a19cb-486f-4055-9691-a798f651a5f1.csv
1;12967.75;2019-07-15;parcelas_663bf8e6-0e50-4073-b26c-84f3ff23e95d.csv
1;53224.76;2019-06-27;parcelas_663f8d6e-5127-4f2b-aabd-a3d2c83f24ff.csv
1;475443.81;2019-11-28;parcelas_6646af37-e213-4010-b413-fe46b69292ff.csv
1;11.2;2019-08-29;parcelas_664e843e-0f78-4460-83b1-ea62d6610f19.csv
1;39400;2019-02-28;parcelas_66507b78-de91-4b41-87c2-3d18e0ad4247.csv
1;48776.1;2019-07-29;parcelas_6652be89-eaf7-45a6-b865-0e272fb63f72.csv
1;880;2019-03-12;parcelas_6658b71f-2dbc-44ba-96be-103a9c50f136.csv
1;361958.33;2019-03-06;parcelas_66634edb-7434-49ae-a064-e6deff90310a.csv
1;10378.18;2019-08-15;parcelas_6666a778-16db-4dfc-a167-eedb0e14dc87.csv
1;384.62;2019-04-22;parcelas_666f743c-268c-4b10-b986-7c5cd578680a.csv
1;2495;2019-12-31;parcelas_66702f15-97ce-4c26-97b1-a99ac4f10561.csv
1;550;2019-07-10;parcelas_66711074-42b0-44f0-9667-5af272f7e352.csv
1;142654.77;2019-12-19;parcelas_667586e6-f547-4b34-b597-8ce01cd49b2b.csv
1;63052.41;2019-03-29;parcelas_667fb28a-7ce6-42c5-90b6-4b4c5d28da47.csv
1;3000;2019-05-06;parcelas_6685cb0e-b922-45bc-8ea1-af047b92a789.csv
1;62.27;2018-12-31;parcelas_66880183-2529-4578-a079-8d1a5a3e02bd.csv
1;1133.78;2019-09-20;parcelas_66903bdf-d1c3-4d74-a432-d6f34c5c3477.csv
1;3948.94;2019-04-29;parcelas_66933ff6-5f7a-4430-b385-fb7c1e3da4f6.csv
1;560;2019-04-23;parcelas_669723c3-de43-47e7-bd34-04fd74af7e40.csv
1;750000;2019-01-02;parcelas_6699ee35-215e-420c-8635-81987aad1840.csv
1;6390;2019-04-08;parcelas_669bb747-5f61-4d55-bcd5-f0c3e99455e4.csv
1;34268;2016-12-30;parcelas_669c8c26-c786-4c09-a7bf-9a09dd607ab3.csv
1;34268;2016-11-30;parcelas_669c8c26-c786-4c09-a7bf-9a09dd607ab3.csv
1;5205.36;2019-05-28;parcelas_66a3693f-81a0-4e5b-a326-6998561ee013.csv
1;65;2019-10-16;parcelas_66a7344b-3c0b-40dc-94dc-bba427511009.csv
1;2453.92;2019-06-05;parcelas_66aeb7db-dd59-4e80-8d9c-d2476b2f53e5.csv
1;10000;2019-11-18;parcelas_66b102ff-3558-4521-b827-605a605bb60b.csv
1;1925;2019-06-27;parcelas_66bc2fed-d8c1-4fb4-a2f8-44977889788a.csv
1;2400;2019-04-12;parcelas_66bc7ce8-d62e-4ad7-a0c1-f78f28f352a9.csv
1;27.97;2019-11-14;parcelas_66c351c0-4aa2-476c-9de4-a06e8e8e679d.csv
1;155;2019-05-22;parcelas_66c98be8-b0fa-4bd8-8038-fda38de6707e.csv
1;544.85;2019-08-30;parcelas_66cb45a2-311e-40bf-87be-569cb170bf64.csv
1;50973.01;2019-10-30;parcelas_66ceaf68-1435-4039-b4fe-f0905070d33a.csv
1;1360.26;2019-09-03;parcelas_66cefb63-ea19-4da7-87e9-a9f74446ace8.csv
1;1177433.93;2019-08-02;parcelas_66d090cc-314b-4c55-8c7f-f1417f739af7.csv
1;1108.69;2019-04-17;parcelas_66d47e74-eb45-4237-8c61-8059f5185a8a.csv
1;416;2019-08-27;parcelas_66d60414-e4a0-49be-80ad-1c57bc0629e0.csv
1;4246.9;2019-08-30;parcelas_66dc3a6a-79a0-4b09-8bab-b5d4811c6755.csv
1;554.24;2019-07-23;parcelas_66e1cc76-130c-4596-bf77-a9dafb67f15e.csv
1;875;2019-06-27;parcelas_66e2f262-481b-40e1-a774-e8e293970506.csv
1;13125;2019-12-30;parcelas_66e5e078-665c-4cc0-880f-0c314d88b3e1.csv
1;447825.65;2019-12-05;parcelas_66ea30da-452e-44f6-bf6d-9d1a69ae98b1.csv
1;39.7;2019-08-30;parcelas_66f2f181-7b01-4edf-a925-11e42086c150.csv
1;166.25;2019-07-31;parcelas_66f55f93-1961-44ef-b6c3-0752b481e812.csv
1;3025.45;2019-01-02;parcelas_6701e797-458e-449c-a59b-55fa44296784.csv
1;17550;2019-07-26;parcelas_67076326-4dd1-4e4d-ad84-49afa83b93b2.csv
1;85467.98;2019-10-31;parcelas_67083e37-ffb5-489f-a5cf-6093eca21786.csv
1;6556.64;2019-12-30;parcelas_670ff446-8c2d-4676-b185-cd44c84a988b.csv
1;2805;2019-01-31;parcelas_6711d99f-554c-42af-bd63-3a4fc9663a99.csv
1;65;2019-10-02;parcelas_67131638-0d94-4df8-9571-d70fdfefe5fa.csv
1;15000;2019-02-04;parcelas_671d2dcb-0ff4-4df7-ae99-bbb1c39fc50f.csv
1;6872.1;2019-04-11;parcelas_6721d12b-81b7-4e89-afac-1f799f3f17b1.csv
1;200.6;2019-09-04;parcelas_6738cd89-1c0b-4d81-bcb1-7c01d8041d2f.csv
1;33.95;2019-06-27;parcelas_673f4126-99a3-4ddd-b118-1ef840f15205.csv
1;968.4;2019-06-03;parcelas_67402b5c-6ec8-487c-9dce-ec35113c1b47.csv
1;2383.18;2019-04-30;parcelas_674ef811-d6ee-4ced-ad78-123c5645c6b4.csv
1;72;2019-10-25;parcelas_6752ffb1-3a65-4494-8c81-d5b38efb4203.csv
1;313.5;2019-06-04;parcelas_675ba876-012d-4914-8cde-811232907769.csv
1;499;2019-07-22;parcelas_675effcb-19d9-4c9d-bd7f-1e5028ed447a.csv
1;1526.95;2019-06-03;parcelas_67638ab2-8b74-46f1-a09d-cce75dc28fcd.csv
1;136.98;2019-09-12;parcelas_676aa54a-1d0e-4dab-afab-ebf62e90c145.csv
1;4031.23;2019-04-12;parcelas_676d81e6-ba9c-4f15-8dc6-21e092ed886e.csv
1;264.18;2019-08-05;parcelas_6778eb19-dadf-49db-9aca-f520aeefd224.csv
1;38615.91;2019-10-30;parcelas_677bbefa-cd7b-46f6-83e8-175b8867b598.csv
1;355.19;2019-05-08;parcelas_6787be7d-421e-495d-8891-d8091a13d775.csv
1;296.31;2017-08-31;parcelas_678fc9ad-715e-481c-bfae-93a677f1d4c4.csv
1;9731.01;2019-12-09;parcelas_6790b88d-62ff-4fbd-b888-ce482c850138.csv
1;54344.62;2019-06-28;parcelas_6790e9f1-0759-4cd7-a81d-006192dc2caa.csv
1;13896.36;2019-04-17;parcelas_67939eb8-53f4-45aa-8cf4-db214ce9f6e8.csv
1;46665.36;2019-03-29;parcelas_679b0ccd-0492-4ec8-9958-78fc1f341491.csv
1;65;2019-06-11;parcelas_679c6dd8-706e-4105-a541-428aaa9b4d8d.csv
1;79.79;2019-12-16;parcelas_679f0bd4-b562-43b3-9698-b9a0643ad96d.csv
1;17815;2019-06-03;parcelas_67a0d05c-81ed-4230-ab8c-1619a51873a2.csv
1;431.75;2019-01-10;parcelas_67b54ff7-1b4c-40a5-9bcf-48735494fe88.csv
1;43905;2019-05-24;parcelas_67b5c4fd-395c-4abf-b1d8-50c77b662c9d.csv
1;612190.62;2019-10-30;parcelas_67b97cec-5cd0-4512-b2ce-bf9223fcccdb.csv
1;85.96;2019-08-29;parcelas_67c1248a-e74f-4962-b394-d881b7976843.csv
1;40985.15;2019-03-29;parcelas_67cb52f8-86af-416a-be6a-68696814aa51.csv
1;2417.4;2019-08-05;parcelas_67cda624-5737-4adf-ace5-d551b420ddae.csv
1;2974.58;2019-01-02;parcelas_67d438fb-e8e9-4113-a0b8-c95bb2cee15d.csv
1;142.06;2019-06-27;parcelas_67dd9404-e465-4146-8bfc-35832783c6b4.csv
1;417;2019-11-13;parcelas_67ef31b0-18b5-438b-9303-52f161af5cd0.csv
1;288;2019-11-26;parcelas_67f82d03-94a4-46e1-91f9-ec90257a9275.csv
1;30481.69;2019-01-28;parcelas_6804b792-d2c1-45ea-9c11-7fc5248d2bf8.csv
1;2994;2019-02-22;parcelas_68080ab7-1aac-4e1e-98f2-e3509112c00d.csv
1;337.21;2019-11-14;parcelas_680d35da-3ce8-4865-9e3f-d74ca7c03dff.csv
1;59955.5;2019-03-27;parcelas_680e9f71-ed27-48f2-9b4a-b61d7b6910d6.csv
1;525;2019-11-28;parcelas_68196884-741e-4e0e-9034-720fd64f67b2.csv
1;113063.83;2019-09-30;parcelas_681e4a88-dd2a-4dbb-9241-a074370e452e.csv
1;30060;2019-12-11;parcelas_6823726c-4768-49d6-9c2f-bd5c41c1b5c1.csv
1;15412.12;2019-01-10;parcelas_6823e9e1-353c-4e4c-9827-a84e4c5ed7da.csv
1;24210.11;2019-06-27;parcelas_682ad349-7e26-4291-8a89-28ac1d93ac68.csv
1;1666;2019-01-09;parcelas_68395fce-d46c-4a2d-b3cb-4b30db365958.csv
1;984.85;2018-05-30;parcelas_683f1266-3cc0-4ad9-b4f9-c3c3386f6162.csv
1;49.91;2019-06-27;parcelas_68414fe0-13a5-4d1e-9b0a-f035116dd127.csv
1;5092.5;2019-08-30;parcelas_68422938-b941-4b44-8e95-e2d483ad13c9.csv
1;59076.09;2019-02-26;parcelas_6844376d-ab54-4d27-b888-b979a9452ad1.csv
1;170.97;2019-12-03;parcelas_6847387d-785c-454e-8855-0b53eb8dc2d0.csv
1;110.52;2019-04-12;parcelas_684cfbd6-bd82-4e9a-9576-f29459a41048.csv
1;7187.4;2019-04-22;parcelas_684d963f-6396-4bc3-855c-2207b217bc4d.csv
1;53657.65;2019-09-19;parcelas_684e295f-42d8-47e5-abec-2980343e085a.csv
1;2952.05;2019-02-28;parcelas_68561616-9962-4302-9d2b-a684b7d915be.csv
1;24400;2019-03-01;parcelas_685ccf4c-dfee-4054-b2f9-23313768ddc4.csv
1;4271.33;2019-06-19;parcelas_685ec35b-3a3b-4bcf-afc3-45b6ad9195e4.csv
1;3663.9;2019-03-12;parcelas_68629195-4d2f-43d8-82bb-64651f8b1056.csv
1;15820;2019-08-05;parcelas_68681699-2e22-4a30-ac94-2cc5bd90485f.csv
1;456.84;2019-02-21;parcelas_6868d71d-e7dc-4a5d-98e1-e7dee2dcb03c.csv
1;5795.87;2019-02-01;parcelas_68697296-15f1-46ac-be57-49c799f5d30b.csv
1;358263.06;2018-12-28;parcelas_686eaebc-b1cf-403d-85ba-4f71d652f461.csv
1;3367.36;2019-11-20;parcelas_687753cd-c994-43e0-a9f6-f8bf289cddba.csv
1;807948.81;2019-08-30;parcelas_688e782d-2fc7-4291-9b54-0363d7000182.csv
1;71947.6;2018-12-31;parcelas_689324f0-4d6b-4ba5-8837-30be406e4f00.csv
1;1249749.44;2019-08-15;parcelas_6896154b-c2f5-476a-a6c9-2146ac597827.csv
1;4943.69;2019-01-28;parcelas_689e3d07-487f-4a21-bc8b-400f72c9f4ff.csv
1;563.63;2019-11-27;parcelas_689e5372-4967-4cf6-bb8b-36b5ef615446.csv
1;5720;2019-09-02;parcelas_68aa94a7-ee2b-4005-ac89-567c2395aec8.csv
1;1188;2019-02-14;parcelas_68b3fc3a-c56a-4e7b-ad56-721ff9bea3c5.csv
1;9278.84;2019-03-29;parcelas_68bff654-a2c5-49e7-807a-3ca532936f23.csv
1;385300;2019-04-29;parcelas_68c184e9-c408-4f3b-8237-71c48e488f4e.csv
1;4197;2019-09-02;parcelas_68c279d3-d15a-44f6-96fc-dfe905b7280a.csv
1;65.11;2019-10-14;parcelas_68c3eeaf-77cf-41ee-ac04-e813e900e3c2.csv
1;10756.72;2019-12-30;parcelas_68ccf82f-701e-4383-bc52-bfa2d55165fe.csv
1;794.69;2019-08-01;parcelas_68e0f599-0a7b-4329-bb39-196504ef3971.csv
1;6133.34;2019-05-06;parcelas_68e1bf36-d6a4-4cd4-8fa8-307eb032b215.csv
1;15488;2019-02-11;parcelas_68ef4134-8d44-4e97-b079-4e75a84fda97.csv
1;65;2019-10-21;parcelas_68f06347-9db0-436c-82a6-84ec813be641.csv
1;16705;2019-10-11;parcelas_68f46686-6cb9-440e-a2cc-dcbfeb60b97f.csv
1;50;2019-05-07;parcelas_68f56524-7bd9-4e5b-8bb3-28f03a5118da.csv
1;5425;2019-09-30;parcelas_68fc193a-19f8-4dee-887d-b0e38bfc27c5.csv
1;856.23;2019-02-15;parcelas_68fc2401-e7e7-4dac-a543-f0fe1095df79.csv
1;9243.58;2018-03-20;parcelas_69044b83-031e-4b3d-ae88-666123d810f4.csv
1;38469.74;2019-09-30;parcelas_690d1a70-ac24-4fca-8e93-47c254ab9c86.csv
1;4158;2019-02-25;parcelas_690dfdcd-e2cd-44f9-89b0-6b9267a0baa7.csv
1;27867.53;2019-06-27;parcelas_69204b5d-a7c7-4a04-ad94-ced0fc5d01a1.csv
1;298.4;2019-08-08;parcelas_69249d55-32d0-4d51-81d7-e95530d653c7.csv
1;321772.6;2019-01-28;parcelas_69255608-df0f-4023-baa7-4e587d146046.csv
1;41017.37;2019-03-29;parcelas_6929c3e3-8e1b-4efd-a45c-4c568e7dd7d1.csv
1;299059.41;2019-07-26;parcelas_692a1a19-ef0f-497f-a3b9-c655ac6bc8c7.csv
1;3874.72;2019-08-22;parcelas_692a5718-fa23-48f2-923e-336d36994c40.csv
1;80007.27;2019-07-31;parcelas_692a983f-ace9-4bf7-a556-a2c0c9cff932.csv
1;923.06;2019-02-01;parcelas_692cca60-b472-4a8f-9073-a36ae03443f0.csv
1;481;2019-08-29;parcelas_692fdeac-6613-4278-b489-9d33b3f8d3cf.csv
1;1486.74;2019-04-17;parcelas_693437cd-8ef6-4585-9f94-8063ebb5253d.csv
1;83.47;2019-02-20;parcelas_69389fc5-53e0-4446-88b5-db01c5521e13.csv
1;1233.04;2019-10-22;parcelas_69397cee-d31b-4c6e-a421-4f957b79bb9a.csv
1;3850;2019-01-02;parcelas_693a8476-7a16-4b23-99ec-fff56a436741.csv
1;263045;2019-07-11;parcelas_693ccdd3-b101-4c26-a618-87550c288ff4.csv
1;21670.82;2019-10-30;parcelas_6946038d-29db-4eea-b0ec-e8d6a48c5691.csv
1;409780.36;2019-12-19;parcelas_694acc30-dead-474b-a33e-b116c5fab8d5.csv
1;1095.49;2019-03-11;parcelas_694c3b6a-ebed-4b04-ad1a-764dcb97bd4f.csv
1;5738.11;2019-10-03;parcelas_695a6704-a5d6-4a9b-8f5c-510920853e66.csv
1;24400.3;2019-03-22;parcelas_695b6cf7-056d-4033-8f2b-4abb485e0241.csv
1;849709.55;2019-10-29;parcelas_695cfe50-32f8-4321-8f11-2fc2a5113aeb.csv
1;41360;2019-12-05;parcelas_6964c846-94f1-410d-bf25-703ca8a994a0.csv
1;5486.01;2019-01-28;parcelas_696bbd27-d478-4c2b-ab85-3e0dcacc5adb.csv
1;16416.78;2019-06-27;parcelas_696d8258-2aa0-4cf4-b52c-8d9139891697.csv
1;2108.58;2019-03-29;parcelas_69715ce8-19ec-4331-9470-7ec132bb6267.csv
1;60473.2;2019-06-19;parcelas_6971e773-790f-472c-9f89-8d2b460cfb89.csv
1;72545.83;2019-10-09;parcelas_69736a04-2658-447e-a022-f698df7cb5d3.csv
1;469.04;2019-09-17;parcelas_697afa83-b511-449a-9267-17fb634207d8.csv
1;10062.32;2019-08-01;parcelas_697fad6b-3008-462a-8ca7-9ad5ce9066df.csv
1;3119.6;2019-02-11;parcelas_69821cc8-07bf-4b5a-9c42-c2abe3f62308.csv
1;47950;2019-09-17;parcelas_698987b7-4172-4bae-be8d-8265cca9e28e.csv
1;238162.1;2019-01-31;parcelas_698bc280-364b-4f95-baa3-27e8d26e6118.csv
1;998;2019-09-30;parcelas_698c6f23-3001-49f7-bf53-5e63338205e1.csv
1;65;2019-07-11;parcelas_698fe5d7-6ab8-434f-8586-924f38f6785f.csv
1;79.79;2019-06-05;parcelas_6994e676-def8-488b-8390-69af9963f501.csv
1;3685.57;2019-06-21;parcelas_69a991a7-33d9-4548-a291-7b138c73d8fa.csv
1;2943.86;2019-02-28;parcelas_69aaeb3f-2903-497f-8dfe-eafb1a68e2dc.csv
1;157.6;2019-02-18;parcelas_69af9e2d-fa66-404c-adac-c2b1108c28e2.csv
1;227.96;2019-08-27;parcelas_69b1c018-dbdd-4ad2-b8e8-e17cfd1d0f51.csv
1;93227.28;2019-11-27;parcelas_69b347c3-2d6b-4551-88a3-7ccb9059f6e3.csv
1;989449.79;2019-11-08;parcelas_69b52e18-9e20-4e5c-99e8-121cb205bb39.csv
1;43613.11;2019-01-18;parcelas_69c43481-3768-49a7-983c-d3d1d5f00c10.csv
1;1677.47;2019-01-18;parcelas_69c43481-3768-49a7-983c-d3d1d5f00c10.csv
1;360.85;2019-03-12;parcelas_69d4a9fc-77b1-4aab-a238-62ff0bdbba5d.csv
1;7399;2019-03-12;parcelas_69d5adc4-d98a-4029-b104-4c2e3167af1c.csv
1;516.34;2019-06-25;parcelas_69de16f7-a455-43e5-af07-08df3ccfe83e.csv
1;19411.75;2019-02-08;parcelas_69e9bc20-b5e4-40ec-a4c2-776aa9a72f9c.csv
1;50080;2019-03-27;parcelas_69ee5fb8-a9c4-4443-86fb-dff1118c5be2.csv
1;137.28;2019-11-25;parcelas_69f31231-275c-40cd-bb89-fd8d52cc7dfb.csv
1;4760;2019-11-28;parcelas_69f3bf9e-31b9-4fd4-9a12-cf4d75161adc.csv
1;817730.13;2019-09-30;parcelas_69f43cd3-9de1-45bc-ad86-67618690d3e9.csv
1;11441.07;2019-05-28;parcelas_69f8f8be-def7-45f2-9c0e-35b0f8d3eb01.csv
1;1187.29;2019-08-15;parcelas_69fa55ff-af62-44ec-a293-0f9dd0d19c87.csv
1;2994;2019-07-31;parcelas_69fb805a-e213-4059-b4c1-49df7567ab73.csv
1;30000;2019-04-30;parcelas_69fd70de-6a2c-4949-a396-343a53e33afb.csv
1;276;2019-04-11;parcelas_6a03f5e3-90a7-48bc-bd34-719763755db9.csv
1;815.52;2019-05-08;parcelas_6a0831e9-cdcb-47cf-b466-dcca7be34ed2.csv
1;113.08;2019-10-08;parcelas_6a0e9c6c-f6fb-4677-81e2-f1fe28431485.csv
1;93.54;2019-05-27;parcelas_6a10825e-32de-46e7-a441-2b70960bd601.csv
1;1773.26;2019-11-27;parcelas_6a195cc5-3f84-4ff9-890f-4ab7cc1a09d6.csv
1;278.25;2019-10-31;parcelas_6a235302-13a8-42fe-9fd5-e12222b7c97c.csv
1;900;2019-01-25;parcelas_6a25feac-329e-49ac-8699-63651a26ff7e.csv
1;126.62;2019-05-27;parcelas_6a30463d-9fda-4a2f-8c67-311a0533fe4d.csv
1;650098.21;2019-04-29;parcelas_6a3a0a1a-6f9a-408d-a882-7a2c34b3d30d.csv
1;26465.5;2019-10-08;parcelas_6a3c5f4f-a6af-4512-82cd-b3ba991b6418.csv
1;201000;2019-07-02;parcelas_6a43e534-c6cb-4e34-aaa3-25442dca9d64.csv
1;20113.86;2019-02-28;parcelas_6a4413e9-2cbb-4ed3-99c9-4635ea7b5c86.csv
1;10800;2019-02-04;parcelas_6a4548a4-4bc2-4863-8cd8-f835dd46208c.csv
1;27.74;2019-03-29;parcelas_6a4970ab-a173-4afb-9e0f-5d626a3dba1d.csv
1;78200;2019-03-18;parcelas_6a6a83c0-2121-49f6-b260-4a371f87561d.csv
1;26115.83;2019-11-28;parcelas_6a6fc3e7-7c9f-4eef-b0d2-164f7d6d05d0.csv
1;23582;2019-10-21;parcelas_6a7b39b5-f791-4c61-9181-83488bc87e46.csv
1;6990;2019-04-24;parcelas_6a7c7111-09b4-4d4b-b89c-857092fde285.csv
1;1440;2019-05-31;parcelas_6a8253a6-a241-4c43-9ef8-980f70ddd173.csv
1;522.35;2019-02-28;parcelas_6a83dc61-8653-43e9-bfb4-1efb643415f0.csv
1;4100;2019-06-11;parcelas_6a85ae0b-a68d-46d5-90bb-16554bb707fe.csv
1;164.71;2019-09-30;parcelas_6a87221f-a50b-41c7-bb93-9f54535f281f.csv
1;318436.34;2018-06-20;parcelas_6a8f655d-932b-438a-8c73-c41a7188aa14.csv
1;11403.03;2019-05-15;parcelas_6a907410-2cf0-4579-80d0-0f4651554f4c.csv
1;17.38;2019-06-11;parcelas_6aa8160b-0117-42d7-a010-5c7b66a9038d.csv
1;50000;2019-08-01;parcelas_6aaa44c4-298f-4f44-a788-1c6138f26f15.csv
1;202.4;2019-05-29;parcelas_6aaaabd4-7275-4152-9feb-902684e1c521.csv
1;2275;2019-09-30;parcelas_6ab691c5-c0d3-45f2-82a0-54b9dd424c9a.csv
1;9146.56;2019-11-25;parcelas_6ac21f13-b4c4-48c2-b3ae-7a2d39691c9c.csv
1;374.4;2019-09-23;parcelas_6ac3fe40-1017-49c9-b96d-4f04e957d39e.csv
1;71582.68;2019-11-25;parcelas_6acbd82b-155d-4da3-9774-2bfc8fdf5d13.csv
1;239000;2019-05-21;parcelas_6accb8ad-e140-4b11-8a66-d0de32016aba.csv
1;19296.51;2019-08-30;parcelas_6acdc2ac-f906-463e-9cdf-1b1247161bce.csv
1;195.23;2019-11-12;parcelas_6ad1189f-aa65-408d-add2-849ed667ce85.csv
1;175;2019-10-30;parcelas_6ad3faed-7d78-4e35-a9cc-c2a1b38414b9.csv
1;85467.98;2019-03-29;parcelas_6ad6afd2-3053-416a-b043-7e77d0c4fccc.csv
1;1486.74;2019-05-17;parcelas_6adae0bb-965c-4d08-bde4-6fdb3f5e2cb3.csv
1;79.79;2019-08-09;parcelas_6adc04b7-5837-4466-90b3-c422ee9232cf.csv
1;22403.82;2019-03-29;parcelas_6adca76b-8c9c-44be-a2c5-30d6eb9b9ee9.csv
1;3151.8;2019-08-08;parcelas_6adcb119-dc20-4a97-acca-57c024dc058c.csv
1;491359.8;2016-01-04;parcelas_6addd1e6-b7a5-4ac3-af28-f9ebc860168c.csv
1;817837.79;2019-08-30;parcelas_6adf806a-bb27-43af-a468-7404cde7e8d4.csv
1;210;2019-10-15;parcelas_6adfe498-db50-4e35-af79-82b8772b9e59.csv
1;42000;2019-04-29;parcelas_6aea2f75-eea1-439b-a01f-0be206c47e78.csv
1;5582.65;2019-05-31;parcelas_6aed6705-942c-4ba6-a1c7-85de25db7128.csv
1;7930.41;2019-11-28;parcelas_6af1309e-de18-403d-a3a2-35a5540a51ca.csv
1;231139.56;2019-01-28;parcelas_6af40d5f-3770-4062-8dbf-266b46e03151.csv
1;3400;2019-07-04;parcelas_6afa1acd-40f9-4076-9010-fb5e9286cb79.csv
1;201.7;2019-04-17;parcelas_6afeffb2-95f2-47d9-b31c-927116127431.csv
1;349.5;2019-01-10;parcelas_6b044b30-83bb-4a9b-8198-e081bc8d1328.csv
1;1259.74;2018-12-28;parcelas_6b0544e9-8348-4ff5-b2fd-ee0a288f4d6b.csv
1;138.6;2019-11-27;parcelas_6b091766-7050-4952-acba-c64ccc40bf82.csv
1;112.44;2019-05-31;parcelas_6b0eccaa-bcb7-4b4f-b05b-6ca6b25d00b9.csv
1;1200000;2019-01-02;parcelas_6b17c161-a90f-464c-83d5-2df53cf0fc7f.csv
1;170.97;2019-10-17;parcelas_6b181816-d79f-4027-aaae-27b636c4bb7a.csv
1;400000;2019-09-02;parcelas_6b222fe5-1ed7-4e5e-84ad-33b59a2a4812.csv
1;744.81;2019-05-06;parcelas_6b223f58-86ee-4b92-9a50-31021e85ca33.csv
1;434.88;2019-10-10;parcelas_6b24afaa-9af4-4a4c-8ab0-e29ed56d421a.csv
1;6397.2;2019-10-31;parcelas_6b377399-e54c-4ae3-a3c3-bf2eb56a64dc.csv
1;2638.2;2019-03-29;parcelas_6b38cbfb-1890-4d97-9e6c-3bcc97d63093.csv
1;235.9;2019-06-10;parcelas_6b396f17-7126-449a-8624-fdd65f5d6877.csv
1;3736.13;2018-12-28;parcelas_6b3b0206-8159-42b4-893e-a458063cf9dd.csv
1;878.85;2019-02-08;parcelas_6b3f7903-bf39-40d2-bf8b-3614e23ae879.csv
1;14000;2019-12-23;parcelas_6b413abf-30de-4631-afb0-1511811ba529.csv
1;185649.71;2019-04-30;parcelas_6b45b00c-59a6-4129-88f7-099499a73e37.csv
1;4591.67;2019-12-31;parcelas_6b4cce5e-2b86-4641-8a8e-9dc367e61ec8.csv
1;822.5;2019-06-27;parcelas_6b4db6c0-69b9-4b1e-9026-abe85ab6c7f8.csv
1;2697.68;2019-05-31;parcelas_6b523abb-6f6c-41dc-a3ad-4e9458387c0c.csv
1;138.88;2019-11-27;parcelas_6b52a47f-f4a2-4d6a-ae43-7e4c05264dcd.csv
1;153575.05;2019-02-11;parcelas_6b52fafb-57d9-455a-bd5c-37e01fdd9ff6.csv
1;2032.22;2019-06-27;parcelas_6b5f34f6-8e04-4669-9e63-715f3b7f12c2.csv
1;3925.61;2019-11-29;parcelas_6b689c3c-1b35-4a4c-9096-415f9ac5d618.csv
1;1182174.53;2018-12-28;parcelas_6b68b9d1-4098-4e87-8120-a4a5c5f81d6c.csv
1;584.1;2019-11-19;parcelas_6b6a483b-2128-491f-8791-d0dbfa6437dc.csv
1;4962;2019-06-19;parcelas_6b73af69-24a9-40b4-a230-c81e398002d0.csv
1;312874.91;2019-08-27;parcelas_6b78b848-e98e-48c8-a7c4-e34dc91cb2e6.csv
1;4000;2019-02-25;parcelas_6b7c8d93-e72a-4374-abbc-3cda4f5fba3b.csv
1;21004.69;2019-02-28;parcelas_6b8c0dc4-8737-41f3-9de8-32d07974e3e1.csv
1;17988;2019-06-19;parcelas_6b8f1d23-8e41-4629-bb07-f81bb4a07d36.csv
1;6840;2019-09-19;parcelas_6b920f6e-a6af-4809-9aa0-323a0e3745ba.csv
1;27941.26;2019-06-19;parcelas_6b93288b-0b13-4457-8ad8-d0b68b2b17b0.csv
1;7635.35;2019-01-10;parcelas_6b9426e3-306a-472b-87fd-fbfff9c3ae66.csv
1;637096.74;2019-12-19;parcelas_6b94ffee-67d0-413d-9db0-c7f8d764cf83.csv
1;59076.09;2018-12-31;parcelas_6baa1222-4128-4875-b647-5968c2ba6ef7.csv
1;1640;2019-05-14;parcelas_6bb12a4a-a0ca-4c5b-9ff5-a17fafecd783.csv
1;591.5;2019-08-26;parcelas_6bb21e8d-ae07-43f0-b636-bbbf96729f93.csv
1;798;2019-05-14;parcelas_6bb2dec7-d948-4a0e-8986-4a7197867b9f.csv
1;21837.72;2019-06-21;parcelas_6bbbd16f-e83d-4af9-bbd5-976b7e983134.csv
1;2667.7;2019-10-02;parcelas_6bbd5274-d0b7-48d7-89fd-118713b18307.csv
1;1120;2019-10-14;parcelas_6bbf139e-7ff2-4e97-8307-703e92cf074c.csv
1;1462.22;2019-08-30;parcelas_6bc3fc50-7a37-434f-b9af-fd1eb3783361.csv
1;6632.5;2019-06-27;parcelas_6bca12e1-3b65-4f02-97dc-5d238bd9b0ed.csv
1;158.7;2019-09-09;parcelas_6bcc1bcf-69ed-414c-a558-897f6ac96f9a.csv
1;21420.51;2019-09-30;parcelas_6bd8d1b4-7eda-4283-b32b-1c1557700554.csv
1;11524.8;2019-04-15;parcelas_6be51376-183b-4f71-8819-1282949ea6ae.csv
1;2279.8;2019-04-30;parcelas_6bede4c3-0628-49c6-b0b7-f30675772f89.csv
1;223462.05;2019-11-04;parcelas_6bef905b-2097-46a0-afb3-9ac4efe2ec38.csv
1;7915;2019-11-14;parcelas_6bf3c655-e413-435b-a309-14fd69fe4d1e.csv
1;5695398.4;2019-12-19;parcelas_6bf951f7-6e65-4c62-90f0-9b8737cb3213.csv
1;1800;2019-03-11;parcelas_6bfa7926-9022-47d6-9a1d-a79fd7a38fa2.csv
1;13005;2019-01-09;parcelas_6c0b5432-5e31-434b-865a-ce62fd3ba917.csv
1;1150;2019-07-17;parcelas_6c0ddb15-967f-45e7-82d2-02d809600b89.csv
1;8070;2019-10-11;parcelas_6c151d8e-9958-4952-a8e7-d74673647828.csv
1;1081.72;2019-07-03;parcelas_6c168765-b92c-4ac8-a7b1-d1505ae15c29.csv
1;137725.88;2019-11-08;parcelas_6c17fdde-abcf-454d-bb87-1716f008ba63.csv
1;2187.5;2019-07-31;parcelas_6c1962fb-846d-41c4-bbd3-b62b49d02004.csv
1;124690;2019-01-02;parcelas_6c1b1d30-9ac2-465e-b326-e7fade22d9fc.csv
1;1543;2019-08-08;parcelas_6c1b39af-7b16-4a32-8c23-c50318d6c379.csv
1;1310.06;2019-07-31;parcelas_6c1c93ae-35e5-4685-a030-1796ab2c7ae8.csv
1;3000.06;2019-01-10;parcelas_6c1cfde0-2f08-4db5-a338-1f7bc7f4a8a0.csv
1;5620;2019-10-21;parcelas_6c1e94ba-23ed-4058-ae69-11fa183a1293.csv
1;591752.29;2019-08-27;parcelas_6c22cc26-d7ae-4dd1-982f-58cc150c8b21.csv
1;90000;2019-01-28;parcelas_6c25c74f-6590-4c3c-a6aa-6c831a2a1f00.csv
1;29383.76;2016-03-15;parcelas_6c28f3bb-804f-407b-8129-03263e31e7da.csv
1;1225;2019-09-30;parcelas_6c2a97af-7024-4b21-bb1b-81fc8751fa47.csv
1;25000;2019-03-01;parcelas_6c2d2fa5-1319-4cf6-81bc-5a7bc6696d89.csv
1;57114.8;2019-05-06;parcelas_6c2e4cb4-074b-4b20-81af-0124b68e243e.csv
1;975;2019-04-04;parcelas_6c30e21d-5f93-4c8d-8865-9992c169ea3f.csv
1;33878.86;2019-11-29;parcelas_6c35fae4-fb8e-49b0-8c9a-9cf0f218f504.csv
1;41.55;2019-12-11;parcelas_6c430a6e-79cb-4ceb-ac4e-e699435332fb.csv
1;1767.51;2019-05-28;parcelas_6c441aaa-5832-4c22-b7be-0fc5f3bf2ab9.csv
1;271060.59;2019-05-24;parcelas_6c48d4d6-d079-4551-a502-f6b0e03a21d4.csv
1;753629.09;2019-02-26;parcelas_6c4bb6e0-5b9f-4278-bd52-50dc9762ee8e.csv
1;1782;2019-01-11;parcelas_6c50b166-9576-4b1f-b770-aac3806b0ff2.csv
1;100000;2019-06-27;parcelas_6c564af1-9dfe-448b-b77b-5ed9e2a80a71.csv
1;27.33;2019-08-21;parcelas_6c61f36a-9f1e-4bcb-bae6-a6ee80fa43aa.csv
1;42879.49;2019-05-31;parcelas_6c6dda4a-5fce-494c-82b9-04560e094f47.csv
1;84.51;2019-01-31;parcelas_6c75f6c9-b54b-425c-ae1b-cc03f0a5e6b5.csv
1;67500;2019-07-31;parcelas_6c871028-a80a-43e3-9672-03cb3260a161.csv
1;6650;2019-08-30;parcelas_6c8b4d51-47e6-4785-8361-87fb5eb0ba43.csv
1;132760.14;2019-12-19;parcelas_6c8eed62-6068-4f1b-bcb7-32a7d301434b.csv
1;67490.25;2019-01-28;parcelas_6c909576-3867-4a71-b067-ce8a0d71747d.csv
1;42000;2019-11-28;parcelas_6c96a530-3644-4944-adc0-97af47d5cc33.csv
1;60;2019-03-12;parcelas_6c98471f-e503-4b55-ad06-c706eca2a3fe.csv
1;13669.88;2019-06-27;parcelas_6c9c91be-c373-4635-8081-fe7a1d1a11be.csv
1;16.5;2019-11-18;parcelas_6c9feb43-2fe0-4600-b3b7-f857610a7048.csv
1;1965.6;2019-06-03;parcelas_6ca63932-707b-4661-830c-8960e676b024.csv
1;814.22;2019-01-17;parcelas_6ca7cce8-6a01-49fa-92fd-eeb48232b7de.csv
1;4781;2019-08-05;parcelas_6ca7eaa0-2d08-4aa0-b586-41f3028645ef.csv
1;1261.62;2019-05-28;parcelas_6cb16191-ed9f-4be0-9ff1-6a45bf23a1bd.csv
1;3686.67;2019-08-30;parcelas_6cb808db-fdbf-4c07-8134-66f02be7c878.csv
1;21780;2019-01-28;parcelas_6cb90f1d-b628-4281-9f90-54474c7f3a6b.csv
1;400;2019-09-02;parcelas_6cc0b918-ff4d-4eeb-b121-eae96f9d1bc7.csv
1;433299.85;2019-09-26;parcelas_6cc4f491-9252-4a5a-b75d-73db3db8e8c8.csv
1;137905.11;2019-06-27;parcelas_6cc6d879-89b9-4537-ba06-657e3fe612aa.csv
1;14110;2019-02-26;parcelas_6cc992bc-5ec7-4cac-bf85-4438772570f1.csv
1;2400;2019-11-11;parcelas_6cca6808-8c1c-4fe8-b89b-01848ff92f21.csv
1;7785.61;2019-06-28;parcelas_6ccbf959-e29a-439c-8cf7-95019ce9635c.csv
1;85.96;2019-10-01;parcelas_6ccec372-1878-494e-aed9-8fb6dd573156.csv
1;2923.9;2019-01-10;parcelas_6ccfff25-700a-49fc-8c88-7d692ccf9667.csv
1;615.6;2019-07-16;parcelas_6cd8397b-fde3-4a31-a457-cb5098f60bd2.csv
1;104.13;2019-11-22;parcelas_6cd897e3-5808-4c0e-b6da-a11118d7a852.csv
1;65;2019-12-17;parcelas_6ce8114e-d98d-46b5-aa95-b600a5028a8e.csv
1;2575.55;2019-05-31;parcelas_6ceb2e4e-85d4-429a-babf-05a3afa79272.csv
1;165.87;2019-04-30;parcelas_6ceb93e7-7ff5-44c2-ab00-b5d737a47578.csv
1;2191.89;2019-06-26;parcelas_6cf1288a-7bb0-468b-9e65-6af284d841ac.csv
1;35144.98;2019-04-29;parcelas_6cf4041e-f3c3-44d8-8b15-6b8280770044.csv
1;642.11;2019-11-07;parcelas_6cf63dc2-9815-4d8c-86fe-a200a2c29161.csv
1;272797.43;2019-11-27;parcelas_6cf81a22-a8c5-4085-b8f8-5d5de60aedd2.csv
1;1707.74;2019-08-22;parcelas_6d000729-d44f-4373-afd1-6adf11ea8313.csv
1;65;2019-07-08;parcelas_6d0568d1-441e-475d-8281-7b1e61aa84ec.csv
1;5133.13;2019-09-10;parcelas_6d06958b-ab2a-492e-a25c-aaa458311589.csv
1;39.89;2019-11-04;parcelas_6d0a1366-dadc-43b4-a205-cfcb0fd210ce.csv
1;44435.86;2019-08-30;parcelas_6d0b8d47-5f04-410d-abdb-f41bf4248418.csv
1;1367.79;2019-07-01;parcelas_6d0deff2-18a0-4935-91c2-e38a7cc27855.csv
1;1765.23;2019-02-11;parcelas_6d155360-9abd-4de8-bad7-7c7a52ee8c42.csv
1;1862.08;2019-05-28;parcelas_6d1a14f4-b155-42e3-8505-684fd117d05b.csv
1;1020;2019-05-03;parcelas_6d2093b0-34f8-4d1b-8280-193e374bc2fc.csv
1;190;2019-06-03;parcelas_6d27759e-e165-4849-a93b-b492a410645f.csv
1;2617.15;2019-10-03;parcelas_6d28bd69-0c9b-406f-b733-2b2bb2991adc.csv
1;16380;2019-07-23;parcelas_6d2944cc-6e37-4ecd-b46a-9dd36a089cd4.csv
1;2432.5;2019-01-02;parcelas_6d2d949b-4ce2-4afb-9894-ec1810cc4b52.csv
1;1245;2019-11-04;parcelas_6d371747-bba2-4176-aada-0388b1361206.csv
1;2242.88;2019-05-28;parcelas_6d39b169-c5b0-4db8-8981-06fd01a33c93.csv
1;80;2019-01-10;parcelas_6d3ad2b5-d996-4130-98e6-6200e3584398.csv
1;7500;2019-08-05;parcelas_6d44991f-a823-4f56-8928-013c66e97ece.csv
1;1160.19;2019-07-30;parcelas_6d44d989-646e-4b60-81b7-3b3907511e06.csv
1;1003.03;2019-06-17;parcelas_6d4501ca-c0ed-4ba7-b9ae-bf92a844b4c7.csv
1;1071.32;2019-06-19;parcelas_6d46574b-bfed-4f87-b358-61cf4825a818.csv
1;65;2019-08-05;parcelas_6d4dc3e4-ff8d-4251-a743-a416584212be.csv
1;280.36;2019-01-28;parcelas_6d5329ba-6f15-4452-9377-5d668cd87f28.csv
1;518326.02;2019-11-11;parcelas_6d542098-f7cf-4bbd-a6e6-aba9eb7caf89.csv
1;95000;2019-05-15;parcelas_6d547e57-3a6a-4256-a77b-d72c21c43e85.csv
1;81.67;2019-07-15;parcelas_6d55f2db-7930-4287-a166-75bfa603988c.csv
1;826.44;2019-11-26;parcelas_6d58bcfd-bd61-4658-b553-2ad7e1fd2649.csv
1;95076.51;2019-03-29;parcelas_6d602695-f6b0-4ec6-90fa-d4fba46c03e7.csv
1;100000;2019-09-30;parcelas_6d603f24-18cf-4763-af7c-488097f60dea.csv
1;85.96;2019-07-10;parcelas_6d60824d-208e-4a67-9c9f-7cce68956408.csv
1;256;2019-02-11;parcelas_6d66318a-6aca-4676-b9ed-69272ab9bd2e.csv
1;109000;2019-03-29;parcelas_6d667fc6-e080-48a3-bb17-6f94666eedbe.csv
1;12525.4;2019-06-10;parcelas_6d682e63-0cea-42df-aca1-8f73c02f630b.csv
1;126228.61;2019-01-28;parcelas_6d6cc353-eb9c-429e-b2d2-5c3347371d16.csv
1;168;2019-11-26;parcelas_6d6d7d54-579e-4eef-8c74-def39f1b5403.csv
1;31168.98;2019-01-28;parcelas_6d7261ab-d7ad-4929-b04e-97778f1e3a5d.csv
1;625000;2019-07-16;parcelas_6d72f1fa-0d58-4e3d-a25a-0205a014109d.csv
1;1517675.15;2019-02-28;parcelas_6d73ab6d-6d96-4fa4-87d2-339f184a984d.csv
1;19750;2019-02-22;parcelas_6d7d3dab-5731-4de4-a2ea-8717d23cf465.csv
1;2117.24;2019-08-30;parcelas_6d82293c-9e67-480d-8a4f-a8fd352922b1.csv
1;91626.07;2019-09-30;parcelas_6d87b7e4-8ced-42ac-b2cf-88e75a6bfd6d.csv
1;113913.04;2019-07-30;parcelas_6d8aebc6-ed95-4f7a-9b03-66b99661effa.csv
1;20000;2019-02-07;parcelas_6d8e1ee7-1b54-445c-8050-9515b4ec8cd3.csv
1;5000;2019-04-09;parcelas_6d90d9c4-11fc-4455-8387-d8f1939fb259.csv
1;4894.98;2019-03-18;parcelas_6d960fa4-6331-4a87-866a-8a455d5ab710.csv
1;357.6;2019-01-21;parcelas_6da856a5-74ca-4060-9a95-be2931ee7cfe.csv
1;1818.59;2019-09-24;parcelas_6da9e8b3-9146-4403-8216-511ba2bee944.csv
1;1734.79;2019-09-30;parcelas_6db0e324-2b6e-4aff-9d6a-5d7d68377326.csv
1;37256.62;2019-05-28;parcelas_6db62f1d-42d1-4bce-9ab3-96e6325711e1.csv
1;560.72;2019-04-30;parcelas_6db98479-aefc-4496-8f43-176504133437.csv
1;2208.54;2019-07-31;parcelas_6dbab498-8b57-4d16-a49e-c520860dedb3.csv
1;870000;2017-01-10;parcelas_6dc2f707-2ba3-4d47-be81-3039f58c313f.csv
1;1784.58;2019-02-05;parcelas_6dc75a86-cea1-422b-ae58-2266792aee80.csv
1;342.83;2019-05-28;parcelas_6dca5952-6b96-42aa-849f-ba4af5c8cdd4.csv
1;3836;2019-02-11;parcelas_6ddb11b8-5831-485c-a8f0-32c9d249a235.csv
1;14575.6;2019-11-04;parcelas_6de399bf-945d-4492-9c6f-afe5a4aae252.csv
1;11967.9;2019-10-31;parcelas_6df04ba8-5270-4493-b052-933345935254.csv
1;46657.64;2019-01-31;parcelas_6df3253f-ce90-4c6f-8f01-219770e4ace6.csv
1;3000;2019-06-27;parcelas_6df9170b-99c7-4f40-a24c-24d733aabbac.csv
1;15265;2019-10-16;parcelas_6dfa8356-f7d1-4e8a-bab3-feca3b4e9086.csv
1;1059;2019-02-11;parcelas_6dfb17fb-947e-4c32-a226-e46628929cd5.csv
1;534769.41;2019-07-31;parcelas_6e0367cf-bc06-4ca2-88b5-b32f2bde32be.csv
1;560.72;2019-05-28;parcelas_6e062f67-391b-4b02-b4f4-6496f90678f7.csv
1;3360;2019-08-30;parcelas_6e0ea317-ed09-4790-ae81-5c1a87393bb0.csv
1;64856;2019-01-02;parcelas_6e1641a5-907f-4964-a5bd-6dbb9b5b14bd.csv
1;130;2019-07-26;parcelas_6e194056-7c16-4d3d-8e49-30c237d0a7b6.csv
1;534.75;2019-03-25;parcelas_6e29b885-daca-4593-b009-fe8a1bbdb8f9.csv
1;448.29;2019-10-07;parcelas_6e2a319d-2621-4959-ba09-19e96e8549e9.csv
1;154221.68;2019-07-31;parcelas_6e2be43a-1d95-4b56-8557-50908346a819.csv
1;1031.2;2019-03-29;parcelas_6e2d6631-d93a-484f-9507-0da5bb163705.csv
1;15074.19;2019-01-28;parcelas_6e2dc77e-b9af-4d23-b53e-1d3123b62a8c.csv
1;10350;2019-11-19;parcelas_6e30ff32-41ff-4d03-b3b8-d69cf97970cb.csv
1;45.3;2019-06-10;parcelas_6e31818d-8f39-4514-829b-b1871acbb0d5.csv
1;7002.65;2014-03-31;parcelas_6e36e904-a2d6-4fe2-9ef5-877e7cec90ee.csv
1;6963.15;2019-10-21;parcelas_6e3ae8ab-c1de-4ded-b360-9436591ab793.csv
1;5161.14;2019-03-14;parcelas_6e3b48ad-cf75-4ca0-9548-5ce3f070d141.csv
1;11200;2019-05-29;parcelas_6e3e03e8-f1a3-4e22-ad43-5bb91544b361.csv
1;206.58;2019-05-28;parcelas_6e429c6f-192b-4870-b2a4-7e9fc893bfc0.csv
1;279;2019-08-12;parcelas_6e4522ae-de4a-42ac-978f-76edaff3ffd8.csv
1;15335.48;2019-12-05;parcelas_6e4989c3-b6e2-4732-919d-766818965aad.csv
1;197.18;2019-10-22;parcelas_6e4b011a-4b28-4e69-8b0e-646101dd8644.csv
1;400000;2019-08-12;parcelas_6e4ca6c5-01eb-472b-858c-5e66e499172e.csv
1;875;2019-12-19;parcelas_6e4ef464-4902-4945-a6a7-9017c3b1ced2.csv
1;3979.14;2019-03-29;parcelas_6e50aecd-3d27-4e8a-bd0a-5d2aac9a26d2.csv
1;559;2019-02-25;parcelas_6e57cda5-8cb0-4bba-bbc8-0ffe1851396d.csv
1;1885000;2019-12-30;parcelas_6e620af5-c391-42d9-84a9-ffa3c16bbd50.csv
1;2000;2019-04-11;parcelas_6e623a7f-74da-482c-8d09-2d5f1bb55c0f.csv
1;8233.63;2019-09-10;parcelas_6e660320-dcd0-4011-97f7-55f822787663.csv
1;352.8;2019-03-28;parcelas_6e6a5380-4df8-486e-9fe4-aec8f4be31e5.csv
1;38345.8;2019-10-31;parcelas_6e753234-febb-4112-895d-d77ebaaf5976.csv
1;712.5;2019-04-16;parcelas_6e849b02-bbd8-4650-895a-ace0dede4aef.csv
1;2108.58;2019-04-29;parcelas_6e851a4d-ba9d-414c-b3f9-d10bbad2a9a2.csv
1;5203.44;2019-11-28;parcelas_6e8520dc-39e9-4d63-9cf2-1284882a9f11.csv
1;523227.78;2019-08-13;parcelas_6e89c10b-1e0a-49a1-a04a-5130fc9997cf.csv
1;234.78;2019-02-26;parcelas_6e8e447d-942f-485b-a101-dbd6eb686018.csv
1;11869.7;2019-02-11;parcelas_6e97f312-8561-4fd5-9cc9-c5b6a651ebfb.csv
1;9041.65;2019-07-04;parcelas_6e99ffe7-2295-4029-a0fc-5fff84d23d95.csv
1;35540;2019-03-19;parcelas_6e9dcef0-2022-42e5-8cef-ac8f2c895044.csv
1;3000;2019-03-18;parcelas_6e9fcceb-d0a6-4fd5-9b72-87c27aa4f490.csv
1;150000;2019-04-16;parcelas_6ea48d50-851d-48f7-8b02-3d48dbcfec48.csv
1;49026.5;2019-03-20;parcelas_6ea5a909-6b24-41c7-ac23-93ba15f05945.csv
1;25876.35;2019-03-12;parcelas_6ea9c402-989f-448e-ab9e-8aef00cc0092.csv
1;1164333.09;2017-12-20;parcelas_6eab4ab1-cdd2-4f1e-9379-2e2093c0943b.csv
1;5229.75;2018-12-31;parcelas_6eacfb74-b801-4a97-b96f-f16c7c4a7121.csv
1;181.4;2019-03-28;parcelas_6eae3c3f-de6f-4381-935e-4b5776cf9aea.csv
1;8179.77;2019-03-22;parcelas_6eafba43-4694-4f6e-aa78-820e376e1020.csv
1;1461.6;2019-10-29;parcelas_6ebabe45-d43e-4dbe-aa24-716a6ebe9bd5.csv
1;80000;2019-12-09;parcelas_6ec093f5-a4aa-4972-9da8-cdd5f5b06a82.csv
1;28157.38;2019-05-13;parcelas_6ec530e1-1afd-44b8-a44f-138f9225e2b9.csv
1;16060;2019-08-16;parcelas_6ecd0411-a931-402d-965c-7b47009cf0ca.csv
1;350;2019-07-26;parcelas_6ecf1ac6-cebd-4acb-a678-0565c7f1c95e.csv
1;3850;2019-12-19;parcelas_6ed5b57c-c0db-4257-9776-d8acc8fa98e1.csv
1;1247.5;2019-09-26;parcelas_6ee3b0ff-aab6-45d3-9d46-e6e1257fd92c.csv
1;1911.12;2019-04-30;parcelas_6ee40ad5-376c-496c-bf41-876392e80c30.csv
1;147500;2019-08-20;parcelas_6eebbfc1-6bf0-4149-8b55-f1f987dd5f1d.csv
1;80;2019-06-04;parcelas_6eeca796-2cfc-4091-86f3-b9789eaafdcc.csv
1;802.43;2019-01-31;parcelas_6eeef62b-5686-4a0d-b183-6fc1d70cce3e.csv
1;300;2019-03-14;parcelas_6ef13ef1-c6a2-4e84-b7b2-524f48bcae06.csv
1;505.39;2019-01-31;parcelas_6ef46492-0180-409e-8372-ba1904b7119c.csv
1;330;2019-04-16;parcelas_6ef93969-b117-4614-99fa-77f7c35a5f7b.csv
1;65.08;2019-01-28;parcelas_6efd2d30-92b9-448d-a65d-91fdce48ddec.csv
1;17690.17;2019-08-30;parcelas_6f0dd2dd-74e9-47c8-a006-31aca2a9f864.csv
1;194.5;2019-02-25;parcelas_6f17d350-f6a5-4ce5-84f4-f18baeb72447.csv
1;65;2019-11-28;parcelas_6f181605-23e8-443f-897c-89b98e309aee.csv
1;734.2;2019-10-30;parcelas_6f2831eb-a602-4a1d-b6c9-68aca22b6d86.csv
1;84;2019-02-11;parcelas_6f2c2407-77c0-43d0-8f74-8fd0fbdde54e.csv
1;60000;2019-01-02;parcelas_6f385a4f-b054-4cde-b584-2a0cd7789379.csv
1;413.7;2019-04-11;parcelas_6f3d9206-010e-4823-836a-d6a0ff607fbc.csv
1;4102.51;2019-10-21;parcelas_6f480055-05e5-491e-b69a-11bea28917a5.csv
1;243123.47;2019-12-11;parcelas_6f4aa289-397f-4ad7-94ec-0dbf6a472347.csv
1;199498.5;2019-05-28;parcelas_6f51e6e0-d68f-445f-ab23-35ab34023bba.csv
1;586.9;2019-12-30;parcelas_6f5afe64-a5d3-4817-82b1-22d5465cbdf1.csv
1;38000;2019-10-31;parcelas_6f5d389a-b3b4-4ecf-8a19-65673d9d0ef3.csv
1;25830.8;2019-08-01;parcelas_6f5db5a8-90cc-4cc7-b56c-f9b44fc2535f.csv
1;81900;2019-02-14;parcelas_6f5de08c-6caa-46c4-adfc-b7dcf7e1b1dd.csv
1;1157600.1;2019-04-22;parcelas_6f5f5709-e2d8-44fa-bc4c-ad4470e8c265.csv
1;187.14;2019-12-19;parcelas_6f5fb269-3ed7-4d0a-a0f3-d128b775df7b.csv
1;305.27;2019-03-06;parcelas_6f6704f0-e6ed-4eec-a9ab-80a9662602f9.csv
1;218.76;2019-07-15;parcelas_6f6b044f-fbe7-4d16-b511-163a79a2b9a5.csv
1;162542.39;2019-03-29;parcelas_6f6bca08-4950-41ce-8295-3a3fcf5412c3.csv
1;392051.01;2018-12-27;parcelas_6f6bca08-4950-41ce-8295-3a3fcf5412c3.csv
1;514626.31;2018-12-27;parcelas_6f6bca08-4950-41ce-8295-3a3fcf5412c3.csv
1;863618.66;2018-12-27;parcelas_6f6bca08-4950-41ce-8295-3a3fcf5412c3.csv
1;1431884;2018-12-27;parcelas_6f6bca08-4950-41ce-8295-3a3fcf5412c3.csv
1;1301370.57;2018-12-27;parcelas_6f6bca08-4950-41ce-8295-3a3fcf5412c3.csv
1;961770.42;2018-12-27;parcelas_6f6bca08-4950-41ce-8295-3a3fcf5412c3.csv
1;1451228.6;2018-12-27;parcelas_6f6bca08-4950-41ce-8295-3a3fcf5412c3.csv
1;803665.36;2018-12-27;parcelas_6f6bca08-4950-41ce-8295-3a3fcf5412c3.csv
1;2900.04;2019-05-15;parcelas_6f6d19fc-2877-4afb-8546-b9fa08a9b011.csv
1;15579.49;2019-07-12;parcelas_6f7433af-9b6b-4794-b035-4b94fcbd6775.csv
1;1438068.9;2018-12-28;parcelas_6f76b0aa-a73a-4e3e-8654-d92a62cc8fd6.csv
1;193000;2019-01-25;parcelas_6f8dcc66-5758-41ab-8f92-54c176c92d9c.csv
1;660;2019-02-20;parcelas_6f9b0424-2c0c-43ab-a9e1-3744ba015a44.csv
1;5540;2019-02-08;parcelas_6fa0981e-c23a-4c09-8348-83d4f10e0e58.csv
1;469.04;2019-02-08;parcelas_6fa0fdba-3e6c-4475-a147-14c47bcf1fc2.csv
1;36560.43;2019-01-02;parcelas_6fa90910-935a-473d-8108-41f73cb1b9a5.csv
1;423130.56;2019-08-30;parcelas_6fa9d42c-2d8d-4683-aa08-e5abd0ebfa61.csv
1;1526.83;2019-11-26;parcelas_6fae58fb-6cd8-40bf-8700-cdb3dc6b3248.csv
1;1103.03;2019-03-27;parcelas_6fb06d48-fc95-4e96-9741-a14b04d82c3a.csv
1;12566;2019-10-10;parcelas_6fb2a34a-2f07-4605-9a1c-0bd0a9e882f1.csv
1;63307.94;2019-12-11;parcelas_6fb950c5-898a-4faa-a1e1-a4a73d125b2c.csv
1;5.07;2019-01-21;parcelas_6fbf1c4d-92af-407e-9778-9a7891f1cf23.csv
1;6200;2019-01-02;parcelas_6fc22026-73a3-478f-b801-2a20520c6632.csv
1;700;2019-07-10;parcelas_6fceedc2-7b4c-40a3-bcd5-f3cf03c90a13.csv
1;599.23;2018-12-28;parcelas_6fe1b949-a5f2-4952-b2ce-7d89692454cc.csv
1;170.97;2019-08-05;parcelas_6ff065a0-29b8-4409-b1df-264a0d03baa8.csv
1;14365;2019-04-08;parcelas_6ff34f5c-96d7-4fed-9213-37a103080998.csv
1;2800;2019-02-06;parcelas_6ff3d0de-e674-4ebc-9c36-a2cd07939a94.csv
1;452;2019-05-06;parcelas_6ffa5a91-784a-4148-9d6d-c10866bf490e.csv
1;2495;2019-06-28;parcelas_6ffdc5ef-b3ec-445b-8c31-e47f7239219a.csv
1;23.97;2019-06-03;parcelas_6ffdfd62-b775-420f-bd54-c13bdf4af1e9.csv
1;24230.36;2019-09-26;parcelas_7002c18b-0bb1-4259-a8db-ab06e0e078d7.csv
1;43500;2019-04-30;parcelas_70076f0d-ef66-45b2-906e-3bb41149626f.csv
1;307.2;2019-06-21;parcelas_7010d256-2813-46ea-bf69-5398819db9a5.csv
1;763.67;2019-10-16;parcelas_701698dd-f023-49d2-8978-cb6487f65ccd.csv
1;861.12;2019-12-11;parcelas_7018c8b9-8d3a-4607-a930-cc9ece9b565c.csv
1;6456.87;2019-01-02;parcelas_7019c5ff-1967-4723-bc14-7705673942bb.csv
1;139267;2019-09-30;parcelas_701c7e48-4d2c-46e4-8415-dade2b0a520e.csv
1;19658.2;2019-10-25;parcelas_70274c37-2f0b-4c14-b0f5-227f7d01ec32.csv
1;51612.88;2019-11-05;parcelas_7028b8c5-e457-4c9d-a10d-3fb1dd8c7272.csv
1;505.09;2019-05-10;parcelas_703498c5-2c5a-40b9-bfad-585edabe7f20.csv
1;1240.56;2019-04-23;parcelas_70400f72-b628-4e42-aa06-2556140cd2cf.csv
1;97754.82;2019-10-30;parcelas_7057d1a7-b71e-48ce-8f55-d08d6350cbdf.csv
1;50000;2019-06-27;parcelas_705f6310-00e4-48c0-aa0c-550043e44711.csv
1;220000;2019-07-01;parcelas_7069ec60-8dcd-4de7-8ca3-79026f272616.csv
1;326337;2019-03-25;parcelas_7072e369-93f0-4d19-9b0c-5b63da92abb1.csv
1;96079.35;2019-01-10;parcelas_70766e93-486f-4f15-8a90-a22c2e477206.csv
1;200724.4;2019-06-27;parcelas_7076e37b-a86e-4e76-85aa-01ac7fbdfc02.csv
1;15000;2019-01-03;parcelas_7076ea89-99b7-45c9-af28-3753c9d394cf.csv
1;1836.5;2019-03-21;parcelas_70771811-057f-4fa7-873d-e927e6ae772b.csv
1;4202.5;2019-12-06;parcelas_707e3aa5-3a44-44f9-9fdb-5633fc5be402.csv
1;1446.76;2019-06-27;parcelas_708730b2-48a4-41d5-8144-174c69be2604.csv
1;7500;2019-07-26;parcelas_7087677b-075e-402c-8dee-e6734abbe3d7.csv
1;1225;2019-07-31;parcelas_70881dea-2a70-4ef4-8894-0c1515844e68.csv
1;1534.05;2019-09-05;parcelas_7089088c-7f6d-4f95-8c08-cba0356ed0c4.csv
1;1070;2019-11-13;parcelas_70910aa6-762d-4794-8b7f-539391d83858.csv
1;79.9;2019-09-04;parcelas_70936b92-6aad-4772-88ee-44addefcafe6.csv
1;38329.35;2019-11-29;parcelas_70980c3b-421c-47b4-9cae-ecfdb420cce6.csv
1;134183.63;2019-12-19;parcelas_70987cb0-0d86-4821-b2a0-d196470fe33b.csv
1;825;2019-04-17;parcelas_709f178b-72d8-45b4-8220-565aa69f2aa0.csv
1;2205.95;2019-09-24;parcelas_70a50317-8b97-4dcf-88df-ac47bbeca7be.csv
1;12310;2019-04-04;parcelas_70aac5a2-957a-461c-9c4f-ec077471a2e4.csv
1;8176.74;2019-05-15;parcelas_70aec813-711a-46aa-bd5a-57729d8a2206.csv
1;53803.44;2019-01-02;parcelas_70afd58b-f4e1-4eb2-8ebe-a5c6746ee5ba.csv
1;40000;2019-10-29;parcelas_70b043ab-2f2c-4630-a58a-8cd3cbf99371.csv
1;1367.88;2019-01-10;parcelas_70b0c412-2907-4da4-9e1f-c33bae207fe8.csv
1;9700.03;2019-08-16;parcelas_70b15bfc-cc39-4964-849d-7500fddf252f.csv
1;520;2019-10-28;parcelas_70b1a652-c4e1-46ed-8f30-1369630cf5e1.csv
1;156.18;2019-03-21;parcelas_70b2e5d0-4bfc-41b5-97bb-c43bb022f421.csv
1;477000;2019-04-29;parcelas_70b383b0-ad66-471c-9f82-acfaa213b6f3.csv
1;2518.2;2019-09-12;parcelas_70b774a5-a7da-4c10-9530-0994e616843b.csv
1;36000;2019-01-28;parcelas_70bc96b6-949b-42ed-a5c5-e886b02dc3cf.csv
1;161559.79;2019-01-02;parcelas_70c33ec4-c273-45ec-9607-08bb14e92def.csv
1;10304.96;2019-01-10;parcelas_70c77055-3677-4147-b0c6-d6d6f58fd544.csv
1;25;2019-10-21;parcelas_70cab078-d96b-4552-8625-8d306704912a.csv
1;11737.6;2019-02-25;parcelas_70cc0548-3fbd-4d09-9339-61194b754533.csv
1;6762.48;2019-04-30;parcelas_70d9fa9a-e14d-4fda-8a92-52fb1e32d626.csv
1;15905;2019-04-16;parcelas_70dc846e-6aec-47ba-94d3-dca3092410e9.csv
1;1972.15;2019-08-27;parcelas_70f3da74-9c46-4694-8b12-2c6d774f0b83.csv
1;15.87;2019-02-13;parcelas_70fc2e1e-0cf7-4507-983c-29cba698b61c.csv
1;432.97;2019-01-28;parcelas_70fee034-9b65-4d28-a248-54570cb8ff47.csv
1;70529.11;2019-05-06;parcelas_70ff1f71-1b59-4f3c-9107-8ec0296d05bc.csv
1;30000;2019-02-28;parcelas_71008ef2-688a-4e78-a0b9-6d2039e46eff.csv
1;1887;2019-08-22;parcelas_71169079-280c-48ce-bcbf-682312acbfbf.csv
1;13434.99;2019-06-27;parcelas_71175fa7-b086-44d6-ae3d-9436211eddf8.csv
1;307.75;2019-07-02;parcelas_711ce1fa-ce80-42cb-b842-3f76508f8afa.csv
1;1305.39;2019-05-31;parcelas_712cb0d9-a774-433c-93e9-acf17ac7804b.csv
1;1903.82;2019-04-12;parcelas_712d99df-c647-4b17-a6e1-517e7712f3e6.csv
1;75132.63;2019-03-21;parcelas_712e3616-bd17-4b95-9981-5355de694d91.csv
1;12144.4;2019-02-26;parcelas_71439435-3020-4b1f-bb7e-2860f00727e0.csv
1;30345;2019-11-12;parcelas_71546b65-d243-4eb2-a0e6-f48a861d584e.csv
1;21200;2019-04-24;parcelas_71573a62-273f-4697-af1d-80baad9d7b03.csv
1;35311.68;2019-08-30;parcelas_715a62aa-61b8-47db-846a-a85429b3a5ab.csv
1;2160.16;2019-03-29;parcelas_71604c87-dd34-47ce-98fd-0651cef04918.csv
1;293259.6;2019-06-27;parcelas_716492fc-ea17-4c2d-84d4-251c0f840f14.csv
1;2366.65;2019-09-13;parcelas_71672948-7395-4e70-8cdd-f0a21782bef5.csv
1;69.49;2019-01-07;parcelas_716bc908-60c5-499d-86fe-46d4f46aab2f.csv
1;638.92;2019-02-15;parcelas_71710069-b544-4510-ab1b-ef38144783b7.csv
1;4365.29;2019-02-11;parcelas_7171d41f-09da-4d25-be59-8e5f48d19752.csv
1;2480;2019-10-08;parcelas_7173ef1c-0349-4b10-8aeb-425e8fc7f47d.csv
1;2252.2;2019-03-12;parcelas_717955f3-08b2-4029-a9aa-dc256f0c2a6f.csv
1;2000;2019-08-22;parcelas_717cd083-2d15-4c5c-a203-5688dc2704f7.csv
1;23348;2019-07-15;parcelas_7183f116-1538-4b1c-bede-391be014a596.csv
1;2420234.6;2019-08-21;parcelas_71916b78-0b37-4fed-86ce-48839ba446dc.csv
1;2598;2019-11-27;parcelas_719b3b42-4cc8-44a5-bb12-881931cec92e.csv
1;68035.53;2019-05-31;parcelas_71a45864-b77e-4393-a9e1-31b777978f3f.csv
1;11277;2019-04-08;parcelas_71a53fff-1b35-4f74-971f-afe91cb81447.csv
1;7511.04;2019-08-20;parcelas_71a57f59-a9f6-4496-a900-87e702508677.csv
1;36976.98;2019-10-04;parcelas_71b3eb7a-d00e-4574-b6a6-e7f0ec1ae712.csv
1;211756.79;2019-11-08;parcelas_71c20419-6474-4187-8913-d8cf95770001.csv
1;8313.5;2019-01-11;parcelas_71c8a867-d3d3-4421-b439-99d79525e7f0.csv
1;3322.38;2019-09-30;parcelas_71cd9430-d674-4b9b-89e3-1c9dfe79d425.csv
1;371.73;2019-06-27;parcelas_71d38dd8-dcab-4941-b3af-9b99a60e361a.csv
1;292.4;2019-07-25;parcelas_71d3abcf-ed1a-4d4e-8e00-648eaaf6a00a.csv
1;1878.61;2019-08-22;parcelas_71d41654-666e-441f-8a27-32262a3b612e.csv
1;3443.4;2019-12-20;parcelas_71d67c4f-0786-4a21-bee4-e52640126959.csv
1;817.72;2019-01-28;parcelas_71d83998-c75b-436c-a23a-24f1e8abe453.csv
1;2692.38;2019-11-29;parcelas_71d90c8d-dddc-498d-bd7f-240334f4055d.csv
1;28094.69;2019-12-11;parcelas_71db2503-093c-4a6b-8fb2-0aac1bec97b7.csv
1;174000;2019-11-19;parcelas_71e233ba-ee08-454c-8e32-6360762a867e.csv
1;23811.03;2019-09-02;parcelas_71e5d8b5-be58-4fdf-8301-d7db60f762a5.csv
1;6033.05;2019-03-29;parcelas_71efe266-99b8-4011-b4d7-88fbd1d8811c.csv
1;1755;2019-07-10;parcelas_71f51382-9478-4d54-8a51-c905fdc7d599.csv
1;29661.03;2019-07-31;parcelas_71f722a3-6cdc-4457-b81e-338f4c3a55b0.csv
1;1925;2019-08-30;parcelas_71f74d2f-3566-466d-b1f3-829db4427578.csv
1;2100;2019-03-25;parcelas_71fcd9a5-aecb-4ba8-9671-3dbc8f37570a.csv
1;1600.55;2019-07-15;parcelas_7200b8ef-20f6-49e8-a080-b36d74fac09d.csv
1;272.1;2019-03-29;parcelas_720235df-4480-4043-95f1-53cdc5e4d7cf.csv
1;4000.18;2019-07-02;parcelas_7205c606-eabc-415e-a772-82474eb7d706.csv
1;47350.07;2019-05-28;parcelas_720b75fd-66e2-483f-bbd5-a0f46bf26e7a.csv
1;3000;2019-08-30;parcelas_720f90ab-50dc-430c-9f1c-bf11b5b247db.csv
1;11767.76;2019-03-29;parcelas_7212880e-6434-47d9-94d5-54a7a7cd6397.csv
1;3604;2019-10-31;parcelas_722636e3-2b28-4c62-91fa-00da2ec2fccd.csv
1;13152;2019-08-27;parcelas_72278e2f-4799-476d-8383-7866f36c9998.csv
1;15000;2019-05-15;parcelas_7230b5dd-a619-43c2-a536-2a25acb8b24d.csv
1;3228.36;2019-05-31;parcelas_7233fdcf-6faf-41d4-89cf-bfceec68bd74.csv
1;22088;2019-10-04;parcelas_72397a96-84d8-40c4-bd50-f3aa8440cfd5.csv
1;65;2019-08-26;parcelas_72462c18-ef33-41bf-9391-de0af04fb719.csv
1;7642.5;2019-11-04;parcelas_72482a36-aa59-40e4-bbcb-8991aa4a8770.csv
1;764109.1;2019-12-30;parcelas_7248c490-5b37-42a8-8b53-df1efb6e6e5d.csv
1;435.39;2019-04-29;parcelas_724b58a2-1930-4728-a51b-b8481e156829.csv
1;369.12;2019-04-12;parcelas_724eb565-ae4c-46e2-b2a4-97cef50385ac.csv
1;165.68;2019-06-27;parcelas_7250baa3-dd1a-451f-9187-d17f39e7cb37.csv
1;41797.52;2019-06-27;parcelas_7262116b-648e-4c96-aef0-f2744a549f26.csv
1;535.71;2019-07-17;parcelas_72663644-425c-48e1-8f07-a57b4fa18a2d.csv
1;1188;2019-02-15;parcelas_726ab6f2-9e6f-4a56-8f8a-1832b94bb302.csv
1;552.04;2019-02-08;parcelas_726bef73-3c48-47fd-93f2-bf8b54b22d52.csv
1;552776.29;2018-12-31;parcelas_726ca21a-40a6-4572-877e-a37f1e921d45.csv
1;79.79;2019-08-29;parcelas_726dab75-a985-4208-9f0f-8966135bbd6c.csv
1;1975.65;2019-01-28;parcelas_72709a87-ce6a-4df2-994f-cb349e254a78.csv
1;817.64;2019-10-14;parcelas_727113f5-825d-4b4c-8ad5-2eb67f8da7ab.csv
1;274.55;2019-01-04;parcelas_72719186-9bbd-4fdb-8058-4bea5a40d1ec.csv
1;18470.06;2019-06-27;parcelas_727b030c-2bcf-41fb-b799-2a15a26eafd9.csv
1;20165.6;2019-04-15;parcelas_7280a511-7004-49e2-833b-83c25b878866.csv
1;11483.46;2019-06-19;parcelas_72838296-868a-4d00-8131-715299d7705b.csv
1;2925.12;2019-05-27;parcelas_7283b7fb-f7a4-4a04-806e-d08fd2443389.csv
1;720;2019-07-08;parcelas_72878ba1-4e14-4985-bf9d-dc8c68c2e11c.csv
1;520;2019-09-26;parcelas_728bf5e5-a3ed-4e44-9514-ce9c6f60c891.csv
1;156.5;2019-06-14;parcelas_728c04fb-2570-45ce-a5e4-892fc54980a9.csv
1;19278;2018-12-11;parcelas_728cf912-dc35-418d-9db3-1a55851eeb61.csv
1;120123.63;2019-06-27;parcelas_72921feb-8f74-4e6a-b52c-a0add5934aa6.csv
1;1273;2019-01-10;parcelas_7298906b-eff0-433d-85d4-d8d0b7fecc9b.csv
1;272.54;2019-01-31;parcelas_729fe857-8932-4d2b-b88a-3074df21ae99.csv
1;18.35;2019-09-09;parcelas_72aa31cd-8650-4320-95f2-fe8b96a5739d.csv
1;1600;2019-03-26;parcelas_72b02939-2a7d-4740-a05d-2b6b4a738a5b.csv
1;51300;2019-01-11;parcelas_72b230bc-8008-40fb-951b-30bde0550fd4.csv
1;88133.88;2019-10-18;parcelas_72b81ee5-c54e-4381-973a-c59718457b13.csv
1;758.33;2019-07-31;parcelas_72ba51a0-7e6b-483c-a8ba-03696a6a1fc9.csv
1;132.85;2019-09-23;parcelas_72bd8f01-8d7c-4014-b41e-f6b48486de2e.csv
1;14755;2019-09-23;parcelas_72ca2b89-24d8-4a74-a880-b74125bb0aa6.csv
1;2218.89;2019-01-04;parcelas_72ce7ff6-f7e4-4e43-b864-98e5fed3512b.csv
1;19477.57;2019-07-26;parcelas_72cf32ef-abf3-4ff3-bed6-16c137051419.csv
1;1383.7;2019-09-02;parcelas_72d69ee9-6e78-412c-92b8-095a16b66c24.csv
1;88094.53;2019-05-28;parcelas_72d81515-b96c-43eb-910e-1240a4bbb42b.csv
1;9563.38;2019-08-30;parcelas_72e6d943-f0d7-41bf-a977-19bf1ca47900.csv
1;1866.39;2019-04-16;parcelas_72eb6413-5ae1-47bd-a51e-1623f68095ff.csv
1;7024.37;2019-04-30;parcelas_72ec68bf-bacb-400b-a05c-85a1bf1def78.csv
1;647819.7;2019-12-30;parcelas_72eda99d-a642-4c79-a3e0-ef3ad70e456d.csv
1;3409.98;2019-04-17;parcelas_72f2a484-1602-4b64-899b-9cb0e74e6df9.csv
1;5110.26;2019-06-19;parcelas_72f55193-792d-4897-ba0c-66c91f6ad307.csv
1;49243.62;2019-09-30;parcelas_72f6d822-5d1c-41aa-b8ba-9e8aa8734d35.csv
1;2650.31;2019-06-28;parcelas_73022357-be6a-46d1-a112-1ea09980ea87.csv
1;1000;2019-06-05;parcelas_73088e8e-015b-4bc1-b21b-e0f58c94dbbd.csv
1;40434.78;2019-10-30;parcelas_7310c78b-ea8b-4c74-9dc8-9dc616ab976f.csv
1;2012.5;2019-11-28;parcelas_7313b603-2bf0-4dbc-aba0-c9eb93216f3c.csv
1;200;2019-04-30;parcelas_731bb6c7-ece3-4f39-9d31-c433b256a609.csv
1;12428;2019-08-27;parcelas_731cde4d-3e88-43e2-977a-e221d09aee70.csv
1;290.7;2019-11-26;parcelas_7322a587-9161-40f4-bd73-a0b4fc1b17b4.csv
1;280000;2019-12-30;parcelas_732974ea-dab7-4445-9057-4fd0e8b57a70.csv
1;314;2019-08-23;parcelas_732accb2-25a7-4e2a-8e16-4e4b26fc98dd.csv
1;5004;2019-02-15;parcelas_732adc47-f07a-40f3-a3e4-9914bf350ae4.csv
1;9600;2019-02-04;parcelas_732b2a55-598f-4fe5-bafb-608b85c2cb26.csv
1;1683.11;2019-05-28;parcelas_732e4b8e-bc9d-4a69-830e-1d8ed2076eb7.csv
1;976.06;2019-03-20;parcelas_732f7207-873c-43ff-bf44-dabaddd10085.csv
1;10874.48;2019-01-28;parcelas_73314085-0553-4d39-a5af-873c03284d25.csv
1;2883.12;2019-02-28;parcelas_7336361e-665f-4bae-84ed-875e127e121a.csv
1;526086.89;2019-03-18;parcelas_733ac393-c214-4340-9163-4aa8d07442f4.csv
1;121295.26;2019-05-31;parcelas_733f7a6d-9e1f-4f2a-bfbc-7dbb20531ea5.csv
1;735.37;2019-05-17;parcelas_7344e2d6-1529-4cf5-9a78-0bc70748936f.csv
1;150;2019-04-03;parcelas_734b604b-fdbb-462c-9452-0e8fd86db534.csv
1;162.17;2019-05-27;parcelas_734f7b79-011b-4163-b55b-34a3b85decaa.csv
1;475;2019-01-07;parcelas_735266ca-ce0b-4ea6-b89c-31959cfb9f67.csv
1;133.38;2019-04-16;parcelas_7352b376-e0d2-4281-af88-1746d5d343e1.csv
1;104.13;2019-10-22;parcelas_73584595-8b10-48b0-b868-52168e296fc5.csv
1;325.5;2019-09-17;parcelas_736fa4e1-0f44-4cf8-8adf-a4328d5793ec.csv
1;238.5;2019-01-14;parcelas_7371bc4a-7596-47a3-a1da-482905c248ac.csv
1;545;2019-04-17;parcelas_73742307-54db-49bc-9857-d261edc67f4c.csv
1;1542.85;2019-01-28;parcelas_73788dd7-f5bd-4305-a1c1-cf4cddb41842.csv
1;1112.4;2019-08-05;parcelas_737e8c63-1cd6-471a-993c-6a3fb5e2d4c1.csv
1;5100;2019-02-25;parcelas_73846239-944d-44b6-8957-2a4504d15e08.csv
1;3101.5;2019-07-29;parcelas_738466ad-5164-433e-9bb3-ef6c4c14f5a4.csv
1;150000;2019-01-21;parcelas_738ca5f2-7a30-4163-b679-fb4c4147c4ce.csv
1;135.75;2019-03-12;parcelas_738f231b-8a3e-4088-a1ba-9d1bbed7c26d.csv
1;3130;2019-09-19;parcelas_73a2cceb-3abe-418b-a3ef-71d9adbce4f9.csv
1;4602;2019-02-06;parcelas_73a8f863-55ba-4e36-bea1-64fcd0da6d5f.csv
1;21058.05;2019-10-30;parcelas_73a961d3-989f-47d9-9528-d67e2a418a57.csv
1;329691.8;2019-05-28;parcelas_73a9a459-cbad-48e4-84c8-e53782ab0a06.csv
1;906;2019-03-12;parcelas_73ad9277-5dac-4852-85fa-c67950758b8e.csv
1;12369.59;2019-12-19;parcelas_73af279e-891d-40f2-aace-8fc3365ba937.csv
1;17801.15;2019-08-27;parcelas_73b06ac3-c952-4507-9bcd-d89088313a45.csv
1;51488.11;2019-12-31;parcelas_73b1e0dc-5c0f-401d-9378-73312f3717f0.csv
1;31017.6;2019-01-02;parcelas_73b57c82-eca1-4032-8d2a-72f544834fa3.csv
1;145673.55;2019-12-11;parcelas_73b7c2dd-39b9-4734-983d-800ae27da54b.csv
1;5157.4;2019-11-14;parcelas_73bc779c-59fa-4552-9780-3a47d5da98c1.csv
1;767.54;2019-12-11;parcelas_73bd1ef0-19b2-4930-92e3-26a0eec62eb2.csv
1;4147;2019-11-06;parcelas_73bebfef-682d-4cb5-a796-060cb2edbb58.csv
1;472600;2019-12-03;parcelas_73c0f6c2-ff7f-4f72-9853-1c162539ccad.csv
1;46045.97;2019-05-02;parcelas_73c65e7e-0fdf-4685-aaf3-793a1d9633d6.csv
1;1627360.6;2019-11-07;parcelas_73c997c6-ef7a-4d9e-a9e8-0d2d0b6b50f4.csv
1;101500;2019-10-31;parcelas_73cae27e-dcf6-435a-9a61-d74cc8a45ab3.csv
1;500;2019-06-28;parcelas_73cc1687-1786-4136-a87f-f6b20f6de8a2.csv
1;16625;2019-03-18;parcelas_73d06546-d3d1-4212-a8d2-af7da9157e5d.csv
1;55330.88;2019-10-30;parcelas_73d3e4df-ca8c-4b65-9cd5-90fb1d262d3e.csv
1;33669;2019-07-26;parcelas_73d642d8-c66f-4d16-80e4-1b2a5205ad60.csv
1;71625;2019-01-02;parcelas_73dc9444-8847-4ddb-942b-3811318f55be.csv
1;4450;2019-02-28;parcelas_73e01092-f379-414d-bb99-2190aea5d262.csv
1;2049;2019-07-31;parcelas_73e3bf48-6d4a-4caf-bfe1-aeb3e373fd33.csv
1;49706.7;2019-02-11;parcelas_73e45f45-7fef-4342-bd6b-eda48b145dc7.csv
1;400;2019-06-06;parcelas_73eb585c-6008-4977-b354-49bee3d01290.csv
1;883.65;2019-11-29;parcelas_73ec0f35-fa71-4200-bb1f-2099d5c174e8.csv
1;1421.42;2019-11-25;parcelas_740a5ff3-bdd5-433a-8d21-3ea0c0cdc031.csv
1;129.32;2019-03-20;parcelas_740d7fa9-10cc-43fb-b855-6240517a2727.csv
1;52929.55;2019-09-25;parcelas_740f7f24-4c37-46fe-ab37-7183b99e33c1.csv
1;10199;2019-06-24;parcelas_74141139-12a3-46de-ad3d-1c79f6e4884a.csv
1;31377.78;2019-12-19;parcelas_74164acb-7929-41fc-a7ad-21e3bdde4de1.csv
1;1315.25;2019-10-07;parcelas_741a71ca-ff80-4dcc-8f61-f084b164203c.csv
1;1214.91;2019-10-04;parcelas_741c0ea2-d3dc-491e-9b89-e3c0a2b206ad.csv
1;2689.55;2019-04-03;parcelas_741c86db-95cd-4b22-87cd-82dae160f0a2.csv
1;8197;2019-09-09;parcelas_741d1b62-b850-44f3-86a5-bb9cbeffe51b.csv
1;24594.39;2019-02-28;parcelas_7425061b-68e7-4ec6-b4c4-db0913236664.csv
1;246.94;2019-10-21;parcelas_742634ee-4b03-4719-b297-410b357fe879.csv
1;917.71;2019-05-28;parcelas_742662d3-4fd0-4c28-8cad-1057a7001e7d.csv
1;4083.43;2019-10-30;parcelas_74272a4c-c106-4139-a0dd-8021cf6e413b.csv
1;144.3;2019-10-30;parcelas_74273eea-d5ac-4209-8699-542991d49d0a.csv
1;2374.18;2019-09-26;parcelas_742784c8-718e-41d9-aec7-abd7266dad74.csv
1;4246.69;2019-11-27;parcelas_742aee51-bf7a-4e95-a6a9-1770f033cffb.csv
1;1292.15;2019-03-20;parcelas_74353c02-ec5f-41a0-b8d5-4da3b1278786.csv
1;250.7;2019-09-09;parcelas_7438f52b-96e2-450c-8aea-9c1399c76cf5.csv
1;3090.92;2019-08-30;parcelas_743b0b10-1b20-4f51-85d1-a21661dce1cb.csv
1;14420;2019-03-11;parcelas_744268c2-5f8b-4025-b9df-9780c7d04288.csv
1;345402.83;2019-02-28;parcelas_74467b72-bc08-4a3f-aee9-b593b5084e87.csv
1;1249.52;2019-01-31;parcelas_7446fa77-ab47-4e01-acad-e9458c131a95.csv
1;150.65;2019-03-12;parcelas_74587c42-1eb4-4377-a48c-ec26fde974ee.csv
1;787.5;2019-02-27;parcelas_745a353f-4765-4d09-b579-1548b9d165cf.csv
1;3041;2019-09-05;parcelas_7468861b-37c6-4bd1-b891-4ea06c56cd94.csv
1;131.46;2019-10-16;parcelas_746a1196-2ce9-467e-9c29-3a946e3c271d.csv
1;5359.62;2019-12-19;parcelas_746b0dbe-57ad-4910-b2c0-cce7ff4fd07c.csv
1;5150.04;2019-06-28;parcelas_74714a13-9d1f-4784-af76-21e164711498.csv
1;15.11;2019-04-12;parcelas_7488fae8-c375-4a5c-9d8c-3fdfa2e39c85.csv
1;280.34;2019-03-12;parcelas_74892901-af6a-44d1-9aad-afd45132804c.csv
1;54;2019-04-30;parcelas_748a0927-008f-4ddf-97ce-b0b7633c8925.csv
1;79.79;2019-11-14;parcelas_748b1957-1682-49af-8f60-1e5ef456dbde.csv
1;1728.6;2019-10-25;parcelas_74900fcb-500e-4f4a-8164-df0750664c7b.csv
1;313.76;2019-06-27;parcelas_74903b78-3d36-4f27-af88-7ea0ccf31c1f.csv
1;8107.2;2019-11-14;parcelas_7498bfb6-7de2-4270-841e-2683864d41cf.csv
1;5425;2019-11-28;parcelas_74a4a8ea-0b7b-4f48-9188-3405a01e9277.csv
1;1287649.29;2019-03-19;parcelas_74a61abd-1c4d-4d05-b165-c4fcac3c32ba.csv
1;6592622;2019-08-30;parcelas_74aa279d-1b76-4648-bcee-87674a28d391.csv
1;2980;2019-06-25;parcelas_74b12989-f812-4125-83d1-25459243e136.csv
1;3985.79;2019-01-28;parcelas_74b5b5fd-f87c-42cb-8488-29732f03fc62.csv
1;6843.72;2019-04-29;parcelas_74ba122a-cd90-4fae-a65e-0b621bc622e1.csv
1;27968;2019-09-13;parcelas_74c2aed7-6824-4bd2-9573-b8689fe21927.csv
1;301.08;2019-04-08;parcelas_74c436a2-dfe4-4f4a-8404-2b032a81254f.csv
1;10867.5;2019-08-12;parcelas_74c45d42-a7bf-4c04-bced-410c6feed214.csv
1;188.95;2019-05-28;parcelas_74daf41e-34bb-4a58-b62e-52481f9e9197.csv
1;60585;2019-05-02;parcelas_74dda7cf-19b3-4977-8574-c591310d712a.csv
1;1563.4;2019-07-03;parcelas_74e19345-aedf-459e-8747-15c7bfa4f976.csv
1;168;2019-03-25;parcelas_74eb0082-3de2-4493-adbb-99e36b692a9a.csv
1;6043.33;2019-08-30;parcelas_74f0b790-409f-4bc6-b865-4bb705bbae67.csv
1;130535.61;2019-06-27;parcelas_74f238db-2edf-4051-b9c2-c129010a836c.csv
1;3004.03;2019-05-08;parcelas_74f720e3-fe55-47c5-a2db-857da72d3099.csv
1;134100;2019-07-03;parcelas_74f935e5-8dd5-4e08-9259-1fa046ff445c.csv
1;6665.83;2019-04-30;parcelas_75003509-6491-4497-97ba-39710d9916d9.csv
1;1815;2019-05-15;parcelas_7500b321-98e4-442f-b138-395d012d1b69.csv
1;345.75;2019-10-31;parcelas_75057c16-c2dd-4de4-8fd7-6a136d7aef64.csv
1;1398.96;2019-04-25;parcelas_75079630-8bca-4591-bb4b-6d1c0c6f4745.csv
1;69.2;2019-05-10;parcelas_7509969f-3462-4795-be9f-bcf4dd5868a2.csv
1;7315.03;2019-12-19;parcelas_750edb2f-3463-4695-ada8-d31ae7ee9ad1.csv
1;6725.21;2019-01-31;parcelas_751177dd-4be0-473b-81ec-4139199c1ecb.csv
1;1827.01;2019-04-30;parcelas_75148463-6b3d-46d3-9dda-52e80c96adb5.csv
1;2000;2018-12-21;parcelas_752817b9-c0b4-440d-ab76-ff22f7576a81.csv
1;101.84;2019-10-02;parcelas_75298f95-624c-4b40-ab72-296c6d098557.csv
1;7156.41;2019-07-11;parcelas_752a7ba0-ca49-4d22-a1ed-baf69773ae35.csv
1;38621.89;2019-01-22;parcelas_752e8b9d-4c90-42c5-b85d-4679d4a002e3.csv
1;400;2019-11-29;parcelas_7530320e-2ed6-4e5d-8525-8c30ff1b51fc.csv
1;22038.1;2019-06-10;parcelas_753d9a24-83ee-4952-b5a0-0526b43d6d6d.csv
1;403.23;2019-10-24;parcelas_7547b161-fc59-48d9-8cfd-6277ce7b64d4.csv
1;195.52;2019-09-02;parcelas_754b9ea2-afe1-47cb-9f7c-6553be0d23a5.csv
1;367000;2019-11-14;parcelas_75572816-5870-46a5-ba84-35c5f2ddf579.csv
1;17841;2019-12-02;parcelas_755efb81-1076-4b9f-812b-5ec1cee631ce.csv
1;4713.64;2019-05-13;parcelas_7568ce87-c963-4ec6-9bcb-4197f88491d6.csv
1;632.2;2019-11-11;parcelas_7568fdf8-bea5-42d9-ac6f-7540a7e15fbd.csv
1;190.78;2019-06-19;parcelas_756ad060-34fc-4d39-b40f-67d9ec073300.csv
1;1020;2019-08-29;parcelas_757618f5-e518-408d-b7d9-59f2c6c951ec.csv
1;1240;2019-10-25;parcelas_757b005a-988d-4753-92e3-894124ce8c37.csv
1;10374.89;2019-10-31;parcelas_7580965c-3d85-4f10-b637-d8be4c8cf6cb.csv
1;414;2019-10-21;parcelas_7581c080-f99a-4fd2-9957-39691f24a26d.csv
1;37154.99;2019-04-17;parcelas_758cb2ff-f294-4a69-8ad2-b8ccf0d01e09.csv
1;1613.04;2019-09-19;parcelas_7592abd4-a969-49dd-a109-622ed2c3ce1b.csv
1;11750;2019-04-22;parcelas_75939daa-d74b-405b-a0f7-3d93ad34b136.csv
1;1000;2019-07-24;parcelas_75946f64-16a2-46d6-aad2-5b0f6a98275f.csv
1;6500;2019-01-02;parcelas_75963c8d-5b7a-4411-a38b-615a8800f64c.csv
1;608;2019-08-20;parcelas_759e0370-0103-4937-8ae4-23b2f23e4202.csv
1;12520;2019-07-26;parcelas_75a23670-70cf-4378-b963-5b4474b48431.csv
1;1547.02;2019-01-30;parcelas_75a512b8-ca16-4022-a9c0-401433089634.csv
1;70406.4;2019-07-19;parcelas_75a9c324-0765-4ef2-be30-d372066fd5da.csv
1;3500;2019-06-27;parcelas_75aa4e2f-c8d7-4d1b-91db-6d6d5276e1ed.csv
1;46600;2019-01-02;parcelas_75ad36df-8c6d-4b34-b5ec-9320138d8b76.csv
1;433;2019-02-14;parcelas_75af992b-0e11-4157-be68-20492924b3dd.csv
1;9816;2019-07-10;parcelas_75b05a7b-12ff-4e8c-b830-32521860de91.csv
1;46400;2019-08-30;parcelas_75b0b4b1-ddd7-47e3-ac81-d290174b50ad.csv
1;1141.86;2019-02-08;parcelas_75b3b302-20cf-4e72-adc1-ab0eccb42a26.csv
1;815172.04;2019-01-28;parcelas_75b62e71-c76e-47a6-b9e0-b59793ea5122.csv
1;1936.31;2019-11-27;parcelas_75b69ae5-63b3-419a-8bb6-dfcd20bb5a96.csv
1;1294.6;2019-06-03;parcelas_75bcf128-a86d-48d8-bd46-cb827c7b6177.csv
1;298.88;2018-12-28;parcelas_75bf5ac2-77bf-4732-8d3e-30bf875f0e4b.csv
1;585.9;2019-07-11;parcelas_75c960ff-ed99-4dc0-b447-b3966732d822.csv
1;1358.75;2019-05-21;parcelas_75cbe90a-5efd-445b-9cdc-d15df95de4a2.csv
1;46776.29;2019-02-28;parcelas_75cde6d7-54c7-4016-b958-540e7c78d86c.csv
1;21.69;2019-09-13;parcelas_75cf7fba-d06b-46dc-829d-b84225157498.csv
1;3780;2019-11-25;parcelas_75cffe77-f7a9-47ba-bc56-4703a4dad51d.csv
1;49.08;2019-03-18;parcelas_75d43525-b095-4e83-a930-d2ff282c698a.csv
1;32041;2019-01-16;parcelas_75d4871b-eaa3-417f-955a-2dfeea12f9b0.csv
1;910.91;2019-06-27;parcelas_75d5b528-ea7e-4988-81bd-b4923398d8f5.csv
1;161231.57;2019-12-19;parcelas_75d667f0-3e3f-41a3-be08-b51368b5d9da.csv
1;1607.4;2019-06-04;parcelas_75ded2f2-00dc-4fc7-8c88-f46934ce9ac8.csv
1;249.25;2019-09-30;parcelas_75e3c2b8-7e91-464e-90e7-d96fda2ffd0f.csv
1;1249.82;2019-12-30;parcelas_75eabeac-bf17-4c3b-9097-91f036ff5089.csv
1;683.88;2019-11-04;parcelas_75eb7ad8-53fe-41e4-9594-27535f43c05c.csv
1;7283;2019-04-04;parcelas_75ee0cec-b972-4f15-b644-3c76f2677ff9.csv
1;269638.08;2019-08-12;parcelas_75f0603c-949f-483a-a33d-6e9d32038197.csv
1;2928;2019-12-16;parcelas_75f5f7c9-7801-4264-bb29-3cb6c150d544.csv
1;908.01;2019-04-30;parcelas_75f673a8-a54e-4ddf-b3b1-ed2c65dde35d.csv
1;617.66;2019-03-12;parcelas_75faed78-b805-4be1-a761-c43b809eaac8.csv
1;160.42;2019-02-26;parcelas_75fd71e9-fe79-49d9-9cac-88604fedd2e1.csv
1;9440;2019-12-16;parcelas_75ff6da8-1e72-4034-b09e-19a144547d55.csv
1;133420;2019-12-19;parcelas_76028997-af66-4c1b-af64-1bef3ee377c3.csv
1;2227.21;2016-12-29;parcelas_760d207b-a9fb-4080-ba71-cd8d6b0f022d.csv
1;19319.88;2016-12-29;parcelas_760d207b-a9fb-4080-ba71-cd8d6b0f022d.csv
1;3370.72;2016-12-29;parcelas_760d207b-a9fb-4080-ba71-cd8d6b0f022d.csv
1;161000;2019-04-30;parcelas_760fed7b-1b87-4183-935e-c01d23db68d8.csv
1;7417.5;2019-08-30;parcelas_762c1115-3085-48f2-a690-109e96175518.csv
1;65;2019-05-10;parcelas_762cd766-e5d2-4991-80a4-1f70a23cf3d3.csv
1;5890.89;2019-06-27;parcelas_762e7059-d13f-49a7-8fe7-0a07f73a5174.csv
1;35647.2;2019-03-22;parcelas_76306980-24b3-445c-b5bb-ec934863ef2b.csv
1;7588.21;2019-04-30;parcelas_76387a03-354b-4f12-b1fe-b7a2c9d21299.csv
1;260;2019-04-11;parcelas_7639c8e9-de8a-41bf-911f-ec71692c7981.csv
1;290142.96;2019-11-25;parcelas_763a9503-26b8-4cdc-9d38-ecc3637b6dab.csv
1;59076.09;2019-04-30;parcelas_7643a73c-c7ea-4a41-8b06-c9d33d5b79c0.csv
1;124.8;2019-06-27;parcelas_764e51a1-91b1-427d-9905-150003adc123.csv
1;778.8;2019-02-26;parcelas_7655566f-86e9-4dc0-9eb2-9345ed75c2ee.csv
1;3080;2019-03-14;parcelas_76573528-74fd-4a00-8f76-a47fad720556.csv
1;5460;2019-10-04;parcelas_765925fb-5d94-4145-af4b-ee8a6af1fe28.csv
1;15511.55;2019-03-12;parcelas_765bd017-e1cf-4608-a01e-def0ad033db3.csv
1;38.5;2019-11-13;parcelas_76607250-2940-481c-8684-51c82b620d37.csv
1;17252.5;2019-09-24;parcelas_76645d60-e879-4f39-89aa-4abae4d6dc3b.csv
1;85.96;2019-04-10;parcelas_766476a6-5086-4fe3-87a1-1d7323e62ca3.csv
1;121126.29;2019-04-04;parcelas_7664afa0-e0ba-4715-9090-9e96791d8a81.csv
1;76294.26;2019-04-12;parcelas_766a2285-07bd-44e3-88d3-ed92715945ba.csv
1;1991.16;2019-09-16;parcelas_766a8737-4498-4c08-a628-a5a050f53576.csv
1;2801517.19;2019-01-02;parcelas_767727bf-b7c5-4835-97ea-f51c128b510d.csv
1;3735.04;2019-02-28;parcelas_767a351a-66c4-488b-9ffb-4b1f78e0ec10.csv
1;49533.5;2019-12-02;parcelas_767f622b-c8d7-48f4-a1df-500f2ac8dc39.csv
1;335.23;2019-07-01;parcelas_76831876-9144-44d8-8c69-ce9a72eb4bd4.csv
1;3987.95;2019-08-22;parcelas_7684ecee-8458-4ceb-948f-62157c8c888a.csv
1;9000;2019-08-23;parcelas_7694ad4d-2fb2-4b64-b93c-710d5bca2ff4.csv
1;257161.75;2019-08-30;parcelas_7696119c-9f13-47d7-8225-0656f24e6841.csv
1;195.01;2019-10-29;parcelas_7697abb8-6bb6-419b-963e-b52f7e52bedc.csv
1;1263.42;2019-05-31;parcelas_76a46e60-8d36-43b2-bf93-0bea6cf7bbc0.csv
1;58221.97;2019-11-28;parcelas_76ae6d02-de5f-47b8-a7cb-fb1fd962e141.csv
1;100;2019-07-31;parcelas_76b42ede-3df7-464c-b8f9-d54086535200.csv
1;1596.44;2019-12-06;parcelas_76c86fc5-73c8-4171-bff1-c3760923c6b8.csv
1;17714.07;2019-04-30;parcelas_76ca7175-1b57-45d6-b8cd-fb02b6063a0d.csv
1;2113;2019-06-07;parcelas_76d284a2-6ba0-4baa-820b-0a6447b3fa33.csv
1;663.52;2019-02-28;parcelas_76d48404-e888-4f20-bd74-0d2f1f95240f.csv
1;300000;2019-11-29;parcelas_76d7b679-8f69-454a-9df1-f64906499b5a.csv
1;5886.76;2019-04-30;parcelas_76da4b42-e964-4c17-b026-2299fbaf6d34.csv
1;5988;2019-01-02;parcelas_76dc8c58-d60a-4128-bdf9-2b7ab0a503f0.csv
1;53.5;2019-04-16;parcelas_76dce278-f0ec-4a2f-8433-6ebafcc9d32b.csv
1;49911.51;2019-01-28;parcelas_76ddc538-32c0-4a3d-af49-8600e49443bb.csv
1;0.07;2019-04-02;parcelas_76e3473e-4685-4d68-8d49-a15a0c1cadaf.csv
1;842;2019-08-08;parcelas_76fb5c24-14e4-4702-916a-c22cb9a5c5e8.csv
1;3607.3;2019-04-30;parcelas_77137afc-4206-4bd0-91cd-ea3cd1fccbae.csv
1;1295.82;2019-02-01;parcelas_77180a25-e861-4385-863e-2af9bf7c3295.csv
1;3773.6;2019-07-23;parcelas_771e32f3-0d14-454c-a750-b7eb75931cfb.csv
1;361.92;2019-02-04;parcelas_7720e546-5752-4e7a-89fa-f14a4a7a854c.csv
1;6850;2019-06-04;parcelas_7721342b-8984-43f5-9b70-4898dcc6be94.csv
1;11398.29;2019-10-23;parcelas_772195f6-f392-43d9-938a-8f50784e05b7.csv
1;1800;2019-11-26;parcelas_77259ed4-1ce1-422e-8e9a-bcc849c920f5.csv
1;36;2019-01-10;parcelas_772b287d-816a-48dd-abab-f80179e9b4a1.csv
1;10532.48;2019-01-28;parcelas_772d59c0-8264-4f56-9b72-1050e75d2704.csv
1;680341.4;2019-03-22;parcelas_775721c9-7fe8-47f0-8118-78863509001d.csv
1;636.97;2019-02-26;parcelas_775a64fb-a845-44cf-a4cb-0922c5b70da0.csv
1;184.99;2019-05-28;parcelas_7764b097-4c36-44f9-bcb2-3a23f5965b68.csv
1;41844;2019-05-20;parcelas_7765e275-3392-4435-84ec-75795992e05e.csv
1;1176;2019-11-26;parcelas_776a1eda-a68e-46e3-a423-2f416bbae627.csv
1;156.85;2019-01-18;parcelas_776b0b92-3c08-485c-ac86-2acbc84625d8.csv
1;5416.78;2019-09-30;parcelas_776deff9-886b-4e1b-9d5f-99be04792821.csv
1;1551.66;2019-06-27;parcelas_7773a578-1791-4759-bb7d-c219bf2f5f31.csv
1;32968.54;2019-06-21;parcelas_77741f5e-95de-4f78-ae1f-bf396a1b3650.csv
1;249.14;2019-02-12;parcelas_7774fee6-71e9-4f3e-91bc-87a3b0d8a8a9.csv
1;19650;2019-07-10;parcelas_77792513-0aa6-424d-8b17-f248b5ba8376.csv
1;3915504.49;2019-07-31;parcelas_77894b9a-c405-4bef-8c19-48302f0db7ae.csv
1;296.4;2019-09-09;parcelas_7789b98d-fb50-4658-944d-16690098c0cb.csv
1;2002.6;2019-11-06;parcelas_7792d7e7-de3c-4ea4-90e4-e5c5f2742fb4.csv
1;2066;2019-09-24;parcelas_7795a2f1-bc0e-4ca5-b3f7-0b44666e7068.csv
1;15921.87;2019-03-29;parcelas_77a040a5-ea07-4906-bd23-cc4c0151f43f.csv
1;1048.06;2019-07-15;parcelas_77b67aba-59db-478e-b9ce-83873e108618.csv
1;264.14;2019-10-29;parcelas_77bc5262-3a94-48d9-bab7-6ec63dde78c7.csv
1;35487.37;2019-08-27;parcelas_77c013f3-02f8-4da3-84e3-fa132dd99f49.csv
1;289492.05;2018-02-20;parcelas_77c3a6c1-0100-4946-bdad-1c0533093d44.csv
1;5368.14;2019-10-30;parcelas_77c97fbd-eea9-4dbb-a642-8368232e5aad.csv
1;161345;2019-03-27;parcelas_77ced2cc-4248-4238-87cd-c5a3e8be3af3.csv
1;2011.38;2019-06-27;parcelas_77e00ec8-18ed-4731-b334-ac3002f1ccb1.csv
1;5988;2019-05-15;parcelas_77e2e95e-f909-4bd3-a4c8-2990c7c13594.csv
1;748.1;2019-02-25;parcelas_77eb9f7c-2226-412a-8a51-7ec5f2998449.csv
1;34983.46;2019-04-03;parcelas_78004c36-d57e-405c-86fc-8cda47dc09d4.csv
1;119.46;2019-10-31;parcelas_7805018a-f2ed-40b3-8677-4473ad0652ac.csv
1;159;2019-01-14;parcelas_7809753d-0561-437b-bd1d-db9cf9199d5d.csv
1;8920;2019-04-08;parcelas_780e3f52-d59c-4a4b-93c4-573d2912c05a.csv
1;8459;2019-06-03;parcelas_780f2e77-611a-48e2-9b2b-e7cbbb7ae525.csv
1;1276;2019-05-10;parcelas_781b8692-1c29-4a3c-8691-fbc1e8401000.csv
1;38485;2019-03-01;parcelas_781c160e-bf29-48c8-bf5e-555be8d2b45c.csv
1;102.58;2019-07-08;parcelas_781cf0a4-594c-4626-9a16-e8cf6c177304.csv
1;33803.36;2019-03-29;parcelas_7820a07f-758a-434d-bf2b-3c6a8ccc9bca.csv
1;3575;2019-01-02;parcelas_783e6d6e-c54f-4543-9741-ca5d268bc6ce.csv
1;13945.18;2019-12-11;parcelas_7840d5d9-0912-4095-a6f0-8fd1c0cf5800.csv
1;24549.57;2019-07-31;parcelas_78424a9b-90fb-47af-97de-9df9217e0a08.csv
1;1823.5;2019-01-10;parcelas_784269be-135a-4703-a524-52da20b6b4ec.csv
1;92;2019-09-18;parcelas_7842997c-6229-4b9a-8686-5f0ca20646ad.csv
1;40199.67;2019-09-26;parcelas_784518bb-7050-42a7-ba1a-f18c0c1f562a.csv
1;16700;2019-10-18;parcelas_78477b4d-14c6-418d-ac81-748fcd5f62d7.csv
1;6228;2019-06-10;parcelas_7849fc6b-77aa-44bd-a807-f0cdbd7a86c5.csv
1;20743.2;2019-07-10;parcelas_784a108f-3ec1-4fa5-bda5-6b460f38b5c1.csv
1;90676.8;2019-07-15;parcelas_784b07dd-4cb5-4059-adb4-64a7e806f211.csv
1;3360;2019-06-03;parcelas_784d6e98-3e44-4e74-8954-9f785c78c248.csv
1;2594.24;2019-10-29;parcelas_785878c7-50e0-4fdc-8676-90da4689da0e.csv
1;2015;2019-02-01;parcelas_785dc8a4-682f-4159-9314-3cf1a14747bb.csv
1;3416.44;2019-01-31;parcelas_787389f7-8e4c-4834-a021-39dca3ee9aed.csv
1;205288.99;2019-09-30;parcelas_787516a4-8503-4a15-849e-e4e83ef6a181.csv
1;8800;2019-07-25;parcelas_78795bcb-b0bb-455e-a7ac-9b41c89fd244.csv
1;1173084;2018-12-31;parcelas_787cca5f-ea3f-4d0e-a08a-59648f3f3474.csv
1;28120;2019-06-13;parcelas_787fbde3-45f8-47ca-8830-aaa46025671f.csv
1;1102.27;2019-12-31;parcelas_78884f02-ed17-4969-8579-737b30b5bd8a.csv
1;66.67;2019-10-23;parcelas_788a8308-953f-4106-a28e-b6a12f7dc1c8.csv
1;350;2019-09-30;parcelas_789128e6-9212-472b-a5b8-1d9ad7328086.csv
1;6634.54;2019-06-27;parcelas_78952c2a-0f6f-4949-841c-8a22d9b12883.csv
1;539;2019-04-29;parcelas_7898b060-992e-450d-95d7-3b969ee65922.csv
1;4249.72;2019-05-24;parcelas_78a1d660-d295-4a39-95c3-72921c71a606.csv
1;504;2019-05-15;parcelas_78a8e77c-f157-43e7-b1ee-ccf0fb950083.csv
1;20795.82;2019-11-28;parcelas_78aa4a9d-03cb-4a04-83c1-1803a1dd9a00.csv
1;4600.31;2019-03-29;parcelas_78b11997-361d-4835-9512-410e88918920.csv
1;14500;2019-10-04;parcelas_78b267bb-94fa-4d9d-997d-a370bfade64d.csv
1;1270.78;2019-01-02;parcelas_78b895e5-4b6f-45e3-8ddc-877ba3b29333.csv
1;8068;2019-11-14;parcelas_78c8b90f-7cf8-478c-9c9b-495ca4d6a39a.csv
1;8322.43;2019-10-21;parcelas_78cd6916-a981-4b79-82cd-7e483a25f5c0.csv
1;724.5;2019-07-22;parcelas_78ce46bf-a6b4-44fe-aa26-15c273bef423.csv
1;104.13;2019-07-18;parcelas_78d52277-be32-40f6-805d-3c8bd0ec9a6a.csv
1;20500;2019-03-20;parcelas_78d7c52c-7ac8-470a-87dc-45f0101b9384.csv
1;7378.19;2019-01-31;parcelas_78da324f-e9f3-4b38-a234-9dc159d9a066.csv
1;300;2019-11-07;parcelas_78dd4e0b-fe7e-441b-8e12-ba90c4b64d08.csv
1;347.26;2019-05-17;parcelas_78debe34-4fd9-4e80-9de0-d54e4df2ed20.csv
1;1318;2019-11-13;parcelas_78e58270-736a-4b65-8d3b-ecc714432188.csv
1;157979.2;2019-05-02;parcelas_78ee57c3-725e-4fbe-8f40-5e42d20199c3.csv
1;14975.65;2018-12-20;parcelas_78fa79a1-fc99-48aa-ab07-a9bc57e88a24.csv
1;5742;2019-05-02;parcelas_78fe912c-6c32-44c5-88e4-073d0b223632.csv
1;8980;2019-01-24;parcelas_7901197f-77f9-45fd-8fad-0a3b147b1c5c.csv
1;1108677.29;2019-01-31;parcelas_79013418-4700-4470-922a-80e6a3aad5b4.csv
1;104.3;2019-09-17;parcelas_79022dbc-c7cd-48fb-87bf-674cd2eaf3ac.csv
1;6843.72;2019-07-26;parcelas_790659fd-eb1d-4d58-9845-c4cac230abc3.csv
1;271.2;2019-02-11;parcelas_79073039-8e63-46ff-9780-5649bcf4c36b.csv
1;11913.99;2018-02-20;parcelas_790a2c88-798f-4503-84cf-0886623462cc.csv
1;340.21;2019-06-10;parcelas_7915511f-88ba-47f7-8450-263a6c28601f.csv
1;7431.16;2019-01-02;parcelas_791abe51-96ce-4dd5-bfed-27de694b0290.csv
1;14560.3;2019-10-29;parcelas_791b5c7e-6b6f-48ee-9f4f-414d8766ce6b.csv
1;35100;2019-10-29;parcelas_791f0fe7-ce7b-45ff-a574-d3d89d850aa7.csv
1;65;2019-11-25;parcelas_7926c586-abd9-4678-980d-b0aa22c8fb1d.csv
1;4428;2019-06-03;parcelas_792a24b7-6e93-45b6-a661-b3027e4375c3.csv
1;8045.67;2019-01-28;parcelas_792f8607-a1bf-4eb9-833e-e80756729f2f.csv
1;1685.72;2019-11-29;parcelas_7930f1e9-9f77-46e6-8c08-11d9ddf808d7.csv
1;29383.76;2016-01-04;parcelas_7937a106-aa9a-4c05-a32d-a2d383f1a53e.csv
1;538903.39;2019-06-27;parcelas_7946ceb2-dca5-4656-a873-e6542d19db29.csv
1;560.16;2019-04-17;parcelas_794be8d9-1d79-40d2-8be4-63065e664f5f.csv
1;251830.65;2019-04-30;parcelas_794c547a-66ba-4dfa-afc7-cbeb09a02af6.csv
1;18774.5;2019-05-31;parcelas_794eda61-f836-4705-9b96-bd594659b676.csv
1;5562;2019-08-20;parcelas_7957b187-dccf-4e6e-9f3f-a410f5804f83.csv
1;68515.8;2019-07-01;parcelas_79695465-49d4-4dc3-9061-cf20fae87f3d.csv
1;921644.2;2019-11-18;parcelas_7971be57-34b1-40cc-ba8e-b9170a43a6e0.csv
1;2474.91;2019-10-16;parcelas_7971dc3e-c24d-4e77-b34f-ba18d5e49547.csv
1;11647.84;2019-08-30;parcelas_797576b6-309b-45c1-8bf5-6ff3d245a520.csv
1;1315.31;2019-09-10;parcelas_79790fc7-0273-4322-9c99-3cb0cbe250cf.csv
1;48756.1;2019-07-31;parcelas_79793129-178d-441c-a507-de6623c07ab8.csv
1;56066;2019-07-08;parcelas_797fa0c6-c5f8-4756-8a13-a4fb68d4d0d9.csv
1;18910.19;2017-08-08;parcelas_79818eb9-7d25-44e5-b40e-d37ce87ba4b2.csv
1;773;2019-07-11;parcelas_798a1af1-8919-4f71-a510-85f26dbb0c4e.csv
1;16790;2019-04-04;parcelas_798b7cc4-dd43-4c40-89c4-833a6070ec57.csv
1;2376.87;2019-06-27;parcelas_79939d2d-6886-43ad-b1b2-dbc0a7b55c04.csv
1;211.54;2019-09-26;parcelas_799fe27d-bd0b-44db-bd32-2b6cafbfbd73.csv
1;799842.15;2019-03-22;parcelas_79a142af-711c-4ace-8e44-3056ce906434.csv
1;34106.63;2019-06-19;parcelas_79ae2119-8bb8-4dcd-8652-da1368ef020f.csv
1;465.5;2019-05-20;parcelas_79b0da9e-32b9-4cda-8b09-d11de4edf02b.csv
1;385300;2019-11-19;parcelas_79be3337-3486-48be-913b-cf96227c709e.csv
1;2766.2;2019-07-16;parcelas_79d10290-fbbf-42e0-9182-674e566551fa.csv
1;11418.35;2019-01-02;parcelas_79dcb734-ead8-430c-941a-5f4f1de92db3.csv
1;455.68;2019-04-02;parcelas_79dda8be-8838-45de-bbd7-94db8feef58c.csv
1;1323.15;2019-05-31;parcelas_79de9e43-e1f1-4d0d-b662-6c616a8fc979.csv
1;230000;2019-03-19;parcelas_79e70e79-ea93-43a7-a791-6f869d68140b.csv
1;111.22;2019-12-31;parcelas_79f274ec-785c-40cc-b324-04c90c561e80.csv
1;744.03;2019-12-30;parcelas_79fdddd4-a1f1-4178-bf5e-53ad63746e21.csv
1;2080;2019-10-25;parcelas_79fed4d1-6be8-417b-a555-7b37b7cb5faf.csv
1;1689.54;2019-09-03;parcelas_7a011882-e84c-44af-8153-ad731f47a029.csv
1;1740;2019-02-18;parcelas_7a0e8ef6-9454-4a44-b501-e59d995cf0ff.csv
1;5289.64;2019-02-28;parcelas_7a1a5b7e-92eb-468f-93d1-acc73b7b887b.csv
1;70962.5;2019-05-06;parcelas_7a1f7011-2850-4a38-8edf-641441517bb2.csv
1;1218.5;2019-10-21;parcelas_7a300f76-e18d-476a-af82-6a4c699b8597.csv
1;980.32;2019-01-07;parcelas_7a31a7ff-16a7-4d58-b8d9-513f17e46b94.csv
1;500890;2019-06-27;parcelas_7a3e24af-0c3e-41e3-b178-1a5aac7f0011.csv
1;69819.62;2019-11-28;parcelas_7a41be9d-2538-443e-acc5-2e4c6136b0eb.csv
1;108600;2019-07-31;parcelas_7a41c22e-611c-471b-8619-286d5bad03ef.csv
1;10000;2019-08-13;parcelas_7a46334d-7b6c-40b7-bea2-9ae51da91607.csv
1;3304.78;2019-09-30;parcelas_7a4fe570-9f03-4a4b-8afe-14978cf302eb.csv
1;14214.42;2019-04-01;parcelas_7a532312-76cc-47e2-97b0-dc7e5cb9cfe9.csv
1;1029.43;2019-12-31;parcelas_7a58e039-17b3-45a6-9e06-15c6e6529442.csv
1;2348.92;2018-12-31;parcelas_7a65401a-7dfb-4fd7-aa10-4053ead794f1.csv
1;3904.13;2019-06-27;parcelas_7a6bec50-c861-4f22-bbfa-89304f1cd2e7.csv
1;214562.08;2019-10-30;parcelas_7a6c3f3c-fcc0-48ea-9057-3c57e9d5fa6d.csv
1;114758.2;2019-09-30;parcelas_7a6f37e3-dc16-4e9f-b386-8194581bd497.csv
1;148.76;2019-09-05;parcelas_7a6ffc34-5cf2-4c87-af14-3c5d1fb20fb4.csv
1;89.68;2019-09-17;parcelas_7a70d103-e2e4-4abd-87e0-740f2b2e3cc4.csv
1;4550;2019-07-31;parcelas_7a795380-1b3b-4c25-8357-a1742e119e67.csv
1;1496.6;2019-09-27;parcelas_7a810028-84ab-48e9-8267-f734c09b69c3.csv
1;1997.37;2019-11-27;parcelas_7a810ecb-caed-4a88-aee0-69f6ededf70f.csv
1;85467.98;2019-06-28;parcelas_7a91e815-8ef3-4710-908b-67b26d622589.csv
1;2441725.95;2019-02-28;parcelas_7a930b98-cdb1-4aac-b238-3d38a748eb72.csv
1;9978.84;2019-01-21;parcelas_7a97da3a-6373-4f94-9cdc-5d96c8f991b5.csv
1;10746.58;2016-12-29;parcelas_7a9c88fb-99f8-493f-8e95-4750b6fadd60.csv
1;8519.37;2016-12-29;parcelas_7a9c88fb-99f8-493f-8e95-4750b6fadd60.csv
1;1156.2;2016-12-29;parcelas_7a9c88fb-99f8-493f-8e95-4750b6fadd60.csv
1;1752.3;2019-02-28;parcelas_7a9dc626-d18f-4cad-8fe3-ed8f1f233a48.csv
1;1219.59;2019-10-15;parcelas_7aab47a7-4f9f-418d-a904-4f3862a01c77.csv
1;58754.5;2019-11-28;parcelas_7ab3dd66-13f5-4068-8977-bdc6d7e07ab4.csv
1;48304.61;2019-08-26;parcelas_7ab44fed-0a60-414c-b7c1-cf6ecb778b0c.csv
1;1.16;2019-06-27;parcelas_7ab76cb5-b75c-4115-b647-889bb2c8d5ab.csv
1;24400;2019-04-01;parcelas_7abe5f98-e2b9-4a09-91d2-09c55ed5b75b.csv
1;450000;2019-01-02;parcelas_7abfc384-c659-4799-8762-7a8c2b001c5d.csv
1;273656.52;2018-08-13;parcelas_7ac08bf5-644a-43d3-9c97-b9e3c207099b.csv
1;1103.2;2019-07-31;parcelas_7ac1ae94-6697-4ab9-be52-f7ee576e383f.csv
1;800;2019-12-02;parcelas_7ac251d4-4ca6-47f6-9187-924d032f3c06.csv
1;100000;2019-07-31;parcelas_7ac33b5c-5c78-4b09-824c-6dd7a1dee8d0.csv
1;29038.24;2019-07-26;parcelas_7acec6cc-7da9-46b6-957d-dabcf94aa0c1.csv
1;24859;2019-03-12;parcelas_7acf5771-fc8c-4edf-8e5a-60deda8e83fa.csv
1;40000;2019-08-30;parcelas_7ad64293-d35d-4263-a9f0-47aa6d00a9ef.csv
1;2643.14;2019-06-28;parcelas_7ad7ce97-0fa6-453f-a7fd-fd23f87c8f82.csv
1;1695.6;2019-01-17;parcelas_7ae34de8-89ad-4238-9031-3cbdb93957f1.csv
1;40979.7;2019-08-30;parcelas_7ae99fd2-184e-4ca2-8ff9-1f97049a05ab.csv
1;85;2019-01-08;parcelas_7aea9765-a59d-4338-8c4a-b4f155f7aa58.csv
1;23983.06;2019-09-27;parcelas_7aefbbb9-bac0-4aa3-b7d3-47f25294fba9.csv
1;2308;2019-05-02;parcelas_7af28023-0dbd-42ce-9143-9dc7e3abfdbc.csv
1;4206063.22;2019-06-17;parcelas_7af4c9f9-0b9a-445c-b187-62c4556ad589.csv
1;10584.99;2019-10-31;parcelas_7af634b5-7532-48c8-a04c-b2a548c3eb1f.csv
1;597306.84;2019-09-30;parcelas_7b06db83-b5ff-4685-aaca-dbd24ddcaca8.csv
1;1086.33;2019-09-13;parcelas_7b070a90-25d8-46de-878d-a8582d0aa220.csv
1;65;2019-07-16;parcelas_7b0c0671-3694-48b5-854e-3c7e7c120e60.csv
1;79.79;2019-12-03;parcelas_7b10058d-b0d8-4a9f-bd2f-9f118f610b38.csv
1;9925.77;2019-01-28;parcelas_7b13d344-d7d7-420f-bc06-2dc9e8b3e1ba.csv
1;97650;2019-11-29;parcelas_7b13e40f-3fcd-4d68-bc51-f88ee39e0320.csv
1;1020;2019-08-21;parcelas_7b14231d-ef56-47b0-b719-1392d8b0135d.csv
1;3600;2019-07-03;parcelas_7b15ce35-67c6-4c6b-a0aa-4ea8c60e0268.csv
1;9250;2019-08-08;parcelas_7b1b4ff4-2aa2-4801-a3ea-0ab0a822bc06.csv
1;4221.88;2019-01-02;parcelas_7b1d4b5f-5710-403b-bd8d-a3c1e7ae5efd.csv
1;61.2;2019-09-04;parcelas_7b26af65-5655-4ff6-8eeb-2da2f69f49e8.csv
1;598;2019-10-16;parcelas_7b380735-e58e-489f-b7e1-018954a6e10e.csv
1;3237;2019-04-11;parcelas_7b3a8464-90f9-452d-983e-aaff1d012bae.csv
1;24.4;2019-04-11;parcelas_7b42ea6a-a16d-4c69-a845-638ec0dee1c3.csv
1;16700;2019-04-30;parcelas_7b4a0f04-727e-4eb1-baea-b5288f4cb1d9.csv
1;2625;2019-08-30;parcelas_7b50ec90-bd5e-4ad8-9421-952c169e859e.csv
1;1830.15;2019-06-04;parcelas_7b60002a-8308-4601-a810-4cd1a1166141.csv
1;1521.65;2019-02-08;parcelas_7b6dc076-4728-4eb0-86b6-2672d8232ea9.csv
1;36500;2019-10-16;parcelas_7b710c55-431a-4711-a785-77bfd945b32a.csv
1;13282.15;2019-06-27;parcelas_7b781bab-f844-4bc2-9406-e5b4459e485e.csv
1;527.78;2019-10-22;parcelas_7b7f74a4-6986-410c-a02d-d72dc97d0184.csv
1;87367.4;2019-04-04;parcelas_7b802869-4db0-444f-8db7-8da776ed17d3.csv
1;6257;2019-04-18;parcelas_7b818f2b-dc8c-451e-9d73-38ae4195ac5e.csv
1;6379.5;2019-09-02;parcelas_7b84c111-3311-4880-b694-fef1f85aa262.csv
1;41400.08;2019-04-30;parcelas_7b84e13a-472a-43dd-baff-2cd373a84de4.csv
1;19200;2019-05-21;parcelas_7b8dca30-7e98-4664-86bb-535be56c224e.csv
1;11667.27;2018-09-20;parcelas_7b92b786-4af5-478b-8766-47761dcbedd4.csv
1;39885;2019-04-03;parcelas_7b93944f-ea28-46cf-a5a0-65e1ff2e3ca4.csv
1;8847.44;2018-06-20;parcelas_7b98313e-f262-4baf-ac85-6bdfa3a9164b.csv
1;286.99;2019-02-28;parcelas_7bb63096-8d5f-489f-b494-4547691b4df0.csv
1;130000;2019-01-28;parcelas_7bbab0fa-fcc6-490f-8da2-77831f76f747.csv
1;8131.07;2019-05-02;parcelas_7bbd4369-57f4-499f-b7c0-db633ad904c3.csv
1;749.24;2019-08-28;parcelas_7bc04aff-3424-4878-a2ff-6e5634399967.csv
1;40000;2019-11-25;parcelas_7bc26827-45a0-46b4-aa69-d229d1fc9289.csv
1;1457.22;2019-01-10;parcelas_7bc6e445-e655-46df-b005-fd93dba08373.csv
1;725.88;2019-07-31;parcelas_7bcc2f34-932d-497d-9863-65bc32559df0.csv
1;5831.57;2019-08-21;parcelas_7bd51278-2b69-4912-a614-b7c14aa0d26c.csv
1;5789.58;2019-07-31;parcelas_7bd66425-da28-42c7-95d3-28ec116b2f6b.csv
1;22046.95;2019-03-11;parcelas_7bdcf7c7-dd4c-42e8-b9c9-3412df56b603.csv
1;854.86;2019-05-13;parcelas_7be0b33a-8942-4d30-ba04-e726ee3a9e51.csv
1;2080.37;2019-09-30;parcelas_7be6fd95-2563-4ea3-a85e-30c31a165300.csv
1;744.2;2019-05-16;parcelas_7bf5656b-3824-4907-ba51-614bac370c86.csv
1;1321;2019-10-31;parcelas_7c001d25-34b9-4814-89b6-e6c8f945ceba.csv
1;4700;2019-03-29;parcelas_7c062498-89b0-4be6-a3b8-316fbe09f32e.csv
1;22611;2019-03-29;parcelas_7c0deee3-7a0d-4b61-94b6-1b43385510c1.csv
1;341500;2018-12-31;parcelas_7c13873c-a11a-43db-a7d0-e9a5bb1ed843.csv
1;11692.5;2019-10-31;parcelas_7c14c371-f051-42d3-9005-183207f92f6d.csv
1;3663.59;2019-08-30;parcelas_7c17d353-3a36-43e6-8085-d9974495cc01.csv
1;8196.02;2019-04-30;parcelas_7c2002c7-46bc-4ee9-9174-80cb17b3e888.csv
1;102.58;2019-12-02;parcelas_7c248dc5-2584-4fbd-ba7a-2ae054d58f53.csv
1;247.5;2019-04-10;parcelas_7c29619b-27df-4d9c-bf74-8cfee476334c.csv
1;423130.56;2019-01-02;parcelas_7c2d18eb-6b94-455d-8fe1-d5085593b7f9.csv
1;5660;2019-09-11;parcelas_7c2e6d9b-3fbe-492c-90f7-8a5329817d56.csv
1;38961;2019-04-09;parcelas_7c387ad9-0c53-422f-8715-5a167e581fb5.csv
1;26322.92;2019-04-29;parcelas_7c3a63b6-cb28-4eea-96df-07f8ad8fb0a0.csv
1;975;2019-04-17;parcelas_7c46f42b-be3c-46a0-8d8b-2c52ae29119f.csv
1;6489.67;2019-08-30;parcelas_7c486db9-0a22-45ab-8cdf-f9ff18cec0c2.csv
1;40.56;2019-04-23;parcelas_7c4d1516-fa65-47a0-be76-63ac9d9cdfde.csv
1;7215;2019-08-09;parcelas_7c4d7af6-9832-4188-a6f1-26d36df8ab22.csv
1;458.1;2019-04-22;parcelas_7c4d9df6-1df1-4898-90eb-23bbd4a4be06.csv
1;78.5;2019-06-24;parcelas_7c598881-c24a-47b0-bd4a-5a6da98246af.csv
1;49298.6;2019-08-09;parcelas_7c60c407-daa1-49c0-9eec-4a429dd30109.csv
1;9564.3;2019-07-10;parcelas_7c68d4d8-a4f8-4b34-a19c-c3db84547945.csv
1;266.88;2019-02-21;parcelas_7c69318a-de75-43a6-b505-20801ab0a101.csv
1;1800;2019-06-14;parcelas_7c6b7c63-ab05-4e73-aafc-e4d2544593bc.csv
1;5000;2019-05-24;parcelas_7c75f7bb-69fa-45f4-8ac2-67f11302487d.csv
1;7194.96;2019-11-25;parcelas_7c84dd4b-8bf5-480c-9003-494297464464.csv
1;7599.9;2019-05-08;parcelas_7c8886cd-eac7-45e4-b2c1-62a04cfa12ff.csv
1;1016.55;2019-01-02;parcelas_7c8bf21d-5b2c-4d8b-928e-ab23d1b94d06.csv
1;6525.05;2019-05-06;parcelas_7c8bff71-a7b8-4619-ade6-5be019e94c65.csv
1;870109.45;2019-10-21;parcelas_7c927891-a95a-4477-9f5f-f0da344b93c5.csv
1;4100.51;2019-06-27;parcelas_7ca30c4d-6f5e-4d90-9458-74377e77e724.csv
1;15000;2019-07-12;parcelas_7ca6c9f9-6286-4361-8807-e6a2a3010cc2.csv
1;802.85;2019-10-30;parcelas_7ca9f6a8-ae17-4773-ba7d-225e8155e470.csv
1;1822.45;2019-04-08;parcelas_7cadb31b-9aa2-4788-97ea-9dc59eed8a74.csv
1;56000;2019-02-01;parcelas_7cae9aef-8e39-4799-a851-feaa7adce4e0.csv
1;2168.71;2019-11-29;parcelas_7caf954c-b1bb-4c87-8ed7-92358b47dd4b.csv
1;864.29;2019-05-31;parcelas_7cb26b31-bf9c-4cae-9f9e-e608f1ae3931.csv
1;69497.18;2019-12-19;parcelas_7cb2fc59-16fc-41ec-9072-aa1a1178a141.csv
1;264897.35;2019-01-28;parcelas_7cba1953-de2e-443e-9362-d6cd899541fe.csv
1;596.93;2019-07-24;parcelas_7cc0772c-65ba-4799-b693-a96bf202bc03.csv
1;48360;2019-03-01;parcelas_7cc11545-406c-4a12-ae72-2b3a36c18b9d.csv
1;403.3;2019-09-05;parcelas_7cc3191e-60a4-42ba-b3f3-3ca0718df5ad.csv
1;94546.8;2019-03-18;parcelas_7cceb479-e913-46e1-8291-5ad443f35120.csv
1;1500;2019-05-03;parcelas_7cd120dc-629c-4e38-b1de-d5451aaf96a8.csv
1;693.11;2019-02-26;parcelas_7ce3b488-bf61-4d25-aead-97d89068304a.csv
1;134.9;2019-07-29;parcelas_7ce5f31b-319b-4b84-995f-d3a3b8789a63.csv
1;3936.73;2019-05-31;parcelas_7cebaf17-64db-4e40-9b53-cad4f2f7e134.csv
1;4106.87;2019-09-24;parcelas_7cf0eaa5-3e61-42f8-8d6a-63d8dd5eb1fc.csv
1;844972.32;2019-10-14;parcelas_7cf4b903-d0b0-41ff-ada1-9e24b047c7b3.csv
1;89352.39;2019-01-02;parcelas_7cfb31d1-39b6-4be8-be16-4284080e6cc2.csv
1;4891.04;2019-03-29;parcelas_7d0894f9-40e3-4fa6-9c3b-39672605a6dd.csv
1;36000;2019-08-30;parcelas_7d0a1776-b4ad-42a3-ad07-49d475cc6bc9.csv
1;3757.69;2019-02-28;parcelas_7d0e481c-bcdc-4313-8854-d78400aa5412.csv
1;5779.98;2019-08-30;parcelas_7d131767-df9e-4fe3-876f-75f41698f1a3.csv
1;50000;2019-11-14;parcelas_7d14bc50-5b82-4325-bc36-eb858fb9bd52.csv
1;499;2019-03-18;parcelas_7d16d4f0-7a16-4467-aa60-1b788a1d67f6.csv
1;6100;2019-07-19;parcelas_7d1a2547-2949-43b8-8120-c1d9b81c9b3e.csv
1;19320.17;2019-12-11;parcelas_7d1ca3be-7ef7-488b-a1ca-73cc6ff3dd42.csv
1;130;2019-10-29;parcelas_7d25ec80-2e3b-4125-9f5d-b5a431a3cbd8.csv
1;14732.1;2019-11-26;parcelas_7d284c89-723b-472d-80a9-af95a80848e1.csv
1;390;2019-03-07;parcelas_7d2ee7f6-c2f0-49c3-a93c-6125a3a68555.csv
1;115733.24;2019-04-30;parcelas_7d2f4c4f-998f-465b-98a9-30dbcdde4428.csv
1;10445.53;2019-06-27;parcelas_7d3859ac-2448-415d-9ac5-a3a2ee159752.csv
1;68127.28;2019-12-11;parcelas_7d44c233-e84d-4833-a05f-340835acb4ff.csv
1;520;2019-04-09;parcelas_7d4bbe81-cdf2-46ce-82fd-36d348d00d39.csv
1;140000;2019-05-17;parcelas_7d53220b-9f62-4ba9-b37b-f4dbca495c5e.csv
1;467.6;2019-06-13;parcelas_7d537012-c321-4238-af29-15df80a6cdad.csv
1;354817.85;2019-10-30;parcelas_7d561ede-f511-4fa6-a193-cda0e1e2c8be.csv
1;3701.75;2019-03-12;parcelas_7d57f5d8-3255-4434-8929-287dc3416144.csv
1;88268.49;2019-04-30;parcelas_7d5bcb5b-a8c7-4a44-8efb-de728df14cea.csv
1;322.77;2019-11-29;parcelas_7d69dbfc-d218-4035-8d2e-70b695679c5d.csv
1;111024.84;2018-12-14;parcelas_7d6d75c4-0ed8-471f-a85d-5b2f0be718ad.csv
1;100381.84;2018-12-14;parcelas_7d6d75c4-0ed8-471f-a85d-5b2f0be718ad.csv
1;43508.77;2018-12-14;parcelas_7d6d75c4-0ed8-471f-a85d-5b2f0be718ad.csv
1;499684.55;2018-12-14;parcelas_7d6d75c4-0ed8-471f-a85d-5b2f0be718ad.csv
1;3404.26;2019-01-18;parcelas_7d753aa3-398f-41cd-8fe2-724842824df2.csv
1;140000;2019-01-02;parcelas_7d7bddbc-a831-4c08-9879-12330ddc5b87.csv
1;4298.15;2019-08-01;parcelas_7d839177-b8fe-4437-ba67-3203fcb0b6e6.csv
1;5000;2019-04-11;parcelas_7d8c20a0-2f05-4d9e-86bb-abc150cb9767.csv
1;1778;2019-10-04;parcelas_7d8e2a5d-36c2-4510-8aeb-adc3caf450f8.csv
1;2048.9;2019-04-22;parcelas_7d9365cd-96a4-4d48-b0f4-f2d3e93fbc7c.csv
1;672.49;2019-06-19;parcelas_7d9924e7-8fdc-4237-8f0d-2a1d4295a6b5.csv
1;448.8;2019-09-12;parcelas_7d994b96-10dc-4566-ac25-926b95c24693.csv
1;14085.25;2019-08-08;parcelas_7d99e746-177a-4c14-b304-854074726d9a.csv
1;3885.3;2019-06-27;parcelas_7d9c92fa-1314-43ee-8ab3-6ee73ea433e0.csv
1;428.04;2019-07-24;parcelas_7d9e087c-7722-4a17-ba1d-33f33e3c2757.csv
1;1787.17;2019-05-28;parcelas_7da1ee4f-a3df-424c-aa67-34782dd75329.csv
1;3690;2019-11-19;parcelas_7da30e38-b417-4684-aa97-8e89d9ef0b36.csv
1;7500;2018-12-21;parcelas_7da94bfd-d1a4-423c-807a-3bcba29baf98.csv
1;80000;2019-05-31;parcelas_7da9ae11-68be-4df7-849c-c27aae5bc6ca.csv
1;4375.68;2019-12-09;parcelas_7daf9d63-ba30-48e8-8daa-e36e3de46892.csv
1;1060.07;2019-05-29;parcelas_7db30459-9cbd-4930-9fcc-91fa77d905d5.csv
1;724.5;2019-08-26;parcelas_7db7b4b8-84de-47df-a39b-06552bd37fc7.csv
1;139616.18;2019-09-30;parcelas_7db82460-3765-46c6-824f-f3ac986c0a52.csv
1;30000;2019-07-31;parcelas_7dc0a6f7-9617-4ab8-bf5a-b89407cd656d.csv
1;130535.61;2019-05-28;parcelas_7dc3f090-3a4e-428d-9ab1-1de75dc84a77.csv
1;130503.8;2019-01-02;parcelas_7dcc01ae-e69f-4e21-9a27-ed82667e65cc.csv
1;100000;2019-12-19;parcelas_7ddb0db7-01ef-4c3a-96ae-5254d7e3b2b7.csv
1;5184.18;2019-01-31;parcelas_7de1c47a-96ef-4cb3-ac34-54b1f9357e05.csv
1;6725.83;2019-10-30;parcelas_7de325cb-4a87-4f5e-ada1-8696f2081231.csv
1;532.8;2019-12-02;parcelas_7de76898-5c95-49a2-a99b-0110017e485a.csv
1;500;2019-08-16;parcelas_7de8eed4-7529-4f0d-bb0e-e21b7ee65883.csv
1;527.4;2019-10-16;parcelas_7deba221-9245-45ae-9776-2e70cb7c921d.csv
1;6512.37;2019-07-31;parcelas_7deccafe-78d6-476e-ac44-6925aaf1583b.csv
1;700000;2019-01-04;parcelas_7df025cb-d9cf-41d1-bbaf-fe78a427c091.csv
1;9420.04;2019-02-18;parcelas_7df16eef-eaad-4b23-b59c-9e463bfc403d.csv
1;7500;2019-04-01;parcelas_7df27ffd-966f-4de3-bece-ba4e7ec5ef39.csv
1;0.03;2019-08-30;parcelas_7df44829-9b4f-4043-bda8-1fdc3ee66046.csv
1;23000;2019-12-19;parcelas_7dfb2a8d-f738-464b-9b79-ab6daa296834.csv
1;240.24;2019-09-19;parcelas_7dfd39b8-18db-4921-8ba8-59dfc2b818c1.csv
1;88291.33;2019-04-30;parcelas_7dffedce-b7bc-4540-8484-5e1394f10cd4.csv
1;707.7;2019-07-29;parcelas_7e0202df-b0c4-4d7a-9d3f-df1e9446f668.csv
1;11.2;2019-09-17;parcelas_7e0311a2-1a00-4c36-947a-e26b62c2ffe8.csv
1;5723.06;2019-02-26;parcelas_7e040096-ec36-49bb-b734-75e52cdd1a83.csv
1;1608;2019-09-09;parcelas_7e08adcb-fca9-4363-988c-324ec5d437a8.csv
1;7090;2019-10-21;parcelas_7e0f14b5-a611-4d4f-bcfb-c504aceb6012.csv
1;10279.26;2019-11-29;parcelas_7e0ff220-b455-466c-9d87-ad70031ac372.csv
1;208.26;2019-03-20;parcelas_7e1348bf-d657-4f86-87d8-4a14bf8c9d04.csv
1;68.72;2019-10-15;parcelas_7e1ea5ef-4f7f-4edd-8ee0-ace6219510ed.csv
1;3238.35;2018-12-28;parcelas_7e209f3c-af76-422e-91f0-cb1730baa2e8.csv
1;628.2;2018-12-28;parcelas_7e209f3c-af76-422e-91f0-cb1730baa2e8.csv
1;571.97;2019-01-10;parcelas_7e247cc4-8295-42f6-abe8-2fb871df1d07.csv
1;571;2019-11-14;parcelas_7e2789f8-6ed7-47c4-afa7-90298c5eb1e0.csv
1;78;2019-07-22;parcelas_7e2d1b8e-ab75-4946-9fdc-27cae14b6e55.csv
1;658.8;2019-09-09;parcelas_7e34221d-6523-488d-9dd8-a5c98b9397fb.csv
1;294523.86;2019-03-01;parcelas_7e42cecc-4871-42ba-8dfa-eec784f30411.csv
1;2049;2019-04-03;parcelas_7e46f373-9b2b-4305-9c6b-5fddd968a64d.csv
1;38617.74;2019-10-18;parcelas_7e4bfd8e-ceb7-45df-a431-c2b320cf77d8.csv
1;12660.02;2019-01-02;parcelas_7e4fc5a8-8442-4413-b050-a24fddb18b5c.csv
1;170541.99;2019-12-11;parcelas_7e5013e6-7f46-49cf-b3cc-9d7b9ebeb743.csv
1;978.97;2019-10-02;parcelas_7e50a7c0-46e6-4902-859a-edd6b6e83894.csv
1;6328.7;2019-06-27;parcelas_7e52deb7-874c-4b7e-8d90-e402ba5e6d28.csv
1;10750;2019-01-25;parcelas_7e5521c3-d5c2-461b-8a32-ad51525b9b9d.csv
1;6825;2019-10-30;parcelas_7e562d9b-3e4e-4068-93c5-6a2d894c0237.csv
1;170.97;2019-03-06;parcelas_7e601a34-95bc-458f-a03f-16427e46a6f8.csv
1;1145;2019-09-04;parcelas_7e648164-0f36-4ee9-bebb-4549856c58e5.csv
1;8815.87;2019-01-04;parcelas_7e64c90e-0ce8-43e3-95dc-dbf55c061926.csv
1;12300;2019-05-08;parcelas_7e692aee-abf6-421b-859c-625f5f8aa36e.csv
1;375000;2019-03-07;parcelas_7e69abeb-7665-4019-bc29-4662b8cea64b.csv
1;1000;2019-01-07;parcelas_7e7029a3-7ccb-414d-a158-1fb5739fe27f.csv
1;71285.64;2019-01-17;parcelas_7e711b27-48ed-4c18-9db3-f3388f2f2d27.csv
1;2196.49;2019-09-30;parcelas_7e71f5d8-871b-4064-88ff-1b45add6e3a6.csv
1;1249.52;2018-12-28;parcelas_7e73cced-457f-44a0-878d-dbb205732b53.csv
1;211756.79;2019-01-02;parcelas_7e81dddb-82f5-4a19-b2bf-ea8129c1e5a8.csv
1;79.79;2019-02-13;parcelas_7e8a3bf4-3f16-47f0-92aa-5e575ceec7ed.csv
1;42;2019-08-08;parcelas_7e8e4467-e31a-472f-8dc5-9b3e49c69828.csv
1;170.97;2019-10-10;parcelas_7e8fa1c6-cc42-48db-aa97-195d34853055.csv
1;786521.65;2019-02-27;parcelas_7e91287d-ada7-45c6-b596-b67874f18542.csv
1;72678.83;2019-11-08;parcelas_7e99ed04-c369-4082-bbf6-0364393f2093.csv
1;51.08;2019-06-27;parcelas_7e9ca2c5-e2ae-49a5-861d-2ec7e44c8778.csv
1;1275;2019-05-15;parcelas_7ea09821-7d8c-4df5-ae43-de3e308ccb90.csv
1;10367.38;2019-09-30;parcelas_7ea3c9f4-3408-4cc5-bb26-9b7952c5cf2c.csv
1;12702.7;2019-11-26;parcelas_7ea43d28-1858-4d88-802b-2246bb4cdece.csv
1;825492.3;2019-08-19;parcelas_7ea57a96-6288-49c3-a452-db007eb68efc.csv
1;101362.57;2016-12-29;parcelas_7ea9bd92-b8db-494e-96b9-d4eb27df2cca.csv
1;2665.09;2019-01-31;parcelas_7eaf3864-0fc8-4ec1-bcc5-1492eb411ffa.csv
1;9160;2019-03-21;parcelas_7eaf781f-414c-41ea-8e6b-ea52b4747fbc.csv
1;90985.89;2019-11-11;parcelas_7eb16118-9d2b-4425-a550-f443cf534a61.csv
1;727.5;2019-09-23;parcelas_7eb2df8d-78c0-4aad-9d21-056a80700151.csv
1;500;2019-01-18;parcelas_7ebb1d90-f61b-40d8-8a07-5203952251bf.csv
1;607.2;2019-07-25;parcelas_7ebdf7de-1986-4dc7-bd30-093cc82890f3.csv
1;31981.25;2019-08-27;parcelas_7ebe8bf8-8b0a-401a-992f-1a315be4534d.csv
1;220.87;2019-07-22;parcelas_7ec0123b-928a-4dc0-a822-b2d5a4f986e9.csv
1;740.87;2019-06-07;parcelas_7ec47b2f-871c-400e-92eb-7ba45c0a9b83.csv
1;73.6;2019-04-08;parcelas_7ecdadb5-2398-442c-8aa4-5066e33aa42d.csv
1;241.1;2019-08-01;parcelas_7ed217bf-a75a-4181-bf9c-d23fc2da6aa4.csv
1;3614.44;2019-01-08;parcelas_7ee2498f-8633-4c67-8f35-1b711188b496.csv
1;57855.05;2019-09-30;parcelas_7ee25d76-dcab-4590-96c7-191354eb74dd.csv
1;101.6;2019-02-25;parcelas_7ee47139-05c4-4230-a688-bafe3be96eb4.csv
1;20302.51;2019-08-30;parcelas_7ef3043e-f7cd-47c3-9700-21bb84d427ee.csv
1;83900.8;2019-05-28;parcelas_7f016744-a208-4005-ba9d-dec1696ce1a0.csv
1;22367.9;2019-10-31;parcelas_7f10d527-8907-4f11-b961-dd55c3b7eda6.csv
1;7288.28;2019-01-28;parcelas_7f14a529-7e94-4556-bf11-82d3ea662c10.csv
1;2676.87;2019-12-05;parcelas_7f1d7b61-394b-4371-ab7e-e1e649d041aa.csv
1;8596.06;2019-07-31;parcelas_7f1e1d6f-63ac-4d51-b90f-236229c22aef.csv
1;306;2018-12-21;parcelas_7f1e47ba-11eb-43c6-b802-d0d25b85758c.csv
1;23435.43;2019-01-31;parcelas_7f204b5b-1a06-4300-a783-5321c295f168.csv
1;21364.5;2019-08-20;parcelas_7f2163dc-5c0a-4e1c-a25c-8510c03e89cb.csv
1;2063.93;2019-12-06;parcelas_7f26eef8-108d-40dd-96ae-af3e9e5e4cfa.csv
1;94.76;2019-09-24;parcelas_7f2c552b-7bdf-4192-aa41-0b778419a489.csv
1;998;2019-08-30;parcelas_7f2c8730-d975-4d56-ad05-16fa2443ac26.csv
1;132.6;2019-07-25;parcelas_7f2f6611-b58e-4522-b50e-d2ebb8d0b1e1.csv
1;1018.6;2019-11-21;parcelas_7f33acb8-4f85-4b5d-8798-f0b7ee53821b.csv
1;191162.62;2019-03-29;parcelas_7f3a6a0d-e0d2-49ec-be72-ccf18bf8750c.csv
1;10833.75;2018-11-20;parcelas_7f3f909f-52fb-4074-abbe-f7559fa84f30.csv
1;26902.38;2019-05-28;parcelas_7f446943-80ad-457b-8068-29090dbe4358.csv
1;61800.05;2019-12-11;parcelas_7f4519e4-e63a-4763-9ca2-311df78f9d1a.csv
1;10510;2019-06-24;parcelas_7f4bff2e-298a-4c31-bd14-d318cfb7638b.csv
1;33886.33;2019-02-28;parcelas_7f54820a-9bd7-43ad-81e4-54db88c79f4d.csv
1;2132.81;2019-09-09;parcelas_7f6139b7-3aaf-4471-aa5a-423dbe7531e4.csv
1;54010.4;2019-05-02;parcelas_7f6a9aa3-1170-432a-8ff4-d2608c306ff8.csv
1;1367.95;2019-08-30;parcelas_7f6b83e4-9903-4e40-ae7e-425109645118.csv
1;170.97;2019-08-15;parcelas_7f6ef927-8ede-4695-a3ab-5657eab076fd.csv
1;1903.6;2019-03-13;parcelas_7f75e0f3-8e50-4685-a03a-6d5f65129b58.csv
1;27000;2019-06-27;parcelas_7f77a320-b16d-4893-8ec0-4bb22bc5921a.csv
1;65;2019-04-05;parcelas_7f78d665-dd0a-42d4-97a2-e78d0406b26d.csv
1;5840.4;2019-10-29;parcelas_7f79c2f1-fcc8-4ffa-81fe-0e5f475a9027.csv
1;3643.01;2019-03-29;parcelas_7f7bd6c9-6065-474c-bfeb-1c1aae548cfb.csv
1;1068.55;2019-09-27;parcelas_7f848828-a7b8-4609-814f-07642d9b6a91.csv
1;9495.45;2019-12-30;parcelas_7f860a6d-a3ef-44d4-a722-fb08f208168d.csv
1;5397.3;2019-09-04;parcelas_7f879726-80d2-4306-be48-46bd359b9221.csv
1;79.79;2019-12-13;parcelas_7f9c5fc0-f00b-4128-9f92-365c2a2b2e97.csv
1;5173;2019-04-11;parcelas_7f9e97e9-2804-4577-8f93-6afa2f5723a4.csv
1;183.66;2019-09-26;parcelas_7fa33f17-e997-4b1f-ac7c-2620928c1a54.csv
1;66.66;2019-07-08;parcelas_7fa6f268-ace2-4ac6-ad53-8c6408c56e22.csv
1;10500;2019-01-02;parcelas_7fd162f4-0ea7-488e-aea6-bd3368e11aea.csv
1;4051;2019-03-20;parcelas_7fd73062-2ff1-45eb-9d57-57ce515a4c8d.csv
1;5385;2019-07-17;parcelas_7fd9e91f-835f-41d0-b13a-53e1243e805e.csv
1;73894.99;2019-10-30;parcelas_7fdc7019-bd44-4907-9b1e-98f44193d6a9.csv
1;926.64;2019-07-26;parcelas_7fe89f92-0913-4245-a44d-e7e49790e39e.csv
1;307.75;2019-10-07;parcelas_7fe921b0-a46a-45bc-92f8-b94bf07dd31c.csv
1;15905;2019-08-23;parcelas_7fea1574-ec4d-4766-86ab-d92ff889f7f1.csv
1;9760;2019-07-19;parcelas_7fed6c32-594f-4c7a-9e51-84db814ed420.csv
1;849709.55;2019-03-25;parcelas_7ff16d5c-af36-4cb6-a4b8-7b54c331eaa2.csv
1;30000;2019-08-19;parcelas_7ff662fb-ba86-4cd8-bdd1-e8856e20499d.csv
1;104.13;2019-04-17;parcelas_7ffaab9a-9d83-4012-bbce-91673d181bff.csv
1;2698;2019-03-20;parcelas_7ffacac9-5f69-4721-998c-110673995cff.csv
1;44.55;2019-01-18;parcelas_7fff79ec-44bb-4dc4-8f5a-40295b2bd399.csv
1;300936.43;2019-01-02;parcelas_80066145-4312-46b0-b7a2-ff7c65748124.csv
1;3303.14;2019-11-28;parcelas_80120b30-6e60-4cec-b923-fad3874c01b2.csv
1;65;2019-05-23;parcelas_801d7747-9312-404e-b513-682f54576f3a.csv
1;1924.85;2019-07-25;parcelas_8023328c-d508-4d5c-9c38-1afd2e52b966.csv
1;810;2019-05-10;parcelas_80264b43-e37f-4f79-a1c4-cbfe4072e185.csv
1;1468.73;2019-07-31;parcelas_80296aaf-7252-495e-be9b-9c27b1f177b3.csv
1;2400;2019-09-24;parcelas_80307605-5a9e-4846-99d0-0537c67d3d64.csv
1;6330.6;2019-07-31;parcelas_804db999-be4a-4095-ad1c-288201c772ec.csv
1;130535.61;2019-08-30;parcelas_804ea8b6-060f-47ee-b5bd-21c0e8aa0288.csv
1;29424.72;2019-01-04;parcelas_8050a1b5-b5b2-4013-bbd2-f6c58c3a5b0b.csv
1;2799645.06;2019-07-30;parcelas_80538c7b-a46f-489b-9e80-ef83a5b51e43.csv
1;2968.22;2019-03-29;parcelas_8058f957-b193-4667-b261-1969ce64083b.csv
1;21250;2019-09-23;parcelas_805d8dc1-c47f-46d9-948e-b5146c07c1a8.csv
1;307.75;2019-05-27;parcelas_805efe29-9863-4c2a-921c-6528d29b68d9.csv
1;59076.09;2019-03-29;parcelas_806004fd-443e-4641-b8df-d6487d57e1cd.csv
1;8449.76;2019-08-27;parcelas_8060b527-8c25-45be-a4f9-0d6cb2f48d48.csv
1;3850.8;2019-06-19;parcelas_80688cf8-a8d0-4380-bda6-b7b5ecfe5f90.csv
1;79.79;2019-06-17;parcelas_806c0022-34d7-4b9e-a479-2842a8e14bbf.csv
1;1360;2019-03-20;parcelas_806cffa5-5aa9-4de5-b7d9-737260caccc0.csv
1;79.79;2019-11-08;parcelas_8071c1da-f7c2-4480-85ae-64cd0d545f2f.csv
1;361958.33;2019-06-27;parcelas_807299a0-c68e-4a55-9850-94a4285e09c1.csv
1;998;2019-06-28;parcelas_808163c6-df82-45e2-9f02-fd6a61315fe7.csv
1;16800;2019-11-28;parcelas_80899b46-7039-47fa-84b6-cabfaaf241cd.csv
1;12363;2019-11-14;parcelas_808f435f-76a8-4444-b245-4a136450df39.csv
1;130000;2019-03-11;parcelas_8090e8bb-6f38-4edb-abaf-5de8049319c9.csv
1;100000;2019-03-12;parcelas_80922efd-3cb9-4fbe-9e88-626d88aed49c.csv
1;19193.58;2019-05-31;parcelas_809411fa-b53c-485c-a2e9-fedc37b29050.csv
1;683.18;2019-12-23;parcelas_809a680e-e5c1-4920-bddb-0ef3ecac6c6c.csv
1;6900.43;2019-08-30;parcelas_809f7d5c-fbfc-4ae8-bd94-f786cafcfd33.csv
1;2512.2;2019-04-17;parcelas_80a68957-cba2-4dda-a795-3eaee561632a.csv
1;561.02;2019-02-28;parcelas_80a695bb-18e1-44a6-95b7-154093d7dad7.csv
1;128.9;2019-03-26;parcelas_80b262b6-12ab-4f1a-9b80-b4cfdb8de12c.csv
1;18462.25;2019-03-14;parcelas_80b55ffd-713e-4a42-a67a-6f85d2374540.csv
1;27001.18;2019-04-04;parcelas_80b71e4a-2ece-4b71-ad80-6d2ad6d22ea7.csv
1;34255.8;2018-12-31;parcelas_80b7faf4-1b14-42c0-b8b9-62858df404e8.csv
1;1782;2019-01-31;parcelas_80bfd9f3-0a3e-44e1-aa4e-01ab9809ec81.csv
1;1863.75;2019-01-02;parcelas_80c4e1fb-cc1e-40f9-a15a-227e2dd5d184.csv
1;232501.5;2019-09-12;parcelas_80ca4c16-8be6-489e-b0af-ea286b84473f.csv
1;1449;2019-09-10;parcelas_80ca7f5e-e395-4fb8-ac78-93abe35c3d11.csv
1;1814.6;2019-09-25;parcelas_80d08b5d-3bac-46d2-ace2-cb3ceea5f3c8.csv
1;2726.55;2019-09-24;parcelas_80d83917-b19c-4bd6-bc02-9d35067305a5.csv
1;2601.67;2019-09-30;parcelas_80debca1-a5ca-4d59-a2c8-2294e415f2ee.csv
1;827.82;2019-10-25;parcelas_80eab289-dd47-4d57-8b83-97563a81db81.csv
1;232187.06;2019-01-02;parcelas_80f5478f-9db4-4d9f-9f74-6c2109b6765c.csv
1;1480669.32;2018-07-20;parcelas_80fb75c0-fb24-4d5a-8ae6-2079480d17f2.csv
1;3914.35;2019-01-02;parcelas_80fe3202-9bee-4ec0-b4a8-c12c31620fc2.csv
1;365.5;2019-11-11;parcelas_80ff5bb5-89f0-400d-89a7-7c73f9e8ba64.csv
1;206.85;2019-01-25;parcelas_81014654-5b86-4046-91fb-b9eba9479b2f.csv
1;332367.55;2019-11-28;parcelas_810f1e48-190f-4ff1-8c05-4b0496cfac4e.csv
1;41510.06;2019-01-28;parcelas_8126d91b-0ea9-4399-bc3a-4dd4d7a6a8fe.csv
1;55425.51;2019-09-10;parcelas_8127acf8-9ff8-4520-b096-c1ccaa5122ae.csv
1;104.13;2019-08-09;parcelas_8128e845-315c-49be-bfed-29f6a90cdda5.csv
1;19942.92;2019-12-11;parcelas_8131823a-06ce-496e-8072-6b09229d0136.csv
1;4205.4;2019-05-28;parcelas_8139ddc4-a2f7-40c3-b29a-55d11f7a64b9.csv
1;4744;2019-07-26;parcelas_8140c867-6690-427f-8fc6-02e26219bf70.csv
1;500;2019-08-27;parcelas_81413898-4c7f-43c6-8ec8-f810ea1b88c8.csv
1;4101.68;2019-10-04;parcelas_81431ec5-003a-4d2d-8aa7-14e3fbb6a37f.csv
1;1236;2019-07-10;parcelas_8147cce5-83c0-4d89-9ae2-652fcbfa0ba0.csv
1;180.22;2019-02-28;parcelas_8149009c-e70a-4d63-8a1f-8b280174ba14.csv
1;1912823.66;2019-01-03;parcelas_814ac482-1566-4fc3-b838-8098bbd4b95b.csv
1;509550.52;2019-12-30;parcelas_814e12ff-0bd5-49b3-9aa3-cb3c925be1a8.csv
1;14649.46;2019-01-16;parcelas_81500df5-c7fd-42f8-8b8d-aa86b7bbb437.csv
1;875;2019-09-30;parcelas_815392f2-e9b7-469a-9248-42f5cf301ff2.csv
1;910;2019-07-31;parcelas_8158389c-068d-4a98-8f38-f0880be1d000.csv
1;106.55;2019-11-20;parcelas_81670765-07cb-40a6-996e-1ef89f44835c.csv
1;37654.4;2019-04-08;parcelas_816c92b4-4ad4-480a-ba99-8c03e140ae2a.csv
1;211;2019-06-10;parcelas_8170bd62-baa4-4ffd-a869-873110eecd48.csv
1;31415.97;2019-04-15;parcelas_817a164b-4515-423b-b7c5-804a0727cbad.csv
1;19811.04;2019-01-03;parcelas_817b5cbf-8c25-4b2a-a006-5e0424be9e6f.csv
1;8061.14;2019-01-25;parcelas_81834345-0796-4059-9eb7-ccb593484c52.csv
1;181.45;2019-08-09;parcelas_818bb58c-dff4-4faf-8133-928d8bc6b92c.csv
1;961.46;2019-07-11;parcelas_818e9c54-6bd9-4d2e-b955-447dc154684d.csv
1;520;2019-06-27;parcelas_819502ae-95e4-4ad6-ba15-b0e16b80175a.csv
1;353.82;2019-05-27;parcelas_81964be1-9cdb-4da6-9eba-a83326fdd50c.csv
1;1542.85;2019-03-29;parcelas_8196a5f5-add8-4b66-b858-c303cc745139.csv
1;4650.93;2019-08-01;parcelas_819c31a1-ff4b-439e-a6ef-af6321999734.csv
1;29890.86;2019-03-15;parcelas_819e58d9-d845-403a-9c24-4019398aee9c.csv
1;7861.84;2019-04-30;parcelas_81a4cb00-80ca-4b3d-beef-86bf45155115.csv
1;312125;2019-02-19;parcelas_81a612f9-5d48-4fed-a08d-64065e506a0a.csv
1;114722.41;2019-08-30;parcelas_81ab2f8b-7982-4979-ba34-2cd13d83687b.csv
1;121264.02;2019-08-30;parcelas_81ae7808-5528-4fa7-9f42-2e4f98603a0d.csv
1;5109.43;2019-05-28;parcelas_81b38fc5-1c4c-45b2-9022-e0f5545f069a.csv
1;12212.57;2019-08-27;parcelas_81b96490-d63c-4940-8a92-02aa0663965f.csv
1;14100;2019-04-30;parcelas_81ba9198-6102-4f28-8769-d381ef6fcc30.csv
1;14186.25;2019-08-15;parcelas_81bdbf99-dc1b-4e04-b945-328b7cb33458.csv
1;4057.49;2019-04-30;parcelas_81c74fd1-e5e3-4525-b85c-a14d7554b24f.csv
1;4949.08;2019-12-11;parcelas_81e08aac-33fa-4e9a-8117-bda7dd34ef53.csv
1;5420.74;2019-11-26;parcelas_81e30ed9-93a6-40da-bb90-22e6a62a83ae.csv
1;2920;2019-07-26;parcelas_81e50c9a-a044-40dc-a1b8-6b2453b68765.csv
1;29383.76;2016-10-31;parcelas_81edd7df-9088-4661-9a12-ede37c620171.csv
1;39.89;2019-05-31;parcelas_81f21840-321d-4181-8900-0f74d3d31040.csv
1;22331.16;2019-06-27;parcelas_81f9bbc3-fc26-4676-a660-dee6841e3014.csv
1;45690.1;2019-10-18;parcelas_8202462c-c7ac-420f-b6a6-a7edcc28a13d.csv
1;2300;2019-09-03;parcelas_821138ad-a1ab-4b95-822b-5a5b44f807a1.csv
1;42165.35;2019-06-27;parcelas_8215b346-ebac-4274-8097-821865983f69.csv
1;28270.25;2019-07-31;parcelas_821a56f2-372b-4c48-b9c8-0313b4fca6bb.csv
1;423130.56;2019-06-27;parcelas_821d3ed3-3609-4e43-9040-8ae192843f8a.csv
1;12355.19;2019-10-08;parcelas_8228628f-9a24-4328-ac49-eabb27627e43.csv
1;6854.17;2019-11-28;parcelas_823345aa-a13e-4877-a172-b24ea1c06229.csv
1;19925.6;2019-03-29;parcelas_82394b62-5623-4f73-bdf3-a1704e44b74b.csv
1;7415.9;2019-02-20;parcelas_823e8290-3b27-4064-bebf-fb1fac85313f.csv
1;25843.4;2019-03-12;parcelas_823ef4d1-6741-405c-a4f8-a32fe9c47ea7.csv
1;4255.66;2019-03-12;parcelas_8250e62a-d665-4264-9bb6-df4779978161.csv
1;2000;2019-07-03;parcelas_825df323-15bb-46c0-a5b1-33bccd2c8de8.csv
1;2439.54;2019-03-29;parcelas_825e733b-987e-4cc1-94bc-ddb0f198175f.csv
1;10066.72;2019-07-31;parcelas_8262f9f2-9041-4b3e-828f-1f7ec796cbd6.csv
1;156.18;2019-05-09;parcelas_826f7d41-782f-4e1a-aca9-91eead547dc5.csv
1;509.72;2019-12-24;parcelas_82734a1d-fa13-45f2-96cf-be6c22d45970.csv
1;52496.7;2019-12-11;parcelas_82795cb3-e512-4c8f-8bcc-fb5195e0702c.csv
1;155.26;2019-10-28;parcelas_8279c735-60e4-40ac-86c6-cc4446a035ec.csv
1;66750.48;2019-02-08;parcelas_82808249-3ba3-4907-bf1f-51cf40b9826b.csv
1;1312.21;2019-12-11;parcelas_828470c8-c5fe-4639-a434-6df0992ba456.csv
1;2703.29;2019-11-29;parcelas_828ab72a-7268-4204-93f5-fa5b3cbfe966.csv
1;289.88;2019-07-11;parcelas_828b2e1f-c4f3-4ad5-ae24-6ba614117076.csv
1;466.4;2019-07-11;parcelas_828ddc29-1573-4bf4-9274-324f29eaaa9b.csv
1;180.66;2019-03-29;parcelas_828e9df0-6c63-4041-a3b7-f4bdd71b8188.csv
1;222.4;2019-04-04;parcelas_828f1711-35c9-452d-a0ce-111b08933c18.csv
1;254.39;2019-04-22;parcelas_82a78747-13f3-4972-97cb-bf169c2cc182.csv
1;337.4;2019-09-09;parcelas_82aabd35-4f26-4285-9623-aae18f963cd0.csv
1;207;2019-10-17;parcelas_82b50bd2-5017-484c-becf-79c8db4cb757.csv
1;345.74;2019-10-29;parcelas_82b8aa95-f88c-4da7-ac11-a736c57a009e.csv
1;201.31;2019-11-25;parcelas_82c4c933-a890-41cd-aeb9-0855c0345040.csv
1;4000;2019-02-27;parcelas_82c56220-752f-4e37-b188-34d4ceea57fe.csv
1;1121.44;2019-01-28;parcelas_82c69087-9091-4517-93db-63154a74702b.csv
1;5918.4;2019-02-11;parcelas_82cf11e9-9fd8-4f3f-b885-1664f3fe380e.csv
1;8955.67;2019-01-02;parcelas_82d8a202-12ca-43aa-833c-7a055207d72a.csv
1;8840.64;2019-01-10;parcelas_82d9a00b-3815-483f-87d1-ad774a4d0a33.csv
1;2234;2019-02-25;parcelas_82db0b3a-cfcb-4ef1-bd16-41138b7cebba.csv
1;1112.4;2019-04-09;parcelas_82dbe527-ccb7-41fa-abd8-bb3b7924ced6.csv
1;81259.77;2019-09-18;parcelas_82dcb77f-bcb2-4012-b719-63c33dab78a0.csv
1;3120.83;2019-10-30;parcelas_82df4049-6698-4861-a681-4f096265e949.csv
1;582.96;2019-09-12;parcelas_82e29a43-8c08-4f9f-839b-de42183c104c.csv
1;1000000;2019-10-25;parcelas_82e4b77f-c157-4a99-8a64-3351908662c7.csv
1;5314.7;2019-04-16;parcelas_82e88888-d67f-44aa-b3e2-da572c115ac8.csv
1;5567;2019-11-14;parcelas_82e9960a-623b-4c33-b3b0-90e57bf3d3f7.csv
1;62067.85;2019-01-02;parcelas_82ef0634-5940-40ba-b68b-63a5a3eeb36d.csv
1;15000;2019-12-10;parcelas_82f6c3d0-c760-4c98-9f2c-e1083d0225e0.csv
1;100;2019-02-19;parcelas_82f7001c-33d6-47fe-9b67-fa0bc4516f0a.csv
1;50;2019-03-27;parcelas_82f91093-67ba-4f0f-b087-568c0937c24c.csv
1;9976;2019-01-02;parcelas_82fac72a-f869-424b-8aa8-4d0a516f40ea.csv
1;13410;2019-10-04;parcelas_83168152-074b-4092-bf3f-f6f8b3bf6083.csv
1;6082.68;2019-09-30;parcelas_83170e09-5f67-4bd6-8253-e2d648fd1376.csv
1;605.1;2019-11-14;parcelas_831a8b03-5d64-4187-adef-a1bf51c1282f.csv
1;17085.88;2019-04-30;parcelas_83227053-1f39-4400-90ec-42717a317079.csv
1;24430;2019-10-04;parcelas_8324277d-0ec0-4772-a21a-55d943fe781b.csv
1;2318.59;2019-12-31;parcelas_8326299f-4a6f-4ab9-bf77-c76ad93755b4.csv
1;8145.43;2018-08-20;parcelas_832a9458-cb0f-405f-ab04-141a3e7a3633.csv
1;3530.35;2019-07-10;parcelas_832ff1df-54ef-4973-9b38-eb56290d2998.csv
1;110;2019-04-17;parcelas_83303b43-6675-41b3-a297-835e2c13d798.csv
1;1600;2019-01-10;parcelas_833318ca-3281-43e0-b744-03330ea7d196.csv
1;65;2019-05-28;parcelas_8338cc80-2a67-41d1-b11d-69836083012c.csv
1;1484.64;2019-02-25;parcelas_8340644c-d620-456e-8dd7-32a3ce3ee233.csv
1;130;2019-06-26;parcelas_834149c2-a027-4acc-8220-00ed627a0db6.csv
1;800;2019-05-15;parcelas_83453731-4878-493e-bbb8-8eec2f576f7b.csv
1;150000;2016-11-30;parcelas_834f8588-bad1-4812-bbf0-5ccf8808902b.csv
1;2037.2;2019-01-16;parcelas_834fbad0-d85e-41e6-afc8-4459953de197.csv
1;3320.24;2019-10-25;parcelas_835e8dfb-dc75-49fb-9c5e-4c27f3fc81aa.csv
1;568640;2019-07-30;parcelas_83664439-9de2-4365-ae69-54a2cdce85da.csv
1;5880.12;2019-09-30;parcelas_83665664-8d88-4433-91f6-7b73533fe61b.csv
1;1782;2019-02-26;parcelas_837a9f7a-fff1-49e5-bbf8-24435f540c54.csv
1;79.79;2019-01-25;parcelas_837c0c24-6ea3-4ec3-bae2-9efe27746648.csv
1;250;2019-09-16;parcelas_837e96cd-8c69-4514-93ba-9b530285fa9c.csv
1;107.47;2019-01-28;parcelas_83818a5f-ea42-424c-9719-dc95a8977039.csv
1;2455.83;2019-11-28;parcelas_838a0df9-038e-476e-a3a8-d103e431c3a6.csv
1;65;2019-11-13;parcelas_838a65de-93a3-46e8-86f9-6119ac191c07.csv
1;1440.93;2019-09-17;parcelas_8399cf5c-3e1d-4a9d-80be-b5d46a2f614b.csv
1;1894353.97;2019-05-28;parcelas_839e8211-c831-4385-a5e4-1ef2a60048b3.csv
1;24408.51;2019-06-28;parcelas_83a1b99e-0f15-4b97-b1ca-4bc6f664775e.csv
1;5839.45;2019-07-04;parcelas_83aafe50-275a-4893-bb36-c53f1c9460cf.csv
1;341.94;2019-08-27;parcelas_83ae4985-4422-4250-95b7-49d50b19cd4a.csv
1;993.29;2019-09-30;parcelas_83ae6316-c4a6-44d9-b8f4-5e8b4ccfd372.csv
1;50580.43;2019-10-30;parcelas_83b0e21b-eb51-42ef-8c26-41f7d0b7f184.csv
1;6417.54;2019-07-31;parcelas_83b228f7-bcab-484a-8094-ed1a2381404b.csv
1;904.96;2019-05-28;parcelas_83b23f6a-53f6-49fd-ae5f-f102005ec9e7.csv
1;3522.4;2019-02-12;parcelas_83b40658-96ae-4b8c-9c4b-e7c08bac9667.csv
1;60436;2019-10-04;parcelas_83bd671d-fac4-4a0e-8e1b-ff06139fc7d3.csv
1;1486.74;2019-12-19;parcelas_83be8560-c16d-46de-8c63-c35dbe640142.csv
1;3947839.1;2019-10-30;parcelas_83c01da9-9975-45e1-8801-a3be12675cd0.csv
1;8000;2019-09-04;parcelas_83c2e942-992d-47f4-9579-36416d2c5d36.csv
1;8543.18;2019-06-19;parcelas_83c3db0d-c415-4b04-917d-549124634742.csv
1;110160;2019-01-17;parcelas_83d68d9d-d547-4171-98a5-625166b8b590.csv
1;269000;2019-02-18;parcelas_83dc37f8-dc1f-4839-9173-2c298be83e31.csv
1;600;2019-07-29;parcelas_83dfe273-8677-4e9f-99f7-50fe53921005.csv
1;12472.58;2019-05-21;parcelas_83e04827-1daa-407d-81c4-e6c4957ecd87.csv
1;26071.67;2019-07-26;parcelas_83e966be-1e67-4e86-a582-e02f4281ec83.csv
1;2180;2019-04-08;parcelas_83eaf0cc-9f53-4b98-86b7-e5cff0f65aae.csv
1;4752.05;2019-03-28;parcelas_83ef14c6-b201-4193-a0e5-aa7f21939d71.csv
1;2884.79;2019-01-07;parcelas_83f639d3-750a-4ed3-b739-6c13ce8310dc.csv
1;223587.28;2019-12-19;parcelas_83f71257-427b-405f-93ad-c6e5d0402cba.csv
1;27120.01;2019-06-27;parcelas_83fc9ab2-d515-4040-8a3c-506babce4484.csv
1;4909.19;2019-04-23;parcelas_83fdae88-2d8f-422a-b2b8-b3e271f8177a.csv
1;29413.3;2019-02-26;parcelas_84026d54-4438-450c-9d6b-de96659b42ac.csv
1;17000;2019-09-23;parcelas_84031561-0a48-42fe-9c78-e6f57f1647de.csv
1;1497.45;2019-04-29;parcelas_8407e73c-be6e-4c04-bd76-3a75e2fbeeed.csv
1;91;2019-02-20;parcelas_840e6389-8d1c-4caf-a5cf-17c5f8b5d3cd.csv
1;3000000;2019-12-31;parcelas_8419af2c-077c-4873-94e6-9c91cdf8c8b8.csv
1;11054.93;2019-12-19;parcelas_8419d4e7-0b56-4f93-b627-3743742e9734.csv
1;10762.86;2019-02-26;parcelas_841a0f2a-b2a6-4151-a15b-848b01591ef9.csv
1;139425.01;2019-12-10;parcelas_842bc5c9-fd6f-47b1-b2cb-5008a0a40c50.csv
1;46.84;2019-09-03;parcelas_842d93f4-aea2-4b78-a9c0-6b517488eb6b.csv
1;77.12;2019-04-29;parcelas_8431c6ca-2321-4793-a3b3-fb6faffa1695.csv
1;4991.13;2019-08-30;parcelas_843cbeaf-d47c-4938-b877-581570ed9d08.csv
1;27080.32;2019-05-06;parcelas_8446ecfe-e618-46f2-8148-c67a461ccf0c.csv
1;1494741.73;2019-05-28;parcelas_844cab33-6331-43ce-bda4-a31bd11f49be.csv
1;57817.15;2019-06-27;parcelas_844e1fdf-d4c8-4f47-bab0-0e9fb25e98a6.csv
1;9368.8;2019-02-28;parcelas_8457f5f0-c3c9-4aea-b89c-d9cedd0829ce.csv
1;1814.05;2019-03-25;parcelas_8467f752-65fa-4ea3-a10c-6132fe21e806.csv
1;8611.34;2019-08-30;parcelas_84686dd6-ec1e-4027-9de9-ec9e6933a8a9.csv
1;9920;2019-09-24;parcelas_846fd0d7-dbc1-49c8-aa22-bd0b18c6a80e.csv
1;8391.79;2019-10-10;parcelas_8475046b-cab5-49c3-a5de-c641d3dee08e.csv
1;86.12;2019-01-10;parcelas_847ab3b5-4f92-4779-9f48-b73045922d70.csv
1;1245;2019-07-02;parcelas_848146f0-c973-4545-b354-f1332506d480.csv
1;230774.3;2019-05-28;parcelas_8483a7ad-a0e9-4c61-a084-695497c7b5ca.csv
1;452800;2019-09-27;parcelas_8492ad84-3014-4639-9347-3afad812062e.csv
1;11804.07;2019-05-13;parcelas_8499ca8c-35a2-47ad-ab0e-6d0c0d1b0e1f.csv
1;4413.8;2019-01-17;parcelas_849d55c2-61dd-41a7-90c7-7151160b6bf4.csv
1;361958.33;2019-01-31;parcelas_84a29955-7265-4588-b2cb-ab419b244ce4.csv
1;4643.98;2019-06-27;parcelas_84a8cda4-482c-4de0-a733-4ff3c2f978f4.csv
1;2281.5;2019-07-16;parcelas_84aba8c7-20b5-427c-9413-1c3911507755.csv
1;103093.39;2019-01-02;parcelas_84b05081-090e-4367-a95f-dbfd8b8180ea.csv
1;672;2019-09-04;parcelas_84b46175-376e-4745-8d71-e5ffef4694ae.csv
1;114.55;2019-04-12;parcelas_84b72b51-8821-4f9a-bbee-21edfea51897.csv
1;335.79;2019-02-26;parcelas_84bd80e8-06dc-47c4-871d-41555c890299.csv
1;236.87;2019-06-27;parcelas_84c17d8b-602e-49f8-96ef-7c3dbd3dd041.csv
1;166650;2019-09-04;parcelas_84c6b15d-31cd-4499-9d33-7af8308fd8be.csv
1;10213.76;2019-10-28;parcelas_84cb53a9-a63f-424b-a67f-ed3c9669c20e.csv
1;1100;2019-05-14;parcelas_84cdcf7a-841f-4911-9aa2-33d16b8d4be2.csv
1;141.58;2019-06-28;parcelas_84ce8367-83bb-48e0-8d22-c9951d774975.csv
1;2575.68;2019-01-28;parcelas_84cf811e-1bc7-402e-b401-94dbfdb495f4.csv
1;1671.82;2019-05-21;parcelas_84d7290f-69eb-495f-b6c8-ddda423c06de.csv
1;84;2019-01-10;parcelas_84d97538-1019-4d85-9513-5d41e3e7d747.csv
1;1565.65;2019-11-06;parcelas_84dacf64-ecda-44df-ac13-a4085524d404.csv
1;130951.51;2019-01-07;parcelas_84de6647-91f4-42be-9ec9-d7e1c10e767b.csv
1;6600;2019-08-15;parcelas_84df6b54-ad27-415c-9822-f9256a6f6d02.csv
1;151879.25;2019-12-11;parcelas_84e36564-d9e1-467e-9498-4f201265885a.csv
1;1349.08;2019-06-28;parcelas_84ed3ffa-a965-4524-aa7b-3d7800e015ef.csv
1;5364;2019-03-13;parcelas_84f26362-c372-4e30-99f3-8a27efc0d573.csv
1;65;2019-02-14;parcelas_84f58873-8fcb-4953-9db0-945b78768add.csv
1;680;2019-06-10;parcelas_84fd0dda-d5ed-4e90-aa87-c3c7f6aa84e4.csv
1;16260;2019-03-07;parcelas_84fe32d7-988f-46f8-b9e0-b7540cbfb303.csv
1;370688.83;2019-01-28;parcelas_85003181-8ce4-4521-aec0-8fc6d959e5e5.csv
1;663.48;2019-10-23;parcelas_851509f6-a175-410f-b98e-9bf26cb75121.csv
1;73700;2019-02-20;parcelas_8521d017-a972-43ab-9a4b-d05dc647101c.csv
1;5586.07;2019-01-02;parcelas_85245fcb-d71e-42bf-bcbc-c0c984d1b776.csv
1;6492.68;2019-04-30;parcelas_852a3ef7-c483-427b-867c-9b861328e1ec.csv
1;237764.66;2019-07-31;parcelas_8539815f-7b44-438b-80da-58f2fc4aa7fb.csv
1;29887.2;2019-11-27;parcelas_85410ee3-1e9a-4c91-8127-122d17a00141.csv
1;7963.96;2019-08-30;parcelas_85421133-06cb-4c6c-b3e6-487f5fd381c7.csv
1;1191.9;2019-04-30;parcelas_8544a3c5-e5da-43ef-8b66-29d3f97f864b.csv
1;104782.1;2019-10-30;parcelas_85460768-980b-4277-af8d-4a70c0ecf221.csv
1;10593.26;2019-04-30;parcelas_854e3abd-ac76-499c-91f4-ee007ebf19ac.csv
1;700.9;2019-01-28;parcelas_8550351c-2971-4c6a-b713-9c3a3cb0756b.csv
1;9029.91;2019-01-31;parcelas_8569f068-1be4-4c9c-950a-07d8d90a5106.csv
1;9189.28;2019-05-15;parcelas_857013c2-62a4-4684-985b-62d8b7f831fe.csv
1;1176.22;2019-01-10;parcelas_85791916-fc79-41c6-aeb2-3ad2b6b0805a.csv
1;45440.57;2019-06-10;parcelas_857acf57-c7f4-49fc-8861-cdf647d31dfa.csv
1;2111.67;2019-09-30;parcelas_857d736b-3f1a-473a-9177-94a391f01b81.csv
1;27066.57;2019-11-25;parcelas_85800dbd-39b4-4a0e-934f-db55c328e2a6.csv
1;524.42;2019-01-07;parcelas_8588bf66-9786-464c-af49-b3483612cc65.csv
1;550.4;2019-07-30;parcelas_858ae25a-4cd7-44ba-aeab-c891f5e22724.csv
1;90000;2019-01-31;parcelas_858b7a3c-ed11-46a2-8095-1e4cbf6fa219.csv
1;19278.77;2019-01-28;parcelas_858c0f94-da7a-4585-b897-4c7b06011f94.csv
1;18397.62;2019-01-29;parcelas_85910537-f380-45a1-87cc-37c5c7cac736.csv
1;61.4;2019-05-14;parcelas_859a27e9-4124-4e53-b3fe-d17d7b9a9cb3.csv
1;45615.84;2019-03-29;parcelas_85a13731-6ef0-471e-9dd0-51b26f4fa518.csv
1;111.94;2019-10-11;parcelas_85a1b745-6276-4724-a966-ad0a84107a64.csv
1;66.6;2019-07-09;parcelas_85a5654b-5768-4fb6-bcf7-e8f94dbe9e96.csv
1;3953.8;2019-03-12;parcelas_85a57132-e756-412a-9e6c-1e7e75dc3831.csv
1;318;2019-06-06;parcelas_85a7faa2-4181-450f-99b6-f03356714215.csv
1;34622.23;2019-01-28;parcelas_85adb7f6-8dab-40d4-b77d-65116581658b.csv
1;1602.92;2019-05-31;parcelas_85b1f827-22b6-4dbc-88ff-0a2b7b4c236e.csv
1;200000;2019-06-14;parcelas_85b4acab-6013-4bab-b04e-882eead48609.csv
1;200;2019-07-31;parcelas_85b4b765-3964-436a-83b0-36f0c04feff1.csv
1;50000;2019-04-11;parcelas_85b8b5fd-39fb-4f4c-a5dd-be027363865c.csv
1;50278.51;2019-05-28;parcelas_85b939d0-0e97-47ae-b1a2-c9bc1efb2082.csv
1;710;2019-01-08;parcelas_85b9d305-d9df-4d39-b700-8ddfb56e6e47.csv
1;42350;2019-04-29;parcelas_85ccfdc7-8abb-4bd1-9b98-13b63e124556.csv
1;22117.18;2019-05-14;parcelas_85d0a906-fe33-4ec0-9f44-abe166d6f282.csv
1;499;2019-08-06;parcelas_85d9f1b1-3e40-4de0-adc8-ca6a3118c421.csv
1;19448.42;2019-05-16;parcelas_85e980df-820b-4e14-a920-a4e26b3a34e8.csv
1;232627.99;2019-05-28;parcelas_85ede3d9-d802-4f4c-abe2-a34d60ff261b.csv
1;886.6;2019-06-27;parcelas_85f18631-e24a-49fa-9c42-eeadc0112906.csv
1;5750;2019-04-29;parcelas_85f67a06-6322-48c7-87c6-ab2462b31c58.csv
1;4369.87;2019-04-12;parcelas_85fb59e7-51b6-40bd-a9a3-004ac7bd7422.csv
1;33357.8;2019-01-25;parcelas_860688e0-3c56-4b29-808c-20999820a541.csv
1;7918.74;2019-12-19;parcelas_860da22a-cfd0-48f8-b1f9-cb20adfa7fd7.csv
1;3989.3;2019-08-01;parcelas_8611051b-07da-49aa-abf3-449c71893098.csv
1;20302.51;2019-09-30;parcelas_86117f56-633f-411d-876a-733cc8754589.csv
1;94.76;2019-02-15;parcelas_861eecdb-4d2c-4ac2-a9dc-e24792d96a71.csv
1;250743.78;2019-03-29;parcelas_861fff54-e7d3-454a-b5b6-63dc5c3fdc57.csv
1;405615.56;2019-11-25;parcelas_86229688-86da-4c31-82b9-ab12c02b42e9.csv
1;1461.4;2019-10-21;parcelas_8628af13-872d-4f01-9f8d-df3941c3e8bb.csv
1;2800;2019-09-25;parcelas_862ba5fa-64e3-40ed-ac39-ea7d00f1ca4e.csv
1;110000;2019-04-03;parcelas_862be638-5533-465c-b286-2238f35c495e.csv
1;1552873.4;2019-06-27;parcelas_862f77e0-bd22-4152-b0dd-439f29a4199f.csv
1;95551.07;2019-07-31;parcelas_8631d0a3-a315-4c92-8761-110601d0b492.csv
1;60526.19;2019-06-27;parcelas_86345e8a-b8f1-41b1-b8f5-93e83c8cf69f.csv
1;245680.8;2018-12-21;parcelas_8636dc91-aab6-40c4-9803-22a42b0ccca8.csv
1;13353.95;2019-07-15;parcelas_863ed2c1-660f-436f-a5a3-eed665590eda.csv
1;5820;2019-02-11;parcelas_864b4e71-cd17-432e-a7aa-377d4ed154b6.csv
1;1776.2;2019-11-14;parcelas_864bd819-9d1e-4302-b2a5-c98b8ddb15b8.csv
1;43030.05;2019-07-31;parcelas_864c09fe-adab-4a66-ae1b-2c9724afd0d2.csv
1;6200;2019-06-11;parcelas_864d2ec7-669e-4397-abd9-8c3cc0e9d020.csv
1;2728.5;2019-12-09;parcelas_8656a6d9-538c-4ec5-9840-a6b0b71885ea.csv
1;214.37;2019-03-06;parcelas_8657b426-ee26-4b7d-859e-64644460e7b9.csv
1;1000000;2019-02-01;parcelas_8664aef8-92b7-42a3-a96a-4969eb670e3b.csv
1;1176;2019-11-27;parcelas_866b4902-c807-4c40-9059-b4e8b736ff9b.csv
1;8996.33;2019-01-02;parcelas_866d975e-bd94-4bbc-8fcc-8636dbb16193.csv
1;79.79;2019-12-11;parcelas_866e2919-e8d0-444b-98c3-7039c4cc4125.csv
1;1155.36;2019-06-27;parcelas_86701fe0-651a-4645-be7c-ca8ddc53bbcb.csv
1;276553.6;2018-08-13;parcelas_86732726-4339-4372-a1be-c8e6f5a5728c.csv
1;13785;2019-05-02;parcelas_867430ad-8320-495c-b18a-14198f20f463.csv
1;48500;2019-01-02;parcelas_86776e6c-cc3c-474f-849c-6afabe58a16a.csv
1;3925.1;2019-04-30;parcelas_867d65c7-4124-481f-8415-7055dd21e654.csv
1;194.08;2019-10-31;parcelas_867e7191-9d53-4d1b-a609-5a26d1c17754.csv
1;10298.2;2019-11-27;parcelas_8680a8d0-47dd-40cc-9f00-ff9d36ecfecf.csv
1;18;2019-12-10;parcelas_868db489-d435-4849-a607-f23e71fc85bc.csv
1;66959.86;2019-04-29;parcelas_86913a6a-80b0-4939-bd83-bfb3b7ef0e0c.csv
1;525;2019-12-19;parcelas_86932b17-5522-4fbf-a5a8-feff6a5658ad.csv
1;2322.2;2019-12-02;parcelas_86995574-549f-432c-b05e-2b8b86aca8d7.csv
1;34463.32;2019-09-30;parcelas_86999321-1279-4fac-a3ba-c304e9bab865.csv
1;5031.2;2019-09-10;parcelas_86aca4fb-ea48-4334-8156-3567f042f2eb.csv
1;12643.36;2019-01-02;parcelas_86b01b8e-93d1-4ea5-8271-d978b3c42f88.csv
1;1185.48;2019-08-08;parcelas_86b2fb0f-7afa-400d-a23c-18c213924182.csv
1;2770;2019-08-16;parcelas_86b87440-65b5-48df-874a-cb88d0104c25.csv
1;510.38;2019-03-28;parcelas_86bb93df-6df8-4ab1-a96b-5a8efbd5cc0f.csv
1;533071.01;2019-01-28;parcelas_86bc9ab3-dcc3-45b8-a522-0a268a5e9213.csv
1;1962.52;2019-02-28;parcelas_86bcf94e-608f-43bc-9bc9-adbcc31e950c.csv
1;1612.08;2019-01-28;parcelas_86cd1317-0f04-4443-b1f9-9d31d56aa44c.csv
1;6424.33;2019-06-27;parcelas_86cedb12-4cff-493a-b526-0d989c7ff24d.csv
1;647.48;2019-03-22;parcelas_86cf6915-23b4-4d33-be5f-9e44db2995ed.csv
1;6670;2019-06-17;parcelas_86d8cf52-ed4f-4da4-a75c-6261ee587393.csv
1;729.84;2019-10-29;parcelas_86d9b079-56a1-4f02-baa2-fc818a6ad06f.csv
1;2297.31;2019-11-26;parcelas_86dbc91c-1487-4882-ac2e-72a1159d6944.csv
1;472.32;2019-06-27;parcelas_86dd98c4-8f81-4354-9107-85593516acef.csv
1;238.1;2019-06-04;parcelas_86e27604-89e6-4410-885e-50810e9c45bb.csv
1;3410.7;2019-10-08;parcelas_86e3dccb-9d0f-4d1a-80c5-52aa8e0d168f.csv
1;5080.27;2019-12-27;parcelas_86ec064a-30c0-4dbe-92b5-d4a415fdd151.csv
1;100145.34;2019-02-28;parcelas_86eec493-10b1-47ab-a77d-092bf29887e7.csv
1;79.79;2019-12-02;parcelas_86f4d64a-752d-4f4e-8540-ed2e9d1f8529.csv
1;41289.16;2019-09-16;parcelas_87089b29-f5db-446d-8c65-54c45860b3b7.csv
1;1923.31;2019-01-31;parcelas_870aac8c-b89b-42e2-b633-8fdd6223c700.csv
1;146.2;2019-09-04;parcelas_870ab678-81b8-472b-acce-19ec6ebb03de.csv
1;3769.6;2019-02-11;parcelas_870fd56d-8fec-4177-a8fd-64df079866bb.csv
1;282.67;2019-11-12;parcelas_87139f91-8fd3-4021-9fe3-b7d462589e9e.csv
1;5592.23;2019-11-29;parcelas_871c37b8-ae12-4b3c-ad3a-ce5825d731f5.csv
1;92.95;2018-12-28;parcelas_871edab9-8599-4433-b234-9b738e805f75.csv
1;19745.15;2019-12-30;parcelas_87237f83-09b8-427e-829e-1d04b045a98b.csv
1;5394.39;2019-12-11;parcelas_872849e2-a2a5-4c08-a0a7-49d95f9d5f1f.csv
1;1663.47;2019-05-28;parcelas_873250be-d5a3-47f1-8482-9dc274f01d75.csv
1;146.48;2018-12-28;parcelas_8735ee81-70df-496b-8b0f-8e8e9b2e7bbe.csv
1;432;2019-10-25;parcelas_87364809-f735-42c0-a3dd-e914cb1af063.csv
1;7977.65;2019-12-11;parcelas_87376fa2-7530-468b-b395-793a7fa5b1e7.csv
1;120.96;2019-09-24;parcelas_87427d5a-4b05-4d58-a78c-91a53ca06516.csv
1;85;2019-07-12;parcelas_8742e9dd-821e-405e-a524-47550185626b.csv
1;350;2019-10-11;parcelas_87495884-b7c6-4e3f-8273-db8cee5913bc.csv
1;5751.14;2019-05-28;parcelas_874cba3c-1f82-454a-be72-60669c125e51.csv
1;10000;2019-01-04;parcelas_874eeb07-ab7f-4329-bc4f-181c8bb8bf82.csv
1;191.86;2019-07-12;parcelas_8750a8bc-89a8-4395-88eb-ca4aba06e580.csv
1;252;2019-11-26;parcelas_87516511-536e-4205-980e-1ff78d4e80c4.csv
1;42;2019-04-26;parcelas_8755a77c-d1c9-4a5d-9564-cd525bb489ae.csv
1;260;2019-03-11;parcelas_875b36dd-cdb8-46c7-a885-10df5c3f7fb0.csv
1;40000;2019-07-26;parcelas_875d5c24-404e-4529-ba00-0f5f84e7e2d7.csv
1;4340;2019-07-01;parcelas_87627104-d6dc-42c5-826a-6912f807dd65.csv
1;216862.4;2019-12-11;parcelas_876786e8-bbb8-42f6-ac69-76147b241c15.csv
1;1600;2019-12-12;parcelas_876d09da-afa3-467f-a413-a187c5dd8543.csv
1;22691.84;2019-03-15;parcelas_876f66fd-10e4-4f38-8a89-e6fb36d3cbd4.csv
1;27453.61;2019-12-19;parcelas_87718da4-14bc-4a2c-9fc5-b2f583401b02.csv
1;130;2019-02-14;parcelas_87864711-4f80-4852-88e1-e9ab11c664ad.csv
1;97.65;2019-10-25;parcelas_878f5068-9bd7-4fc7-a0c1-e4aaa2477189.csv
1;10415;2019-11-25;parcelas_8795c70a-503b-4e62-a83d-557fe26710e7.csv
1;1513;2019-05-30;parcelas_879c666f-a4b7-47bc-b13d-6da41d980343.csv
1;8003.38;2019-10-16;parcelas_879e0e8e-30df-4e11-a16b-9b92423d933f.csv
1;2393.58;2019-08-20;parcelas_87a847fc-ba01-4e3f-b88f-e6e651c8dff5.csv
1;60000;2019-07-16;parcelas_87aec450-41ef-4d0f-942c-393e3ff11800.csv
1;1493.7;2019-04-11;parcelas_87b1159b-9820-4a8e-a533-3cab4ca25a7b.csv
1;84270.22;2019-01-02;parcelas_87b219bd-5604-496b-9c70-df762350811b.csv
1;30000;2019-09-30;parcelas_87b29204-9332-4f10-80bd-e84e56f972ed.csv
1;41920;2019-08-15;parcelas_87b2e60c-1d02-49ed-b83b-744e76744f63.csv
1;190.8;2019-01-28;parcelas_87ba1583-cd12-4804-9526-729c5994585d.csv
1;6604.78;2019-04-30;parcelas_87bc256f-1604-410a-8855-6cbd6b474396.csv
1;180525;2019-01-02;parcelas_87c57434-db77-4e9a-ba55-83062df896e8.csv
1;260.81;2019-03-12;parcelas_87c5dce3-0cdc-4066-9f4f-0f7eba9daf4c.csv
1;200;2019-02-28;parcelas_87c6afb8-2d01-4c85-ac84-3820ff3913a8.csv
1;5046.78;2019-09-27;parcelas_87c76af8-b175-48be-b9e3-92f2f0ec2de9.csv
1;15000;2019-01-02;parcelas_87ca54ce-74a9-4318-beb1-427674cddf83.csv
1;361958.33;2019-09-26;parcelas_87cb1318-4ddc-48d1-ad5d-fa7e4effc574.csv
1;1016.16;2019-02-13;parcelas_87e0c255-bce2-4638-a720-9d513cd1d58b.csv
1;136.85;2019-02-21;parcelas_87e903a1-148d-411e-b08c-0545f6e5c1d2.csv
1;55000;2019-09-19;parcelas_87f7c751-e7e8-42cf-b7da-5d0ce7ccc989.csv
1;745.94;2019-08-19;parcelas_87ffa8db-87b8-4315-8ec3-5f8be7ba2cc1.csv
1;10053.04;2019-10-01;parcelas_88075076-6078-40f8-a52b-b513e3998112.csv
1;202.8;2019-04-29;parcelas_8807b0b9-b408-47e0-97a1-6835c767bd71.csv
1;31234.97;2019-01-28;parcelas_880a07b2-2cca-471b-a9e9-d5b2ea7f94c4.csv
1;6160;2019-10-16;parcelas_880e07f6-c0f8-4019-a6c1-84010fc8663f.csv
1;1537.34;2019-08-30;parcelas_881006af-8395-43eb-b7a1-1ffdd6860fc4.csv
1;16597.44;2019-04-17;parcelas_8812bedf-2707-4aec-a3af-d6b8efb2a9f6.csv
1;4139.76;2019-12-20;parcelas_88162a33-c4ff-4527-85d8-e7540eba431b.csv
1;948.55;2019-04-30;parcelas_88164909-024b-47ff-9709-ad1d53d04be1.csv
1;11408.32;2019-09-30;parcelas_88193899-5896-4c6e-81d9-45497be761fd.csv
1;198153.52;2019-02-28;parcelas_88211d87-81d8-4ca4-b6d0-9bc521521dae.csv
1;661.47;2019-07-26;parcelas_882c8175-0b11-4bea-9eed-2775624259cb.csv
1;750;2019-05-30;parcelas_882dccdb-88cf-4df5-98f6-d5eb421a7d5a.csv
1;19926.23;2019-04-29;parcelas_883b3e98-2731-45ad-9e0a-5abeadac50e1.csv
1;819.5;2019-01-18;parcelas_883c017f-e08c-4a71-ad59-5155bd133591.csv
1;6183.5;2018-12-28;parcelas_883c017f-e08c-4a71-ad59-5155bd133591.csv
1;140;2019-04-11;parcelas_8841efa7-0fff-4e0e-a19c-eb340cf2abc2.csv
1;24023.96;2017-12-20;parcelas_884a26fa-dbc5-4ca8-995d-26d9a235b7e1.csv
1;108;2019-11-27;parcelas_885f756e-69df-4b93-9416-503b465f2ab2.csv
1;1745.08;2019-06-19;parcelas_886153a8-39e8-4da1-9677-83fbe90f4bc4.csv
1;2336.89;2019-04-30;parcelas_886595f3-b697-4632-b303-d880bd204e1f.csv
1;604.1;2019-10-21;parcelas_886fa9bc-f567-49e5-87d4-1c3a5ccb55aa.csv
1;104.13;2019-09-25;parcelas_8870c76f-fdce-423b-af19-3d58f8b330e7.csv
1;180.22;2019-01-28;parcelas_8873e502-6831-469e-8168-74445f9d30f2.csv
1;2250;2019-10-17;parcelas_88851f09-8748-49ed-befa-21743535f65a.csv
1;1730.56;2019-03-22;parcelas_888bce35-7079-4b40-9b5e-6ed85020af74.csv
1;29170.43;2019-12-19;parcelas_888d6ef3-c929-4c38-b6ac-fa2826ae23ca.csv
1;2844;2019-09-16;parcelas_88910960-92c4-430d-a24d-2dd0898217d0.csv
1;1835;2019-04-11;parcelas_88922a48-7d09-4f01-8808-7b054872201e.csv
1;66445.05;2019-02-21;parcelas_8894fc2e-077a-4e2a-a5f4-dab16aa29411.csv
1;1366;2019-05-16;parcelas_889bb3a7-6bfd-469b-8f4c-8293ef37a5c0.csv
1;5351;2019-06-03;parcelas_88ace2c5-ac11-4f5d-b875-781fe2a3adff.csv
1;2017.05;2019-08-30;parcelas_88b97f60-d97e-46ba-94a3-413c534f0cf1.csv
1;3463.4;2019-11-28;parcelas_88bada8b-164b-4ad5-be54-7d6fe3305178.csv
1;10637.15;2019-01-04;parcelas_88bb6b83-50b8-47b0-9b26-0b699e544970.csv
1;31891.14;2019-12-30;parcelas_88bd062b-2a89-4613-b26a-21efc385a677.csv
1;16501.73;2019-03-06;parcelas_88be2186-7475-4d76-a60b-eb07c069e568.csv
1;108617;2019-05-28;parcelas_88c6722e-68bb-42a5-bf07-17a20eababde.csv
1;50713.03;2019-07-31;parcelas_88c6db64-c59f-4f10-82db-2c5a6e514ba5.csv
1;14807.52;2019-11-11;parcelas_88cd2772-27f6-47d7-99a2-0d475fbe3a48.csv
1;30000;2019-05-28;parcelas_88d919e9-a12e-46dd-986b-58e8efe8ecb2.csv
1;5000;2019-08-13;parcelas_88dbfa23-2917-4cb0-9a25-c350de80c7c6.csv
1;1953.64;2019-07-31;parcelas_88e0b63d-2db6-4477-94d0-f44296aa6976.csv
1;40;2019-10-31;parcelas_88e19c51-ebc7-44e3-a177-07d13f11b2a5.csv
1;300000;2019-08-01;parcelas_88e8a576-bc45-4607-b89b-8c3e1a9c5e62.csv
1;2049.9;2019-01-30;parcelas_89043354-5764-4113-825c-c7d94ecdf4d6.csv
1;619.2;2019-10-31;parcelas_890a1a4d-ff81-47e8-ae22-d3222673e677.csv
1;24000;2019-10-04;parcelas_890f622c-3afe-4eb4-a84b-611c1d970c83.csv
1;2160000;2019-01-23;parcelas_89125b9a-8a48-4730-9a41-d4420ca98823.csv
1;5812.5;2019-02-14;parcelas_8916059c-e6d1-4612-9a3e-9f682462cb8f.csv
1;70.23;2019-12-31;parcelas_891832b8-1277-4e1c-9c3e-65a5771e94a7.csv
1;1552873.4;2019-07-26;parcelas_8918639e-493f-43c4-a3bb-bafc46db8939.csv
1;31694.57;2019-01-04;parcelas_891cc690-9bbd-4d94-97fd-918cc5d41d4a.csv
1;55000;2019-07-24;parcelas_8932cb5e-28c0-4a7b-9560-35cb6c227313.csv
1;100;2019-10-16;parcelas_8936c5a6-a30e-4a09-a635-38eed4247b4e.csv
1;78000;2019-11-29;parcelas_89400d40-daf8-4a5e-9eec-bb0bad5e25db.csv
1;65;2019-05-21;parcelas_894b40ab-ce17-48c5-85ab-99af03738808.csv
1;273.54;2019-04-08;parcelas_8962a9d6-de99-40ce-a4db-4ab4dfa4e812.csv
1;346594.97;2019-08-30;parcelas_8965e84d-7ba3-4b36-8768-f43fe7d2ffd8.csv
1;23.03;2019-02-28;parcelas_89696a01-6528-4fa7-8eee-112fa382e8a6.csv
1;27892;2019-04-15;parcelas_896e0800-49a6-43b6-ad4e-fb5ab74a6178.csv
1;3845.28;2019-07-15;parcelas_896ef30d-7f41-43fd-b4d1-8af838833cca.csv
1;87538.11;2019-01-25;parcelas_89718177-5f31-4f3c-b7cf-6cd7575831b6.csv
1;112;2019-09-10;parcelas_89737b58-4bdb-42f8-b0f7-c1eff2e358af.csv
1;85.96;2019-01-02;parcelas_897cf249-7e84-4d38-934b-059d81f46cc6.csv
1;7544.44;2019-02-11;parcelas_89861974-10bd-46d2-a2d9-7e0ed3c34845.csv
1;1156.51;2019-03-12;parcelas_899013a6-c419-4554-90b2-c5889ffd2304.csv
1;11232;2019-10-04;parcelas_89911390-6789-4fef-a7c7-68fe0d4eea35.csv
1;5196.16;2019-10-21;parcelas_899a1880-971a-40db-934f-65f4144f147d.csv
1;243655.75;2019-07-31;parcelas_89a5e4a3-8f3e-40a1-a5c3-9b8d6c427503.csv
1;34776;2019-04-08;parcelas_89b02fee-fd93-4ad8-8b3b-49ff38c3c79b.csv
1;1486.74;2019-10-21;parcelas_89b79a36-c2b4-4d02-a40f-9fc353b873c3.csv
1;778659.2;2019-01-02;parcelas_89c09602-a160-4f51-8bd0-0990b919b7c6.csv
1;463.5;2019-01-10;parcelas_89c312ce-1cbe-4ce6-97fc-0e579e197263.csv
1;1837.87;2019-11-26;parcelas_89c99963-fc85-412a-a30a-ca3fe10a04b1.csv
1;1401.18;2019-01-14;parcelas_89cd94bb-f4b6-4ced-af97-ef703ac6dfb8.csv
1;9676.53;2019-01-31;parcelas_89d81d5a-2098-49e8-bbab-ddf2e88134ba.csv
1;16597.44;2019-02-27;parcelas_89da005d-9620-47d0-87ae-3006ad71ce46.csv
1;8626.57;2019-05-28;parcelas_89e06807-e803-4b21-bb7e-e4cb7122614b.csv
1;2557.8;2019-09-02;parcelas_89ea9fe3-e9fe-4144-96d4-9c713a112d16.csv
1;1462.56;2019-01-02;parcelas_89ece3a8-7eb1-422d-8543-b7b3b86c26b7.csv
1;6037.5;2019-09-30;parcelas_89f4105c-18a2-4c43-ac79-3a766f0444ce.csv
1;5010;2019-01-25;parcelas_89f729ba-8dba-42ae-83b2-e0e47093ebbe.csv
1;1893.34;2019-01-31;parcelas_89fd5263-33b3-4b33-8324-f6d729ad5665.csv
1;900;2019-03-20;parcelas_89fdb0dc-1779-4169-a2f7-a399dee81f8c.csv
1;19000;2019-02-05;parcelas_8a094e31-c0f6-4c8c-91e1-07a142531ddd.csv
1;1294;2019-11-14;parcelas_8a12f5e4-b834-43ce-b579-14ff3a4876c0.csv
1;14.26;2019-12-02;parcelas_8a135a79-5c9c-4b02-b4a3-4fd1ea49b9b4.csv
1;77166;2019-08-14;parcelas_8a1767e0-28be-4398-b445-e909edfbaacb.csv
1;568.96;2019-01-15;parcelas_8a17dbc9-b199-4b85-8686-6a0cd491a537.csv
1;48347.32;2019-10-30;parcelas_8a1838b7-a33b-445e-b13d-b96acb4920bb.csv
1;204530.28;2019-06-27;parcelas_8a1de6ee-8152-4ffe-aa5c-c8f95c74c71b.csv
1;200;2019-07-03;parcelas_8a1f93da-2576-4e9c-8da4-f6578188e9a3.csv
1;2714.1;2019-11-26;parcelas_8a1fb1f9-4253-43f5-9554-f247eecd5145.csv
1;82303.57;2019-04-03;parcelas_8a21d583-e589-4d3a-843d-2872e2c8bf77.csv
1;6638.33;2019-12-19;parcelas_8a225356-6f4b-4757-be08-bb6579305707.csv
1;5486.47;2019-09-30;parcelas_8a2360c1-e36e-4273-bb9b-e0ef38d59030.csv
1;2625;2019-06-27;parcelas_8a443a68-108f-4db0-ad64-b3f795563434.csv
1;789.75;2019-11-26;parcelas_8a492968-ccfe-419b-9a17-5575dab33f88.csv
1;10605;2019-11-26;parcelas_8a4ba153-e4ef-4c72-aa2d-df7779a6d6c2.csv
1;159.34;2019-04-29;parcelas_8a4ea3bf-ca59-4c00-b9e3-76468f80c983.csv
1;330.62;2019-08-30;parcelas_8a53a374-944b-4355-bcae-6b8a3304341e.csv
1;8854.34;2019-01-28;parcelas_8a543aad-55a3-4be7-ab22-5454a547d730.csv
1;1217.78;2019-09-24;parcelas_8a567d1b-babf-42c2-b1ad-2f812e127ad6.csv
1;50750;2019-08-01;parcelas_8a5d0bf0-ea63-486b-85cb-379dfd639fff.csv
1;25.86;2019-11-29;parcelas_8a6a7205-6d06-4368-8056-71d9c3962728.csv
1;2005678.72;2019-10-30;parcelas_8a6f49f4-9b14-4712-b224-a26a5540c0fc.csv
1;11726.76;2019-10-01;parcelas_8a757453-9536-4854-bc31-4e65a8d2f3d2.csv
1;380970.6;2019-06-27;parcelas_8a7cb9ea-ab8d-4eef-9944-4d1e348c12fb.csv
1;12249.6;2019-04-30;parcelas_8a8a3f40-6574-42bf-afa8-a567ab3d3fe3.csv
1;2196.49;2019-12-19;parcelas_8a8ed25f-11fe-4f09-b327-b26dc7556e1c.csv
1;61508.19;2019-06-28;parcelas_8aa01cd7-3281-4889-a876-307cee13ec6c.csv
1;1822.34;2019-05-31;parcelas_8aa72976-12fd-4bc4-9f96-9460e2f54b9b.csv
1;3800;2019-09-12;parcelas_8aa7febb-6124-4f58-a8c4-d908650fd002.csv
1;27688;2019-03-25;parcelas_8aab9b59-cc4a-4d0f-aad6-56ae138bc4e6.csv
1;120330.66;2019-06-27;parcelas_8ab0b997-83be-46f9-82d2-c520de53fb3b.csv
1;84.9;2019-07-11;parcelas_8ab9b4d3-661c-4701-ac9a-98d31b81a4ff.csv
1;47169.6;2019-07-26;parcelas_8abf4967-1cb5-4eb7-ad9c-8d99ab0de251.csv
1;502.98;2019-06-27;parcelas_8ad16407-cb73-498a-a95f-19a6b268afbb.csv
1;3389.82;2019-01-08;parcelas_8ad43066-95eb-4cd5-8208-312409aa1e7a.csv
1;62123.04;2019-01-30;parcelas_8ad4be40-1c50-4a9d-8bb5-c90e4d2f9893.csv
1;57265.69;2019-01-10;parcelas_8adc74ff-f33b-439e-8822-2f09fdb27381.csv
1;11280;2019-06-21;parcelas_8ade8828-f5e5-4ec6-ac6a-c6b7ab6d10c7.csv
1;85.96;2019-11-08;parcelas_8ae0e0b9-c794-4a99-990c-4f629f853d2b.csv
1;1759.32;2019-01-17;parcelas_8ae3dcdd-88b7-409e-9592-438e211684cf.csv
1;99152.88;2019-01-31;parcelas_8aecb27f-aea3-482e-8f1a-fe4851b8dc58.csv
1;2979.85;2019-09-05;parcelas_8af2fe12-1713-42a3-9d86-53f4df301236.csv
1;1485.91;2019-05-28;parcelas_8afc71dc-e056-419a-b484-5b0af55e666b.csv
1;928.21;2019-08-27;parcelas_8b04f60f-4475-47b2-ba0e-08753ca47764.csv
1;1179.5;2019-04-30;parcelas_8b06e5f6-2e13-4654-beee-85a855c8ac0d.csv
1;10790.26;2019-02-15;parcelas_8b0819cd-29b2-4d11-b363-fc817b10101b.csv
1;1823.24;2019-02-27;parcelas_8b0b3a03-b9e2-4adb-8226-4235d60b0d48.csv
1;307.75;2019-02-11;parcelas_8b0e893c-e1e8-4fa4-aa59-b7a4e3f030cd.csv
1;40554.35;2019-10-30;parcelas_8b16ad81-8043-488b-9152-78c72a990298.csv
1;2404578.8;2019-12-30;parcelas_8b1e59ed-b286-4901-bbf9-7b35d3cab479.csv
1;800;2019-07-03;parcelas_8b1ec374-32ab-41c7-9a17-ee4a639f2ded.csv
1;6193.7;2019-04-04;parcelas_8b28aea2-13cf-476c-9574-778ec989896b.csv
1;2625;2019-11-28;parcelas_8b2cf83d-67bc-467c-8623-94cd5a279e1c.csv
1;611.2;2018-12-21;parcelas_8b2f9810-5aec-4282-8471-b5a48071016d.csv
1;104.13;2019-10-16;parcelas_8b2ff302-28b5-412a-b40d-7a487dfe0276.csv
1;15876;2019-01-14;parcelas_8b3441b8-9913-421b-8a05-482811cbc02b.csv
1;40000;2019-04-29;parcelas_8b34a125-7ba5-47c0-8c54-b5b7f04a79fd.csv
1;117977.64;2019-07-31;parcelas_8b43ff1f-9599-40e0-a56e-c5ce4b1102ed.csv
1;1155.36;2019-08-30;parcelas_8b44bc9c-9b59-4fad-95a8-5a89270432d3.csv
1;42;2019-06-10;parcelas_8b44dccf-d68f-4229-a17f-6c3f0325ecf1.csv
1;4800;2019-06-03;parcelas_8b4867fc-fbe0-4590-9055-6d5eecf27d69.csv
1;370.85;2019-02-26;parcelas_8b48fc34-027b-4b87-b9bf-ecaef12e7697.csv
1;5590.85;2019-11-29;parcelas_8b4c96c3-397d-4769-b743-f692e5330932.csv
1;1668.52;2019-10-22;parcelas_8b4e1e26-2b10-4d1c-ae7a-ee1bf260bb2d.csv
1;8314.94;2019-07-19;parcelas_8b604c5a-d48f-474e-82e1-2f5a958e6355.csv
1;3165.54;2019-06-06;parcelas_8b61d185-e89d-48ed-a6fd-326a63e80956.csv
1;375;2019-12-30;parcelas_8b6790bc-95b3-411d-8291-6bd16b6e077e.csv
1;363.38;2018-12-21;parcelas_8b797399-9efa-4501-a74d-8e3d5fc20db3.csv
1;1930.08;2018-12-21;parcelas_8b797399-9efa-4501-a74d-8e3d5fc20db3.csv
1;85.96;2019-06-28;parcelas_8b7fba6c-ab6f-4783-bb43-f5756d6e2145.csv
1;3857.44;2019-04-17;parcelas_8b8b2e66-d754-4b2b-88cf-f8df428c46b5.csv
1;596.09;2019-02-28;parcelas_8b97a44b-ea8d-4bed-927d-7a8ae608504c.csv
1;1983.15;2019-11-29;parcelas_8b9861f9-f734-447d-91e9-6f09515b34ac.csv
1;307.5;2019-03-28;parcelas_8b9e828e-a50b-4c5e-b261-b27eda637979.csv
1;10175.77;2019-05-28;parcelas_8ba9cebd-9098-46ba-a34c-540da1e815e1.csv
1;1258.35;2019-11-28;parcelas_8bac48c5-43e5-4fed-88e7-8241b2939ac9.csv
1;51060.67;2019-10-30;parcelas_8baee96f-1ec5-44d7-abee-179fd08833f8.csv
1;313.46;2019-08-02;parcelas_8bb33d94-2d2d-4a56-86da-c4f500479810.csv
1;43380;2019-09-12;parcelas_8bba6cf4-9851-43bc-bddb-ea584eb42d8a.csv
1;1056;2019-08-16;parcelas_8bc5047c-3646-4a06-927b-097ac3fc7e32.csv
1;19412.53;2019-04-30;parcelas_8bda1fd3-1f65-454f-b6fc-1473b1f694bf.csv
1;5358.54;2019-11-25;parcelas_8bdbeb47-b8be-4faa-8e75-d644d6dc7435.csv
1;500;2019-05-31;parcelas_8bdded24-057f-4229-ac34-3c34ebac932b.csv
1;300.67;2019-10-14;parcelas_8bdea5c8-4e59-445b-a97e-b6ead52017d7.csv
1;769.63;2019-06-28;parcelas_8bdfb69c-300b-4281-b16e-f664d833028a.csv
1;1124.78;2019-02-05;parcelas_8beb5d86-8517-4512-8fd6-141440aeeb0c.csv
1;950145.38;2019-06-27;parcelas_8bf520f2-dc73-41ee-ac67-590cc9177208.csv
1;84281.29;2019-10-04;parcelas_8bfbb05c-42e4-4b75-9625-ce234d609623.csv
1;530.83;2019-06-27;parcelas_8bfbcebc-daa3-414a-bf68-cc0693130e87.csv
1;1067.4;2019-05-13;parcelas_8bfbdabd-8d86-44b4-adc4-48d639210cab.csv
1;36000;2019-06-12;parcelas_8bff2e11-05a9-44ee-b834-e9e71ac5763a.csv
1;79.79;2019-03-11;parcelas_8c07204f-119a-42ce-9f8b-02415fe51928.csv
1;1059.62;2019-06-06;parcelas_8c07c661-3cd0-43c9-b296-9515b865e749.csv
1;4088.88;2019-09-04;parcelas_8c0a6f88-1903-47f8-acaa-94c665306b77.csv
1;4154.02;2019-01-31;parcelas_8c0ba3ad-0dcb-42ed-9ee4-b58e33318ae9.csv
1;1010.43;2019-12-11;parcelas_8c22ee79-d19f-43be-806a-78132353d05e.csv
1;11139.96;2019-08-02;parcelas_8c23cc2e-9e89-4fa4-b5b9-200b2f81d36b.csv
1;94.76;2019-01-17;parcelas_8c300e22-102c-4da3-bb1f-b0476b4879ef.csv
1;28742.97;2019-10-04;parcelas_8c323eb7-a09e-41db-8353-1214495dd193.csv
1;2718.35;2019-02-28;parcelas_8c338b3e-8a54-41fc-92bf-1c31be0df30d.csv
1;18704.84;2019-04-08;parcelas_8c359a9c-2888-4193-98e0-09c15e39abe9.csv
1;8437.19;2019-09-30;parcelas_8c3c0b9c-61f9-42bf-bfee-76f113c798fb.csv
1;39;2019-04-08;parcelas_8c3d012a-a836-4ec6-9b81-3ff2b96c2139.csv
1;3022.58;2019-04-30;parcelas_8c41991b-917a-45fb-bfd3-e603e3bed84f.csv
1;362.7;2019-10-09;parcelas_8c426abc-16a0-4f5e-81e2-d257e6b5c8b0.csv
1;67.19;2019-08-27;parcelas_8c4feccf-5976-43f2-a0d2-4f539730917f.csv
1;60.4;2019-05-27;parcelas_8c5ad472-daa5-4d6d-9d5d-f3eac925b730.csv
1;271204.67;2019-10-30;parcelas_8c5f770d-d26c-49ee-84f8-39da80b655a5.csv
1;249.5;2019-04-12;parcelas_8c626b31-8c0c-4257-aac7-e4f34dbe72af.csv
1;3100;2018-12-28;parcelas_8c660e11-e2cb-4154-a5af-081f374bcd51.csv
1;79.79;2019-01-21;parcelas_8c68badc-22ef-4212-944e-8ea48457b8e7.csv
1;17400;2019-09-27;parcelas_8c6bf5f2-a1db-41b6-85c5-7f01655a1119.csv
1;2000;2019-12-19;parcelas_8c70a53d-d2aa-4817-b6d0-8f2dbfa7dd37.csv
1;1154.5;2019-01-28;parcelas_8c711994-d224-4767-89d4-90a40cb21bdc.csv
1;14185.5;2019-10-31;parcelas_8c7c0065-5aaf-437d-9e6e-cd3b625f33f7.csv
1;10053.04;2019-04-30;parcelas_8c7e701c-8c09-4db4-9db4-5a1a181b475f.csv
1;126392.5;2019-02-28;parcelas_8c899fce-8c99-49dc-aaf4-689bed0b6fdb.csv
1;2560;2019-03-14;parcelas_8c8e0854-0db2-4498-ada3-5a47eabf2f8b.csv
1;35901.48;2019-05-28;parcelas_8c8ef9b9-4ca2-4dc8-8b90-a456c66c05cd.csv
1;4403.16;2019-07-10;parcelas_8c9491dc-e75b-4f87-85c0-448569c0490e.csv
1;566.89;2019-04-17;parcelas_8c9885fc-75fe-480d-8e42-7ebcf29c1d38.csv
1;87870;2019-01-02;parcelas_8ca15680-3bae-44af-a02e-e39ede0e6068.csv
1;1687.08;2019-09-24;parcelas_8ca6b5c9-031d-44a4-ac77-678131604206.csv
1;314430;2019-12-30;parcelas_8ca78c2d-0b99-41ea-8b46-bf81c8a71e34.csv
1;58.7;2019-10-11;parcelas_8ca95cb5-addd-436a-9ca4-018de891972e.csv
1;33316.81;2019-03-29;parcelas_8cac138d-b149-43e3-9b85-c42979b2d4d1.csv
1;21896.27;2019-12-30;parcelas_8cb174bd-4ed8-49ea-94af-1a58661f45f0.csv
1;685.21;2019-10-21;parcelas_8cc35039-1072-4ad5-8576-6999ce099a35.csv
1;19740.61;2019-03-22;parcelas_8cc3726d-67a2-4302-80d0-eccf8540c22b.csv
1;2002;2019-11-25;parcelas_8cc47cee-5624-49a4-b740-e9eccf56363b.csv
1;6655.83;2019-07-31;parcelas_8cc6188c-6fbb-4e15-a374-ef321a4742bf.csv
1;551.37;2019-02-28;parcelas_8ccb445c-7fc7-443c-ac4f-61e2dbfc7217.csv
1;1260;2019-10-25;parcelas_8ccbf119-6e65-4f26-b8ff-2407febaa91b.csv
1;85.5;2019-09-10;parcelas_8ccd3013-5235-4e0e-850f-85d5912b5c24.csv
1;200120.68;2019-04-30;parcelas_8cd20fe5-a189-44f7-b5be-b783addcc80b.csv
1;49241.38;2019-08-30;parcelas_8cd69a43-b774-43ed-a118-3362a7ae6c50.csv
1;163831.85;2019-01-28;parcelas_8cd7042c-0aba-4fc5-933e-014d34e2d43d.csv
1;65;2019-09-24;parcelas_8cdfecd0-66a4-4d20-b193-dbd6ba0ddbe2.csv
1;27011.66;2019-01-31;parcelas_8ceea936-effa-4349-9943-749c67573abd.csv
1;2881.41;2019-07-09;parcelas_8cef1fd2-68b8-4c62-b38f-f1f20919f6f2.csv
1;4785.27;2019-03-20;parcelas_8cf3060b-909a-4449-a84b-c90fbbcb4087.csv
1;16012;2019-07-26;parcelas_8cf3c029-34e1-47c8-ab77-467b4ff98acd.csv
1;4723.75;2019-01-09;parcelas_8cf68b5e-d925-4178-a463-3f78bd8bf237.csv
1;11679.68;2019-01-21;parcelas_8d07947b-4de2-436b-a9d0-7fd996532f0e.csv
1;1219616.91;2019-02-28;parcelas_8d2d956c-3aa6-49d5-83fb-7a612d7034c9.csv
1;167.2;2019-12-30;parcelas_8d3040a7-0d09-48b8-8faf-e44e352aa992.csv
1;276000;2019-07-15;parcelas_8d339ecb-4916-4e5a-8740-6a7263dfee3f.csv
1;43797.94;2019-08-30;parcelas_8d36ae9c-41d8-46aa-ba7c-67c730745df2.csv
1;131.79;2019-11-25;parcelas_8d36ffb5-1555-4de6-af58-e07d31010329.csv
1;105060.89;2019-07-31;parcelas_8d3c0ebb-4529-44e9-8e31-b7c7ef22ba8e.csv
1;324;2019-02-04;parcelas_8d3dc295-70c4-448c-9290-8e0385762a20.csv
1;2629.7;2019-06-27;parcelas_8d3fd730-74b5-4b4a-8689-eba393f27e9c.csv
1;85185;2019-06-14;parcelas_8d407811-ce02-4c0b-9e4a-762c6c8cb998.csv
1;234.78;2019-08-09;parcelas_8d430f1d-f56b-460e-adbc-44d24bd270dd.csv
1;7024.21;2019-09-30;parcelas_8d46bbd2-66ed-46ec-b412-7b50f9118bd1.csv
1;31412.27;2019-01-02;parcelas_8d5066db-ef4d-4e1a-a69f-c76cebbb9849.csv
1;26130.93;2019-03-22;parcelas_8d51dbb1-5831-4368-8c79-a4b72923242c.csv
1;106257.94;2019-04-30;parcelas_8d565169-af91-4717-8805-59a92ec4df62.csv
1;1328.16;2019-09-26;parcelas_8d63fcb1-64da-467b-b113-8ec23c7ef4f9.csv
1;17102.26;2019-11-29;parcelas_8d67d271-d8b4-4981-829b-32c8d9147d74.csv
1;14357.5;2019-11-05;parcelas_8d6ed5eb-48b3-4725-9ff9-eb01dbfda459.csv
1;7703.51;2019-07-04;parcelas_8d6eebc9-d843-4ea8-a839-2ae2f6bca20c.csv
1;3072;2019-04-04;parcelas_8d814e32-37b8-4f24-b465-a92be38009c1.csv
1;16653.07;2019-03-25;parcelas_8da03d53-308e-43ab-9ab3-54cf90e14f2d.csv
1;1817;2019-09-04;parcelas_8da20ea4-23a3-4b03-9dec-480eda1c636e.csv
1;472.4;2019-01-25;parcelas_8da4e07a-e328-4905-a69a-1e1157a9d3cf.csv
1;239090.01;2019-06-27;parcelas_8da6b85e-8bfd-44d6-ace1-846e53486167.csv
1;3965.14;2019-06-19;parcelas_8da866b1-717e-4a8c-926c-c9bf1d09c65a.csv
1;27180.54;2019-06-27;parcelas_8db55a7b-599e-4007-a57e-b24df5cf4c02.csv
1;4202;2019-01-08;parcelas_8db8cfb9-21d3-4b5a-ba2d-958b2ea52617.csv
1;14850;2019-08-02;parcelas_8dbdd19c-b8d2-427c-9a9b-126621575d4c.csv
1;133.4;2019-11-25;parcelas_8dc60167-7e66-4b40-930a-c4b62d7535fa.csv
1;1038.85;2019-09-17;parcelas_8dc7b3cb-64f0-4182-ab63-b56c588d092a.csv
1;29.7;2019-10-01;parcelas_8dc7ce00-2030-4055-b9dc-61e7b28f6d31.csv
1;30416;2019-07-26;parcelas_8dcbc3c9-ba62-45aa-8f9f-1f1549896a10.csv
1;40112.07;2019-10-21;parcelas_8dd2b4ca-fc2b-4252-add6-934f1a5d0b14.csv
1;7233.97;2019-08-07;parcelas_8dd34dbf-cfd9-4fec-b1d8-e74751aa1d0e.csv
1;4000;2018-12-28;parcelas_8dda75d4-b31b-48c5-b1a6-39c8d398d5c9.csv
1;450.01;2019-03-25;parcelas_8debe7d3-1c71-4e44-b71f-4c4ea10a45a8.csv
1;2766.21;2019-08-28;parcelas_8df0c493-db5b-47d0-862a-79b66361c7da.csv
1;3937.5;2019-07-17;parcelas_8df9166d-aa8a-4a04-988a-b7384b9fe166.csv
1;86831.78;2019-11-04;parcelas_8df9cc64-e0cb-4a44-ba87-e7c2e70b0f83.csv
1;75750.87;2019-01-02;parcelas_8dfa4d6a-ad8e-4f6e-a4a9-62ff34b6faab.csv
1;51646.45;2019-02-28;parcelas_8dff56f2-e33d-4ffc-a1e1-805f97e35881.csv
1;97264.31;2019-11-28;parcelas_8e05af24-6930-4f2b-a0e8-073c21e5cdd3.csv
1;2046.06;2019-07-30;parcelas_8e08bf9d-1de1-413f-8349-984b769718fc.csv
1;7882.28;2019-07-31;parcelas_8e0eb62d-80aa-438a-91ea-5c230c89caad.csv
1;1;2019-08-30;parcelas_8e113701-e1eb-46f0-afa1-725cbc76aa8c.csv
1;525.28;2019-05-28;parcelas_8e1e2dd2-b033-4adf-bf71-9205e1849887.csv
1;4470;2019-04-25;parcelas_8e20e25a-0de4-4b0d-ac7d-92174ab9a2ca.csv
1;5201.49;2019-05-31;parcelas_8e21a554-b480-4ef1-9307-be9e3fd3909f.csv
1;3004.17;2019-08-30;parcelas_8e22a5bf-89af-4e7b-a859-4b96c157babd.csv
1;40039.13;2019-12-17;parcelas_8e2afefd-01f1-47ca-8ce3-d99554e17c5c.csv
1;85467.98;2019-08-30;parcelas_8e30a463-24c8-463c-9963-70f7eae9d93b.csv
1;2760.94;2019-01-02;parcelas_8e3a2a2e-8ec3-4ef3-9a11-4b7c0793c401.csv
1;67804;2019-10-31;parcelas_8e55df74-f545-4858-830d-a3a7c62a4f87.csv
1;16180.96;2018-12-31;parcelas_8e57dd89-4686-49e2-bb5b-07efdf537de8.csv
1;9015.4;2019-01-02;parcelas_8e5a1820-65c7-4cdb-b6f7-6f8ed468b244.csv
1;10043.7;2019-08-08;parcelas_8e625af6-2fb7-4c1f-94ad-affaaea247da.csv
1;42000.45;2019-06-19;parcelas_8e77a34f-93a6-43c8-922a-76c275011a6f.csv
1;2234.01;2019-05-29;parcelas_8e7b2a10-7cf1-4ad7-9db8-058956d773a2.csv
1;4913.62;2019-02-11;parcelas_8e81eb42-7590-49ac-b531-206310fe2c8d.csv
1;10000;2019-01-31;parcelas_8e86e2cf-ad62-4de4-bff4-bddcdac85626.csv
1;97129.94;2019-12-11;parcelas_8e8d5bda-0a02-490e-a2e6-f76a2241dd7c.csv
1;1500;2019-06-27;parcelas_8e927b96-4f0b-4e56-a7d1-fe4c39313eaa.csv
1;1680;2019-07-31;parcelas_8e931fde-4f32-4aac-bef8-ac5d36dc4d7a.csv
1;1291.5;2019-03-25;parcelas_8ea92e3d-502a-4c10-980d-9385793fd7bd.csv
1;371;2019-06-17;parcelas_8eaa9037-21ce-4755-a751-01e4aff7ae39.csv
1;387.53;2019-03-21;parcelas_8eac27c3-165b-4c6a-9c4c-92f9c9942278.csv
1;77.41;2019-09-02;parcelas_8eaf5e11-5883-43a1-b36c-f7e19b252819.csv
1;343.98;2019-02-19;parcelas_8eaf9515-b29f-46f1-9d68-fa43a0973398.csv
1;466.96;2019-10-21;parcelas_8eb17549-3d65-47a6-88cc-8c51cab80b7a.csv
1;849709.55;2019-04-29;parcelas_8eb341ca-0d27-4934-8a94-e978931178e5.csv
1;1280;2019-02-11;parcelas_8eb34f2c-8f82-443e-8d11-65e313d0db6a.csv
1;29000;2019-01-08;parcelas_8eb7680e-fc34-4483-9a86-e10704b95dfa.csv
1;588.9;2019-02-14;parcelas_8ebb34ac-b14e-44fd-83bb-d1571ed5d893.csv
1;38000;2019-02-05;parcelas_8ebb70d5-b86b-4990-b4ee-7699db42a1d6.csv
1;47105.9;2019-08-20;parcelas_8ebba80b-715d-46a3-ad1a-b3babd1889f5.csv
1;6719.5;2019-01-31;parcelas_8ebca9c8-9af6-4f50-9677-8213c7c6d984.csv
1;9041.49;2018-12-31;parcelas_8ecfa184-38b1-483d-b7d4-c281ca9239ab.csv
1;163.79;2019-06-27;parcelas_8ed2e9e1-cdf0-4862-bafb-7eb2fdc31c1d.csv
1;741;2019-06-04;parcelas_8ed3930e-c6e6-427e-8245-7a8b3ad42ef6.csv
1;122824.96;2019-08-05;parcelas_8ee1ce14-74bb-4c99-bd5f-e32594940b99.csv
1;48883.65;2019-05-06;parcelas_8ee62fec-4b2f-46c3-a60b-ae96f3511eea.csv
1;870;2017-12-29;parcelas_8eec32cb-aa97-417a-915b-5a2d86db8989.csv
1;11844;2019-09-10;parcelas_8eec3b7e-6d32-48aa-969d-b1597365cbb8.csv
1;102.58;2019-09-24;parcelas_8eed8980-aa2f-4c11-a3fa-006fc08e59e3.csv
1;104.13;2019-11-01;parcelas_8ef2eaf2-5798-46f9-8c22-deeda3ff7979.csv
1;123520.64;2019-05-28;parcelas_8efd0491-85f1-4c5f-8aec-21ab629aed6a.csv
1;11098.24;2019-09-26;parcelas_8efe8efe-11d1-4adb-a283-79ca92cd1919.csv
1;65154.21;2019-08-23;parcelas_8f0616c8-5ba1-4f1a-b432-c3a6da60365a.csv
1;43279.93;2019-08-30;parcelas_8f1326ab-d245-4f98-ab78-565f268860a6.csv
1;47468.15;2019-09-19;parcelas_8f14eb5d-b6de-4678-b5af-45c979f41587.csv
1;35.58;2019-08-30;parcelas_8f1516ff-446f-4d8a-9751-7730ce15e86e.csv
1;1172.6;2019-09-19;parcelas_8f18ede4-4e82-40f7-96f2-2d5a072b45f3.csv
1;3867.66;2019-04-30;parcelas_8f1e14ac-1c03-4f04-85e2-c54ba16d6510.csv
1;18462.81;2019-05-06;parcelas_8f214bb4-4df1-4cf4-9d51-c5e4b771fb9b.csv
1;998;2019-12-10;parcelas_8f22f9df-9c99-418c-b009-119680f6427c.csv
1;693;2019-06-27;parcelas_8f2602dc-e28b-4794-a306-83050aba87c1.csv
1;94386.06;2019-12-19;parcelas_8f36a7a2-a19b-4194-a53c-c4b06d62b6ab.csv
1;455.5;2019-12-03;parcelas_8f3ab8c7-f3ea-4ab6-a93f-be546e7a8d6f.csv
1;214.5;2019-11-25;parcelas_8f3ad76d-ecd6-4c15-a419-dcaef764f190.csv
1;3250.44;2019-07-31;parcelas_8f44302c-4c08-4151-944f-6ff72ea20ac1.csv
1;50;2019-03-29;parcelas_8f451b6a-3d2d-4574-8fcd-a5c7ab895ffe.csv
1;3701;2019-10-08;parcelas_8f4892f9-f50c-410a-97ca-6b8ac1b9f026.csv
1;3932761.92;2019-09-30;parcelas_8f4f814b-0d77-441f-b62b-628c9574b637.csv
1;32511.94;2019-01-18;parcelas_8f526ad2-70d3-42ab-8bcf-99221d484ad7.csv
1;3629.45;2019-12-30;parcelas_8f53473b-c82f-4756-a777-85d00ded7e18.csv
1;11438.06;2017-12-20;parcelas_8f547e68-241f-4307-8f17-d387f10eaef6.csv
1;207518.81;2019-01-03;parcelas_8f5afad8-e45a-4027-b6d6-7fb721e6b1f5.csv
1;462.5;2019-07-10;parcelas_8f648f38-4c5e-456a-8d2f-84adc51534b4.csv
1;65;2019-08-20;parcelas_8f64f05b-2dba-485d-9286-22f40ff5d655.csv
1;53151.97;2019-11-28;parcelas_8f6c44a4-e5d9-40f9-9368-6abb52449e9e.csv
1;13185.98;2019-01-31;parcelas_8f6ea730-2f77-4e69-b03b-b418ca96d57c.csv
1;51996;2019-10-11;parcelas_8f74547c-7983-489b-a0cf-a0c8ea2b3c12.csv
1;1029.8;2019-07-10;parcelas_8f7d4a02-2054-4717-82e1-72c8ad9ad308.csv
1;4946.35;2019-04-03;parcelas_8f7da410-519e-4bf3-ba87-1b9be3a06720.csv
1;30;2019-11-26;parcelas_8f7f3852-383f-4cd8-91a5-594c71065812.csv
1;42000;2019-04-17;parcelas_8f8174e7-402d-42b8-bad3-531d74e8ac7c.csv
1;4000;2019-04-30;parcelas_8f84dcef-a6f7-481e-b965-9680d92a1c36.csv
1;662.47;2019-11-21;parcelas_8f862732-9029-4f67-8473-4f4bd07f215f.csv
1;208.92;2019-06-19;parcelas_8f98f4a3-ab7b-4026-b129-d838382c8163.csv
1;112560;2019-01-07;parcelas_8f9e9258-85e0-4da0-882b-3885adbfb0f3.csv
1;423130.56;2019-05-28;parcelas_8fa23fb4-ea68-47ba-a1bf-548337adb8a2.csv
1;159.9;2019-02-25;parcelas_8fa50e49-2419-4ef0-8258-2b019b1902a9.csv
1;185.42;2019-01-29;parcelas_8fa56780-fd01-4a2d-a564-62e988db42d3.csv
1;48;2018-11-30;parcelas_8fa6b61c-c48c-4db1-a6ad-137fb78b92a0.csv
1;1669.65;2019-04-30;parcelas_8fa6e0ba-bbc2-4f6f-bb2d-f322657548f7.csv
1;163.2;2019-07-01;parcelas_8fb61a1e-eb23-480f-ac20-a5f1c5431229.csv
1;16000;2019-05-17;parcelas_8fb9c036-e626-453c-ba7a-40244b958165.csv
1;9000;2019-01-09;parcelas_8fc1ebf0-8d83-45a2-b410-001033a8659e.csv
1;1260;2019-06-03;parcelas_8fc864bd-f784-4490-95e6-40ea556d7ab1.csv
1;5627.25;2019-11-11;parcelas_8fceff47-8d82-4060-8949-893f0125c27f.csv
1;344.88;2019-12-03;parcelas_8fcf7328-583a-4783-9d55-8c8f33dd2042.csv
1;1000;2019-01-11;parcelas_8fd0d84c-e400-4295-a60c-15e730b89fab.csv
1;86.78;2019-05-10;parcelas_8fd0ebce-d033-41dd-ba6b-34fde5219b7e.csv
1;6135.63;2019-11-26;parcelas_8fd38396-bdbd-4029-9f9e-a2036ccd1624.csv
1;2693.1;2019-10-22;parcelas_8fd43454-6f8d-4047-8b81-29a798ef5b91.csv
1;130844.44;2019-07-25;parcelas_8fd86469-1846-4948-b533-5296904b2eb8.csv
1;58755.06;2019-10-30;parcelas_8fdc34ef-4b67-4019-8c7d-f43007940cc7.csv
1;4734.92;2019-02-28;parcelas_8fde6554-77aa-4d9c-8226-cbfcfc880e72.csv
1;15960.14;2019-01-31;parcelas_8fe04fa2-589c-4e73-815a-9a58192e9e95.csv
1;2462.68;2019-06-27;parcelas_8fe89337-a72a-450b-a277-a6c4c4091c13.csv
1;8760;2019-01-17;parcelas_8fefaced-2d26-4f5b-a520-a7ec4053481b.csv
1;3538.8;2019-01-02;parcelas_8ff93ebe-d260-4b75-a43d-5e14fcf8cc6f.csv
1;420.54;2019-02-28;parcelas_8ffb7212-846b-4d7e-9a5a-a911525f62f4.csv
1;21058.91;2019-04-29;parcelas_8ffd14ba-406f-4a4a-848c-3817835d1956.csv
1;368.31;2019-11-29;parcelas_9002187d-8b54-42c4-b911-1257add627b0.csv
1;7760;2019-06-03;parcelas_9003639d-818c-44c4-bdd1-d443d4583a6c.csv
1;150.77;2019-04-08;parcelas_9004dfab-c46a-4c8a-8788-2c0f23bd1322.csv
1;24359.99;2019-12-19;parcelas_9006e8f9-1d32-4caf-805a-09dbad3a722d.csv
1;14138.56;2019-10-21;parcelas_900ab26c-9324-49ef-a1c4-a9750643dc4a.csv
1;17874.16;2019-08-30;parcelas_900ecfd5-0270-4097-8253-e7419cf28187.csv
1;437606.77;2019-11-11;parcelas_900f30ba-ed00-4f84-8a50-f29c4aacf371.csv
1;17336.64;2019-10-30;parcelas_90142fd1-f86e-46ea-94c7-097c9b19e94b.csv
1;71230;2019-05-23;parcelas_901491d2-f090-4bd7-8377-aaa8fcce2dfc.csv
1;2010.84;2019-08-30;parcelas_90177fe7-f9b7-4b13-af5d-64f4ff7c7b28.csv
1;1486.74;2019-09-06;parcelas_9017ab66-b484-46dd-a436-fb3f9b2d8ad3.csv
1;1689.2;2019-01-31;parcelas_902c2f0f-bccd-4537-9389-d9153ac3e458.csv
1;77.56;2019-07-24;parcelas_902c4b55-f976-4a27-b1fe-97939b84457e.csv
1;130;2019-01-02;parcelas_903a3020-137e-4da9-ace2-691d79735036.csv
1;34920;2019-01-02;parcelas_9046c69e-8180-4a30-88bb-8667dded9d31.csv
1;145.41;2019-03-06;parcelas_904a1d99-5b5a-4a38-b4d0-7a743238c1d7.csv
1;130535.61;2019-03-25;parcelas_90571d97-ed11-412f-9b57-a92183bf2eb4.csv
1;138342.75;2019-05-28;parcelas_905dd637-f29d-47c7-a18b-c1d85ba0f70b.csv
1;552.62;2019-11-18;parcelas_9062b6c1-36fb-42a2-8a1d-a9f2c8fb908c.csv
1;147804.31;2019-12-19;parcelas_90674280-954d-4a8a-a40f-d4f14ac2a5e5.csv
1;3114;2019-07-29;parcelas_906bb506-8d33-4bb8-8bbc-93b9f5141f09.csv
1;1797.39;2019-06-06;parcelas_9078c3f9-4e6a-4ee8-a167-901a54bb18c7.csv
1;1736.5;2019-02-28;parcelas_907a4e9a-1c88-4533-ac07-ced42603ce2e.csv
1;134846.64;2019-06-27;parcelas_907bf50b-d44a-43fa-8c43-cbf24cb0d1d9.csv
1;2670;2019-01-17;parcelas_907db676-557a-4714-b6ca-653c03dd1ac1.csv
1;1818.34;2019-05-07;parcelas_907f4523-5ad8-4b48-b7e2-88a177b93ede.csv
1;3440;2019-07-24;parcelas_908385a0-ee3f-43c8-9977-69ad9eb5ff96.csv
1;162.75;2019-07-11;parcelas_9087452a-2ba1-4516-9eba-72279d4ffa69.csv
1;110324.24;2019-01-02;parcelas_908da9cb-74e7-48c9-b5f2-c9423ea5c748.csv
1;224.05;2019-01-15;parcelas_90a36e34-f419-4276-9d6d-f02203097c63.csv
1;11608.8;2019-09-02;parcelas_90aa0961-f653-4fb1-b1ca-f6ee7cd031f9.csv
1;427.4;2019-03-12;parcelas_90bd083c-74b3-4def-ae13-d6d8409170ac.csv
1;100178;2019-05-06;parcelas_90c3d519-ff1d-4e92-b86e-d68b31989fd0.csv
1;2500;2019-12-18;parcelas_90c5b086-9273-4bfe-b784-82b1dd2040ea.csv
1;1301;2019-01-25;parcelas_90c751ff-0d2e-4ca2-ac52-bd2c652744b6.csv
1;13885.05;2019-05-24;parcelas_90c7c381-bed0-40eb-b7f0-cc49f076ebfd.csv
1;256.76;2019-11-27;parcelas_90c7ef94-fee6-47a3-84c0-292c51d00f31.csv
1;896216.55;2019-02-25;parcelas_90ccb88b-2718-47a1-a7c8-54d50933d221.csv
1;16420.55;2019-03-11;parcelas_90ccc148-1c6e-42b0-b1fa-5fba237e4096.csv
1;2661.35;2019-01-31;parcelas_90d87e7f-5d7c-46b6-a733-c0c2d7957a94.csv
1;21600;2019-10-31;parcelas_90dd86c2-a73c-4091-888c-cc6ad34adeb0.csv
1;68691.68;2019-07-26;parcelas_90de997a-8c13-418d-9268-3e277369ab66.csv
1;800;2019-04-15;parcelas_90de9f59-8a7d-4efb-9928-617507d8c84a.csv
1;557600;2019-01-03;parcelas_90ebb482-7dca-480b-92b2-42efd79d2a8f.csv
1;13991.91;2019-10-29;parcelas_90eeb962-9736-473d-b2ad-6409662f2589.csv
1;17404.26;2019-03-18;parcelas_90f15eb8-353e-4c35-843d-fdb77fb41335.csv
1;27817;2019-08-15;parcelas_90f54553-fdb9-4479-a8ff-77925c507cda.csv
1;26144;2019-03-14;parcelas_90f960a9-ffc3-4ddc-8d1a-ad650c21c210.csv
1;226.5;2019-02-14;parcelas_90fc30d7-704b-4744-a5ff-2c7dc57055e8.csv
1;4532.5;2019-06-27;parcelas_91029d41-d36e-4905-b297-f75b7e770e34.csv
1;1010.99;2019-12-09;parcelas_91031bcb-513d-49ba-b460-f6779f6bfa20.csv
1;20388.95;2019-01-02;parcelas_9103cdf2-cc7c-492b-bff4-22bd6e9ce525.csv
1;1946;2018-12-28;parcelas_91085500-d5b7-4012-89e7-330e1cf5ee00.csv
1;395.5;2019-10-11;parcelas_9111d260-c818-4c0c-82e7-6104d0b1146a.csv
1;876.61;2019-03-28;parcelas_9113945a-865d-4d17-aa41-4e36d2261ac7.csv
1;7286.42;2019-10-30;parcelas_9114a06f-be7b-4eda-8380-75a51c6923db.csv
1;4320.93;2019-06-19;parcelas_9119b66f-c369-41f3-abdd-eae0779eb9c2.csv
1;48295.8;2019-10-03;parcelas_912cd990-0f29-4847-acfd-ab3768dff264.csv
1;186764.94;2019-03-28;parcelas_91310a27-0c84-4779-89fa-d441d0b6a322.csv
1;1363.58;2019-09-19;parcelas_9133065f-2167-4a10-8fee-c431662c7115.csv
1;6332.93;2018-12-28;parcelas_91416278-7e9f-4b5b-88c3-93b39b9bbf5d.csv
1;417.5;2019-08-05;parcelas_9143bd10-f8eb-4226-adf4-2ae2243528b1.csv
1;244;2019-05-16;parcelas_91460293-15d5-4608-bc22-98ef6c8514b8.csv
1;40186.6;2019-06-28;parcelas_9146a4f2-c9d0-4fbf-be0e-c27061919ca3.csv
1;1450.53;2019-07-15;parcelas_914fc91f-8087-48db-bfbb-d3a2b21a14c4.csv
1;1112.4;2019-09-02;parcelas_915ec509-d0b3-4e9e-9df1-5f17e7229ce4.csv
1;1830;2019-01-15;parcelas_915ed2f6-d8dc-412d-aa0b-dfc4ba1cd497.csv
1;2891.49;2019-03-29;parcelas_91663dc2-2216-404c-a03a-bd035f8c3c47.csv
1;2590;2019-11-25;parcelas_916cdbbb-c4ec-4a7f-adc2-d5ee73ffd2bb.csv
1;671;2019-11-18;parcelas_917119d5-da09-4724-822d-e534ca6a15af.csv
1;74851.2;2019-06-27;parcelas_918c696b-f919-4027-a4ab-66fea180ec9e.csv
1;40234.34;2019-07-31;parcelas_91998fef-d2f0-4c35-a784-7e42e4a15640.csv
1;3699.41;2019-11-25;parcelas_919d473e-995d-4ff8-b4ee-dead938bef21.csv
1;300;2019-11-11;parcelas_919e05e1-3cf5-4129-abde-54c7c7fe6905.csv
1;17251.14;2019-01-02;parcelas_91a3c88b-5f04-4ff4-9d97-cd1ddea2e311.csv
1;22025.2;2019-04-17;parcelas_91a50ac3-7722-44fd-babf-a53c9d895598.csv
1;2927.7;2019-02-14;parcelas_91a7d5c2-ceed-4b88-b540-783266d1c247.csv
1;29487.87;2019-04-29;parcelas_91ab2d6d-511c-43db-a207-c247a1382261.csv
1;142500;2019-02-28;parcelas_91abba4c-fb39-4201-a0da-f1af2693736a.csv
1;1265.55;2019-01-10;parcelas_91b0cb0c-77a3-4da6-9fe9-70f2abb5e45f.csv
1;60726.23;2019-07-26;parcelas_91ba8e29-616c-47ec-892a-c2b6a68fa7c1.csv
1;7632.14;2019-02-28;parcelas_91bb7f8c-8308-43a4-afd3-1baf3e89c3db.csv
1;11230;2019-10-21;parcelas_91bdc9fc-42b7-41a7-a8d0-33175b72bf07.csv
1;7474.6;2019-03-29;parcelas_91bf5cad-ac5f-4198-b2ea-48556389b835.csv
1;187;2019-02-08;parcelas_91bfb85e-adba-4681-b87a-b9dc60878d0e.csv
1;3600;2019-06-27;parcelas_91c939a1-b309-45d0-bc22-70ecaba8a37c.csv
1;636646.55;2019-04-04;parcelas_91d8b216-e406-4be9-a43e-f60e6e936b30.csv
1;4535;2019-01-28;parcelas_91da9743-23f3-4860-836f-534f04d3ecfa.csv
1;133.28;2019-09-12;parcelas_91dc1bed-a081-408e-84e7-a866b44e7897.csv
1;49290.74;2019-04-17;parcelas_91dd4bf6-eec9-4b08-985f-0a0190146386.csv
1;15936.19;2019-09-12;parcelas_91e3427c-f3d8-4c24-a97f-715a3ce97deb.csv
1;14.17;2019-02-21;parcelas_91efab2c-b35c-419d-864a-6965c0ebd567.csv
1;1249.52;2018-09-28;parcelas_91efd1b7-a8cb-4e63-b49a-00206a30eb40.csv
1;2217.95;2019-06-28;parcelas_91f07ab4-82ce-4e03-9322-f52494a54b36.csv
1;528.64;2019-01-31;parcelas_91fba04f-40ae-48f8-88a3-a338867a49a0.csv
1;10824;2018-12-28;parcelas_91fc84cd-d743-4084-a052-3b0f31c04da6.csv
1;318.4;2019-01-24;parcelas_9206f3ad-aa1d-4631-abb4-d832437a151e.csv
1;80680;2019-01-28;parcelas_920bd296-ee56-4222-97b9-83365ecf21eb.csv
1;715.16;2019-05-20;parcelas_921222c1-0b8c-4d53-a4ce-5d835fced440.csv
1;37.37;2019-07-12;parcelas_921732dc-d17a-422b-a6f2-1a95f1ae6dbf.csv
1;3892;2019-03-14;parcelas_921a71fc-9ca4-4371-8d1e-8916c8f9a6f5.csv
1;372;2019-02-20;parcelas_922768d3-4cf7-48da-8cb1-172d00aeb89c.csv
1;1475.99;2019-05-28;parcelas_9229bb88-288c-4fba-b116-073e782a4174.csv
1;1950;2019-10-11;parcelas_922bae5a-4fc2-4fcb-a0af-85d1247979b3.csv
1;1380;2019-09-04;parcelas_922e3581-6e68-4f66-bedc-15011b836f1b.csv
1;1191.61;2019-01-31;parcelas_923ccc9c-bd9d-4db4-85ba-b7b1e04b24d0.csv
1;2424;2019-05-02;parcelas_9240c6cf-09e2-4df9-bc61-6f8ff716d971.csv
1;12028.4;2019-07-10;parcelas_9241b1fa-fae5-4277-8ed3-3875551a63b6.csv
1;2475.64;2019-09-24;parcelas_92429475-3f3e-46e8-abee-b01476b78e1f.csv
1;104.13;2019-06-10;parcelas_924c7d6c-fadd-4173-81c1-bb6f4677a36a.csv
1;8213.55;2019-05-31;parcelas_924f9f03-2aaf-425f-9729-e3a65e1ced3b.csv
1;150;2019-05-21;parcelas_9255a29b-5a48-4a96-bc99-94d277d2e605.csv
1;637;2019-05-14;parcelas_9255bfd4-dd0f-4ef0-8e13-6fdba3dd210d.csv
1;110280.5;2019-11-28;parcelas_925943c4-e0f7-42d9-a6e5-e9ce3bb45279.csv
1;307.75;2019-03-11;parcelas_92779e8d-cced-46cc-9464-e88c29477ac7.csv
1;53750;2019-11-20;parcelas_92904c21-7652-4242-9812-6c2c3dde6455.csv
1;264.6;2019-06-28;parcelas_92a4ea77-b42c-4145-abc5-6a9e101a2889.csv
1;25.05;2019-08-01;parcelas_92a6fda7-a1de-460d-adb8-888718a6bdab.csv
1;5536.57;2019-06-27;parcelas_92a93e25-28e1-4372-ba3c-eeb5d5383ba4.csv
1;2406.01;2019-06-27;parcelas_92b92d94-ecd3-44af-a42c-d7c16cbbe8f4.csv
1;108.19;2019-11-29;parcelas_92bc3838-da8e-4e50-8471-95095aff351d.csv
1;116.32;2019-09-30;parcelas_92be31f1-679a-4bea-a857-0c179d9df316.csv
1;1282.4;2019-06-28;parcelas_92bf6a31-9fb9-4664-bd94-6fd6e153ca10.csv
1;31000;2019-01-28;parcelas_92bfd678-0e28-45bf-b3db-3aff159fddd7.csv
1;1901.67;2019-08-30;parcelas_92bfd9e7-4a3b-4ee1-a220-474fb69dd355.csv
1;286261.61;2019-06-27;parcelas_92c0566b-bed7-4894-9189-b317ad77ab6b.csv
1;428.44;2019-04-22;parcelas_92c0dde1-66ce-4894-aff6-4db389200255.csv
1;17906.96;2019-12-19;parcelas_92c7a409-a146-4f1d-9c64-e3f9e56d6663.csv
1;51.87;2019-06-28;parcelas_92cfd5e6-940c-416a-8286-50ab1c10b39f.csv
1;130;2019-02-08;parcelas_92d8ca88-238b-48f1-8aaa-4ea9fa635958.csv
1;600;2019-07-01;parcelas_92dc3ef7-3097-4f0a-853d-b7dcd4a8c22e.csv
1;227.96;2019-08-12;parcelas_92e08d35-0972-4079-ac43-49673136343e.csv
1;110;2019-05-14;parcelas_92e771e1-e05d-43e8-9f2b-8c4840e8fd91.csv
1;37799.22;2019-01-07;parcelas_92f38455-e455-4a91-86d9-f43c7dc75bc5.csv
1;512.91;2019-11-19;parcelas_92f4b70b-19ff-4c00-be88-9be2b548e2e3.csv
1;32794.8;2019-07-29;parcelas_92f66128-237a-4b91-9d8f-ff14e7c594a5.csv
1;7321.86;2018-12-28;parcelas_92f8c181-c817-459b-beea-40cf76828e92.csv
1;31000;2019-03-29;parcelas_92fba6ce-bf6e-4905-a2e0-bc392e1f33e3.csv
1;300;2019-05-14;parcelas_9312f082-fca4-4435-b59e-5f789dbd2d68.csv
1;203636.84;2019-11-28;parcelas_93156d8d-58cf-420b-8cb3-e1a3446dcb4a.csv
1;28800;2019-11-11;parcelas_9329b177-aa2a-49d6-ad13-a161a8b4af86.csv
1;2254.58;2019-07-31;parcelas_9330cd38-89b4-496f-a1f3-cd78068276c3.csv
1;17180;2019-03-12;parcelas_9332f396-c40d-462d-983e-1758c23760a7.csv
1;8780;2019-02-14;parcelas_933a03f6-aa9f-4644-855f-1ab2f5555f38.csv
1;12150;2019-07-23;parcelas_93409e6b-a4b1-4084-9f91-88df2a777b44.csv
1;264.64;2019-08-28;parcelas_93449e38-6c24-4dd9-af17-02aa7da1183f.csv
1;123506.15;2019-09-30;parcelas_9347eba9-064a-4cac-bd18-b4b8e8c254cd.csv
1;170.97;2019-04-26;parcelas_935781d0-aea0-4d10-b04b-c7f87149f0c4.csv
1;17805.19;2019-11-05;parcelas_936543e1-dfbe-48cf-88a7-eec7dde12544.csv
1;400.2;2019-11-25;parcelas_9369c3b4-c0dc-4a9e-82e4-08d014955cbb.csv
1;2009.75;2019-11-28;parcelas_936a1906-80be-4a69-a5c4-9abeb84017ad.csv
1;122824.96;2019-10-15;parcelas_936fecc2-dc75-4d4b-89d1-a49877c8b4d1.csv
1;2119.22;2019-11-29;parcelas_9372797b-e2ce-42bb-ad32-03252a1ba58b.csv
1;39347.71;2019-08-30;parcelas_9377ff61-ac08-4b77-a81b-13396a9b0ed9.csv
1;9920;2019-04-04;parcelas_937f1878-24b2-4cb8-b715-9897a0cdd15d.csv
1;28825.1;2019-04-23;parcelas_9387a06e-f1e4-460f-bc0d-cc681ebf8718.csv
1;3372.58;2019-06-03;parcelas_9391d252-31f0-4a4e-9e21-cc47c173b186.csv
1;1140;2019-11-26;parcelas_939469ef-4c9a-4d1b-b2d4-7ecf4a3ebab2.csv
1;96308.03;2019-05-28;parcelas_93955aad-fbba-4a1e-b636-8d8754aaa2d9.csv
1;6650;2019-11-28;parcelas_9396776a-44c4-4325-8330-c4aa2993caa9.csv
1;1456.76;2019-04-29;parcelas_93a27208-46c9-4621-8583-c7c7444c89d0.csv
1;607727.92;2018-12-31;parcelas_93a389ef-4d3a-4799-8404-a3570467428b.csv
1;150.59;2019-03-12;parcelas_93a4e921-7312-4ef2-9ccd-ca1c68d0f7d9.csv
1;68860.82;2018-12-31;parcelas_93a54e29-dd78-4d9d-acb4-81d853b3c474.csv
1;4377.4;2019-02-11;parcelas_93a610ff-36cc-4afe-beeb-bbfa2e374051.csv
1;2000;2019-04-29;parcelas_93b55c8a-2e50-4111-a8a9-a46a392e34cf.csv
1;39.89;2019-05-20;parcelas_93b8bc1c-7a77-4c4e-b7bc-ed700b381fca.csv
1;6765.72;2019-02-28;parcelas_93c22c73-18f6-4d2a-b010-518539f6f2cc.csv
1;257608.5;2019-06-12;parcelas_93c2b99d-862d-42d9-9177-2a0bf042d491.csv
1;4057.49;2019-02-28;parcelas_93c69180-b1d3-4779-bb51-7c1927113e8f.csv
1;110671.59;2019-02-28;parcelas_93ccb210-dcc5-4e43-99be-b6034ca9975b.csv
1;36045.68;2019-04-08;parcelas_93e2f9bc-cd5f-4cde-ab79-9cfa9dd38b7a.csv
1;1670.01;2019-06-27;parcelas_93ebf364-669b-456c-9085-b372732139b6.csv
1;2014.22;2019-06-27;parcelas_93ee423d-f479-4a48-90c5-ed752f3410d7.csv
1;264695.48;2018-08-13;parcelas_93ee823b-f2aa-4a46-b02a-0d3f8cbceccf.csv
1;9163.17;2019-05-28;parcelas_93ef39cc-2be9-4a6e-a81c-484cdf5a8a5e.csv
1;140.4;2019-09-05;parcelas_93f17b3d-d19e-4e0f-a0aa-f4bfe5d4d815.csv
1;2079.33;2019-10-30;parcelas_93f1d89f-3fe3-44e0-bc04-de6e10edf8fe.csv
1;466.2;2019-09-10;parcelas_93fa373c-fea1-4248-85c5-52ac957c989d.csv
1;18128.96;2019-09-30;parcelas_93fef7c9-48f2-4c94-a502-edc22fe875ea.csv
1;454.56;2019-04-08;parcelas_93ff6fef-3cb6-4b99-ad47-1dbce60b2392.csv
1;3803;2019-06-10;parcelas_93ffca34-b6c6-47a0-ab47-1024ec933356.csv
1;428906;2019-11-18;parcelas_9419a77c-c82c-4581-b5d8-f0b4e167280d.csv
1;476.96;2019-06-19;parcelas_9419b1bf-a420-4e3c-957a-81f82b19dc59.csv
1;1400.3;2019-10-21;parcelas_941c5ade-6350-47e1-b181-81f9b658c87d.csv
1;1312.84;2019-09-04;parcelas_941e694c-0aa5-42ca-8ee6-91c86404fb58.csv
1;7519.76;2019-04-04;parcelas_94221ca3-1f3b-4a88-ae37-066d1d4e632a.csv
1;3015;2019-12-31;parcelas_94226876-cd43-4ed9-bf90-a668e44bcf01.csv
1;200000;2019-10-31;parcelas_9429b683-a1fb-4391-9826-d8bc69ee2959.csv
1;19671.77;2019-12-11;parcelas_942eee24-70fb-4551-abee-7253c5ba069c.csv
1;85.96;2019-11-27;parcelas_9432ccfd-b6fa-49a5-84c1-219e7736ac74.csv
1;148939.2;2019-01-31;parcelas_9435a391-0924-4532-9221-058ec7e051a5.csv
1;13502.35;2019-07-30;parcelas_9448b928-8bc4-4488-bbc1-ba4972f41466.csv
1;48209.52;2019-07-11;parcelas_94513f86-862a-4343-b8bd-8541264d80d1.csv
1;35877.55;2019-04-17;parcelas_9457552a-a81d-4c6a-ae8c-0c00ab80fca8.csv
1;2780;2019-04-29;parcelas_945a2da9-72f6-41f6-911f-7e5ddf113ff9.csv
1;82200;2019-01-02;parcelas_945ee760-89fb-466a-8853-dd2417f88334.csv
1;4806.22;2019-09-17;parcelas_945ef032-0ea1-48fa-863d-0c7b193edaef.csv
1;1817;2019-09-02;parcelas_946bde36-cab7-43b3-adc4-aa5196efc3b7.csv
1;6720;2019-07-10;parcelas_946ce04f-c08a-4290-842a-6b4b9b94fab3.csv
1;1294.68;2019-02-28;parcelas_946f2901-955f-48cd-9cd9-8af441c0b459.csv
1;7928.75;2019-12-30;parcelas_9471cbfb-04ce-4e05-9200-8f1a31e6b443.csv
1;520;2019-01-28;parcelas_947f74e6-a6c8-451f-8dfa-b35ef171e5bb.csv
1;503.75;2019-01-31;parcelas_94807a74-3db3-473a-b0a1-a8c54aa0fdc7.csv
1;7396.39;2019-06-19;parcelas_94813a16-c414-499d-830b-518898566d2c.csv
1;31638.05;2019-02-14;parcelas_9484c549-70a7-4fe7-96b3-896e6ccdd3a7.csv
1;26500.14;2018-08-13;parcelas_9488e308-32df-4d34-b3e6-10ecdb280c40.csv
1;8030;2019-01-08;parcelas_94891370-c0cd-4a50-902c-f2c315cb4eda.csv
1;25858.14;2018-12-31;parcelas_9491dd69-c3fe-4462-8111-df512deb5b90.csv
1;322.43;2019-04-29;parcelas_94952d4a-ab97-4c8b-93fa-68e67dd31b63.csv
1;558.75;2019-05-29;parcelas_949a78b0-cea8-4195-b676-9a1ae15da4d0.csv
1;3021;2019-04-29;parcelas_949d1f73-0930-42b9-9052-05c476fc4d32.csv
1;107400;2019-01-02;parcelas_949fd61d-1215-4a32-b215-ba7e691406e6.csv
1;1680;2019-01-23;parcelas_94a0e93b-555b-454b-97d5-e1de61813dab.csv
1;10000;2019-02-27;parcelas_94a8ab3c-32c5-44b1-8a20-1305287e51d0.csv
1;54347.5;2019-06-19;parcelas_94a8cd3e-b91f-4806-95fe-7303a942a37c.csv
1;261582.07;2019-08-30;parcelas_94b03a72-77ff-4eb8-a0b5-76c9fa8d419d.csv
1;1000;2019-07-25;parcelas_94b1b3a6-7afd-4aee-a1bd-f28c1bf2f368.csv
1;234802.04;2019-03-01;parcelas_94b9d81f-e887-4b9c-b3bf-c9f3a9814457.csv
1;17590.08;2017-01-10;parcelas_94c6a4db-68db-42c7-9b5b-8f9b823ac553.csv
1;35541.18;2019-04-30;parcelas_94c89c89-0713-4ccb-a9df-3beb5c91b000.csv
1;335.79;2019-04-29;parcelas_94cb7a70-33ec-4032-9887-1f5e67b290b7.csv
1;350000;2019-08-05;parcelas_94d1c0b8-80a5-4dd6-ad0b-59e3d91032f2.csv
1;19249.63;2017-08-08;parcelas_94dded62-3cfb-4e56-ad06-fe4345da8484.csv
1;14082.07;2019-07-17;parcelas_94e46b92-ab82-4b61-b44b-3d59755be472.csv
1;188.37;2019-04-11;parcelas_94ed98bc-bbb6-473c-a9ac-9510cf7e18fb.csv
1;26859.95;2019-03-29;parcelas_94f4c1cd-9ca9-4fea-a626-5655dc91be7a.csv
1;98.66;2019-12-30;parcelas_94f639e5-c9cc-4a5e-8071-e8208e0ea0c8.csv
1;137.2;2019-03-20;parcelas_94f6a787-89a7-4d2e-93b0-e40fc69039bd.csv
1;18892.42;2019-12-05;parcelas_95112376-1300-4c36-bbc6-b57087bce2ae.csv
1;114.8;2019-03-29;parcelas_9516b9e0-6d5e-42c6-85fd-00b7ea8096f7.csv
1;157;2019-03-06;parcelas_9518a6ee-ac7a-4a45-aefd-c3a74e81597a.csv
1;7742.5;2019-02-04;parcelas_951b5d13-dacd-447c-9325-1f3928b914db.csv
1;14148;2019-11-14;parcelas_951eeb66-bbe6-4749-a96f-633d8418bc3e.csv
1;16821.6;2019-02-28;parcelas_952126b5-409f-46d0-bf35-ca943aebf54f.csv
1;170.97;2019-08-08;parcelas_95252c01-9745-47f3-afb0-9520ad8b5560.csv
1;170.97;2019-11-04;parcelas_9527bf57-5850-43d6-841d-ed9a232831e5.csv
1;370.8;2019-02-14;parcelas_952bd593-a641-4f13-a8d1-5e6e460e63af.csv
1;3802.01;2019-02-19;parcelas_952d2935-b8be-48b3-9ec0-449b6e6798af.csv
1;22928.03;2019-06-27;parcelas_95352b6c-a74f-40bb-929a-ef3dc794cc61.csv
1;348.82;2019-10-14;parcelas_953dd85c-97f3-4ffd-ae55-ee86f3c8f037.csv
1;14472;2019-08-14;parcelas_9543c9d9-a29b-40d4-bd27-0284c9e79506.csv
1;744;2019-06-18;parcelas_954ebb8d-c439-498c-ac1d-40bd9d56d4cb.csv
1;1691.18;2019-06-27;parcelas_9550557e-a2cb-482a-bece-64aa62e0e017.csv
1;5930;2019-02-18;parcelas_9554768d-27ce-4cf1-b4c4-c42417f94200.csv
1;2955.93;2019-09-30;parcelas_9556fc45-bd79-4d21-a49f-fae5c8ea305e.csv
1;110585.9;2019-08-06;parcelas_9560b072-7961-47b0-bec6-69798d751898.csv
1;11431.39;2017-12-20;parcelas_956ea40b-c6e5-4ff1-ba56-3ce32e5f0127.csv
1;2194.02;2019-02-20;parcelas_956fd863-99fe-43ca-8978-56f486e70da4.csv
1;323.4;2019-09-17;parcelas_956fd8c6-a65f-414b-94f5-f9fe600abc7a.csv
1;929.06;2019-06-27;parcelas_9573da89-f194-4c9e-a981-f19a4707c955.csv
1;3624.7;2019-06-26;parcelas_9574f052-7f7b-4773-b115-726d8f843703.csv
1;42000;2019-06-27;parcelas_957616ad-848d-4e72-941c-93c0d4c7e7c1.csv
1;130;2019-05-31;parcelas_957760e6-ecfa-47b8-8e2f-3ebb9d01dfba.csv
1;9645.3;2019-03-14;parcelas_957b92c5-6554-4f19-bdc3-8991367843f3.csv
1;535.71;2019-08-20;parcelas_95899bd2-7b5d-423d-aa30-522a6edec9f7.csv
1;360;2019-11-27;parcelas_95920afe-9a21-49b7-a4dd-e3c386e4a628.csv
1;510;2019-07-24;parcelas_9592ed76-9b1f-4cac-921f-cfa650533927.csv
1;47990;2019-05-31;parcelas_9593733d-1af5-49ee-b07f-46f2e13d4bd5.csv
1;1;2019-01-15;parcelas_95944742-45c4-4aa9-b5b5-caf6c8955223.csv
1;65;2019-04-02;parcelas_95949453-feb7-44f6-9241-0c63ca66d9ac.csv
1;4000;2019-06-28;parcelas_95a673f7-594c-4e5e-9a21-4a5db44990a1.csv
1;3607.99;2019-04-30;parcelas_95a90ec3-8100-47d4-a006-ca6fe5ef84b7.csv
1;1920;2019-03-12;parcelas_95ad4dde-79b1-4aa9-99df-3cf1d4904ba3.csv
1;10752.08;2017-11-20;parcelas_95ae3aa5-7dfb-4e6f-ac01-bf33c55464de.csv
1;785767.98;2019-01-24;parcelas_95b7906c-9ce6-4e9c-a5fc-8c779e5067fa.csv
1;4092.02;2019-06-27;parcelas_95b7e677-c8b7-4a7e-bede-920d1b4f21fb.csv
1;253000;2019-04-23;parcelas_95bdddb3-5db4-4208-8515-3175b257c791.csv
1;1858.23;2019-05-07;parcelas_95be05a9-44a1-4d14-b7de-6f267aba89bf.csv
1;720;2019-06-07;parcelas_95c094a9-5618-4dc1-a7ed-e72de3b8d49f.csv
1;14090;2019-06-18;parcelas_95c0e878-14e9-4684-b786-8d43faa1918f.csv
1;430;2019-08-19;parcelas_95c61c99-e998-4cd4-bfa3-a93dd6070c8d.csv
1;2160;2019-09-16;parcelas_95c77c77-0ad9-4697-a687-f3c2ef075870.csv
1;285;2019-07-09;parcelas_95cad2a2-3ae4-4f6c-bf05-dbd290bb2399.csv
1;6550.97;2019-01-03;parcelas_95cf3989-4cfc-41d2-8a5d-5c05eacfebfc.csv
1;1103.2;2019-11-26;parcelas_95d2c217-d473-43fe-b052-dcc6f448c176.csv
1;266.5;2019-05-27;parcelas_95d35502-4a9a-4593-9559-705fc596e416.csv
1;25650;2019-11-28;parcelas_95d6e50a-fdb6-4dab-b6c7-586dfc8a8606.csv
1;341.94;2019-09-23;parcelas_95dc202c-e142-478e-9d76-896cdbc394ac.csv
1;8772.29;2019-08-30;parcelas_95df730c-56b9-4969-9381-256b30b00fe4.csv
1;16892.55;2019-09-20;parcelas_95ecc31d-8c2e-483e-80c8-bfc9b371dc68.csv
1;43.94;2018-12-28;parcelas_95eee2e4-9a9f-49eb-9501-d2e4599db7cb.csv
1;247378.27;2019-12-19;parcelas_95ef3e3d-7147-42f1-ba41-a09fe97ebfc7.csv
1;127066.2;2019-06-05;parcelas_95f02ddc-1204-43b5-bf60-aa441f188b62.csv
1;79.79;2019-04-29;parcelas_95f10e43-bc40-4aa7-abeb-a3f803a406c9.csv
1;104.13;2019-05-24;parcelas_95f1ad78-6d44-48ba-82d5-9fcb2eff2389.csv
1;50.89;2019-05-03;parcelas_95f3946a-04b5-45e1-b714-0afc98a632fe.csv
1;2500000;2019-08-27;parcelas_95fe7aba-a87a-4895-a47e-5f9ae8ed548a.csv
1;590505.61;2019-09-30;parcelas_9604c22a-78fd-4ec9-8cdc-7f0e2df7cc1f.csv
1;56.04;2019-04-22;parcelas_9607905d-2719-4559-92f4-215c19e31237.csv
1;617.76;2019-04-17;parcelas_96092bef-b2aa-4ca0-a36c-18a1e4ead062.csv
1;1868.9;2018-12-31;parcelas_960a1fa8-35a7-410f-af08-7844f850a056.csv
1;298541.33;2019-12-19;parcelas_960aa974-30f5-4efa-a82b-db2892bbb8e6.csv
1;130000;2019-01-02;parcelas_960b11e1-7ff7-4fea-9beb-a3340979cd63.csv
1;66.67;2019-11-12;parcelas_960c4bb7-0f4b-446f-9937-851344376239.csv
1;60000;2019-01-24;parcelas_960f0f00-12d7-44d9-b23e-1f98c24218f7.csv
1;2156.97;2019-08-12;parcelas_9610198d-2a30-400c-948e-9b6f6cfe38d4.csv
1;106.4;2019-09-05;parcelas_96102bc0-a676-408a-b456-fbbc19edace0.csv
1;35693.77;2019-07-31;parcelas_961574e8-8dfd-4967-9c22-a33a2c3e5d55.csv
1;1016.24;2019-02-14;parcelas_96197151-aeaf-473a-946e-8fc11f297a12.csv
1;88821.88;2019-04-09;parcelas_96198f4c-7fa9-4702-9af6-7cc335345f45.csv
1;472.7;2019-04-02;parcelas_9619bd4e-e132-4c82-82d5-dc65d8c9c14d.csv
1;45880;2019-08-01;parcelas_961d67f5-b723-4373-b234-3db4efb77150.csv
1;5469.65;2019-04-04;parcelas_9635f50f-d592-4155-a887-668de7da6af5.csv
1;981.28;2019-05-28;parcelas_964d0f39-c226-41e8-b003-bd472f8ea2f8.csv
1;23012.49;2019-08-30;parcelas_9651b4b2-fbd4-40c4-bdc9-2c8b73a65fc5.csv
1;140897.11;2019-04-30;parcelas_9659dbbc-96c1-4889-8ad7-0ccd0f44f293.csv
1;320;2019-09-17;parcelas_965d090b-a032-4236-9afe-6e962fc0fd9d.csv
1;1020.63;2019-02-20;parcelas_965e6e6c-7a3d-4f4f-bb9f-8f56a3bfb7f2.csv
1;170.97;2019-03-22;parcelas_9663aede-599b-4c09-a837-fc29569f7b09.csv
1;34360;2019-09-30;parcelas_96687d64-bf7c-40ba-b56a-ded0a66ded8b.csv
1;273.52;2019-06-11;parcelas_966a886b-aa48-47c4-a3f8-955322bca0ff.csv
1;2500;2019-07-23;parcelas_96709c4e-ffaa-4ef1-80d6-b06ad49cf9be.csv
1;500;2019-01-31;parcelas_9670bc8e-7833-40db-8cae-379867d5cc33.csv
1;4889.66;2019-02-21;parcelas_9672ebcb-1e99-428a-9c41-318829ccbead.csv
1;736.31;2019-07-11;parcelas_9679879e-30c5-495e-82bd-8d81a3d3e12e.csv
1;1568.25;2019-07-09;parcelas_968721e1-6732-4c78-8f6c-e703dc0dc3b4.csv
1;1761.5;2019-02-01;parcelas_9688bde2-e6bd-4dd4-be7d-08eecb37d3ed.csv
1;1293.9;2019-03-22;parcelas_968e28ed-9e77-4b0e-8586-5ec60329bcc0.csv
1;800;2019-01-23;parcelas_96919f5f-b576-4ba9-951a-ec16fcf9ddaf.csv
1;295147.74;2019-01-02;parcelas_9691a8ed-1c89-4ce2-9d6b-a47f0aa32986.csv
1;439;2019-05-02;parcelas_9695a7b4-ae35-499c-9a1a-1294e7a5abd9.csv
1;3780.8;2019-02-21;parcelas_96967250-9ce9-461e-8557-1935d386dc3d.csv
1;9481.81;2019-02-28;parcelas_969c867c-bbf3-4423-855f-55e0dd5d11ff.csv
1;494.4;2019-12-30;parcelas_969ec58d-afc9-4545-adab-153048337518.csv
1;1720;2019-02-13;parcelas_96a18ebb-b735-45b8-b9b0-a53e8b0132b0.csv
1;991.63;2019-10-17;parcelas_96acd138-855b-4bbb-a0e3-5442a6b70ff3.csv
1;998;2019-02-28;parcelas_96b8c72d-2a80-4cdc-bc9a-0ebe24a539db.csv
1;630;2019-11-05;parcelas_96bab6c8-10af-4edc-9b1c-054181eac707.csv
1;8511.4;2019-10-15;parcelas_96bf15ba-4ef4-4e82-8a26-7d8bd8cb34eb.csv
1;7320;2019-06-27;parcelas_96c1c2ea-0372-491c-86ed-bca3941e68a6.csv
1;2722.05;2019-04-16;parcelas_96c2a0d2-30a6-4b96-9b28-9299d38fff70.csv
1;17578.5;2019-08-23;parcelas_96c56681-5741-4bc0-94dd-c0ea1bb1be72.csv
1;2037000;2019-01-02;parcelas_96cad077-6450-4287-950d-f467d0acb438.csv
1;7195.98;2019-02-15;parcelas_96cf8dd0-9f0a-4771-adf4-949f08be226b.csv
1;296329.14;2019-01-02;parcelas_96d08e9c-2130-444e-8b33-05f131ed6c2e.csv
1;187.14;2019-08-30;parcelas_96d0ea55-3054-4cee-a44f-e259352ff7bb.csv
1;813951.84;2019-05-28;parcelas_96d2aedf-a7a9-4f8c-86f7-62a58ffc13e6.csv
1;851;2019-04-09;parcelas_96d5dcb0-cfff-4600-b14e-f3d6695f773f.csv
1;321300;2019-09-13;parcelas_96d62814-5cca-40fd-8a53-92d8ede781e3.csv
1;80000;2019-11-06;parcelas_96d667b5-de4b-490d-bedf-eae10af4f2a1.csv
1;4411.01;2019-04-30;parcelas_96dbb50e-2e7b-4923-958b-7b9876b1cd4e.csv
1;3670;2019-10-11;parcelas_96df7d93-b734-4daf-b1ab-ef259be52e26.csv
1;13810;2019-10-21;parcelas_96e0cf21-36bb-477d-8761-f29c7ab7af1e.csv
1;142000;2019-04-23;parcelas_96e33668-4e86-4ddd-b965-e8fc29676fcd.csv
1;50750;2019-10-04;parcelas_96e435b2-a86f-445d-8258-fc0ec120ec8f.csv
1;56400;2019-02-07;parcelas_96ebbfb4-a7ce-4e30-a3e1-bd7f56cee1cc.csv
1;44491.92;2019-07-11;parcelas_96f0a79c-ca76-40c0-8c69-b990298b9070.csv
1;370.78;2019-03-12;parcelas_96f0da7e-1b8d-43d8-a5a3-a9be96d3a259.csv
1;2383.06;2019-03-29;parcelas_96f2d77e-8c59-4097-8223-b11a4683ef8b.csv
1;4665.75;2019-06-04;parcelas_96f59420-e594-447b-aea0-29b48758fb96.csv
1;10192.55;2019-09-30;parcelas_96f8a544-8d4d-489e-a643-edc4a778f51d.csv
1;400.11;2019-03-15;parcelas_96fe1784-8e81-45e4-bb74-bc2f77527d7d.csv
1;6083.64;2019-04-17;parcelas_96ffd31b-802d-4b33-9ec2-969095b79ade.csv
1;2430325.22;2019-01-28;parcelas_97017cf9-d39b-47f7-9919-0322a8af038d.csv
1;4000;2019-05-29;parcelas_970d8730-e8c8-411e-baa7-8c3450f89bad.csv
1;8659.37;2019-03-29;parcelas_9710b8c5-d826-44d3-ad66-fec98014d0ef.csv
1;20285.5;2019-08-27;parcelas_971378b3-942b-4c8f-ba7c-541bbd59de32.csv
1;1400;2019-10-30;parcelas_97162656-aab8-49d4-b3cc-12b5d7ba0e94.csv
1;6387.5;2019-09-30;parcelas_97163a92-3ba9-4bb0-b8aa-16f5156b35f3.csv
1;1992883.29;2019-06-27;parcelas_971dce56-0fcd-43d6-b18e-4258ce6c8c60.csv
1;10208.93;2019-06-27;parcelas_971f44af-1aee-43fe-8941-651149abca46.csv
1;502.52;2019-02-28;parcelas_971f8219-1a03-4d54-98b0-6b01346fad12.csv
1;396.23;2019-02-11;parcelas_972317c6-9238-4bec-a6da-d3893c118dd6.csv
1;1321;2019-07-12;parcelas_9724b568-3da4-4307-9388-e669ffd24b82.csv
1;950.72;2019-06-27;parcelas_972529af-a5c9-4bb2-b393-029f036a96d7.csv
1;950.72;2019-09-30;parcelas_972c02aa-c88c-4bef-8cb5-73aa511f4034.csv
1;479.09;2019-05-28;parcelas_972c69a1-8a43-4057-bf23-b117d72c1ef3.csv
1;170.97;2019-08-12;parcelas_972d879f-507d-4992-8074-203a8b335265.csv
1;22178.94;2019-04-30;parcelas_97307336-48ae-4e27-a725-af68e7402c2d.csv
1;130628.4;2019-05-28;parcelas_9734cbb9-9e72-4a56-a4dc-5567428bbaf7.csv
1;13490;2019-09-25;parcelas_973663a1-3495-4e20-9a99-d873ffb815f7.csv
1;1238;2019-12-05;parcelas_97480f9d-5219-41e0-8f3f-8ff44af842f3.csv
1;2177.39;2019-06-28;parcelas_97491fe7-18a4-4113-90db-c39c1f417df1.csv
1;27170;2019-05-14;parcelas_975234b8-6d63-4e5b-a0db-9d8e31d78df3.csv
1;2370;2019-10-24;parcelas_9759412b-1561-4725-8a87-1274e5a01716.csv
1;1901.46;2019-06-19;parcelas_9765e974-9917-49f9-bc45-b12d61eec1ec.csv
1;81440.29;2019-09-04;parcelas_977f985a-7cf3-41a4-9c4d-dcd77b092d5d.csv
1;1025.1;2019-02-11;parcelas_978049dd-4d6b-4883-be24-4a0391d3d94d.csv
1;6340.71;2019-10-29;parcelas_97878f17-0667-44db-9ff5-754f637df1a6.csv
1;544.72;2018-12-31;parcelas_978cdb26-a049-41aa-a017-c054d677643a.csv
1;2044.81;2019-12-19;parcelas_9794baa6-bbc1-44bc-97a9-93b556df965c.csv
1;96.45;2019-02-11;parcelas_97973e8d-6456-4c03-8c42-4e4dd5a3270f.csv
1;27031.83;2019-07-29;parcelas_9797c173-143e-4a3e-b5ec-1737068aeca4.csv
1;17759.72;2019-12-03;parcelas_97a07bc6-10db-4569-9f75-94ef2f5d09f3.csv
1;2360.16;2019-03-22;parcelas_97a638f9-679f-4ed4-a464-6b95fe28dfaa.csv
1;192771.24;2019-11-14;parcelas_97aef4c2-bd49-46db-ab05-07ca3f6d0b42.csv
1;10389.74;2019-01-15;parcelas_97b1ad59-020b-4ae2-bdaf-85ad48fc9733.csv
1;77281.98;2019-08-02;parcelas_97b1fee2-ea42-4e8c-b2af-49dd52d366e9.csv
1;6071.94;2019-06-27;parcelas_97bb6980-c480-489a-9fc7-13acdf123a80.csv
1;398.54;2019-08-01;parcelas_97c20d52-7735-4ee5-a078-7ea0a19534b5.csv
1;7074.15;2019-06-25;parcelas_97d2a5ce-d20a-4e2f-b011-2b3ec230a5dd.csv
1;1080.99;2019-08-30;parcelas_97e2484e-0d7d-4b50-98f6-00df66035485.csv
1;48349.88;2019-02-28;parcelas_97f004cb-ab9b-4550-a67c-e77d945b9f8a.csv
1;9633;2019-02-21;parcelas_97f0a381-8c3c-4eaf-9af6-d6b3d4186884.csv
1;805104.48;2019-02-22;parcelas_97f75391-8a94-49d3-828f-eec8df28ba57.csv
1;11685.92;2019-02-01;parcelas_97f853be-7ce4-418c-bee9-06d9b397bd96.csv
1;4590;2019-02-18;parcelas_97fc53b1-d917-4c77-8215-b72540d05f80.csv
1;19751.79;2019-04-30;parcelas_98034541-df2e-4419-9988-b21da4ee0504.csv
1;321.67;2019-07-02;parcelas_980ab647-c065-4cb0-93a1-80b141d4108b.csv
1;1542.85;2019-02-28;parcelas_980ccf1a-cf81-46fe-a39d-428461ccf5b6.csv
1;24644.94;2019-01-31;parcelas_980f451d-0818-4615-ad1d-1bbc04d19f77.csv
1;85.96;2019-03-25;parcelas_980f77a8-2f70-4374-9859-724a33b8a07b.csv
1;31054.57;2019-10-04;parcelas_9810cf12-8086-4e40-a588-144bb9d4cffa.csv
1;716.94;2019-11-26;parcelas_9813eff6-55d1-49ae-874a-630900fb2ee8.csv
1;151.5;2019-07-29;parcelas_98144891-e884-42cf-b22b-17252ad3087c.csv
1;60.96;2019-08-20;parcelas_98151894-e7d2-4305-9740-48efc58fb663.csv
1;67200;2019-01-02;parcelas_98177eed-2d77-4852-8894-c7a6c4b75c37.csv
1;44823.8;2019-08-30;parcelas_98207dd8-d072-4cfe-b3c6-5a8b13ff110a.csv
1;239.16;2019-07-15;parcelas_982446b3-8ac5-408e-bac8-b59a3cebb3b4.csv
1;212.91;2018-12-21;parcelas_9825e376-b8cd-452a-8374-dd16e1f25efd.csv
1;976;2019-01-10;parcelas_98265030-5849-4876-86d8-76bfd41deac8.csv
1;869.28;2019-06-04;parcelas_9827af77-ed07-4b16-94d9-c70fd34b2eab.csv
1;13300;2019-01-02;parcelas_9830c2f5-325d-43d8-89c7-274731ac72a7.csv
1;227.85;2019-04-03;parcelas_98334c7d-c6a7-43d1-87e3-cfb58fc225db.csv
1;1113.72;2019-12-11;parcelas_9835bebc-2675-4553-b992-ce5b6b7e87da.csv
1;31167.75;2019-12-20;parcelas_9836a0cc-639d-476a-a307-01ec67b02d9c.csv
1;229373.15;2019-03-29;parcelas_9836bcca-977f-4cf4-a664-fdd8396ece18.csv
1;146.65;2019-09-06;parcelas_98415933-6662-4326-9f3d-d6022fd673ca.csv
1;819.25;2019-10-07;parcelas_98422c63-f050-40cb-ae25-98a2cd2e708c.csv
1;35455.29;2019-12-19;parcelas_98423176-9400-499c-ade2-f31be40fff37.csv
1;11854.47;2019-01-25;parcelas_9846b197-a940-44e4-91a5-b5383e1ec987.csv
1;248693.09;2019-07-30;parcelas_98496121-f452-4fdf-b413-406581cb4e3f.csv
1;130;2019-06-27;parcelas_9849cb5a-8788-4da4-8490-79c03b34c251.csv
1;146.64;2019-09-12;parcelas_984bef09-0745-4367-8f5d-cc282ba74710.csv
1;43634.38;2019-11-25;parcelas_9851eef8-0ba4-4fd3-99a4-de919d02d8c2.csv
1;3540;2019-08-21;parcelas_98551075-886e-41f5-930a-6b5e80ea745e.csv
1;1791.21;2019-03-28;parcelas_985bcedd-72c2-4427-aacf-d23fcc3a1a83.csv
1;40256.57;2019-11-29;parcelas_985c72c0-27ec-4399-bb22-f69f1c015ddf.csv
1;2005.12;2019-07-05;parcelas_98659eaa-d283-4572-82a3-add53500e804.csv
1;474.89;2019-03-25;parcelas_98676b52-24dc-4af5-926a-18d7e579866e.csv
1;170000;2019-01-31;parcelas_98692249-e9a9-4754-9b38-ad619598e8a9.csv
1;2175.57;2018-12-31;parcelas_986c5df9-4bea-466c-a75b-7e8e1add2fec.csv
1;235133.39;2019-03-29;parcelas_986ecd50-0abd-4581-883b-2fdcbfc0acb9.csv
1;96.24;2019-03-18;parcelas_9885539a-43e4-46bb-b364-2dfd6435197f.csv
1;8744.56;2019-01-02;parcelas_98859e0a-7533-4305-885f-3b8ded84fde5.csv
1;111.86;2019-11-06;parcelas_98869204-2c73-49d6-8633-863289b3bf6c.csv
1;2057.99;2019-10-31;parcelas_988b9e80-dec7-41af-9993-f5c075ecccf2.csv
1;104.13;2019-05-30;parcelas_9893d2d0-034d-4194-9b72-9f09974c2df6.csv
1;3331.53;2019-01-25;parcelas_9895c620-2584-4ad1-aa87-1827e93179f0.csv
1;28349.33;2019-12-11;parcelas_98a461fe-3bdf-4a2b-96e1-7c54d7ed6a0a.csv
1;69354;2019-12-05;parcelas_98a65a7b-d69a-4a26-99ab-79df849e0e21.csv
1;66.58;2019-06-28;parcelas_98b6d849-b714-4166-8b7c-92c797573720.csv
1;2049;2019-09-02;parcelas_98bbd7cc-2ec3-4184-8679-d8a9599421a6.csv
1;1472.26;2019-10-08;parcelas_98be0011-f213-475b-a7af-35d03daab849.csv
1;962.95;2019-04-08;parcelas_98c52258-6633-47ad-86b6-b9b5f1aa961b.csv
1;195.01;2019-07-30;parcelas_98d1c386-1d16-4d57-9ff0-9979ff475199.csv
1;2011.2;2019-02-26;parcelas_98d44dec-3fb0-4ebf-8c14-b9e21f478ee9.csv
1;250000;2019-01-02;parcelas_98d5b725-77ba-4669-93ea-2c01736e4711.csv
1;29415;2019-09-24;parcelas_98d65f60-af34-4141-835c-c3c3165b26bc.csv
1;766.5;2019-08-12;parcelas_98de1dda-6d9c-4129-b1c6-ec7c81a96504.csv
1;100208.92;2019-06-27;parcelas_98e4227e-556c-477a-a8d9-3a9db109a925.csv
1;18891.8;2019-06-24;parcelas_98e7f9af-13e2-49b0-9ba5-cd558527f178.csv
1;1000;2019-08-07;parcelas_98e93075-0700-4079-84cc-5924921e763f.csv
1;29180.79;2019-03-25;parcelas_98eb6d10-9798-4381-9f2f-06aa4e8cada2.csv
1;3563.15;2019-11-25;parcelas_98f2ddee-f2bb-48a4-98c3-9a36a9515e53.csv
1;11093.17;2019-01-07;parcelas_98f43e05-aad0-4490-8454-2d4b67a4c10c.csv
1;69.53;2019-09-23;parcelas_98f45eb1-00ea-4e53-9860-59505ba02ef2.csv
1;24595.64;2019-04-08;parcelas_98f50949-fde7-473e-a66c-77b990c21f78.csv
1;7913.29;2019-06-27;parcelas_98fdb55e-fdd9-475e-8706-9767fb2ce249.csv
1;1400;2019-06-27;parcelas_99123eac-45e8-4ba9-bb11-b55821052c3d.csv
1;12056.42;2019-08-27;parcelas_9914308d-6797-4a92-bbde-da4647f41082.csv
1;40000;2019-01-31;parcelas_99174089-c207-4dbb-9f26-faaa8d127650.csv
1;79113.12;2019-04-09;parcelas_9917a3d2-77af-438c-9377-1588d19c2880.csv
1;977.5;2019-04-15;parcelas_991ba19f-70da-457d-a93f-93561cb79d2f.csv
1;399.39;2019-02-04;parcelas_991c954a-467b-45b9-b959-38d6c1a6238a.csv
1;6148.22;2019-06-27;parcelas_9920ce53-4a6b-4bb6-88a1-b89b6f612a04.csv
1;28688.35;2019-05-29;parcelas_992608e2-7ada-4226-8424-ac8e9f3ccd16.csv
1;4066;2019-11-19;parcelas_99395c4b-6e28-4ac8-8cb4-45c075f0e90e.csv
1;24000;2019-11-14;parcelas_993c9f15-1796-42e1-83d7-5e9e6a7a46e8.csv
1;4134.97;2019-01-17;parcelas_99469ebb-e917-4fcb-80a7-375833003b0b.csv
1;3900;2019-06-03;parcelas_994efd50-72c2-41f6-9c9b-2becc23c86bd.csv
1;69.91;2019-05-27;parcelas_9957547c-fe14-4781-ab27-755999c09209.csv
1;2000;2019-03-29;parcelas_995a2756-1981-491c-9961-b5b304a92139.csv
1;2669;2019-04-17;parcelas_9962f101-5368-44fd-8337-0abede3afdb4.csv
1;25000;2019-05-17;parcelas_996b8e97-47d1-46c3-8a3b-a9be6c905af6.csv
1;6504.36;2019-03-29;parcelas_996c10ab-8fed-421c-866a-54108df91876.csv
1;134.05;2019-09-12;parcelas_997261dc-1bb3-4dca-96c2-0fba5af76862.csv
1;1210219.42;2019-07-31;parcelas_99791f5f-1aec-49ef-93c6-5a9cfa5a067b.csv
1;31749.9;2019-01-02;parcelas_997b2b7f-0ab3-4f4d-bc79-1fd4557607a3.csv
1;41400.09;2019-02-28;parcelas_9984cd61-aa9a-48b6-a46d-5b0588fca830.csv
1;466178;2019-06-28;parcelas_9986b37f-e5bf-4bf8-8984-3ed4093643f4.csv
1;11900;2019-10-30;parcelas_99914d9d-9c65-4009-9284-b4e163e1cbb3.csv
1;79.79;2019-10-18;parcelas_9995e810-15a0-47aa-baf8-9550828de854.csv
1;4196.56;2018-12-28;parcelas_9997c125-1ac2-4f91-9371-d7390ed2b22c.csv
1;1051.88;2019-05-31;parcelas_999f527d-67a5-4bf6-8a3a-65363527ab10.csv
1;211699.77;2019-11-28;parcelas_99a04779-9575-4ee9-9c68-565cd92f228a.csv
1;6731.67;2019-10-30;parcelas_99a49c9f-2c21-4235-97c1-1d61b79ec7b6.csv
1;7014.07;2019-11-29;parcelas_99a9c655-f50d-479d-a2ed-0940edf8e901.csv
1;124.84;2019-09-30;parcelas_99b56b7c-054d-4486-898e-27431c89ddbc.csv
1;1942.5;2019-07-31;parcelas_99b990dc-ed24-4028-9c30-856231ce9bf1.csv
1;31811.1;2019-08-30;parcelas_99c4f377-808c-4d7b-8c43-d47164f44501.csv
1;33868.93;2019-09-19;parcelas_99c607e1-450d-4155-b557-38b8f3e30706.csv
1;468.78;2019-05-22;parcelas_99c8e568-6c22-487f-b62d-3e499f988175.csv
1;85035;2019-12-05;parcelas_99d0e5f1-0036-4f8d-a182-cdeb4bc28dc9.csv
1;5099.44;2019-09-04;parcelas_99d3113e-3ef0-4b86-ab72-936896ed325c.csv
1;55.65;2019-04-17;parcelas_99d7ca7e-41b2-4ef1-ac4f-d77cfb189e66.csv
1;3086.29;2019-09-30;parcelas_99d88854-9c68-497e-894f-ea18a5800f28.csv
1;151.85;2019-02-28;parcelas_99df0a87-f246-49cf-8f09-23e3cd71769e.csv
1;4225.22;2019-05-21;parcelas_99f38752-86a0-46a9-b2de-620ab7145001.csv
1;200000;2019-10-01;parcelas_99f3ccfb-c4cb-4713-a0e5-293b5f655d5a.csv
1;14956.2;2019-05-22;parcelas_99f48f6a-b9e5-45e5-9414-af61c5db7738.csv
1;10478.4;2019-05-15;parcelas_99f4bb96-025d-4299-a7fa-c1db8e4cff2e.csv
1;172095.96;2019-03-29;parcelas_99f74a01-0a11-4907-aeb3-1576063bb915.csv
1;120150;2019-08-30;parcelas_99fd0bff-642d-4170-84a7-7e5f0ae7b8dd.csv
1;364;2019-04-11;parcelas_9a02e826-b7db-4f27-86e0-f99926cb6ea9.csv
1;4000;2019-03-15;parcelas_9a1a92eb-6c66-4f19-a8d5-941d74c58bff.csv
1;80133.55;2019-02-26;parcelas_9a1b4723-6022-4f58-8cbe-bec0071c1b0a.csv
1;18180.12;2019-09-17;parcelas_9a2813be-56b8-407c-9716-22a1eabb7263.csv
1;286454.79;2019-07-31;parcelas_9a3ad57c-9636-40d3-b47f-eb090fa4c852.csv
1;138.4;2019-07-24;parcelas_9a3b43ea-43d5-4d40-84ac-3991bcc502ca.csv
1;23883.8;2019-02-05;parcelas_9a3dacb0-8b5f-424c-b766-141078dd0689.csv
1;710.1;2019-11-18;parcelas_9a4fff0c-0502-43a1-8c67-8ff82086196c.csv
1;23000;2019-04-30;parcelas_9a515c67-230c-4f37-8587-58b7d5cfe700.csv
1;794.91;2018-12-31;parcelas_9a7192ce-df93-4f0b-a8ae-13c436f35bcc.csv
1;3780;2019-08-19;parcelas_9a7388b5-a6ad-47b2-9490-eda0ff6dbb88.csv
1;36.73;2019-09-27;parcelas_9a74e0d0-e365-4cc9-ac34-e11569d95847.csv
1;5560;2019-07-31;parcelas_9a75ecd9-8aa4-4177-bbcc-b51fa1414021.csv
1;1536.48;2019-03-18;parcelas_9a7cc4ac-b96e-497b-a19c-746fa9bb6f7c.csv
1;1233432.89;2019-02-25;parcelas_9a7d36f9-120d-41ad-8a48-8c3a658b67f1.csv
1;2336.33;2019-04-30;parcelas_9a8483da-e1f1-4bf0-b91e-228b8e3bbf29.csv
1;122824.96;2019-07-25;parcelas_9a867216-258c-4b49-a2ea-51549a287727.csv
1;419.67;2019-04-15;parcelas_9a8912bb-4bd8-446f-9126-121c88f749d8.csv
1;13779;2019-10-08;parcelas_9a936218-1a4f-45ca-adab-a47eae4bb5b7.csv
1;163.2;2019-02-08;parcelas_9a96d594-da55-45a6-9db8-8cc20cc69748.csv
1;470.04;2019-02-11;parcelas_9aa214ba-8f21-48cd-996f-9136bafbc64d.csv
1;106.85;2019-05-24;parcelas_9aa3e667-6bf9-42c6-8a3a-4266ecf6e494.csv
1;55.41;2019-09-30;parcelas_9aac7845-f074-4009-acf9-20b21f2d35f6.csv
1;340.99;2019-03-25;parcelas_9ab48073-40a8-444f-a8c5-5579da791c53.csv
1;170.97;2019-10-18;parcelas_9aba09b5-eb64-44be-8ec7-76fa24c15909.csv
1;1983.63;2019-05-28;parcelas_9aba936a-c045-4295-90f8-7a244a40b13d.csv
1;5620.66;2019-06-24;parcelas_9abb48a4-32be-4aed-990c-f8a12f8a4b6f.csv
1;22359.41;2019-04-15;parcelas_9abecfdc-c233-4548-9604-73da90de491a.csv
1;300;2019-06-27;parcelas_9ac84009-8d0f-4074-99ad-0c5b68b95af8.csv
1;75000;2019-09-24;parcelas_9acac84b-d974-486b-a3b4-94ec9be4d331.csv
1;1406.3;2019-04-03;parcelas_9accb082-c6fd-4adf-9b5c-f37ae3b36f29.csv
1;71800;2019-06-19;parcelas_9ad69733-0b02-4de7-9e69-3fd6159d9ab6.csv
1;126500;2019-01-30;parcelas_9ae5ebcf-8674-4a9c-b7a4-8ece1a674dad.csv
1;21100.5;2019-05-06;parcelas_9ae9b5c9-a363-4fe2-abce-c050daae9561.csv
1;386.95;2019-02-04;parcelas_9aee9171-d97f-430a-b3cb-dc8bc5a0d31e.csv
1;1207.58;2019-10-21;parcelas_9af6a492-1e48-4a73-8b5e-cc241a0c9f77.csv
1;2469.17;2019-01-23;parcelas_9aff79fc-a188-4e6e-af67-c47319da3036.csv
1;7600.84;2019-11-28;parcelas_9affb51f-2bd5-413d-963f-c7f582c28b2c.csv
1;43827.62;2019-06-27;parcelas_9b0275b9-eb37-4aab-b203-190358467745.csv
1;17107.8;2019-02-28;parcelas_9b0b73a1-db62-4ab8-83b5-5fd1a5deeea3.csv
1;202596.83;2019-10-30;parcelas_9b16b5d7-65be-4ad3-9811-417252045c16.csv
1;6843.72;2019-05-28;parcelas_9b26d6ae-bd66-468c-a5bf-987dab086aa7.csv
1;5720;2019-12-03;parcelas_9b27ff5e-6b6a-4feb-92e0-53f412b879d0.csv
1;700000;2019-11-07;parcelas_9b2d8f19-c398-427d-9bdf-2051c234b28f.csv
1;3356.5;2019-04-30;parcelas_9b307801-144c-4546-a4e7-24ade2939a6d.csv
1;6620;2019-01-21;parcelas_9b3b847c-7de0-4360-a0fc-dcb420fe2a41.csv
1;2985.26;2019-06-04;parcelas_9b3bd1bb-0eb4-405e-822e-bf37efe4a703.csv
1;217.75;2019-01-21;parcelas_9b3c5fa8-7153-4111-af82-d1d6edd91c2d.csv
1;14975.65;2019-01-31;parcelas_9b3db886-8063-4346-a63b-e9c068688644.csv
1;855;2019-11-18;parcelas_9b3deff3-843e-455e-9bf8-a1b0e5c0257d.csv
1;65;2019-03-22;parcelas_9b4689de-803f-425d-b2ab-86e9f779532e.csv
1;10338.14;2019-03-29;parcelas_9b5438e8-6fc4-4d94-9e05-c8602cf20da0.csv
1;499;2019-06-27;parcelas_9b58111a-4a51-49b8-9bea-cde36bd0abde.csv
1;1736.5;2019-05-31;parcelas_9b5de0aa-a160-4a2c-9fba-888f102f711d.csv
1;22886.68;2019-09-30;parcelas_9b6017d3-5e3a-4162-bf02-feb5a471f6d6.csv
1;554;2018-06-29;parcelas_9b691575-ac92-404a-9b29-6e1afca3c7ec.csv
1;150.55;2019-03-20;parcelas_9b6cd83e-7f5c-4175-97e4-fca60368fc11.csv
1;79.79;2019-04-12;parcelas_9b73425f-f530-4dc8-b572-2bae849ec190.csv
1;45000;2019-01-02;parcelas_9b7f4076-4897-4f3d-9d72-ef44015534ad.csv
1;34400.68;2019-02-13;parcelas_9b833c1f-b681-433b-9dfc-14be00611dcf.csv
1;700000;2019-01-02;parcelas_9b83e742-2a88-4fb6-b0e1-8f53d0e0baab.csv
1;9790.11;2019-06-19;parcelas_9b8804bf-54ec-4794-a3b4-3e3670668690.csv
1;13454.79;2018-12-20;parcelas_9b8b3dfd-dadf-4807-856b-c26fff4b50bc.csv
1;11440;2019-06-27;parcelas_9b8c39c7-d604-4849-93da-7628e0e3f0bb.csv
1;5761.08;2019-03-06;parcelas_9b8f82b2-0b6c-412b-94ab-ab68b01c1f47.csv
1;21563.42;2019-07-30;parcelas_9b92d1bf-e46f-49ed-8389-ce1f1a561463.csv
1;12285;2019-10-14;parcelas_9b987e6f-a544-43f1-bac4-cfd2496cb593.csv
1;8231.75;2019-10-31;parcelas_9ba088f3-f1c5-47f0-95df-ab6398c65bbd.csv
1;878;2019-05-30;parcelas_9bad1062-2c77-4fac-b084-ba5a5a81c906.csv
1;79.79;2019-09-04;parcelas_9bafa8ea-cee1-4cf1-92ff-7f959ce1c6d9.csv
1;41613.37;2019-06-19;parcelas_9bafaa44-26c6-4eb9-81d3-b42e4a1f21f2.csv
1;75000;2019-04-18;parcelas_9bb716f2-7123-4427-90ce-9bb9be083fd1.csv
1;555;2019-07-17;parcelas_9bc4721f-024f-4465-a5b1-8986a6fb7341.csv
1;6989.4;2019-09-20;parcelas_9bc9729e-ec55-4d6a-b0b2-fe8db4bff400.csv
1;1925;2019-02-20;parcelas_9bd8b4eb-8f82-4da6-87c8-0413020d73a7.csv
1;14525;2018-12-31;parcelas_9bd8b4eb-8f82-4da6-87c8-0413020d73a7.csv
1;1500;2019-12-13;parcelas_9bd93fa4-9d57-4075-835e-96759162e485.csv
1;0.03;2019-11-01;parcelas_9bdca41d-eb07-456b-949a-99c519fe2799.csv
1;169900.07;2019-10-23;parcelas_9bddacb8-7446-4f0f-bc88-f448a8a536fe.csv
1;14757.38;2019-04-08;parcelas_9be332c4-464c-4983-a3da-820f0ffda34a.csv
1;31360.59;2019-10-31;parcelas_9bef0f0e-0d7b-4d3c-98ea-3a34dc0e089c.csv
1;354.36;2019-07-09;parcelas_9bf26188-fc2d-4c8a-afc9-0a43567ebbd2.csv
1;7685.45;2019-09-26;parcelas_9bf32a52-74dc-4e53-86a4-de237bed9719.csv
1;632.73;2019-06-18;parcelas_9bf75b5a-bd9b-4017-b8ff-584c7a762dc0.csv
1;236.57;2019-07-22;parcelas_9bf83028-a4cc-4a32-9f83-dc778c1a395d.csv
1;37372.2;2019-02-28;parcelas_9c020cc5-27af-4c19-89d1-f0c836c4f375.csv
1;65;2019-04-09;parcelas_9c05caea-633e-454e-a26d-0858b7c45f90.csv
1;60000;2019-04-09;parcelas_9c07476f-519e-4663-a6b1-b7cfe2ada01b.csv
1;5150;2019-05-02;parcelas_9c084372-fef9-4cd9-9dac-8d144fdb06c7.csv
1;2905.9;2019-05-14;parcelas_9c09fc82-d92b-4d8b-97ef-fd0131ac1bf4.csv
1;150;2019-05-14;parcelas_9c11ec16-28c4-4b26-86b8-4581275b19f3.csv
1;6436.95;2019-11-28;parcelas_9c1fd414-9d24-44f3-9f45-7ea52ad193c0.csv
1;202.34;2019-01-11;parcelas_9c2826c1-3109-4681-ad78-2c6e1f1a48d5.csv
1;9264.25;2019-06-28;parcelas_9c2c9294-8d18-4664-a0db-f36e981b8d6a.csv
1;94140.67;2018-12-31;parcelas_9c2cc9fb-92f4-4756-8cf0-0af004833cbe.csv
1;341.94;2019-08-20;parcelas_9c2d0473-febd-4546-addc-9c4f5988078f.csv
1;187.2;2019-11-26;parcelas_9c302fcb-a689-4960-ae00-bc7d62ffe8ae.csv
1;423130.56;2019-07-26;parcelas_9c307384-cad8-48bc-934d-0e1b43205def.csv
1;392;2019-10-21;parcelas_9c330c83-bb3b-4004-9cde-49a85e50ebc3.csv
1;4147.5;2019-06-27;parcelas_9c38dfc4-b658-4954-a3cc-22649df1a667.csv
1;5497.95;2019-08-30;parcelas_9c3955fc-d7b8-4abc-8dd5-e86058d7b552.csv
1;400;2019-11-19;parcelas_9c3d3516-11cf-4536-b0d6-b85b7149719a.csv
1;41504.5;2019-06-07;parcelas_9c3fa99a-5d77-4352-a847-e14ec59f8ada.csv
1;658.49;2019-02-28;parcelas_9c43670b-bfe7-47b3-8c0f-88ea98a810b0.csv
1;16.62;2019-03-12;parcelas_9c48e986-2721-45c5-bb40-0fdcbc5c3a42.csv
1;1742.22;2019-03-27;parcelas_9c51b9cc-7c20-49a8-86e0-667eeb3d31e5.csv
1;1640;2019-01-14;parcelas_9c5317e8-ea53-4696-a68f-09cff3cbbba1.csv
1;1069.59;2019-12-11;parcelas_9c53c5a2-6b2c-4405-a55f-031e6a5d04f9.csv
1;8350.78;2019-07-01;parcelas_9c595124-27e8-4bcc-a831-21b4b9a26864.csv
1;299;2019-05-09;parcelas_9c5c5312-94a8-47f4-8c8f-af6613f44186.csv
1;2906.66;2019-12-31;parcelas_9c6cde8e-6576-4214-a604-2c31d8f0318d.csv
1;3937.92;2019-10-04;parcelas_9c74faae-4a5a-46de-9370-4ad00df678d0.csv
1;11000;2019-05-23;parcelas_9c78f4bf-4151-463d-bd0c-c4be43cab776.csv
1;3500;2019-10-22;parcelas_9c81e1bb-e2cd-4179-ab12-75b1e08c1da5.csv
1;14025;2019-12-06;parcelas_9c831be8-2d95-4ed5-8e54-64db35d74678.csv
1;1925;2019-09-30;parcelas_9c879da5-095d-4909-950e-0bac492cfe57.csv
1;37270;2019-04-30;parcelas_9c88d72a-4a51-4a09-9f04-2d13b52efc12.csv
1;300;2019-11-25;parcelas_9ca82759-ef8b-49d2-af98-1f47dddee772.csv
1;920;2019-03-08;parcelas_9cacb503-b27b-4a7f-a5e5-263eb3949157.csv
1;68000;2019-01-25;parcelas_9cb0030e-c95f-4c78-b603-83fb6110c8b1.csv
1;481;2019-03-14;parcelas_9cbd19e8-d398-4505-bb3c-332107c229aa.csv
1;4762.93;2019-01-14;parcelas_9cc034e2-ada5-4204-812d-d6e7d89380f8.csv
1;3648.32;2019-09-27;parcelas_9cc33d81-65d1-4ce9-976d-f7a68c320087.csv
1;1603.9;2019-05-21;parcelas_9cc34fa9-de1b-4075-b99d-09a9a4c58bab.csv
1;184999.99;2019-01-03;parcelas_9cc49154-86ae-4dc6-bc26-0b2d806260dd.csv
1;60;2019-09-02;parcelas_9cc8e51d-00fe-4e8a-af89-dfb6e6c58e6c.csv
1;1925;2019-11-28;parcelas_9cc9c104-b32d-4380-b39b-e3ab3c793678.csv
1;14960;2019-06-24;parcelas_9cccebe4-bf56-480e-ad30-07c12b559f71.csv
1;126;2019-04-04;parcelas_9ccd578a-4775-4893-ba9d-4f303f930b08.csv
1;12963;2019-03-18;parcelas_9cd3a85b-5e10-4386-9118-18027a04e63a.csv
1;9278;2019-09-30;parcelas_9cd42204-3677-4144-b107-c747c069a1a9.csv
1;25;2019-11-25;parcelas_9cd43d82-ea26-48b6-944c-7cb0fc507012.csv
1;5662.81;2019-01-28;parcelas_9cdb654d-8b11-4f5b-9d50-b9260f2225cc.csv
1;7609.07;2019-07-17;parcelas_9cdbd687-c810-4bfc-bf1c-65fa082155ad.csv
1;1069.59;2019-06-27;parcelas_9ce5a7d3-66fa-4e61-a870-4b01f809f6fc.csv
1;3337;2019-07-10;parcelas_9cf09d3f-bdfa-4c7c-8e58-dcdb843e6fd1.csv
1;29676.71;2019-11-28;parcelas_9cf1750c-c186-471e-93a9-753196b1f12c.csv
1;460807.83;2019-05-28;parcelas_9cf7937e-8680-4266-a97c-9cd9f68589ae.csv
1;2495;2019-07-31;parcelas_9d00f79d-b15c-449e-b5c2-9c69a4539524.csv
1;2920;2019-01-02;parcelas_9d04c5da-2b65-4546-80fa-29fcf5df5138.csv
1;13617.4;2019-06-19;parcelas_9d097b78-f3fe-498c-b56f-2c1c776888ad.csv
1;22340.64;2019-02-28;parcelas_9d0beb6a-607e-4830-bed7-eba59e5ead9e.csv
1;483238.71;2019-03-25;parcelas_9d0e9fe3-d5d8-43d4-b0c1-91d60b512260.csv
1;21817.1;2019-03-06;parcelas_9d0fddc9-15e2-47a1-af87-a5d57e836497.csv
1;131400;2019-02-14;parcelas_9d1b0d41-48b7-4a29-adf5-0f6c05bed2ce.csv
1;55.65;2019-10-31;parcelas_9d2a8da3-7f20-4ecf-8ff5-fd2bc5bc9c6e.csv
1;80.19;2019-11-18;parcelas_9d343145-04c7-485f-9221-fb3367cde90a.csv
1;898.96;2019-11-19;parcelas_9d3a3913-4c06-487f-87e4-91c6ffaeec56.csv
1;493.71;2019-02-04;parcelas_9d4c4259-d008-4872-a2a3-2d6945e0073c.csv
1;1294.6;2019-07-10;parcelas_9d52ce01-7fd5-4ac9-a301-cc4d6896587d.csv
1;146351.43;2017-04-28;parcelas_9d5407da-d1e7-46e2-8f11-ae61e7601b05.csv
1;70891.68;2019-12-11;parcelas_9d5ecf7e-af21-4371-99b2-47e28231b61b.csv
1;4614.15;2019-07-31;parcelas_9d70c19c-1464-4cbe-9eaa-221e77f6c6f7.csv
1;8969.35;2019-01-28;parcelas_9d7624c2-3e44-40e5-bc3c-bf573cf57f61.csv
1;253.75;2019-07-08;parcelas_9d7848fd-7d6f-4500-9741-eabfaf7a4f65.csv
1;189.36;2019-01-31;parcelas_9d8179a7-8672-4033-b782-8879a518da8f.csv
1;558;2019-11-26;parcelas_9d81f975-ff48-4bea-af51-e29b7955cf7a.csv
1;29383.76;2016-04-29;parcelas_9d84dc3d-cc39-47a6-987f-6f886eeaf3f5.csv
1;752.1;2019-01-17;parcelas_9d87e2c3-86ea-45c2-b260-4c44cfa10b4e.csv
1;106.37;2019-08-08;parcelas_9da201bf-36e1-4a52-8eff-0094822ee5b1.csv
1;26209.81;2019-07-31;parcelas_9da20a21-861c-4be3-9c3d-4035d14e4f56.csv
1;2683.33;2019-10-30;parcelas_9daf9636-b5ac-4cbf-84da-e8ad774a0e8c.csv
1;3278.62;2019-07-31;parcelas_9db49a98-b3b0-4b4b-9a97-804a6be7a3fd.csv
1;348.6;2019-04-22;parcelas_9db990ec-6476-48c6-9960-e1cb53b33644.csv
1;100.96;2019-08-07;parcelas_9dc28b75-8137-4e23-b0c9-90a10ca17bdc.csv
1;354;2019-09-25;parcelas_9dcadb64-2600-488e-928b-7bc050043106.csv
1;5052.84;2019-01-02;parcelas_9dccd06f-633d-42dd-a5b4-f1885cc2e998.csv
1;33750.39;2019-10-31;parcelas_9de109ec-e7af-4b1f-aaec-9ca77afedd4f.csv
1;3544.8;2019-10-21;parcelas_9de3e419-36ad-4252-9e1b-a14c38b05b0a.csv
1;48500;2019-08-23;parcelas_9de7b489-d05d-4e0a-9755-769d392f6c7f.csv
1;35000;2019-05-15;parcelas_9df7d374-655d-4a1d-8393-43b952e01b72.csv
1;4902.4;2019-02-20;parcelas_9e01a545-202b-4e6b-8893-037d3b94e3a5.csv
1;13584.7;2019-07-10;parcelas_9e02294a-55ea-4c9c-929a-876f5942dcfb.csv
1;29567.44;2019-12-11;parcelas_9e0582f3-1671-42eb-bacb-b5dbd0071d9f.csv
1;180000;2019-01-02;parcelas_9e08b18e-8e33-4b3a-9a67-c2b48609a1f1.csv
1;3429.9;2019-01-10;parcelas_9e0ad781-6a0d-44b1-9846-7bc706d2c162.csv
1;450;2019-03-12;parcelas_9e0b4181-33a4-446f-af8f-1da5adf2004e.csv
1;756;2019-02-25;parcelas_9e0ba024-cbfb-4fda-8718-d1c2c5f3091c.csv
1;17726.19;2019-07-29;parcelas_9e10f496-1a36-48f2-bdaf-53f4273c2d71.csv
1;2994;2019-02-28;parcelas_9e1d5f72-d3c8-4083-b548-8dd3edc031d1.csv
1;1092.65;2019-10-10;parcelas_9e33415d-17dc-401a-85a8-0b959cb36b1e.csv
1;15702.8;2019-08-23;parcelas_9e4fb18e-2069-44c6-8ad4-6b1b390d15a2.csv
1;790;2018-12-31;parcelas_9e55fa60-cf03-4d0f-a96c-7a52d926bba6.csv
1;1124;2019-04-04;parcelas_9e66e82a-3377-4a09-80d9-e7617ad5c950.csv
1;29270;2019-09-04;parcelas_9e73d9e9-3764-47a1-af85-4151c33f9436.csv
1;4806.13;2019-09-10;parcelas_9e7d13f2-e2c4-42fe-b988-f275c90e3c0f.csv
1;210;2019-01-25;parcelas_9e7f1573-1ff8-49bc-b95d-ff2b08ac5583.csv
1;27656;2019-02-11;parcelas_9e83d5f8-8de4-42f9-82cf-b1f2750a549c.csv
1;26.03;2019-07-10;parcelas_9e874ca1-a3bc-448d-b1dc-06993d339224.csv
1;17002.68;2019-03-12;parcelas_9e89ec0d-b659-489b-9418-5fb2dc6a955d.csv
1;878.4;2019-06-10;parcelas_9e8f4231-cd85-4a7c-b363-f03f70132f2c.csv
1;15400;2019-04-29;parcelas_9e93ed17-bee0-42a1-a055-bb835ab70f7f.csv
1;535.71;2019-07-25;parcelas_9e99245b-fe43-4744-b0ef-38dbbbe77de1.csv
1;5075;2019-10-30;parcelas_9ea27050-dd85-4c70-895f-48678db8873b.csv
1;51042.1;2019-01-02;parcelas_9ea2ab49-ae9e-4c93-8573-1dab1395bf9b.csv
1;28144.87;2019-01-03;parcelas_9eaf2223-f716-4dfa-92cc-0e28249704cf.csv
1;198;2019-07-25;parcelas_9eafe74b-4846-4a6e-9a33-8151a407e6cb.csv
1;31932.28;2019-08-30;parcelas_9eb0d024-5874-4567-be69-0cf470729c76.csv
1;449.79;2019-05-06;parcelas_9ec3fc7a-d841-4b54-975c-175b11efe942.csv
1;40.83;2019-09-30;parcelas_9ec8e583-fe77-448e-8563-b7a9e1306cd6.csv
1;96725.42;2019-01-31;parcelas_9ecb077c-4659-4f9e-accc-d379f2b1224d.csv
1;9838.25;2019-04-08;parcelas_9ecb4661-e578-4394-b75b-50198a6dc63b.csv
1;3425.77;2019-09-26;parcelas_9ecc5001-e836-482d-ae09-537e13569bc7.csv
1;27254.51;2019-05-28;parcelas_9ecd5203-f797-4f6e-9772-069914f871bd.csv
1;68527.31;2019-03-29;parcelas_9ed85163-54d3-47bf-b5c3-cbd0f4851688.csv
1;8312;2019-03-12;parcelas_9edbb447-1e69-4da6-8cc1-c072754828af.csv
1;5000;2019-04-03;parcelas_9ee11376-70bd-4d8c-a328-ea2aee59b876.csv
1;976.2;2019-10-21;parcelas_9ee204d6-b15a-4c09-a8e1-fde95a424d59.csv
1;72.2;2019-10-31;parcelas_9ee93142-c032-4dd0-977f-fc5fd794c1b6.csv
1;34.2;2019-10-21;parcelas_9eeb6bf6-8295-4cfe-98b7-2ed3b28859b8.csv
1;43500;2019-06-03;parcelas_9eed6f85-3991-409b-a6a4-efef5fab4c5e.csv
1;250;2019-04-09;parcelas_9ef8dccb-5e94-4183-a6ad-0564a08cb936.csv
1;2375;2019-11-22;parcelas_9efb5c9f-2211-4e14-ab4c-5d51cd9d70d0.csv
1;1431.35;2019-11-06;parcelas_9efbae8c-b490-49d8-80e7-0afade229d53.csv
1;7804;2019-07-02;parcelas_9efbb7e2-6872-4ca8-84d4-f4ddc3575c81.csv
1;5263.14;2019-01-02;parcelas_9efe8ac8-b6c6-4fc6-aec3-3dbbbfb2c711.csv
1;19950;2018-11-26;parcelas_9f119a9f-acf3-41a4-9060-b32ab31face3.csv
1;146490;2018-11-26;parcelas_9f119a9f-acf3-41a4-9060-b32ab31face3.csv
1;142960;2018-11-26;parcelas_9f119a9f-acf3-41a4-9060-b32ab31face3.csv
1;201300;2018-11-26;parcelas_9f119a9f-acf3-41a4-9060-b32ab31face3.csv
1;333.9;2019-09-24;parcelas_9f11aecb-f0f4-4373-b2fc-9283869d875d.csv
1;249.5;2019-08-08;parcelas_9f1485ce-eda7-4c0a-9bbf-5f16f7f41d4a.csv
1;64.48;2019-06-27;parcelas_9f185d27-97ca-48d1-a38b-82fd2d97c858.csv
1;761.96;2019-09-24;parcelas_9f1a8377-1b0e-41df-bcaf-1d5f37b74b28.csv
1;8852;2019-04-11;parcelas_9f2ab16e-56b6-4ab2-a62b-919473a07bac.csv
1;1340.95;2019-05-31;parcelas_9f2e8808-4ad8-4035-bb42-42cee51fb683.csv
1;180583.63;2019-09-30;parcelas_9f31b733-98c5-426e-accb-f46b0e6c89ef.csv
1;40000;2019-03-07;parcelas_9f341d2b-3103-474d-933c-94cde3229cfe.csv
1;1327.27;2019-03-29;parcelas_9f468417-140c-492e-84fd-ba45e113d707.csv
1;71.8;2019-06-27;parcelas_9f48ac05-563f-4cec-9d9f-463f63d20b0d.csv
1;122170.36;2019-04-30;parcelas_9f50eb59-6332-4b4a-b8bc-1eaa29346c55.csv
1;3709;2019-08-23;parcelas_9f521e06-3020-4892-9d8b-260a4be949d2.csv
1;26834.67;2019-08-16;parcelas_9f570070-fa49-475f-bc04-797c202c78c9.csv
1;5097.15;2019-05-10;parcelas_9f59b914-ca91-4549-a523-60d55cbe9970.csv
1;9231.06;2019-01-02;parcelas_9f5d1ae7-a1ad-4efe-99cb-4f30cc2c7ffc.csv
1;65;2019-12-06;parcelas_9f60a68c-8ddb-4d27-b15e-4e05a4575eb2.csv
1;141946.89;2019-04-10;parcelas_9f62daec-0ce6-482f-880c-3f4b5bec591b.csv
1;83.45;2019-10-25;parcelas_9f6c06f1-7aa3-4853-a55e-51b82b1fe97f.csv
1;2430;2019-02-07;parcelas_9f72eb06-ba0b-4dba-af86-bccf5f0d5414.csv
1;1131.52;2019-08-30;parcelas_9f7479be-4c2b-4706-803d-e2136ac927a7.csv
1;375623.27;2019-07-31;parcelas_9f76d2c4-3f43-4479-aa97-aaf450918123.csv
1;37524.45;2019-10-25;parcelas_9f77923f-3592-4de1-a21d-315f3f2b2472.csv
1;13938;2019-01-02;parcelas_9f93e930-da03-49ca-956e-affce384f0e6.csv
1;498;2019-09-24;parcelas_9f9561bf-3c30-4bc2-9b27-ac6eaa1fdad7.csv
1;166.31;2019-12-30;parcelas_9f957371-e236-42ec-a8ce-899d06d8f471.csv
1;156.19;2019-06-14;parcelas_9f9831ea-82f1-470e-8a9f-ae151de1b7da.csv
1;6340.71;2019-09-30;parcelas_9f98d2d4-3cb4-40eb-9f73-a91143bb738b.csv
1;2557.5;2019-04-29;parcelas_9fa7d8c9-dec1-4a9e-abdf-167e3a54ce09.csv
1;15600.3;2019-01-30;parcelas_9fa8996d-a6f6-446b-98c2-c6c4793211f7.csv
1;13090;2019-01-15;parcelas_9faadb74-5be3-4f28-b554-b38f4dc29746.csv
1;20080.2;2019-04-30;parcelas_9fb3a331-f19c-417a-a385-82914275dbe4.csv
1;24003.97;2019-11-11;parcelas_9fb40b8d-9e2f-4378-a330-60ebc84cf53d.csv
1;361.49;2019-03-19;parcelas_9fbdbc3c-1225-4708-a4a1-61ee9afeef65.csv
1;24766.86;2019-09-30;parcelas_9fc4dc20-074e-4e73-b134-609bd982e472.csv
1;17348.1;2019-01-02;parcelas_9fc5ab9f-c0cb-4751-940d-e1a9ded21046.csv
1;43500;2019-04-04;parcelas_9fc6b720-55d5-4d86-a920-f2e32c189c32.csv
1;5587.2;2017-10-30;parcelas_9fcb7685-71f2-41f6-b3fb-c91c3ef26d9f.csv
1;23285.04;2019-03-19;parcelas_9fcd3614-93ef-44d8-b492-3cbd81f18e32.csv
1;7861.84;2019-03-29;parcelas_9fd022a3-513e-46b5-90f0-180c257e0cbe.csv
1;222.11;2019-11-13;parcelas_9fd1af55-c7ab-4daf-90af-94562fe5d8e7.csv
1;45374.57;2019-03-20;parcelas_9fd3b508-1913-4e92-97d8-e3845360ec71.csv
1;361958.33;2019-05-28;parcelas_9fd808de-747e-4cf4-863c-02be7011d35c.csv
1;130.98;2019-03-12;parcelas_9fdf6a7a-357d-483f-8b11-9b92c4dd4a4e.csv
1;300;2019-05-17;parcelas_9feb0710-8acf-4495-92dd-1ca16fe27846.csv
1;2921.87;2019-09-03;parcelas_9fec8eab-8bf0-4baf-b9bc-791873841037.csv
1;12550.87;2019-03-22;parcelas_9fee3f0f-dd50-4950-84a6-d2fae2fbb193.csv
1;1483.8;2019-11-28;parcelas_9ffdad38-cc64-4a7c-b0ab-5872e0991b36.csv
1;5477.5;2019-06-27;parcelas_a00796d8-6d1f-4c47-b7f0-16304654b787.csv
1;134016.46;2019-11-07;parcelas_a00b50d4-d060-4ce4-b15e-c0d41412e371.csv
1;563000;2019-05-09;parcelas_a010f861-99ae-49c1-9dba-4d56d14a0a11.csv
1;865.77;2019-06-25;parcelas_a01173cc-0044-43c0-8963-2bbbc53cb9d1.csv
1;3245.91;2019-11-25;parcelas_a012b21f-2b39-4957-93e9-684a7b5d353a.csv
1;39932;2019-09-09;parcelas_a015b377-1099-4c0c-9057-7f9e0e1e82db.csv
1;144.61;2019-07-26;parcelas_a0166a31-87ca-481f-ba09-824b7444ff56.csv
1;581000;2019-05-30;parcelas_a0180629-f550-47d0-be86-362109d02dd5.csv
1;57.6;2019-11-27;parcelas_a019db12-90bb-4583-a0ac-b4f9d1ca278c.csv
1;6975;2019-10-14;parcelas_a020784d-e09d-452c-a7c1-95d8b5c41076.csv
1;6531.5;2019-07-10;parcelas_a0243172-9058-4c23-9325-020c2e53f9ad.csv
1;133.59;2018-12-28;parcelas_a033afaa-ff20-476c-b1c3-e654e45c0f55.csv
1;40177.2;2019-04-30;parcelas_a034f658-f848-4e83-b33e-f9bc1730e88d.csv
1;94.76;2019-05-28;parcelas_a0386f1f-fdda-4968-a88c-74169391dcc6.csv
1;20199.47;2019-07-30;parcelas_a03ad666-afa8-4a47-8e4f-14c137cb9731.csv
1;820.3;2019-08-30;parcelas_a03d5dff-39f4-440a-b0ff-030d71257038.csv
1;337478.82;2019-01-21;parcelas_a0424be6-efff-464b-b990-29162382d8d0.csv
1;200;2019-07-10;parcelas_a05238e7-adbe-4c8b-bab0-96c33243c7e1.csv
1;540.7;2018-09-28;parcelas_a052e9c7-bb59-4dac-b117-5d7546b4c54e.csv
1;186.57;2019-05-13;parcelas_a0538451-33e7-4d53-9e2e-bf2abdec3d73.csv
1;5000;2019-09-30;parcelas_a0543151-6e49-4379-8edb-b57809f6f3cd.csv
1;1365;2019-05-03;parcelas_a05dea0b-e54e-4961-9239-39d6fade1674.csv
1;632.2;2019-04-17;parcelas_a061e312-2007-47ca-a1b8-e2af7679e3b5.csv
1;46748.08;2019-04-16;parcelas_a068c7e9-4065-4c71-8f96-0d39ca9bc26a.csv
1;79.79;2019-09-19;parcelas_a06a3a37-a559-4e9f-9b86-2e4aadbe867c.csv
1;49329.02;2019-07-31;parcelas_a06d0b57-f41b-40ff-a1f1-c3302834af0c.csv
1;3799.62;2019-11-18;parcelas_a072875e-b303-4015-97a8-297909f7ef95.csv
1;91986.51;2019-10-18;parcelas_a0735552-9bd0-410e-9262-913de4280da6.csv
1;163.64;2019-12-05;parcelas_a0799c8e-485f-4e88-abe2-c44b4c2b0290.csv
1;65;2019-10-10;parcelas_a086a3a1-8ad4-4a88-a569-a89f1509c09a.csv
1;2163.94;2019-03-29;parcelas_a08babde-e5cc-4ada-bf42-4fe237f5641c.csv
1;86.8;2019-07-25;parcelas_a08cfe2c-c490-4ab0-897f-9e50eedd8cc8.csv
1;5151.26;2019-09-17;parcelas_a09bc71f-05a9-45b9-9ce3-a7ff2e019055.csv
1;175;2019-08-30;parcelas_a0accdc6-a491-49cd-b7af-1f2b35fb10ff.csv
1;8912.2;2019-10-18;parcelas_a0acfcd6-1d8d-4eed-844f-f7ead44597d6.csv
1;493.85;2019-06-04;parcelas_a0ae113f-d371-4a97-bb30-3f81515271f8.csv
1;4441.14;2019-09-03;parcelas_a0b07827-1800-4f34-95d4-2b902571e0e8.csv
1;10900.91;2019-05-27;parcelas_a0ba7648-4242-4dcd-bbfc-939f162e9238.csv
1;72960.42;2019-10-30;parcelas_a0c1516f-1757-4adf-8752-5ec5d55dac19.csv
1;4700;2019-04-30;parcelas_a0c369fc-690c-43c5-bcf7-d060dbb2bea6.csv
1;1268.89;2019-07-31;parcelas_a0c55554-ac5b-49b3-a1fc-378711fcf4d2.csv
1;344477.26;2018-07-20;parcelas_a0c6ad09-3cd7-49bd-a040-eea4099e8158.csv
1;5543.38;2019-09-30;parcelas_a0cab225-ee57-41a4-a081-7df77fb078c6.csv
1;58165.5;2019-01-10;parcelas_a0d15416-3a51-4a04-a948-734762dc0203.csv
1;170.97;2019-08-13;parcelas_a0d1f9fc-d4e8-440c-9913-6afed69b9a4c.csv
1;3795;2019-02-18;parcelas_a0d85356-6254-4f52-a009-48d52f2f99d1.csv
1;699129.2;2019-05-22;parcelas_a0e2a1e1-ef44-4589-ae81-a1b4a8b7b6e9.csv
1;183.99;2019-06-28;parcelas_a0e5e86b-d746-483c-9afc-fe9945c5d62f.csv
1;112684.54;2019-03-29;parcelas_a0e6b481-2544-465c-839e-f779fc1208a2.csv
1;556;2019-02-25;parcelas_a0eda7ec-1b94-482d-8f52-c2f28373fda7.csv
1;855.8;2019-03-20;parcelas_a0f5edc3-73b2-4ea0-87b7-0836563d2f33.csv
1;9000;2019-09-05;parcelas_a0f6a082-c24f-411d-8248-e5d6fffbe2b4.csv
1;12000;2019-01-02;parcelas_a0f83cef-a634-4cf9-8997-004caf08645c.csv
1;846855;2019-11-21;parcelas_a0fd465e-3e5a-4797-991e-5c2b8e41c86d.csv
1;620577.93;2019-06-27;parcelas_a1005d03-3d37-4159-80c5-e95098d34f44.csv
1;4003042.02;2019-11-28;parcelas_a101a3ee-895b-4ecb-a92c-d454f2a61138.csv
1;4342.3;2019-07-25;parcelas_a10a6d82-4b68-4b2d-bcee-860860f63012.csv
1;1272;2019-05-10;parcelas_a10d5590-9abb-40d6-955f-60739c0cba62.csv
1;12000;2019-10-25;parcelas_a10d79f8-cead-4039-9965-421a8f68af12.csv
1;1548.67;2019-08-30;parcelas_a12621a7-4002-413c-b624-e65d7af0c0a5.csv
1;7781.78;2019-02-28;parcelas_a129aca9-9f1c-4d27-9fca-bda63d94ed2f.csv
1;134.44;2019-07-24;parcelas_a12c6149-4a71-4ccf-a1c2-1eb02fc285e6.csv
1;2015;2019-01-28;parcelas_a12f8a30-964d-41db-9178-29979d278105.csv
1;24062.08;2019-04-17;parcelas_a12ff2f4-4e82-4190-990e-579e0dbfb37e.csv
1;104.13;2019-04-04;parcelas_a1323b04-c878-4437-8c37-17617c4ee850.csv
1;4900;2019-07-01;parcelas_a136dbcb-f8b3-4291-9a9a-ae11bf0beef7.csv
1;4069.55;2019-04-29;parcelas_a13b7da2-8b3a-4b2f-9e34-f59dc3e4bb03.csv
1;199.45;2019-08-28;parcelas_a140f474-5683-4d90-b919-08ff84254613.csv
1;748.5;2019-07-18;parcelas_a1461962-2410-48e3-aee7-6c32d94e9929.csv
1;281.24;2019-03-12;parcelas_a1476f4c-b907-4b96-9679-9bbe67f115f7.csv
1;5926.62;2019-06-27;parcelas_a14876ac-2247-428f-bd16-770fdd6acfba.csv
1;14424.9;2019-11-04;parcelas_a153b0e6-4604-460c-93a4-c7f6606abbe5.csv
1;4479.23;2019-12-18;parcelas_a1595112-90b5-4f3d-8e45-289581efcab6.csv
1;61884;2019-12-10;parcelas_a15ccffd-95ed-4a5d-ab52-90fe56d887ce.csv
1;423830;2019-05-17;parcelas_a16ee1fc-d481-4e49-ac4e-cbf6783d36aa.csv
1;14807;2019-08-01;parcelas_a16fb4f9-7ff0-47cf-a92c-66b61af618ee.csv
1;110155.92;2019-09-30;parcelas_a17170fd-ddb7-4cb9-915c-47dc2910c32a.csv
1;1049.02;2019-06-28;parcelas_a1783819-705e-4d43-9359-57334d8cda68.csv
1;887213.17;2018-06-20;parcelas_a17af9f3-ebbe-4408-9bf8-c869eefdc3bb.csv
1;23076.95;2019-10-21;parcelas_a17b619f-f5c1-49b7-a704-c5a400cea5e0.csv
1;36120;2019-09-25;parcelas_a182c264-fb13-4067-8d8d-a2f081a721f4.csv
1;48000;2019-09-26;parcelas_a19157ef-2910-4184-89e8-144e034614ec.csv
1;5200;2019-02-13;parcelas_a19322db-0fee-4110-bd76-1f44d696c88c.csv
1;645.65;2019-02-14;parcelas_a193a451-f384-4b21-919c-df48566185c7.csv
1;709.97;2019-01-28;parcelas_a195cba9-9acb-488f-8d2e-507a9e58777f.csv
1;3817.2;2019-12-30;parcelas_a19cee12-b521-4683-b35c-e09f079164c2.csv
1;36077.21;2019-04-23;parcelas_a19de7fc-6949-4056-ab2e-f54971af81e1.csv
1;4550;2019-01-21;parcelas_a1a0935a-a5ff-4da4-aef6-03e14b2b061a.csv
1;12883.56;2019-03-29;parcelas_a1a62804-902e-4898-8bb8-d65506acaca5.csv
1;1559;2019-05-17;parcelas_a1ac27fa-4675-4b96-a2d6-59b41f45ee80.csv
1;4502.78;2019-01-31;parcelas_a1ac9b96-5347-4f92-870f-41b2fbdef301.csv
1;468.05;2019-07-09;parcelas_a1adad8d-24b3-4149-84f4-074db2926269.csv
1;2774;2019-11-29;parcelas_a1b0bcf7-13c1-4629-a7a3-b462ea585261.csv
1;1081.95;2019-08-30;parcelas_a1b0e822-b93a-4cec-b799-b98b335a7ca2.csv
1;235466.22;2019-08-30;parcelas_a1b8a79d-264a-4a51-bd7f-11ef3774db57.csv
1;8713.3;2019-01-10;parcelas_a1bf74fd-cd93-4833-9f77-def62ef8984d.csv
1;20790;2019-10-25;parcelas_a1bf8846-3308-48c7-8cd8-e0e717021ac5.csv
1;3578.9;2019-02-11;parcelas_a1c4bdf2-d2f8-4a25-88b5-2b034c8ca54a.csv
1;66.66;2019-03-19;parcelas_a1c93e77-9d43-48cf-b218-552716e437a7.csv
1;348.8;2019-12-06;parcelas_a1ca5fab-c236-467d-87e0-a1b51d9ddf28.csv
1;17440.2;2019-04-16;parcelas_a1ccb409-4730-42d3-a210-454a513283e8.csv
1;59076.09;2019-06-28;parcelas_a1d852ea-fd90-4309-b7d0-5dd9bf606cc0.csv
1;1479.6;2019-04-30;parcelas_a1e2aacf-a91e-404b-b5eb-e375e0d12e5f.csv
1;970000;2019-01-02;parcelas_a1eaa57d-dd31-40da-887d-58239643f29f.csv
1;52485.01;2019-01-25;parcelas_a1eb4bed-b8db-4c5a-aafd-da6c5066c864.csv
1;500;2019-10-25;parcelas_a1ecdfd0-b350-4095-b88c-f1396d10c751.csv
1;5106.27;2019-06-18;parcelas_a1f3921c-28ec-4dc7-8ab6-cdbb0a329841.csv
1;208;2019-06-10;parcelas_a1f73dce-a05d-4f2a-828e-edcd183e7214.csv
1;55894.45;2019-07-04;parcelas_a1fcb620-1352-4f56-b199-a4ce25a44cf4.csv
1;3420000;2019-01-23;parcelas_a2037305-1c3c-4320-ab4f-5e7c885e1d12.csv
1;211.2;2019-05-31;parcelas_a20c733d-a339-4dab-8254-33ce38cc2f39.csv
1;36234;2019-09-25;parcelas_a20ef906-0f6e-4529-9ff1-653dc358dc64.csv
1;208678.44;2019-01-28;parcelas_a2140800-7667-4f3a-a908-25dacfd5a287.csv
1;50.5;2019-09-13;parcelas_a2159508-a99a-441f-9c4a-75d717794376.csv
1;5738.11;2019-01-31;parcelas_a21dfdaf-ca57-4e59-8da6-05942449c8ad.csv
1;32.27;2019-07-04;parcelas_a223c798-3248-47fd-b09e-8d3081b40d14.csv
1;15459;2019-11-08;parcelas_a2247af0-6618-45a6-b06f-5dc38829a65b.csv
1;68954;2019-09-09;parcelas_a225ce00-8a53-43f1-a137-96a17ade432b.csv
1;1181.31;2019-08-27;parcelas_a226825e-0f77-43ca-bedf-f83b2d86d9a6.csv
1;21450;2019-08-15;parcelas_a2315c13-0d52-4558-8f13-8aa09db6710e.csv
1;1989.17;2019-12-19;parcelas_a231fa75-af40-4f75-b4e7-803cd1e6fa0b.csv
1;2188.12;2019-01-28;parcelas_a23509f6-839b-430b-b7ae-2d43b3a88b2e.csv
1;262.33;2019-05-13;parcelas_a2386221-3361-41d1-99d8-8d61866c9285.csv
1;29155.93;2019-12-30;parcelas_a23ab5af-a06a-4051-b029-ac5ecfbf06a9.csv
1;335.18;2019-07-18;parcelas_a23dbe64-91e7-4264-ba96-b2d345308f55.csv
1;6582.12;2019-02-28;parcelas_a241c795-03ac-4b59-8280-8e60767628f9.csv
1;101.06;2019-07-30;parcelas_a2426080-7491-433e-a3b9-098678170cc5.csv
1;17953.14;2019-04-30;parcelas_a2441a2c-fe91-4e38-ac44-02512cf811e8.csv
1;1220.05;2019-12-09;parcelas_a24e110b-1ab1-495f-9243-fa8e526366d9.csv
1;12000;2019-04-16;parcelas_a24e6244-9284-4595-a5aa-d58b2171a9b7.csv
1;5096.99;2019-02-28;parcelas_a2527131-ca25-4a69-ae6c-f0f1e61bca07.csv
1;170.97;2019-12-16;parcelas_a25950ee-29de-415c-8cfd-c6bb69758aa8.csv
1;4215.79;2018-12-31;parcelas_a25aa54a-a553-4040-91ca-68aa4948bc2c.csv
1;117.4;2019-09-02;parcelas_a25d27ef-db5c-489e-a639-03042ae4fcc5.csv
1;2789.5;2019-04-16;parcelas_a2656022-a7f3-46f1-8fc9-5db675edaf67.csv
1;24432.35;2019-08-09;parcelas_a2787fc3-bf51-48e3-bd52-924e7d2ebce1.csv
1;9646.58;2019-08-15;parcelas_a27cf586-76ee-46c0-946d-e7bcd92b2495.csv
1;9310;2019-11-19;parcelas_a289d61c-2529-4d95-9fc5-9c811455b804.csv
1;561.9;2019-04-04;parcelas_a2935aec-4799-4063-b204-fe89d26dba9a.csv
1;549.8;2019-06-28;parcelas_a294ad42-db59-4745-8c32-e7f9bee4cdce.csv
1;313172.5;2019-02-27;parcelas_a29833dc-aa1f-46c2-936d-d23acbe6da03.csv
1;1552873.4;2019-03-25;parcelas_a298bf26-c046-410e-a3f7-bee3f61c848f.csv
1;396.68;2019-11-26;parcelas_a2a43267-d20f-4bc1-bf9b-aa4794d3de8e.csv
1;8538.16;2019-09-30;parcelas_a2ade087-694d-4f3f-bf1d-5d4eecd6ee16.csv
1;653812.91;2019-03-28;parcelas_a2b15e95-698e-4c41-be72-24b8d8027269.csv
1;48540;2019-11-20;parcelas_a2c477bb-ea74-4e3c-9ec4-36ebce097f02.csv
1;2694;2019-07-31;parcelas_a2c4bd70-a8ff-4542-8780-9d63061690aa.csv
1;53607.48;2019-11-13;parcelas_a2c55a25-ee2d-4706-94d1-08b2329a48fb.csv
1;6790.75;2019-08-30;parcelas_a2c5a69e-cc1f-4734-a9fb-8eab29780803.csv
1;12012.94;2019-08-15;parcelas_a2cb712b-f6b3-4860-bdf7-f6f47575e9f7.csv
1;43912;2019-08-27;parcelas_a2d2a466-66ed-4290-8dd4-1adbfa3aa677.csv
1;1035.6;2019-08-05;parcelas_a2d492e3-4671-417a-a53a-27f039bcce96.csv
1;26772.69;2019-05-27;parcelas_a2d496d7-0621-45db-b89d-1952c309a65e.csv
1;129851.05;2019-06-27;parcelas_a2d6ee93-197d-4f43-80a2-34a2e01e0508.csv
1;1247.5;2019-06-28;parcelas_a2d88644-ce8f-4d12-97c1-b9d298dd3d35.csv
1;2110;2019-11-19;parcelas_a2d94eec-1504-486e-b232-193de3d77665.csv
1;3364.32;2019-01-28;parcelas_a2d9f14d-dd89-4db6-9d2e-98463dc54348.csv
1;2853;2019-02-08;parcelas_a2dfc121-7f4b-4555-bdbe-cfb2f9ac0fd7.csv
1;2922.09;2019-09-30;parcelas_a2e49c06-ae6f-4d4c-a7d8-cfa999aba322.csv
1;377.82;2019-02-26;parcelas_a2ea10ca-42cc-4516-84e9-6f90b37966e7.csv
1;1983.63;2019-03-29;parcelas_a2f73f4e-2b6f-4d3a-998f-a97d34a9d68a.csv
1;6604.78;2019-05-28;parcelas_a2fa9558-933b-4a49-90d9-5b1cd63301cb.csv
1;2500;2019-07-31;parcelas_a3037ce5-9880-478b-a951-f7d9645e1bff.csv
1;4146.2;2019-08-07;parcelas_a304819f-e5a0-4689-aaa6-6203e57133b6.csv
1;849709.55;2019-11-28;parcelas_a309b9d0-1af7-4396-bc56-1208a992c475.csv
1;17615;2019-10-31;parcelas_a3135d85-d02a-423a-bd40-62a1635cae72.csv
1;4111.96;2019-02-28;parcelas_a3159310-aa39-491f-b805-40c0085f1572.csv
1;1121.44;2019-05-31;parcelas_a3196e6f-d0d1-437a-ba0d-59f9fe77bacf.csv
1;2768.27;2019-09-30;parcelas_a3245ba1-fd2f-4aee-bb15-a75c00432bf4.csv
1;957.2;2019-10-31;parcelas_a32ad587-1ef4-44c2-a8a1-f13cabede8af.csv
1;14100;2019-08-30;parcelas_a32bbbda-f504-440e-9ea8-56c6c071aa56.csv
1;4121.29;2019-03-29;parcelas_a33aa5d5-6082-401e-8047-8b3bad17ae15.csv
1;0.01;2019-01-31;parcelas_a3430940-0533-41c5-9155-c7e1bed6f01b.csv
1;642.38;2019-11-29;parcelas_a349aec1-191c-43b7-b4c1-c2247537fcb2.csv
1;4941.44;2019-06-06;parcelas_a34ecbb0-5920-413b-8e44-6e2dfa19f843.csv
1;2231.79;2019-09-30;parcelas_a3596531-2630-491e-ab24-0c8f72bfb309.csv
1;414;2019-01-10;parcelas_a359b728-ff59-4f52-ac79-c6fbec1b7cbd.csv
1;412.2;2019-08-08;parcelas_a35c512a-948d-4891-b3ae-e35134f5dbfd.csv
1;4051.2;2019-07-02;parcelas_a36935e4-3e22-4853-8ee1-5ca73c1b8afa.csv
1;3541.44;2019-04-30;parcelas_a370cd10-f636-4a95-a856-41d4cc21f15f.csv
1;2862;2019-10-31;parcelas_a372a093-eac2-42ea-95e8-19846dbc53c5.csv
1;9871.87;2019-01-29;parcelas_a3752bae-5d33-4de0-820b-83263949c14c.csv
1;12000;2019-09-03;parcelas_a37d811f-4d6a-494a-b959-dd68e12fc0a4.csv
1;980;2019-10-30;parcelas_a384c9c0-d247-4d1d-8e04-86a499a670ae.csv
1;13720.65;2019-07-26;parcelas_a3875f51-9c17-44a8-a150-93f898baf791.csv
1;781.86;2019-09-05;parcelas_a3877e3e-82e5-4f1b-8aa3-b4fc170fdd09.csv
1;1100;2019-06-14;parcelas_a38a3beb-7227-4d2a-875e-190ab7123834.csv
1;12280.06;2019-09-30;parcelas_a39168cc-ee5b-480a-badb-69d3d1dce8eb.csv
1;383.95;2019-01-14;parcelas_a394900e-cdde-442e-8b78-660ddc410ba9.csv
1;234.75;2019-06-14;parcelas_a396aede-52f3-4312-819e-a6a74b823f73.csv
1;6543.1;2019-07-31;parcelas_a39e5770-5f23-493d-a212-f2aa682b6431.csv
1;423130.56;2019-03-25;parcelas_a39ea45d-e6fe-4b69-b900-93c0b26fa2a8.csv
1;647701.7;2019-03-21;parcelas_a39f5576-08bb-4ad9-b8c9-53e59ce6c989.csv
1;15200;2019-08-27;parcelas_a3a9cb74-2c16-44a9-b1c6-e6a9ab0880e9.csv
1;116184.17;2019-08-30;parcelas_a3aef66a-83ff-4634-a9e5-4ba1728f4440.csv
1;1912.63;2019-08-30;parcelas_a3afe31d-ea6d-460e-8484-b667a0d86331.csv
1;2474.53;2019-01-31;parcelas_a3b1c4fc-4894-4f40-81f2-7b4027afa601.csv
1;1818;2019-07-01;parcelas_a3b805e2-f968-4dd0-a57e-bd53c7a9eace.csv
1;79.79;2018-11-19;parcelas_a3bb1c1b-3746-4c13-8718-539f4d5e2139.csv
1;19868;2019-03-12;parcelas_a3bb8281-38d4-49e8-8f6d-71331e991172.csv
1;228.6;2019-03-11;parcelas_a3bcd27b-79e1-4bfc-bbc2-4549549c3360.csv
1;11861.55;2018-12-28;parcelas_a3cb8125-b8d6-4e54-88a8-2b4a0bf12f4c.csv
1;2095.2;2019-01-02;parcelas_a3d04e64-104d-4fe4-91d6-ed53995416f0.csv
1;998;2019-03-29;parcelas_a3db184a-10b4-49ae-8cd1-5d6869f2f6aa.csv
1;30547.3;2019-07-08;parcelas_a3dda193-d656-4678-95f8-0560d8d9ce97.csv
1;20000;2019-03-11;parcelas_a3e372d8-9dec-45a8-8b98-95f9847996a1.csv
1;2553.79;2019-05-28;parcelas_a3e4b2ba-4f94-49a8-a740-b4400e2f07c8.csv
1;2937.02;2019-10-31;parcelas_a3e4f267-8b5f-4b78-8ec3-756293e705c7.csv
1;196;2019-09-05;parcelas_a3e4fedf-c95b-473c-8bfa-fb673a00fa35.csv
1;440;2019-06-03;parcelas_a3ed745f-57dd-40b0-8f02-e55b49c897ec.csv
1;135.39;2019-09-12;parcelas_a3f21139-1f04-4adc-8fe0-955c3eb90f37.csv
1;420;2019-09-02;parcelas_a3f2b41c-b756-4c08-bca3-7fa04b10112e.csv
1;1307.4;2019-07-05;parcelas_a3facccc-e32b-4ced-965d-c489f7814e2d.csv
1;1078;2019-09-10;parcelas_a4022ee0-eeb4-43b6-a0bf-8e1bcf91f4a9.csv
1;499;2019-08-16;parcelas_a402fd4a-6856-4859-8083-bceb1f59d78d.csv
1;100.68;2019-04-12;parcelas_a4067c91-19e5-4a79-8895-b7f440ace37a.csv
1;109.69;2019-06-27;parcelas_a412b155-de86-404f-b8c4-78a45ee113e4.csv
1;89710;2019-12-05;parcelas_a4162ea9-77c6-49db-86fc-7286d6af1ab1.csv
1;1992.28;2019-10-30;parcelas_a41b0473-8d90-4543-bfc9-07c9a71b5f57.csv
1;148.9;2019-01-31;parcelas_a4239435-1125-461f-a6ce-91cf43d9d6c7.csv
1;160;2019-09-09;parcelas_a42ba080-b694-422d-b85c-f1ed382f75ec.csv
1;5520.92;2019-06-24;parcelas_a438adb6-9b2a-487b-a21a-a19e9c0d80e2.csv
1;28140;2019-01-10;parcelas_a43f0389-7c32-4621-864d-4df3dcea12b7.csv
1;79.79;2019-10-23;parcelas_a4412e34-51c3-4de4-b882-a84378be57cc.csv
1;295.75;2019-04-03;parcelas_a449731d-448e-45bf-acf3-7d140553c4a2.csv
1;3868.41;2019-10-31;parcelas_a4599a10-3a69-4007-9007-819015962082.csv
1;80000;2019-02-22;parcelas_a45d273e-4bd5-4ac2-b84a-18c54264860d.csv
1;3023.21;2019-02-28;parcelas_a4605b6f-ef30-4277-82df-9d9b817da377.csv
1;10170;2019-06-19;parcelas_a46392c4-0dd7-4c31-b228-ef99162a60d5.csv
1;409.6;2019-08-05;parcelas_a466d7f8-2761-45da-ba8f-decff968e266.csv
1;1403.53;2019-04-30;parcelas_a46c7351-1f07-4685-b369-9a53f0030baf.csv
1;26250;2019-06-27;parcelas_a47211f2-c31d-4d2c-925b-b189282d8b40.csv
1;1983321.26;2019-08-30;parcelas_a48571f6-86e0-4370-8c5d-09a5de52a285.csv
1;340.06;2019-08-05;parcelas_a488dd42-85fd-4849-abb7-e2e29796ee0c.csv
1;712.62;2019-11-29;parcelas_a48d1c7f-8aaf-43a0-b06c-46b60537db13.csv
1;587.23;2019-10-30;parcelas_a4947af2-daa3-4308-a7ae-499d89d80644.csv
1;9592.2;2019-04-04;parcelas_a497be96-6163-48e6-bf80-b6163a40a909.csv
1;227.96;2019-04-01;parcelas_a49dd18e-8fba-4881-945b-aa7359823fba.csv
1;249.5;2019-06-18;parcelas_a4a59fb6-9ce5-4b81-80dd-132ed5f0925b.csv
1;10766.33;2018-09-20;parcelas_a4ab64fd-da92-4447-af18-5f910a56401c.csv
1;15;2019-10-14;parcelas_a4ad79cc-fe2f-4862-97c3-a0c9a0388aa4.csv
1;123.47;2019-01-31;parcelas_a4b04843-4fcc-4d7e-953f-e1f5d026ac7e.csv
1;998;2019-07-31;parcelas_a4bcd3fc-fa72-47f5-a459-ffd024d09172.csv
1;4992.58;2019-06-27;parcelas_a4be7bb5-5e1a-4279-b0f3-6adbfd13027e.csv
1;2994;2019-03-19;parcelas_a4c32ae5-4721-4d3d-b898-4df2f2ffaf7c.csv
1;0.03;2019-07-01;parcelas_a4c38358-cc08-4d25-a07f-cab4f948bfa2.csv
1;2359.06;2019-07-31;parcelas_a4ca7899-dc56-42a2-b2e5-d03d0068328d.csv
1;510;2019-04-29;parcelas_a4d36385-f161-44b4-821a-c26d34c18a76.csv
1;33588.41;2019-01-28;parcelas_a4d52649-53e9-4f82-b31b-08a5149a57ca.csv
1;10179.63;2019-09-30;parcelas_a4db365f-b91f-4838-81b1-4538719bc295.csv
1;211756.79;2019-08-05;parcelas_a4e1cf32-8690-4ae6-9d90-318f58ffb1de.csv
1;49183.61;2019-06-27;parcelas_a4f6c27c-6edf-4f7b-b9c6-988dbdd6b9c2.csv
1;1276.58;2019-11-01;parcelas_a5080003-b0bb-45b2-9319-d72c80c72333.csv
1;1552.1;2019-05-02;parcelas_a509ec27-410d-441c-acc1-31f14f5cf738.csv
1;525;2019-10-30;parcelas_a5143af9-a704-46bd-90e9-ac237b8110d4.csv
1;6557.5;2019-04-30;parcelas_a514add7-078b-4ef6-98b2-82757b609a45.csv
1;13750;2019-04-11;parcelas_a515ce14-060b-4448-b2a9-8756a0c58a58.csv
1;58012.56;2019-01-02;parcelas_a51b1f86-dc59-4c58-befb-fcfcca56e451.csv
1;400000;2019-11-27;parcelas_a522c2c2-36bd-41f9-afe5-261bf0d632cd.csv
1;11261.14;2019-08-30;parcelas_a5291711-4d16-498c-9bd8-039899854f73.csv
1;1126.78;2019-08-27;parcelas_a52f2239-00a0-4c74-9a0e-838fcb6a5759.csv
1;87819.38;2019-03-22;parcelas_a532d844-d526-4c41-91af-74583d90b478.csv
1;8379.78;2019-12-05;parcelas_a5331950-8683-4732-bfcd-f2bb75502342.csv
1;1750;2019-06-04;parcelas_a5392bcf-090a-4df2-9e6a-500ec501f284.csv
1;134.63;2019-08-15;parcelas_a53ac28b-3514-423a-9698-5bf759ed3af4.csv
1;20949.98;2019-05-20;parcelas_a53fc49a-3045-4a12-b1c8-e33108aa76e8.csv
1;6454;2019-11-13;parcelas_a5429cad-80e0-492b-be9f-bea373ae7a51.csv
1;42415;2019-09-27;parcelas_a5487426-9163-4f1d-a03f-898b90c3cfde.csv
1;33457.05;2019-10-30;parcelas_a54b0849-066c-456b-8468-5e7769d37c58.csv
1;1346.45;2019-02-28;parcelas_a54c49a8-22d7-4bf9-bc43-000a56173258.csv
1;910;2019-07-17;parcelas_a54d173d-14c3-4a1e-b429-05fa38b17798.csv
1;941.65;2019-09-17;parcelas_a55136e9-25fa-4481-97cb-478ef47e8c6c.csv
1;53859.16;2019-09-30;parcelas_a554b009-17ad-498f-a0b3-cb4ff73f7952.csv
1;100;2019-04-29;parcelas_a557a7f9-39f5-4978-b3a9-715dbdfe93ea.csv
1;650.8;2019-02-21;parcelas_a5670154-871a-4ed2-91d7-2f63f39918e0.csv
1;8942.58;2019-02-04;parcelas_a5698aed-2735-4fa4-b615-38ac1925f7f2.csv
1;27026.63;2019-06-27;parcelas_a56af154-6a26-485d-b090-2e520bcfb539.csv
1;9740;2019-01-10;parcelas_a56efbe2-170e-4901-80a5-79c661a393a9.csv
1;89938.1;2019-08-30;parcelas_a56ff608-4f18-4011-9fba-9954af23548d.csv
1;2812.83;2019-03-20;parcelas_a5733fdc-6bbe-4ddd-a117-61740615e7ce.csv
1;384.65;2019-01-31;parcelas_a57a5a25-19eb-4405-ae44-a7fff9b1a748.csv
1;73.53;2019-04-23;parcelas_a57cbf0b-c79c-4bb2-ade1-900ec7c745ad.csv
1;2200;2019-09-10;parcelas_a57cef91-e21b-404d-bda8-817aadeb772d.csv
1;2579.38;2018-12-28;parcelas_a57e560c-ea0b-4cc6-8deb-0d6937fd3813.csv
1;102884.17;2019-08-30;parcelas_a584fb2d-da8e-4d6c-b2c1-4b27c781d7c0.csv
1;267.25;2019-03-28;parcelas_a58f53e4-5938-4d9f-9d88-e7615f9d7e4e.csv
1;307.05;2019-05-17;parcelas_a590821f-2960-45be-9ddf-f5832c19537a.csv
1;17436;2019-11-13;parcelas_a5918870-1832-492c-939e-b47b64ef6837.csv
1;683.89;2019-09-04;parcelas_a59dfbc7-0c92-4e49-93e9-815468d0fad3.csv
1;149.9;2019-04-12;parcelas_a5a54be2-dbe8-45a7-8daa-02baf9359798.csv
1;2980;2019-02-11;parcelas_a5a75830-c418-4fb4-9634-2650250612ab.csv
1;1500.44;2019-09-30;parcelas_a5aac75a-6e55-44f6-87b2-d15d25a57df1.csv
1;18407.83;2019-03-12;parcelas_a5ab9350-122f-43ed-a037-f6f2b0af8557.csv
1;122824.96;2019-11-08;parcelas_a5ad551c-88cf-4d9f-a731-2f729f9dfe92.csv
1;65;2019-11-21;parcelas_a5aec51d-a42e-46ad-84e6-7714f4b3723b.csv
1;5219.37;2019-05-28;parcelas_a5b49c83-cfb5-41b8-8fd2-d98312de3aa1.csv
1;19535.35;2019-12-11;parcelas_a5b714f0-8495-462b-9fc6-49139abd675f.csv
1;2625;2019-12-19;parcelas_a5bed3b3-fd4c-4b66-a915-17799860314b.csv
1;36024.37;2019-05-28;parcelas_a5cd8b3e-9a5f-4459-be50-22b2571f7e0b.csv
1;227.08;2019-04-30;parcelas_a5d84aea-88bb-4e26-837e-0645a3c1c4da.csv
1;22410;2019-02-11;parcelas_a5d96a77-5b1d-4283-b562-e463b1d438f4.csv
1;491727.62;2019-04-30;parcelas_a5dbe4a7-c38f-4570-abff-e3f5e824da3a.csv
1;9128.28;2019-11-25;parcelas_a5de15fd-0bae-4462-85d4-772259830f4c.csv
1;3675;2019-09-30;parcelas_a5de803a-e42d-44a6-a054-78c63a097d88.csv
1;64973.42;2019-06-27;parcelas_a5e85e3e-e9c2-40dc-890c-027312220645.csv
1;1148;2019-04-17;parcelas_a5ea40d2-7a8f-47f5-8a97-3bff50eb8cde.csv
1;1246.19;2019-02-01;parcelas_a5ec8618-834a-42da-a665-270f767f8090.csv
1;14219.42;2019-06-19;parcelas_a5f8bc9a-7cae-4708-9ebc-434eb5ec6976.csv
1;9492.24;2019-02-28;parcelas_a5ff2e86-e58e-4c8a-bc87-f05eb1f97af4.csv
1;7830;2019-09-25;parcelas_a605fc80-3499-4e5d-aba2-b6a64c39f109.csv
1;23.28;2019-05-31;parcelas_a6095f4d-c271-4b42-a823-2917b3eb2b9b.csv
1;4098;2019-07-10;parcelas_a6193e3f-646b-409d-b5be-341f2c19039c.csv
1;10386.26;2019-11-28;parcelas_a61d6eff-bfee-4547-b85a-9f10bc076a01.csv
1;5361;2019-07-26;parcelas_a62ffeb0-3945-4be7-b277-47df205e87f7.csv
1;11547.08;2019-07-31;parcelas_a6340ecd-9d68-475e-a514-e7dafa5b4344.csv
1;600;2019-05-14;parcelas_a63e4010-28b0-4450-9e09-348d5bd5a612.csv
1;10734.79;2019-07-30;parcelas_a64813b8-6700-4846-a7c5-4f4b3a0cd159.csv
1;16350;2019-04-18;parcelas_a64c7f43-26a0-4b46-90b0-34fed5d99127.csv
1;102.58;2019-08-12;parcelas_a655c521-6049-45ac-9034-de64c0285055.csv
1;211.56;2019-05-07;parcelas_a656eee3-dbc7-48c6-a620-3f050c046354.csv
1;114246.18;2019-01-02;parcelas_a65a5f2c-c075-4cfb-8041-3f27fde3e388.csv
1;3450.23;2019-01-04;parcelas_a65e26ab-0a47-4c65-8ab6-0af237733c55.csv
1;723.57;2019-09-02;parcelas_a664b615-a984-4944-9d11-b1bdf88e973a.csv
1;920.95;2019-02-21;parcelas_a66b7188-21b7-41fc-838e-1b3f4722d264.csv
1;140395.35;2019-07-08;parcelas_a66d7e27-cfc7-4840-9ab6-cd906865975f.csv
1;258.77;2019-03-12;parcelas_a67198b2-d92b-4d3e-8324-6d1bf2aba0ef.csv
1;3244.7;2019-04-29;parcelas_a6746fe1-ae6e-4a2b-8cdc-548908c0e778.csv
1;757;2019-03-12;parcelas_a67d4915-59fb-45cd-8de2-161873d55c71.csv
1;2250;2019-02-07;parcelas_a69f4757-b9cd-471d-a8ad-2274e5587747.csv
1;480;2019-05-29;parcelas_a6a6363c-584a-43ac-80c9-6efd0c8805c1.csv
1;1393.54;2019-10-21;parcelas_a6b51d8d-5856-4f07-ae7e-16fbb9fd491e.csv
1;633.84;2019-06-04;parcelas_a6b71632-6812-4a87-9f85-6cb2bf87a253.csv
1;971.76;2019-10-08;parcelas_a6c89ba7-be95-4495-a82c-306c9c8a96dd.csv
1;562.94;2019-01-10;parcelas_a6cb8796-d885-41a4-a68c-6150ac89d92d.csv
1;4450;2019-11-11;parcelas_a6cc91f1-e94f-4c5a-b454-356d268b3ce9.csv
1;1731051.1;2019-02-12;parcelas_a6e29f32-eded-408b-a5d6-e893befd8dbd.csv
1;17114.32;2019-03-29;parcelas_a6e6d190-c5af-4ac5-8ca2-703868b9941c.csv
1;5209.17;2019-06-27;parcelas_a6ef1715-b4a7-41a4-9e98-bae7ce776ef3.csv
1;20181.25;2019-04-17;parcelas_a6f03fbb-538c-4d9e-90b7-102486f38f82.csv
1;1556;2019-04-30;parcelas_a6f6a12a-3e8d-4c47-bcbc-8207192d2ef6.csv
1;30000;2019-06-27;parcelas_a6fc075f-b8b5-42d9-8ed6-fa1cb50ebd44.csv
1;700;2019-11-28;parcelas_a70394ec-c47d-4f61-9440-d841026cc2be.csv
1;3999.7;2019-12-06;parcelas_a7095ef2-310c-452d-81d1-e3421fc61795.csv
1;56.2;2019-03-14;parcelas_a71843fa-b594-4f13-bf0b-ad8f927314bb.csv
1;25113;2019-03-22;parcelas_a729ba0d-8ab3-4aeb-9866-ca920954ea6c.csv
1;1800;2019-01-30;parcelas_a72a011f-b8e1-4881-9e1b-837daf216322.csv
1;1090;2019-07-10;parcelas_a72e9ce8-708c-4e41-8601-c90533af98b2.csv
1;139000;2019-07-16;parcelas_a7389765-b66a-40ce-8a51-86ec014c0303.csv
1;6720;2019-01-10;parcelas_a73a0d13-3814-44d4-9012-97fa74bb9763.csv
1;27935.91;2019-08-30;parcelas_a74e04ce-e2b9-499b-84a0-7805b2752007.csv
1;13309;2019-06-24;parcelas_a74ee106-6105-47e4-9607-0ea467edb2fa.csv
1;763.67;2019-02-14;parcelas_a751dba7-c8d3-402c-b8c2-15e340ddfdcf.csv
1;798.23;2019-07-25;parcelas_a757470d-cf33-4d85-ab4d-9907b35a7d49.csv
1;1508.99;2019-03-20;parcelas_a7579441-185c-4340-a9f5-3521edab5bca.csv
1;1671.75;2019-09-30;parcelas_a75903df-c339-40c4-a8f9-387f739e0233.csv
1;623219;2019-12-03;parcelas_a7691880-bc44-49a0-91f6-a0ac09f26676.csv
1;1552873.4;2019-09-26;parcelas_a76ab94c-2772-4786-b60b-9c0d726d63a5.csv
1;73855.07;2019-08-30;parcelas_a76cb292-755a-45d5-bfa0-ccefcb270991.csv
1;1866;2019-05-14;parcelas_a76eb830-3951-43da-8ffc-a4f426a2fab0.csv
1;2360.16;2019-08-21;parcelas_a77b691d-2ddc-4dd8-ac1f-5841573f461a.csv
1;8811.32;2019-02-28;parcelas_a77fd441-fce7-4b23-8430-569ff19a2377.csv
1;587.4;2019-06-24;parcelas_a77ffc62-7ae4-493a-ad58-4c116ddeb013.csv
1;2524;2019-02-11;parcelas_a781a11e-131f-404b-b05d-04b21d5dbd0d.csv
1;10000;2019-06-03;parcelas_a784adef-f1b4-4788-92dd-b5672bc9dab9.csv
1;71759.57;2019-12-31;parcelas_a789509d-8b1f-4de7-a001-ff0ea7db54e9.csv
1;14916.5;2019-02-11;parcelas_a78a1441-9cb6-4767-b542-0ee0f1c8a26f.csv
1;12800;2019-05-28;parcelas_a7905acb-aef9-402b-8950-888b519d31ba.csv
1;13076.78;2019-08-30;parcelas_a794e9bb-668b-48b9-8e80-6d5f53b4197d.csv
1;6092.19;2019-12-31;parcelas_a796c4a0-8bd2-4a12-935e-8225d1e86eba.csv
1;4290.75;2019-01-10;parcelas_a79a9091-0c55-4352-b184-47ccff9357fe.csv
1;1126.44;2019-02-01;parcelas_a79bdaf0-f810-4988-a32b-a655e881c2bb.csv
1;1588061.06;2019-10-30;parcelas_a7a37135-108d-4131-8737-eb4543055385.csv
1;79.79;2019-11-28;parcelas_a7ab8c84-cfd1-4c7e-91ef-d7cdac33ae40.csv
1;4446.15;2019-10-30;parcelas_a7b62cd5-3e63-4338-afc1-dfe945d20cd9.csv
1;5454.89;2019-01-28;parcelas_a7bbd036-ce26-4358-885f-a989fb324275.csv
1;722.05;2019-10-22;parcelas_a7bfe3b4-7f80-444c-8d35-de6c8fdbcf47.csv
1;76.16;2019-10-14;parcelas_a7c18e16-9faf-4541-9969-e633b7b7c7a3.csv
1;725458.13;2019-12-31;parcelas_a7c366f8-d537-417f-b9e7-bd5fe0cdc5b7.csv
1;10790.4;2019-06-03;parcelas_a7d35f6d-de00-44bf-9d24-98d8931e81c6.csv
1;82.66;2019-12-03;parcelas_a7da204f-81e2-48c6-92a6-7ea370b309ee.csv
1;170.97;2019-09-03;parcelas_a7dc5e48-2a4f-4862-b49c-a6ff02d0d42d.csv
1;1004.3;2019-02-28;parcelas_a7ddd583-369c-40c5-8fcc-520da4c669af.csv
1;3884.37;2019-04-17;parcelas_a7e08172-df33-41c8-b20a-7805e4427faa.csv
1;3633.38;2019-04-30;parcelas_a7e37180-6386-491a-bc7c-233913066e98.csv
1;500;2019-04-30;parcelas_a7e4773e-586d-4cc4-9b7d-e3ca45c09277.csv
1;3080;2019-11-25;parcelas_a7ea1eab-fc3f-40f6-9081-99ba6689c4ce.csv
1;278.25;2019-08-05;parcelas_a7ea6796-2fa6-4125-a352-5a92a75d3c14.csv
1;2546.25;2019-12-19;parcelas_a7f1a71f-5385-42b1-8a3c-8e7f8356651a.csv
1;3535;2019-07-16;parcelas_a7f56031-77ff-4af2-b078-a780634f7027.csv
1;3263.25;2019-04-29;parcelas_a8023826-5563-4981-bc32-5d35b83dc57c.csv
1;7920.8;2019-02-22;parcelas_a80a73a6-f7b5-48be-8ce8-d21fcf484b05.csv
1;89.6;2019-01-09;parcelas_a80a9d54-746c-4b7d-9e9e-2124d74d67e4.csv
1;107058.67;2019-04-30;parcelas_a811310e-4106-4e14-af06-6cb312ae3fce.csv
1;18402.18;2019-06-27;parcelas_a816a343-f596-448b-8ca5-3dee623ea40d.csv
1;2781;2019-07-04;parcelas_a81d3280-e5b3-4985-8228-1f93ac5508d5.csv
1;28637.99;2019-11-28;parcelas_a825954b-480b-483a-a5b8-1402d2beee52.csv
1;14350.05;2019-10-31;parcelas_a829563c-a679-435a-b6ed-3967fa526eae.csv
1;10302.91;2019-11-07;parcelas_a82a9f8f-d27a-4e68-8231-6f6856754a24.csv
1;72632.58;2019-11-29;parcelas_a83a1a70-f8a3-47ce-950b-6c96389db86d.csv
1;5478.87;2019-09-30;parcelas_a83d94b4-c67f-4fa4-ba62-c8da014ad2bb.csv
1;3584.04;2019-05-21;parcelas_a845d2d2-f079-4166-8742-f9d1e6e1c8f0.csv
1;155811.04;2019-02-28;parcelas_a845e35d-89d7-491a-bda8-88da2776e69a.csv
1;79.79;2019-03-29;parcelas_a84bc55a-339b-4a98-b883-f048b7267fe1.csv
1;1703.12;2019-01-31;parcelas_a853a692-068d-4a41-9cd0-79f5f9da6f40.csv
1;2009.32;2019-04-30;parcelas_a8547a91-5c84-4643-a9d6-6ee64c9c4075.csv
1;1832.72;2019-02-08;parcelas_a8559923-06a0-4589-a8df-09bbff4b2d9c.csv
1;180;2019-03-11;parcelas_a8583a9a-3572-4f20-b719-de3ac010cbf5.csv
1;2618.15;2019-02-28;parcelas_a859af45-e478-452e-86ff-bba42a19a34b.csv
1;39.89;2019-07-16;parcelas_a85fa358-003b-4ec0-ba9d-a32b328e34cc.csv
1;1362.49;2019-05-08;parcelas_a863a053-3570-4318-b22d-eff30bbe36f4.csv
1;641458.39;2019-09-30;parcelas_a86970aa-db32-4727-ad9d-4dc413aef58e.csv
1;23.33;2019-10-07;parcelas_a87393eb-fd5e-401b-a65c-729d87c643f5.csv
1;1719.54;2019-03-26;parcelas_a8770daf-3696-4eac-8f81-e5202707eff1.csv
1;2496;2019-10-04;parcelas_a877563b-5ba8-4b3e-b716-9d1ca0d45d7c.csv
1;44.37;2019-07-02;parcelas_a87c6a5d-41d7-4f5a-8b0e-7ad3b4c2dbea.csv
1;66.67;2019-03-19;parcelas_a8828de6-ad9d-42f8-a8a7-3e7824476971.csv
1;95676.05;2019-05-20;parcelas_a8853116-5600-41a5-90f9-7232ed006894.csv
1;25497.8;2019-02-11;parcelas_a885e302-6de1-4dfb-8bf3-e2422633ba9e.csv
1;15300;2019-11-14;parcelas_a89a08e7-434c-4a4c-951a-3988c959f4a2.csv
1;943.7;2019-07-22;parcelas_a89d8854-f7f0-40e3-a2c2-4d8cb8a5acde.csv
1;105609.6;2019-07-19;parcelas_a89eb3a4-9746-4fb2-b1ad-ab3052aeb8e2.csv
1;28797.4;2019-03-01;parcelas_a89ee5d4-92d0-49e1-9020-499ba8e45e85.csv
1;1437.26;2019-10-30;parcelas_a8a47c19-f5af-4ae0-a3aa-d7406e07b8c9.csv
1;85626.11;2018-12-21;parcelas_a8a8cee0-a6b1-413e-9af3-aaea5ee6683c.csv
1;27861.12;2018-12-21;parcelas_a8a8cee0-a6b1-413e-9af3-aaea5ee6683c.csv
1;14608.5;2019-07-25;parcelas_a8ae1295-3990-4eff-9873-3991b7b96363.csv
1;1245;2019-09-02;parcelas_a8b78bf9-18eb-495d-b53a-bd5c6a32ef22.csv
1;2154.95;2018-12-21;parcelas_a8c29b55-65db-4a06-9a86-d028199c5dcb.csv
1;20337.45;2019-03-29;parcelas_a8c2dfc5-4fa4-49c8-babb-ac0716e372e6.csv
1;3759.64;2019-04-30;parcelas_a8cb5524-7ba6-4f80-9298-47cf89c06308.csv
1;1714990.27;2019-07-03;parcelas_a8cd0012-dd73-4175-8e1c-3cf36504ef22.csv
1;146.61;2019-03-12;parcelas_a8cd2519-f005-40fa-825b-4c3713de6265.csv
1;753.26;2019-11-29;parcelas_a8d1f59e-138e-424b-bbcc-39bd5f92a47c.csv
1;3264;2019-05-14;parcelas_a8d60fa4-4bc8-4473-b934-410e1b68a315.csv
1;5724.07;2019-07-31;parcelas_a8da1125-b146-4b32-82a4-f7466432be05.csv
1;2000;2019-09-19;parcelas_a8e300c6-957d-4de6-a549-46821343f70c.csv
1;9645.3;2019-06-19;parcelas_a8e417e5-b2f8-4b6f-a86c-67dc6bd57821.csv
1;1360.6;2019-05-31;parcelas_a8ea0f6f-e899-4c80-a14c-8a772db4c8e7.csv
1;1670.03;2019-12-11;parcelas_a8ec35d0-2452-4dc8-aedc-a88be18187fa.csv
1;2024.17;2019-07-31;parcelas_a8ee1e0f-fe85-45b6-8a33-c27095dc8b7c.csv
1;3819.8;2019-06-03;parcelas_a8f0df7c-f4d0-49e4-a78a-21122646053b.csv
1;5250;2019-06-27;parcelas_a8f48c3d-efdd-4469-a93d-f0d3a87a5a89.csv
1;159189.64;2019-11-28;parcelas_a8fa2257-b79a-475a-8dfd-9842f08939f0.csv
1;3609.35;2019-08-22;parcelas_a9137678-f91a-4c5e-9a3b-4cee4025072a.csv
1;3149.21;2019-09-30;parcelas_a91388f3-a4c2-4416-ab09-42302739533a.csv
1;8711.38;2018-02-20;parcelas_a91d40ef-3011-4202-9e4c-469ff947cb11.csv
1;95340.92;2019-06-27;parcelas_a91fecf6-9c3c-4b96-9654-0c337ad9f030.csv
1;5270;2019-04-08;parcelas_a926111b-66dc-4153-a4f2-ff0e15c50da8.csv
1;11336;2019-05-14;parcelas_a92e201d-8b8e-47ca-b37f-eaab8eccd8d1.csv
1;4498;2019-12-13;parcelas_a932ccaa-1c19-4c55-a53d-fbdfbe51264a.csv
1;3604;2019-06-12;parcelas_a932d69b-1de2-4167-81c9-a6d2a098f8ec.csv
1;4810.68;2019-04-30;parcelas_a9368359-7a30-4ffc-ac19-c401c97378bf.csv
1;670.83;2019-08-30;parcelas_a9380570-9ed0-44fe-aa54-b2bb1e3054ff.csv
1;14376.66;2019-06-27;parcelas_a93bb7ec-d6f5-43f8-b5c6-95c401cd0dfb.csv
1;2196.49;2019-08-30;parcelas_a94b8b99-db04-45ef-b4ff-5a3cd38216fe.csv
1;6954.95;2019-10-31;parcelas_a94bac06-b80f-4061-8a5e-964f5e88d56d.csv
1;15500;2019-04-08;parcelas_a95106b0-a661-4682-be2b-171fafbe1125.csv
1;4136;2019-02-15;parcelas_a95332a9-8551-444f-bdb6-07cec0c5d1fb.csv
1;960;2019-04-24;parcelas_a95a4c28-547d-4090-9f38-1cb947799164.csv
1;4725;2019-06-27;parcelas_a95b59b4-06cd-47c6-98b9-b684df494222.csv
1;11658.46;2019-12-06;parcelas_a95e94e7-4d47-4c3a-b450-eaa789b6f08b.csv
1;319382.14;2019-03-22;parcelas_a9607e7c-d6f0-480d-8b02-de721ad88ba1.csv
1;2250.62;2019-04-29;parcelas_a965b329-50e0-4333-acbd-62c2a227f1e6.csv
1;382.23;2019-03-12;parcelas_a9668286-cc5d-43cf-8fd0-a36f244add97.csv
1;763.2;2019-10-25;parcelas_a969780a-650b-4b05-810b-65c16b204471.csv
1;2482.91;2018-12-28;parcelas_a96a5ed3-ed2f-4dd6-a452-aad8acdaee5e.csv
1;1368.39;2019-12-03;parcelas_a96be997-26bf-41a5-8c52-6df4b5b3f7c7.csv
1;548.5;2019-07-15;parcelas_a96d7bea-e4d4-4388-ba89-ae178e7b1f2b.csv
1;6893.94;2019-04-04;parcelas_a96e9a79-8004-4f05-a4ac-e719e924f59c.csv
1;30588.07;2019-08-30;parcelas_a98cbf5b-be65-430e-b2f4-4cc7471884bd.csv
1;914.3;2019-06-28;parcelas_a99b6d6f-1874-40ac-9541-6098fbad5915.csv
1;23465.98;2019-11-08;parcelas_a99da4a0-2ca3-472b-aaa7-f293834baf0e.csv
1;1541.98;2019-04-30;parcelas_a9a6ef4f-1c29-440c-83a1-cfed9f04a3b2.csv
1;2497.82;2019-05-28;parcelas_a9ae6860-c56a-451b-8235-13ac856e47c1.csv
1;72011.25;2019-05-29;parcelas_a9af1f69-75b0-4585-ae79-db3a3c1ef382.csv
1;32527.77;2019-01-02;parcelas_a9b2410f-a02b-4eb4-a973-a11ccc7e463d.csv
1;15201.93;2019-07-30;parcelas_a9b3ddac-f12d-489b-bce0-d4fe4e782a39.csv
1;32400;2019-09-09;parcelas_a9b7e256-ceb6-4cc4-83e6-d7d3a27c1f42.csv
1;1550;2019-02-25;parcelas_a9be79a9-061f-41e0-af14-ea6581c923b2.csv
1;34680;2019-11-20;parcelas_a9becf1c-05be-4ad2-a920-aa3c825b596a.csv
1;3583.96;2019-04-30;parcelas_a9c31922-cea3-4dfe-9301-1bfabd0ccbd7.csv
1;880;2019-08-27;parcelas_a9c5f60f-7a16-4656-8eff-c265fb13d6e8.csv
1;135.77;2019-01-11;parcelas_a9c9c379-e35a-49d6-941b-7919b663eb93.csv
1;7661.4;2019-02-11;parcelas_a9cec8db-ad11-4874-b43a-af403d6325b4.csv
1;2550.01;2019-02-20;parcelas_a9d35d3a-1ffb-41d8-811d-d5fdaab759f2.csv
1;5431.89;2019-09-30;parcelas_a9d7a112-a8df-4d80-8a18-c2bae1d9e48b.csv
1;66.7;2019-12-30;parcelas_a9d8a02c-3027-4ce1-861f-7e9bc33c5789.csv
1;53648.34;2019-03-01;parcelas_a9e0da1a-0413-4f9f-af6d-0d120258ed1a.csv
1;2541.14;2019-06-28;parcelas_a9ea6a76-b1cb-4c02-8db1-8ade77ee21fc.csv
1;43259.48;2019-10-23;parcelas_a9eb1f6d-a40f-4574-89bc-003644815e98.csv
1;119.67;2019-04-18;parcelas_a9eee23d-c5ac-4558-b0ed-ef9a93e6060c.csv
1;2635.46;2019-04-30;parcelas_a9f072dc-1a89-458b-a59d-a010b3e2b6e6.csv
1;1021.77;2019-10-30;parcelas_a9f799f4-efe9-4ef8-98b4-052ab1494f6d.csv
1;188.05;2019-06-10;parcelas_a9f8da54-7e5c-4c34-9d12-7054f46a0864.csv
1;1245;2019-06-03;parcelas_a9ff51c8-6acc-43d1-9cb0-49267c4d1514.csv
1;400000;2019-08-20;parcelas_aa0426a4-91ef-4db8-abc8-8dc6c3686a86.csv
1;40138;2019-03-01;parcelas_aa10535a-c08d-4e04-b10c-48f1b6ea54db.csv
1;444.81;2019-12-30;parcelas_aa117362-b56d-4243-b715-fb573b67ca04.csv
1;299.46;2019-04-23;parcelas_aa1354c5-e396-4cec-8191-79e64b1e2cdc.csv
1;28400;2019-01-02;parcelas_aa24ad31-48fa-4f9e-8d22-0d2d1458ffb8.csv
1;12778.33;2019-06-27;parcelas_aa2c8024-d1ec-4755-8142-8a9c2f0de81b.csv
1;454.17;2019-04-30;parcelas_aa2cfd1a-fd61-4941-87e1-c8607226d21c.csv
1;3325.22;2018-12-28;parcelas_aa3421ce-382a-446e-a278-e764df63042e.csv
1;3774.76;2018-12-28;parcelas_aa3421ce-382a-446e-a278-e764df63042e.csv
1;5317.79;2018-12-28;parcelas_aa3421ce-382a-446e-a278-e764df63042e.csv
1;312.9;2019-01-18;parcelas_aa3421ce-382a-446e-a278-e764df63042e.csv
1;195.6;2019-01-18;parcelas_aa3421ce-382a-446e-a278-e764df63042e.csv
1;222.12;2019-01-18;parcelas_aa3421ce-382a-446e-a278-e764df63042e.csv
1;490.11;2019-11-06;parcelas_aa451826-86d3-4977-bd26-b7c3900c1045.csv
1;2828200;2019-01-03;parcelas_aa483d2e-1079-4eee-a6f7-ebdfce4b1638.csv
1;1961.13;2019-09-16;parcelas_aa49f627-74cd-4a2b-a49b-3bf4f5f4aa0e.csv
1;2668;2019-08-22;parcelas_aa4abc49-75a2-4887-a403-71190091956b.csv
1;6638.65;2019-09-10;parcelas_aa4b534a-1f21-4b2b-bf33-956d789e739e.csv
1;114.4;2019-05-15;parcelas_aa529430-e746-46ca-92f5-04de8765c16a.csv
1;100000;2019-01-17;parcelas_aa5a910a-b1cc-4b7b-8d56-4de359ed6cea.csv
1;65;2019-12-31;parcelas_aa5c2d2c-fa49-4580-a299-7573fb8befbf.csv
1;24773.15;2019-01-31;parcelas_aa61e163-2591-46cf-94c1-ee07751a0dba.csv
1;1279.95;2019-07-12;parcelas_aa6c9f8c-71f8-4c2d-9b74-6cb0003f6a5d.csv
1;2058.8;2019-10-18;parcelas_aa79aad3-2327-4912-83c3-0172a7691c8c.csv
1;369.32;2019-08-08;parcelas_aa7abd0b-11d2-4d63-9bd4-4b5cf797aa56.csv
1;55594.52;2019-01-28;parcelas_aa7e3c87-af35-41b7-8347-00ee28b152a2.csv
1;65000;2019-04-15;parcelas_aa865952-2e7a-448d-af0a-3453a62b87dd.csv
1;37320;2019-02-28;parcelas_aa8f0302-8ea2-4ab8-9fd5-8259267d37d1.csv
1;500;2019-08-01;parcelas_aa92ae4a-c28c-479f-836e-7a3729ca60f4.csv
1;8766.09;2018-05-18;parcelas_aa9eb1d3-2f5a-44de-9f8f-840bfb291d5d.csv
1;26109.6;2019-05-30;parcelas_aaae56a0-db4e-496d-9589-1049edef7e9a.csv
1;750000;2019-02-13;parcelas_aab1dd2e-6ace-49de-af79-57cdb899add5.csv
1;577950;2019-10-21;parcelas_aabf7da9-7936-41e2-b19e-a873e7e02450.csv
1;190627.5;2019-05-28;parcelas_aac28f2c-6d98-4425-9d38-e235f9918db9.csv
1;1636;2019-02-12;parcelas_aacac0ae-b2fb-47ff-9da7-05643d6cb79a.csv
1;13662.5;2019-05-21;parcelas_aacf97d2-e02e-4e60-a3b1-f0556708a7bc.csv
1;2173.3;2019-01-31;parcelas_aad36a78-02de-478d-83f4-7c16daa44818.csv
1;22117.18;2019-07-08;parcelas_aad485cd-d25d-4bfd-b79d-c9d41d04d9a4.csv
1;220.9;2019-09-05;parcelas_aad9ffc1-1c57-4dbb-8c7a-10ffdeaf1464.csv
1;12.1;2019-09-13;parcelas_aadeaac1-f2db-43c5-b9da-7d9ada540f2d.csv
1;51060.67;2019-11-28;parcelas_aadfa13e-964b-45ec-b07d-9c2693eafaa5.csv
1;155.58;2019-08-08;parcelas_aae9aee9-9ccc-40d5-a785-b6eefa815bec.csv
1;43148.51;2019-07-04;parcelas_aaecf95e-400f-4148-82ba-aefa3a26af4c.csv
1;844.4;2019-04-04;parcelas_aaef4351-fe7b-464c-b065-7db28a8661d7.csv
1;4399.86;2018-12-21;parcelas_ab0a545b-dca7-401e-8ee1-7f8e56f140de.csv
1;357181.81;2019-07-04;parcelas_ab0ca320-1765-4f58-85b0-9cc65b609bc7.csv
1;1140.95;2019-02-01;parcelas_ab0d631f-b616-4dba-928c-c1bf34fa9cb7.csv
1;3828.75;2019-07-01;parcelas_ab0da9e2-da57-421e-a939-b1f761a2c57e.csv
1;71759.57;2019-09-30;parcelas_ab0dccf5-eaa7-47e2-b723-6ff4aa02972a.csv
1;29108.93;2019-06-19;parcelas_ab10c228-9b8f-4126-a8ef-17d8043f1805.csv
1;2057.15;2019-12-06;parcelas_ab14e2ed-370f-42f2-9cd2-182adb1d5d33.csv
1;79.79;2019-09-25;parcelas_ab23cd8d-78c4-4e0d-86ba-c1bdcc98742c.csv
1;1459.6;2019-01-25;parcelas_ab2b148b-7cb1-48c8-91bd-5df901f7d5af.csv
1;5300;2019-04-18;parcelas_ab2cfcb6-909a-4706-abee-3b156908db82.csv
1;1200;2019-06-05;parcelas_ab2e6b31-999a-40bd-a776-dfb3229f8aa5.csv
1;302.66;2019-02-28;parcelas_ab399c31-0e81-45f0-9588-125ae846cb40.csv
1;3545.99;2019-04-08;parcelas_ab3e46e9-31b3-4af0-bd13-0e8bb7cac2eb.csv
1;6335.87;2019-11-18;parcelas_ab3ed423-4cfa-4276-89c7-c8d2f239d71c.csv
1;2492;2019-10-30;parcelas_ab4bd628-58bc-4199-97b5-86882c324bdd.csv
1;268000;2019-11-18;parcelas_ab51f20e-9bde-451c-925c-fd8cd15f8f54.csv
1;2000;2019-08-30;parcelas_ab59939a-d103-4e29-bbe4-c75a306db63d.csv
1;5414.57;2019-11-28;parcelas_ab606cea-1d3d-4f43-a7ba-497ef3e69c79.csv
1;22117.18;2019-04-15;parcelas_ab60dbf3-64db-46a3-b571-372e417559ad.csv
1;4185;2019-04-11;parcelas_ab64ba1c-5aae-49e4-9a4c-e9cc4aefe3c9.csv
1;52.9;2019-07-01;parcelas_ab808dc1-cebf-4f97-848e-b57aaac86e1e.csv
1;352681.18;2019-08-30;parcelas_ab84fd3f-7d2d-4506-b629-481e4875cc9b.csv
1;79884.93;2019-11-08;parcelas_ab87f23c-9eca-4388-8338-01d26d5dd19e.csv
1;19035;2019-01-31;parcelas_ab97e8e2-2df0-40b3-a4cc-91cb7af13bba.csv
1;341.99;2018-12-21;parcelas_ab9a2d4e-a11c-4b46-a229-60790bb27320.csv
1;1663.94;2018-12-21;parcelas_ab9a2d4e-a11c-4b46-a229-60790bb27320.csv
1;17928.46;2019-12-30;parcelas_abada4c5-06a5-458f-961b-67ccae5745cf.csv
1;7174;2019-01-28;parcelas_abb05c2e-2e80-4ce5-b8e3-9f19e2524cee.csv
1;16691.37;2019-07-19;parcelas_abb96028-98f3-41ae-a0ff-5b1cd73f6734.csv
1;748.5;2019-08-29;parcelas_abbbad15-84f7-4af4-a775-44a22b8e4553.csv
1;400000;2019-10-25;parcelas_abbe6b86-0fd8-452e-969b-6b66a471b387.csv
1;1303.05;2019-10-30;parcelas_abc78ed1-b8ed-459e-83f7-ec59ba12bedd.csv
1;5550;2019-03-18;parcelas_abc883e0-9767-4626-bf8b-91ab4d7681fc.csv
1;1134;2018-10-31;parcelas_abca937e-6aa2-474c-96df-b182ef6ffc7c.csv
1;976;2019-07-29;parcelas_abd00de2-1bb8-4712-94ab-d9885883551a.csv
1;106.52;2019-07-02;parcelas_abd6a94c-969d-49cc-8828-ed67a1a1cdb1.csv
1;649094.58;2019-03-29;parcelas_abd8931f-e77c-49f3-94a3-c886459028fd.csv
1;11280;2019-08-08;parcelas_abd97ac5-93e8-45f2-aef1-a24f1fa98a90.csv
1;73225;2019-08-13;parcelas_abdc3454-9552-47d3-991d-ee00627caf07.csv
1;1600;2019-10-14;parcelas_abdcba9b-26f1-47f9-a621-6519ae6b8d34.csv
1;85.96;2019-05-06;parcelas_abdcc96a-1afc-41ff-94b5-7bb19f78065b.csv
1;47120;2019-05-02;parcelas_abdef458-8909-400d-9398-e6eb677cf953.csv
1;5839.45;2019-08-22;parcelas_abefd5af-9d7b-4b40-b4ad-07b4396cef33.csv
1;44849.96;2018-05-30;parcelas_abfbc871-c577-4da2-b108-aecad63097a8.csv
1;23622;2019-12-13;parcelas_abff62f9-0098-4e05-aa58-b01a8b474410.csv
1;7300;2019-10-31;parcelas_ac017709-93f7-4b75-884d-beb1d4186a0e.csv
1;6124.5;2019-11-25;parcelas_ac077f28-7df9-4908-a0bd-80c251c6a17a.csv
1;3754.11;2019-08-30;parcelas_ac0dea42-1738-4f78-9b46-0ddeae449a29.csv
1;140000;2019-04-25;parcelas_ac12ac3c-4adc-4a6f-950f-cab0909875e2.csv
1;78161.28;2019-09-11;parcelas_ac196c84-63c5-45e1-81d7-21710f1905c9.csv
1;3596.35;2019-10-14;parcelas_ac1c409a-8eb7-454b-8cee-f145248af672.csv
1;11089.72;2019-11-29;parcelas_ac1fc24f-722f-4a9d-8819-27c8e859369a.csv
1;48178.86;2019-02-28;parcelas_ac206193-5574-4761-ac96-4b77c5f84386.csv
1;102720.85;2019-06-27;parcelas_ac20b1d2-2004-4c5b-aad0-077a8e657588.csv
1;2700;2019-07-19;parcelas_ac211aac-3de4-4058-80b2-c47fc5aece41.csv
1;13982.19;2019-11-26;parcelas_ac2a0a89-8f13-49f4-8984-8db2654a2210.csv
1;37990;2019-03-29;parcelas_ac2cf80f-0dc1-4e1a-87d7-ca7e478b6f9c.csv
1;18282;2019-01-02;parcelas_ac2e69eb-15ab-4f58-b968-04b24a0ddd3c.csv
1;1158.12;2019-10-30;parcelas_ac2f29e6-cb1a-4938-bf97-b79fbc98af1c.csv
1;107.48;2019-08-08;parcelas_ac4397e2-41e2-40e4-a9d3-065f41c5d34e.csv
1;4652.23;2019-10-25;parcelas_ac47daa8-1b45-4f75-a9c3-7ebf987186a5.csv
1;65;2019-01-11;parcelas_ac48225a-1849-42e7-87d3-8d2bbe879fdf.csv
1;882.3;2019-01-31;parcelas_ac538e22-7927-4b77-816e-1cdcdbb5b6e4.csv
1;80000;2019-01-17;parcelas_ac60aec0-30a9-44ae-bdca-370f471d3bb3.csv
1;6399.88;2019-09-16;parcelas_ac62cd74-c036-4ae7-a5b2-ba52102ac775.csv
1;5370;2019-03-29;parcelas_ac688def-2f30-49a0-a09e-818a55487533.csv
1;30867.31;2019-07-30;parcelas_ac78269d-fe3b-4b66-8f46-b36fa982a9ea.csv
1;20.3;2018-08-31;parcelas_ac7e896e-faf4-45c3-9424-61f437548b11.csv
1;923.17;2019-08-05;parcelas_ac833740-d6bc-4ed2-a265-9a5bac5e2f85.csv
1;3800;2019-07-19;parcelas_ac868d92-c2d1-48f2-a6cf-b15d20c1d5d5.csv
1;400;2019-09-19;parcelas_ac923f98-167a-41cb-ac47-4d2908fac3b6.csv
1;152892.49;2018-12-31;parcelas_ac9a72f0-1d84-447f-abfb-20b4b4c1b724.csv
1;43051.23;2018-12-31;parcelas_ac9a72f0-1d84-447f-abfb-20b4b4c1b724.csv
1;87066.36;2018-12-31;parcelas_ac9a72f0-1d84-447f-abfb-20b4b4c1b724.csv
1;56941.64;2018-12-31;parcelas_ac9a72f0-1d84-447f-abfb-20b4b4c1b724.csv
1;101942.4;2018-12-31;parcelas_ac9a72f0-1d84-447f-abfb-20b4b4c1b724.csv
1;77331.5;2018-12-31;parcelas_ac9a72f0-1d84-447f-abfb-20b4b4c1b724.csv
1;75845.29;2018-12-31;parcelas_ac9a72f0-1d84-447f-abfb-20b4b4c1b724.csv
1;59905.08;2018-12-31;parcelas_ac9a72f0-1d84-447f-abfb-20b4b4c1b724.csv
1;55085.5;2018-12-31;parcelas_ac9a72f0-1d84-447f-abfb-20b4b4c1b724.csv
1;77351.48;2018-12-31;parcelas_ac9a72f0-1d84-447f-abfb-20b4b4c1b724.csv
1;1197.48;2019-09-16;parcelas_acaf13ad-091c-4285-92bb-1983f85ee744.csv
1;1832.22;2019-11-27;parcelas_acaf8d5a-211c-4ca4-9888-add4f6a5f358.csv
1;37877.23;2019-09-30;parcelas_acb6f430-81f0-4db2-b2a6-b3876a89bb14.csv
1;75754.65;2019-03-29;parcelas_acb904d7-e806-4c69-8b6e-0bcb579ab138.csv
1;36761.91;2019-02-11;parcelas_acb959b6-bae4-4ec9-b472-5227845e03c6.csv
1;420.54;2019-01-28;parcelas_acbb4be1-9265-4bab-9db8-19a3f62ea3a9.csv
1;5255.5;2019-02-08;parcelas_acbf39f8-5090-4ab4-ac78-073a2748aa5c.csv
1;292.83;2019-03-12;parcelas_acc37fb8-65f4-4191-8d66-beacb6e157a4.csv
1;361958.33;2019-07-26;parcelas_accdfe34-f3bd-4bc6-b558-949e3474694f.csv
1;122885.7;2019-10-30;parcelas_acdda0f0-819a-44e3-a99d-23e41d4287c3.csv
1;4163.14;2019-02-28;parcelas_acde65e5-7c2f-4a7e-b605-31793f6006b7.csv
1;1996;2019-05-31;parcelas_acf10d54-6680-479c-a51b-970ab35205d1.csv
1;906.5;2019-04-30;parcelas_acf793f9-2631-4331-80be-f56b1ee16a78.csv
1;39930.46;2019-05-28;parcelas_acfeec2d-b457-4a34-b9ee-943108d563f8.csv
1;1311.48;2019-06-19;parcelas_ad040542-9a38-429e-a86c-2d43ce9d5e04.csv
1;298;2019-08-28;parcelas_ad098c6f-4c74-4a3f-99e2-3d9dd8c4176a.csv
1;76.7;2019-11-26;parcelas_ad12721f-9c83-477a-afd9-952b9570084c.csv
1;83621.88;2019-03-29;parcelas_ad16b2d2-1339-4fef-9946-35112dba6a51.csv
1;94.76;2019-04-16;parcelas_ad17598a-006f-4f31-9943-871274f29b56.csv
1;110919.35;2019-06-27;parcelas_ad182aa3-29a7-42d0-bc40-789c7af726f1.csv
1;121835.66;2019-09-30;parcelas_ad1a3d5b-cd51-46b4-ac1e-f50f89bc9d85.csv
1;15353.85;2019-10-31;parcelas_ad1dd95e-efb5-41cd-9149-221cbcbcd7cd.csv
1;4400.5;2019-05-21;parcelas_ad29a16f-7341-4fe1-97b5-7d6bce3abdac.csv
1;6277.25;2019-07-31;parcelas_ad2fc344-2c0e-441b-8465-beb0bc083ac1.csv
1;17792;2019-08-30;parcelas_ad3051c8-6a85-4c23-a01b-47da46604fa2.csv
1;13482.86;2019-06-27;parcelas_ad364b0b-36b3-4a24-a9cd-162ca9cb52dc.csv
1;292387.55;2019-02-28;parcelas_ad37e593-3d2f-45be-a07a-886b6c1e0bf6.csv
1;703.99;2019-09-30;parcelas_ad3f9c45-64d7-480a-b859-03ea62425f64.csv
1;5846.96;2019-03-29;parcelas_ad4834b5-ddd7-47f6-acca-4726aef78b7a.csv
1;1271.73;2019-01-31;parcelas_ad484205-82c0-4451-ae85-cc0933bb21ca.csv
1;5790;2019-06-04;parcelas_ad4bd676-bb65-48b9-b647-4ccd0bd75a2a.csv
1;5600;2019-05-28;parcelas_ad5298cb-7efc-47af-84b8-c2288e65caa3.csv
1;45630.48;2019-09-30;parcelas_ad598089-e36b-41ae-80c2-2b9f58c6b04a.csv
1;7155.26;2019-11-06;parcelas_ad5b252a-332a-4edf-81d1-954890fa6b02.csv
1;2952;2019-01-10;parcelas_ad696d94-1ac4-443c-a278-9bd8ff446c81.csv
1;1345.54;2019-09-30;parcelas_ad6c9ee6-e09b-4e88-9ca6-84b9b2b0df4e.csv
1;56.16;2019-08-08;parcelas_ad6ff6a3-9a2d-4038-97e1-b10c0950f2a4.csv
1;3245.98;2019-04-30;parcelas_ad7016ef-379d-42c5-8dd1-1a600db41b45.csv
1;420.54;2019-05-28;parcelas_ad76029a-a685-4a1b-b982-375836950973.csv
1;4000;2019-10-31;parcelas_ad7ef861-63a5-44fc-b09a-5a0f6f03f885.csv
1;2818;2019-06-12;parcelas_ad7feca2-43f9-4943-b55e-393525a45391.csv
1;36559.2;2019-02-28;parcelas_adb801f2-52f5-4e25-9ca5-ab658d2d2ce1.csv
1;68181.23;2019-03-14;parcelas_adbe7678-d52c-46f0-ae51-eb510a7c400b.csv
1;14858;2019-05-14;parcelas_adc56750-7c2d-4970-a758-26c87b1bafa0.csv
1;300;2019-11-22;parcelas_adc5d3b9-517e-4fc5-9d52-d015e4627243.csv
1;1461.5;2019-06-24;parcelas_add2b857-e711-44c9-8ed0-322ff5093a31.csv
1;26385.12;2019-06-27;parcelas_add6c439-54ff-42f7-853d-b5b797e85b9c.csv
1;182351.38;2019-06-27;parcelas_addb3a47-2a06-4aea-9512-42eddaadbd6b.csv
1;189.98;2019-11-26;parcelas_addc156e-e7a7-431f-8c71-9c0672a029db.csv
1;2625;2019-10-08;parcelas_adec05e5-c5a6-4ab3-ad95-37b82a163446.csv
1;98080.98;2019-11-29;parcelas_adf1a7b2-27e0-4f2c-b777-6c2c55538dad.csv
1;704.33;2019-12-05;parcelas_ae04934d-2391-4e19-85cf-a5c8c076cda1.csv
1;21918.65;2019-11-25;parcelas_ae0705f3-084b-4aca-9704-c2dd74e04eb4.csv
1;469.16;2019-12-02;parcelas_ae136ca7-7439-4007-b2b7-64694e7daf79.csv
1;25874.44;2019-11-13;parcelas_ae16edca-11fc-450a-916c-63834e3fd6bf.csv
1;21960;2019-01-02;parcelas_ae1ed581-5886-4f95-bcee-71ff7d9337b3.csv
1;15755.22;2019-09-30;parcelas_ae2110be-0337-4345-99fa-ca4c5a80cbe2.csv
1;72103.43;2019-07-04;parcelas_ae2f3c16-91aa-44f5-b253-2ff4a46944fb.csv
1;10162.31;2018-12-20;parcelas_ae2fa9e4-78d2-49b6-b556-3bbbec210d0b.csv
1;2892.59;2019-10-29;parcelas_ae331a44-be5f-487b-ac8d-16ac9569e46e.csv
1;66.26;2019-01-20;parcelas_ae372a6a-b754-42bd-9e9b-5d2898ffb25f.csv
1;33800;2019-12-06;parcelas_ae3a4881-71fe-4a29-9796-e7c3ad20c447.csv
1;849709.55;2019-08-30;parcelas_ae45cdcf-35ae-45fe-b2bf-35d314be085c.csv
1;1784.8;2019-01-22;parcelas_ae518493-6c09-4f08-b7b3-ae4aaf7b415f.csv
1;672144.09;2019-05-31;parcelas_ae590f9e-468b-4fdc-af69-a9acb37d8e88.csv
1;342;2019-08-20;parcelas_ae5be351-6fe3-44d9-b7dd-30062cc4b943.csv
1;11684.03;2019-11-29;parcelas_ae62b638-a214-41c2-a083-4835dc65ee5d.csv
1;2095.2;2019-05-31;parcelas_ae643a4b-cc23-4d09-89da-c70b142e76cf.csv
1;26611.02;2019-12-30;parcelas_ae6966fe-ed7c-44fa-8c5d-f57b13af9eb2.csv
1;4859.92;2019-04-30;parcelas_ae6d3b8c-ca5e-463e-ae4d-e6380ab8a13a.csv
1;11077.06;2019-07-31;parcelas_ae79dddf-4d66-4df8-a8e2-473484ccf0a5.csv
1;17384.12;2019-07-31;parcelas_ae7de675-2b34-488a-8c9c-edb68b2553e0.csv
1;286183.64;2019-03-29;parcelas_ae82c657-aa5e-4934-9579-beea61e07479.csv
1;372211.2;2019-03-15;parcelas_ae8cac84-29d0-4a4f-b2fd-e5cdd1a9bd34.csv
1;24257.35;2019-07-31;parcelas_ae8e139a-9ece-4b54-8560-7a9f531d2e12.csv
1;39150;2019-07-11;parcelas_ae9967a9-348a-4dda-89fa-be8ad07dc009.csv
1;596.99;2019-03-29;parcelas_ae9dc2b1-845b-48b7-96f7-e2c93cbc3db0.csv
1;9327.36;2019-10-29;parcelas_ae9de08b-1eed-4e47-ae2e-e3e76f2899f2.csv
1;19107.38;2019-06-06;parcelas_aeaeb2d5-afeb-404f-aff7-d6acfd77d2c0.csv
1;411.28;2019-06-12;parcelas_aeb164f2-4ab0-4194-bef6-80149dcdfc06.csv
1;1300;2019-01-18;parcelas_aeb7cdc9-a768-46b5-aa64-06b4e203dd57.csv
1;127400;2019-10-04;parcelas_aeb9705b-8e9d-4f8d-835b-e2e1ee6afc55.csv
1;2230.05;2019-03-25;parcelas_aeb9ff95-a45e-40cf-ae7b-0093c783f43b.csv
1;6720;2019-02-11;parcelas_aebe80ef-77f4-4b66-b314-8fb88554e0df.csv
1;82.67;2019-06-27;parcelas_aebf5a79-b06b-491b-8b1a-15f515f2eea4.csv
1;150.77;2019-02-28;parcelas_aebfc4c8-f2dc-4efa-993d-01382eaa8c8c.csv
1;2960;2019-03-01;parcelas_aec2444c-a45d-43d1-bab1-a39c8ebf9100.csv
1;455.93;2019-08-06;parcelas_aed59c98-5599-47e7-8392-7a8c9a2793dc.csv
1;480;2019-05-27;parcelas_aee14498-775f-44dc-a262-67afde354c43.csv
1;40152.51;2019-03-29;parcelas_aef055c6-0327-4f45-aec9-fa795a78ec23.csv
1;858.6;2019-06-27;parcelas_aef423f7-3b0b-46c7-b39d-88fa62b78e77.csv
1;1053;2019-04-16;parcelas_aefbec7c-760b-40c3-8c36-7cef506fa9fb.csv
1;5384.58;2019-01-31;parcelas_aefcea17-0b65-4f64-aba1-94a137389fd3.csv
1;1200;2019-11-25;parcelas_aefd5528-3cc1-4486-9cc1-c5f25167c426.csv
1;1803.33;2019-01-23;parcelas_af01d611-6f29-4c67-8727-f38b944c3715.csv
1;1575;2019-06-27;parcelas_af065769-8079-4eef-8e04-f0d47375c68c.csv
1;8547.72;2019-06-21;parcelas_af077445-da9f-4868-826c-bc603bc48ddb.csv
1;1119;2019-02-26;parcelas_af17102a-2c1c-4757-9e8f-67a3b7ef4794.csv
1;243;2019-09-18;parcelas_af19f5fe-1c4a-4a1f-a08a-8fd9d8a807ee.csv
1;6388.63;2019-07-31;parcelas_af1b9322-a6ec-4d16-8ede-45a83862e747.csv
1;24413;2019-07-29;parcelas_af1cdc50-5154-439c-b693-1562755cee36.csv
1;6912.08;2019-11-26;parcelas_af21d00c-5793-422c-ad66-734a7545240c.csv
1;3143.52;2019-01-02;parcelas_af25ad5d-5cd7-4bd4-a437-6593c115afa0.csv
1;1110;2019-01-22;parcelas_af2bb88c-acb5-4972-b237-551f592e5d10.csv
1;5400;2019-02-04;parcelas_af352cf8-3caf-40fc-b6aa-9b2238271e62.csv
1;3180;2019-10-07;parcelas_af3566e4-acf6-4038-8b8e-94c9f59384f7.csv
1;104.13;2019-07-22;parcelas_af392aa6-9934-4f25-8974-c1bcad7658f2.csv
1;7200;2019-08-01;parcelas_af3b1f93-5c11-46ae-b34b-003766a3af05.csv
1;2718.34;2019-09-04;parcelas_af3b72ff-f188-4ea8-a70f-9eb6cf4ec750.csv
1;42;2019-03-26;parcelas_af41751a-8d21-47c3-9925-85870569c262.csv
1;70272.43;2019-01-28;parcelas_af45df78-5b11-466f-a914-c8da76cbff0d.csv
1;7251.9;2019-05-28;parcelas_af49d583-6f6c-417f-b9d8-22bfd1d6fe25.csv
1;12.36;2019-07-24;parcelas_af4fa0fd-cb89-4581-bb3a-bf44f3f0a081.csv
1;10833.75;2018-12-28;parcelas_af506eba-c224-42a7-b5f6-cbd24304a64c.csv
1;5420.89;2019-10-31;parcelas_af54fb5a-3870-48a6-9c5a-892df0cfc0df.csv
1;36953.67;2019-09-26;parcelas_af574f12-9c11-4a24-87e8-b3d110a45dc5.csv
1;79.79;2019-06-04;parcelas_af58fdf6-d014-4661-9e4e-bdfe304841d7.csv
1;10668.89;2019-04-05;parcelas_af592c06-79d5-47f5-b9a4-607b5f1c4f37.csv
1;203.35;2019-04-22;parcelas_af5d98fe-1f64-458f-8190-432baccb2ab0.csv
1;200;2019-02-11;parcelas_af5f6a00-e0c7-44d9-9df4-862818858f9e.csv
1;4030;2019-09-02;parcelas_af6132d8-1eba-45cd-a0a3-f3da9b4a0a64.csv
1;250;2019-10-29;parcelas_af613c15-6538-4e2f-a3a2-3d9e6a88e7a4.csv
1;1330.34;2019-09-17;parcelas_af62dca0-c2de-4aa5-b496-34518d38e928.csv
1;170.97;2019-05-16;parcelas_af638529-1c16-4191-bb09-be3f9265cd93.csv
1;361958.33;2019-10-29;parcelas_af64dcc8-568c-4341-b457-018bbbfac19a.csv
1;24904.09;2019-04-17;parcelas_af6a3e68-5990-47d3-977b-39b82acfab5b.csv
1;116400;2019-01-21;parcelas_af761848-079b-4937-908f-f58cf9955976.csv
1;2779.58;2019-03-06;parcelas_af7725c6-b7cd-40b7-9504-06ebc8d0b211.csv
1;2840;2019-03-14;parcelas_af7a427b-32c9-4631-b18e-d3ed1466432b.csv
1;224.52;2019-08-30;parcelas_af87d1fc-2bb0-4f39-aca1-10ef40d80b8c.csv
1;3584.85;2019-12-30;parcelas_af88ad55-c83c-4153-9902-43ba7c11791f.csv
1;25130.87;2019-03-29;parcelas_af898938-1d37-434a-9dc4-9c1fa508b810.csv
1;883.73;2019-07-31;parcelas_af9095ce-d49e-41fe-9147-73d2c742b1fe.csv
1;52;2019-03-12;parcelas_af912095-1018-4406-9f37-33ea70427c22.csv
1;5075;2019-09-30;parcelas_af91e938-0dbb-4427-9b68-6a9f5baea12f.csv
1;181600;2019-11-29;parcelas_af948561-7356-4806-a07b-99d905017136.csv
1;583.87;2019-10-30;parcelas_af96ba7d-309a-490b-b960-32c0ef8a0f78.csv
1;2207.95;2019-10-30;parcelas_af9e1f41-f4c8-4bd4-bf4d-db307fb05007.csv
1;1055.28;2019-09-02;parcelas_afa52362-0e0f-4950-b110-314da60d61ab.csv
1;7074.21;2019-07-31;parcelas_afae5231-fd00-4f57-92f6-f248ef8ab03b.csv
1;2450;2019-09-20;parcelas_afaf34ce-c01b-48a2-bf62-6bbf3cc3388c.csv
1;15200;2019-08-30;parcelas_afb4d18d-ac45-424d-b77f-b6a0cf124445.csv
1;200;2019-11-14;parcelas_afb5d8c4-1cbc-42fc-a6ca-4db4eeafae57.csv
1;3618.13;2019-02-28;parcelas_afc61b4c-2add-449a-b339-20806cbe2628.csv
1;500;2019-02-22;parcelas_afcf6b17-3234-4c80-8c61-460312dd127e.csv
1;422.56;2019-07-22;parcelas_afd57ef6-6b48-43cb-bcd1-add81c5af108.csv
1;6046.46;2019-01-28;parcelas_afd79f1e-e659-4179-9c93-7ba11e2b84dd.csv
1;348.2;2019-06-19;parcelas_afd7eb6e-7d64-47b8-a36d-f58d74425cfe.csv
1;170.97;2019-12-13;parcelas_afd8acd6-c210-4453-92bc-19ff9281221c.csv
1;593000;2019-01-08;parcelas_afddfa73-5a97-4ea0-a4da-9e77906a4b1c.csv
1;58257.98;2019-03-29;parcelas_afde1dc2-06c0-423c-baab-30990354a20c.csv
1;427.03;2018-12-21;parcelas_afe02dea-e230-449e-8cae-58551492cf60.csv
1;482816.75;2019-01-28;parcelas_afe1a113-e7a7-4140-8dee-2b106c9213d2.csv
1;52441.83;2019-11-25;parcelas_afe2e9a5-4a03-4e7e-8ebe-d0793573d328.csv
1;18790;2019-09-24;parcelas_afeae84d-2eb4-4305-bd1b-5aef1ba4358a.csv
1;1000;2019-09-25;parcelas_aff0d249-efb1-444b-9a33-73afabb542b8.csv
1;705.91;2019-11-04;parcelas_aff806aa-4dca-418b-b477-580f9a6feedd.csv
1;150.58;2019-03-12;parcelas_aff88209-4562-4cdb-b3ab-40fdf33dc1ea.csv
1;70;2019-01-10;parcelas_b0176b22-ce84-4ef5-b0f0-4fead67008cb.csv
1;267929.97;2019-02-12;parcelas_b017fa8a-4475-4a52-94ad-eb509ac7d80f.csv
1;695.8;2019-07-29;parcelas_b01c079c-dae5-486f-aca2-21be721e2a69.csv
1;6142.6;2019-01-04;parcelas_b01f80aa-4e51-4543-a791-0e63021548dd.csv
1;20766;2019-06-03;parcelas_b0217b8b-712e-49a0-8b5d-143c2c2dd61a.csv
1;130;2019-01-31;parcelas_b02b7e31-b275-4091-b944-eebcfee50174.csv
1;100;2019-05-20;parcelas_b02e3e05-1282-4fde-a1e7-2b0c5084583e.csv
1;640000;2019-01-02;parcelas_b02f9d57-f3a8-4b83-b496-901de77621ce.csv
1;559.39;2019-07-01;parcelas_b0312719-37fe-4bc1-84bb-38a82664b443.csv
1;762.17;2019-09-30;parcelas_b031dd41-f7f3-4b1b-bb82-ce0cda1b3eff.csv
1;20979.07;2019-09-25;parcelas_b03db22c-c7df-4f24-8cb0-aede10efddfd.csv
1;2188.61;2019-11-25;parcelas_b0409bc6-f4f4-4ac9-901d-1999e879eb22.csv
1;66.3;2019-02-26;parcelas_b04adb2e-63cc-4ec7-a785-7fd9241f3885.csv
1;5300;2016-11-30;parcelas_b04de5f4-4f95-475e-bd00-dd2875e9c0f8.csv
1;5300;2016-12-30;parcelas_b04de5f4-4f95-475e-bd00-dd2875e9c0f8.csv
1;495.24;2019-09-10;parcelas_b0515f34-a279-4f3e-ae18-32b83a96a89e.csv
1;267800;2019-06-10;parcelas_b0581dd1-5535-405b-99df-b5a932101d64.csv
1;38.8;2018-12-31;parcelas_b05f5ede-bfe5-40d3-93fe-6f3bedd70c38.csv
1;195.3;2019-04-23;parcelas_b06e3757-8cc2-41f0-9a48-ecc5e50aedda.csv
1;2994.16;2019-03-06;parcelas_b06e3e3e-6be5-4843-87b8-99fef80f7d00.csv
1;122824.96;2019-02-08;parcelas_b078d96f-8747-4f28-9912-0f8cc9141d92.csv
1;8000;2019-12-11;parcelas_b07af596-6504-4678-8271-3b6101189c47.csv
1;341.94;2019-04-01;parcelas_b07bf677-af29-46af-b1f8-5e3198247fd0.csv
1;157676.68;2019-06-19;parcelas_b07dd8fc-ff2e-46aa-9783-47398dbcdbf8.csv
1;90683.63;2019-06-19;parcelas_b0869143-854c-416b-9a23-3dcb21bce3e9.csv
1;11888.4;2019-03-19;parcelas_b094be88-004d-4c4b-9b1f-0d3e88fa738c.csv
1;980.07;2018-01-18;parcelas_b0991239-e394-4074-b5dc-8e7eb4fa1d7c.csv
1;16302.05;2019-04-23;parcelas_b09c7aa9-c477-4f17-83d1-eb80f1965ff2.csv
1;866.25;2019-07-31;parcelas_b09e2daa-d2fa-41e0-a467-ee6d87c8a43a.csv
1;3037.61;2019-02-28;parcelas_b0a1c56f-1dfe-4c6a-8f14-22550a1ad3cc.csv
1;400.48;2019-07-15;parcelas_b0a320f5-cc00-4f8f-9739-75dccee14efa.csv
1;208.26;2019-03-28;parcelas_b0aaeaa5-81cf-4a5a-95b9-ac6d729d7ef4.csv
1;2521.13;2018-12-28;parcelas_b0acd22e-ebf3-4cb8-87a5-b50b9c057079.csv
1;12294;2019-11-25;parcelas_b0b14560-cee2-4efe-aaca-3c7a575bbda5.csv
1;39750;2019-03-11;parcelas_b0beb551-080c-4ea0-bd58-4599de6156e0.csv
1;47.36;2019-03-29;parcelas_b0c0edcd-9c21-498b-aca4-c7c55e8274aa.csv
1;513.25;2019-03-29;parcelas_b0c5bb12-f6fb-45ea-9363-6de8e2ebbccf.csv
1;8488.5;2019-10-31;parcelas_b0dac50b-a876-4181-affa-acd251776e6c.csv
1;215.38;2019-12-12;parcelas_b0e04dc6-0bc0-4b31-809d-35f0e4076536.csv
1;559;2019-02-28;parcelas_b0e6dc22-7b8f-429e-9e10-84032769f255.csv
1;3147.39;2019-01-02;parcelas_b0e88db0-b632-492e-bf6c-d8bba88cf1da.csv
1;1868.5;2019-02-11;parcelas_b0ea66d8-be78-4a1f-8d6e-31c985700e0c.csv
1;5537.35;2019-01-16;parcelas_b0f008cf-f5e3-41ad-b453-fc8d70c37a56.csv
1;21411;2019-01-03;parcelas_b0f16e37-628b-4ea2-91e4-9d21a991d5ac.csv
1;1275;2019-04-24;parcelas_b0f3455a-3df2-4a51-9c2d-2ec3f5881438.csv
1;146566.37;2019-11-28;parcelas_b0f75cfb-f37a-4246-a2e8-7fb9164cdb37.csv
1;2782.08;2019-10-30;parcelas_b0f870fd-e1df-4087-b64e-b05c4cfbebd3.csv
1;441;2019-02-19;parcelas_b0fb3fab-ae7c-46d4-bd0d-00d4a87a5d5f.csv
1;650;2019-07-16;parcelas_b1043c4f-af5c-45bd-b822-eced24e968f1.csv
1;7802.8;2019-01-08;parcelas_b10b0c07-3ec8-470d-82b3-aad9f9a814a7.csv
1;9270.2;2019-02-11;parcelas_b10e596b-de01-4a3d-80d3-a1d46965fd8a.csv
1;3810.13;2019-05-30;parcelas_b10f8fb7-570f-40ef-82cd-b5ea3a44c88e.csv
1;205.16;2019-11-26;parcelas_b1151aac-961a-45fa-940c-85f617ff73ee.csv
1;410;2019-10-16;parcelas_b118ff19-0ac0-4a04-b352-b143e811540a.csv
1;520.51;2019-06-06;parcelas_b11986d7-62f3-4eb7-92f1-e06943cd92ad.csv
1;399.19;2019-02-18;parcelas_b11c2d27-1e69-4248-96e0-8fe2b9f98d63.csv
1;58450;2019-06-25;parcelas_b11f997b-3f78-4c22-8665-1589458be6b9.csv
1;38293.77;2019-11-12;parcelas_b1231f17-b64a-424a-bb48-457363c64bd9.csv
1;2099.16;2019-06-27;parcelas_b1253ab6-df05-48e7-9857-9fbb6b55562c.csv
1;1758.65;2019-06-27;parcelas_b126dea4-0e31-4c29-8678-a392440fd243.csv
1;54110.8;2019-12-11;parcelas_b129a0dd-f82a-489f-9d19-ce9a0a77c7ea.csv
1;2781;2019-05-16;parcelas_b13054e8-87d0-4480-867e-edca2bfa9015.csv
1;50046;2019-01-04;parcelas_b136c52c-3af4-4718-a4a9-4d72eb7ccba4.csv
1;29076.3;2019-01-02;parcelas_b13b7ef7-001c-4744-902c-eb75f2b7e98e.csv
1;68454.37;2016-12-30;parcelas_b144a324-ba69-4b74-92ee-ad2e6f46c99d.csv
1;1691.18;2019-05-28;parcelas_b1534a81-6602-4c24-966e-6c1cc36a299b.csv
1;46500.89;2019-10-31;parcelas_b161cf6f-a6db-4e33-a0cf-8b772b9b3be1.csv
1;769.47;2019-09-16;parcelas_b1701e3a-e124-42f3-89f4-cfbe5fec5da5.csv
1;11606.52;2019-12-30;parcelas_b172811e-5b42-4e62-b7b1-a0bff6a38ff1.csv
1;378;2019-04-11;parcelas_b17c901d-273e-4953-8c3a-a1675dcffd0f.csv
1;68761.69;2019-12-19;parcelas_b1800bd0-cfcb-4c50-b2f5-d28e93ca108b.csv
1;340764.22;2019-03-29;parcelas_b18457ec-033a-4ee1-b9e8-9833ad18dd87.csv
1;580.06;2019-08-05;parcelas_b190b441-725e-4429-968a-12a67affd32e.csv
1;67668.99;2019-06-27;parcelas_b19217e0-aca6-429c-b85b-b3d5db66bc6a.csv
1;158611.63;2019-07-15;parcelas_b1943af2-60de-491b-ae16-183bfe894ccf.csv
1;10024.32;2019-12-09;parcelas_b19acabe-2de8-43d9-82dd-5c8505811b2f.csv
1;28331.52;2019-02-11;parcelas_b19b3301-ef35-4196-b892-38b87c278535.csv
1;275;2019-03-22;parcelas_b19b7d3b-9bc4-4a0e-977b-5788841a0194.csv
1;29018.87;2019-03-12;parcelas_b19fff5e-673e-47cb-90bd-164f5bbdb47f.csv
1;4646.69;2019-09-12;parcelas_b1a038bc-985e-414f-8645-1541d9fba457.csv
1;120;2019-08-22;parcelas_b1a0b376-0160-4b30-91d5-c88b6ab33cff.csv
1;145.52;2019-06-04;parcelas_b1a28447-d3b0-419b-88d6-c1c00003c26c.csv
1;43757.3;2019-12-20;parcelas_b1a3790a-a3e0-49e8-8cb0-4691e9d94dbc.csv
1;1280.04;2019-06-25;parcelas_b1a3a591-adca-4d4f-a16e-f6c7b0f7e90c.csv
1;284.95;2019-08-28;parcelas_b1b28b3b-3561-4fa1-9858-15c77d956e9f.csv
1;6578.6;2019-10-31;parcelas_b1b506de-46d8-401b-bc2e-53c5f8491344.csv
1;2125.28;2019-11-28;parcelas_b1b9baad-c9be-4327-b138-d26c0eacef24.csv
1;4246.9;2019-10-30;parcelas_b1bbeb41-bce7-492d-95a7-6d16efc4f36c.csv
1;87800;2019-09-06;parcelas_b1bc3221-b53d-4484-a606-1fb7f95e2766.csv
1;772.4;2019-11-25;parcelas_b1bf167a-ba1c-4a98-826f-73a4bd968c91.csv
1;6718.65;2019-06-11;parcelas_b1bf47d2-f42c-46d3-93a6-0456bc548d25.csv
1;30048.19;2019-02-22;parcelas_b1c032ae-10d2-4f26-b87b-3f3e471c4cf1.csv
1;8838.46;2018-01-19;parcelas_b1c2c327-6b81-4645-a9f7-40ad530c6cf8.csv
1;900;2019-01-31;parcelas_b1c8e51e-a1d8-47dd-8b77-fb86602d9e5d.csv
1;159000;2019-10-09;parcelas_b1cd3630-f38f-4fbd-bd5f-3fbc59f2b838.csv
1;91002.32;2019-05-28;parcelas_b1d39105-676b-456c-b6fe-dd5eb7dccb85.csv
1;2879.1;2019-03-29;parcelas_b1d51ae2-bdbd-4832-8b82-c2e14b65ddd0.csv
1;11765.06;2019-12-06;parcelas_b1d54f5b-cea3-45bf-8b40-2052239adb1b.csv
1;875;2019-11-28;parcelas_b1d9bb33-01af-4ae0-a59a-8b2bbe88c65f.csv
1;16221.99;2019-06-06;parcelas_b1de5530-e006-4882-a18c-38609b1cf495.csv
1;373.5;2019-02-12;parcelas_b1e27b86-1be0-40f6-ae88-a25fdfb21d3e.csv
1;2263;2019-07-31;parcelas_b1e45a57-38b4-4b25-92bc-58f9911d9e27.csv
1;196509.91;2019-02-26;parcelas_b1e7de66-74e0-4c2f-bb6b-33406b6bd152.csv
1;9437.56;2019-08-30;parcelas_b1e7eef1-98a9-4786-83e0-9c160d184153.csv
1;5150;2019-08-01;parcelas_b1e8172a-7df5-4643-8de3-76481fe30f9a.csv
1;17550;2019-08-30;parcelas_b1ec8575-4a7b-47a3-bfb1-c7526841af66.csv
1;1816.64;2019-05-28;parcelas_b1ecc5b1-a25b-4f56-b24f-986da9eaeb32.csv
1;288.3;2019-01-22;parcelas_b1f4eee1-c086-4cdf-a4ea-05a89eac83f9.csv
1;874.23;2019-10-28;parcelas_b20cc4fa-c8d8-4407-8c8c-5cb8de158e9f.csv
1;3505.68;2019-10-08;parcelas_b21827ee-154f-4213-b179-3b6127da2ecc.csv
1;350000;2019-01-02;parcelas_b2191589-71ea-489f-9750-b68713efaf37.csv
1;5684.04;2019-09-30;parcelas_b2312e02-aebf-4e8b-ac43-5316c8dbe8b2.csv
1;12279.24;2019-01-28;parcelas_b2349b46-2846-4d4b-b37f-2e8972dd174f.csv
1;20360;2019-08-27;parcelas_b239453d-82a0-4496-91cd-d13a2fb71155.csv
1;38430.83;2019-12-19;parcelas_b2413db2-3664-416b-83be-b01d10bec0fa.csv
1;10143.69;2019-05-28;parcelas_b242c0c3-b60e-41ca-b21f-e9e2b2ad1d6a.csv
1;124901.85;2019-09-30;parcelas_b24a7139-d3e2-4cf3-9e17-7fd3ca22a7f4.csv
1;6205.26;2019-05-31;parcelas_b24cd45d-a6fe-4c58-8276-09edfb25d073.csv
1;24251.36;2019-01-28;parcelas_b24f5265-340b-41ff-8977-d6f555fc0fa9.csv
1;22438.07;2019-01-10;parcelas_b257bea0-f186-4936-baa7-f6f7717d7908.csv
1;1864.39;2019-05-28;parcelas_b2583a9a-4089-448a-900a-9b998b48fb8c.csv
1;78716.44;2019-04-10;parcelas_b25ada9a-b2f3-45e6-9c73-121641325855.csv
1;2606.9;2019-12-30;parcelas_b25f1716-c788-4036-8acc-d74617e1f03e.csv
1;681.25;2019-04-30;parcelas_b2650dd7-da03-444e-b5c9-122a2b8c3e19.csv
1;3619.6;2019-09-25;parcelas_b26dc4a6-a086-4c33-913d-80aef2095c52.csv
1;6429.82;2019-10-16;parcelas_b270273a-ff08-4e6d-b499-7b6a330e087c.csv
1;14512.88;2019-05-06;parcelas_b271ed18-4afc-410a-bb04-daf6214d4192.csv
1;6557.5;2019-03-01;parcelas_b27b2823-2ace-450c-a005-9f514a4b19f4.csv
1;39000;2019-04-23;parcelas_b280bace-89f6-4f68-ac64-35e4fef9ab21.csv
1;12161.76;2019-08-30;parcelas_b2817825-e97e-423b-a9c9-4eedc0ffb4de.csv
1;4470.92;2019-12-30;parcelas_b283ae66-516b-4f72-9c92-9fd002db3f36.csv
1;6113;2019-02-11;parcelas_b291bd7b-187d-4238-ba72-d025e7e07525.csv
1;484082.6;2018-08-13;parcelas_b29ed632-c97b-42bd-9329-82d0a82f9e2b.csv
1;969.22;2019-03-29;parcelas_b2a24162-e996-4415-b29d-65757ef9d449.csv
1;17094;2019-11-01;parcelas_b2a5c050-d395-46af-a6d3-d9fc5cfea0e5.csv
1;544553.92;2019-09-03;parcelas_b2a6e80e-3ca4-4acb-92ce-7a6a02ef607f.csv
1;249.5;2019-09-05;parcelas_b2a76138-f597-43c0-b71a-6c2c9b1a0844.csv
1;687.1;2019-08-13;parcelas_b2a8e94a-d308-4f10-9395-5056470ea2ed.csv
1;25601.28;2019-02-26;parcelas_b2bb554b-1fb5-4e9c-a181-889160ef5900.csv
1;42000;2019-01-02;parcelas_b2bd03e4-81e8-4a5c-9104-93d0b483bb18.csv
1;104.13;2019-03-25;parcelas_b2c19d07-f01e-4edd-a277-6e0ff60476f9.csv
1;2509.2;2019-07-02;parcelas_b2c4b0e5-55bb-4dbf-af12-8f12f75a1a47.csv
1;17666.2;2019-09-25;parcelas_b2cafac9-6e6e-4df1-ab20-874b43bf81d6.csv
1;30070.92;2019-03-29;parcelas_b2ceb09b-6786-4510-8eff-b7283661c63e.csv
1;76582.67;2019-02-28;parcelas_b2d88986-491e-40a6-a173-833eb83fae04.csv
1;6578.6;2019-04-30;parcelas_b2d891b4-e86b-4dd8-a2fb-ed4a1c7250f3.csv
1;114494.58;2019-08-30;parcelas_b2db4996-ed1d-4a4a-98f8-129e93c8ba77.csv
1;353.67;2019-10-30;parcelas_b2e2d9e2-7945-49bd-825c-62d18e5f2b71.csv
1;135.77;2019-09-06;parcelas_b2ec093b-9a93-40bc-861a-b5ba8d2b640a.csv
1;13875;2019-04-16;parcelas_b2ec0ab1-843e-48e9-a9eb-7421a9ac09c0.csv
1;10281.25;2019-06-27;parcelas_b2ec9d65-dcfe-497e-be31-baa242dceb23.csv
1;77300;2019-03-29;parcelas_b2ef762f-dc01-49a4-a82b-f374ce30bf73.csv
1;9101.89;2018-12-31;parcelas_b2f83f43-bf77-416e-9810-5b71fd67de06.csv
1;1400;2019-09-30;parcelas_b2f8855c-b7fe-4e1f-ad1e-50cb9cb31b36.csv
1;27702;2019-12-09;parcelas_b2f9d1da-6e11-405f-9b59-22826142b671.csv
1;182;2019-04-29;parcelas_b2faf284-34b5-41e5-8a5c-af93731ae741.csv
1;298;2019-02-13;parcelas_b2fc3a76-57fd-43cc-bc1b-85dc4a849a89.csv
1;1071.86;2019-10-22;parcelas_b30562a1-04b6-4a2f-927c-ea67b5cfc8f9.csv
1;36166.19;2019-12-19;parcelas_b3096795-cdc9-498e-a4cd-3cc67ca41e7d.csv
1;4515.18;2019-06-19;parcelas_b312982f-b2cf-4ed9-bc92-5c6d1d2b9ecf.csv
1;306714.17;2018-04-20;parcelas_b314125e-408a-4701-a9f4-af58d3be1b5f.csv
1;3930.88;2018-11-30;parcelas_b315f7af-11de-4252-a80c-213f05df9af0.csv
1;85123.96;2019-07-26;parcelas_b317d4f7-c745-4b73-af25-ba83f8072a93.csv
1;285;2019-05-14;parcelas_b319d6ca-cc7a-4ada-839e-1a2a6a552ce9.csv
1;2400;2019-11-07;parcelas_b3213d48-4aa7-4a94-a3f9-e6845d3f936d.csv
1;142.04;2019-03-12;parcelas_b322e7aa-0ae8-47cd-92d3-c7fdc615a094.csv
1;265144.67;2019-12-20;parcelas_b32e588d-8426-49a2-9713-54592a4c7972.csv
1;69950;2019-05-06;parcelas_b332d744-8931-4de0-b102-6b2eadf0866f.csv
1;270615.71;2019-11-27;parcelas_b333120e-c253-4934-be49-9f85ea94f97d.csv
1;280.52;2019-05-08;parcelas_b339d767-beab-443b-9751-733a956557ee.csv
1;52.03;2019-04-30;parcelas_b3441a0e-46e6-44f4-8de6-ff78b23681dd.csv
1;146.65;2019-04-05;parcelas_b344b562-e2cf-42cc-8282-d168c29b9cbf.csv
1;26052.5;2019-07-15;parcelas_b34c4128-dd92-4903-bc83-01c624ad6c8f.csv
1;1149.28;2019-08-30;parcelas_b34f10d3-65c9-4810-b73e-84c333417b6c.csv
1;615.12;2019-08-27;parcelas_b35aad45-69dc-4a5f-ae3b-7e2ae8b418f8.csv
1;12705.9;2019-01-24;parcelas_b35bc984-b401-4558-880c-812c9fd2fb80.csv
1;16768.3;2019-09-03;parcelas_b35c6da7-4301-4f25-80d2-82157d5279a1.csv
1;95.23;2019-05-13;parcelas_b366d56d-ac7e-41c7-b79b-317d103b362e.csv
1;6277.25;2019-08-30;parcelas_b36aaa67-9726-40d6-9ddc-ce5253e0d3bb.csv
1;603.6;2019-10-11;parcelas_b375991f-2e38-46a3-8b62-ab8b589efd30.csv
1;4316.76;2019-09-30;parcelas_b37b68a0-b635-4d63-a342-586473e0131e.csv
1;1235.06;2019-12-31;parcelas_b37f54cf-57d4-4511-9119-6853ed2e00ac.csv
1;13340;2019-07-10;parcelas_b38dcfd9-4cad-489a-8d88-c93e2140ce4a.csv
1;1342.8;2019-08-30;parcelas_b39300ec-5f10-43bb-bf17-373a2b6f0bf9.csv
1;25700.11;2019-09-04;parcelas_b396ea85-daec-4b64-afbf-70056a191564.csv
1;950000;2019-01-02;parcelas_b397324a-c554-4fa1-aa47-5a9032871b17.csv
1;1760.42;2019-01-25;parcelas_b39d1ddf-1dc6-4f4a-9198-d2ab7c27bc81.csv
1;53140;2019-11-13;parcelas_b3a01166-8b21-4368-aea3-ebc803a1f3a4.csv
1;208.26;2019-02-28;parcelas_b3a230cd-dc60-43ea-a14e-3ac985f9c550.csv
1;13650.56;2019-01-02;parcelas_b3a9b701-ac60-4502-95d7-e7d3a27cbc70.csv
1;42408.1;2019-06-24;parcelas_b3aaf5be-913f-4154-910c-2d17008947c3.csv
1;885521.1;2019-12-11;parcelas_b3c24dd7-33cf-4189-90c7-4b25cafb90a3.csv
1;3630.69;2019-12-09;parcelas_b3c5f608-1b02-4e8d-b5f1-c2b973d3f5c4.csv
1;439.23;2019-01-28;parcelas_b3c8512f-008b-4c50-abcd-739ece769bb8.csv
1;11337.3;2019-08-30;parcelas_b3ca19d2-ca67-482b-a05d-a068d6c0c9a3.csv
1;10253;2019-11-06;parcelas_b3cb071d-1c36-41c7-978e-d4697ac9a8be.csv
1;809.27;2019-11-18;parcelas_b3e96937-14d8-4374-9f62-51cfb88d822a.csv
1;64433.02;2019-04-30;parcelas_b3ef88c7-b9dc-46d0-9e0e-cd9d73b051ee.csv
1;3962.02;2019-12-03;parcelas_b3f1a196-eb4d-4283-b062-c66135a4a6e1.csv
1;863.94;2019-11-28;parcelas_b3f1d1b6-ae80-450d-b178-d487b43169e3.csv
1;859961.04;2019-04-29;parcelas_b3f4506e-a8ca-4431-b0e8-ca755f3ee502.csv
1;184.04;2019-04-30;parcelas_b3f5898e-46ec-40d9-a0c8-461ea1aaf35a.csv
1;820.84;2019-05-31;parcelas_b3f749ca-c0ed-4449-9d2b-a7ab3ce7d26a.csv
1;5075;2019-08-30;parcelas_b3f7662b-65a9-4f97-9e2c-87ab8bca3e36.csv
1;4246.9;2019-11-28;parcelas_b3fbf8e6-50d7-46ce-ac89-b7570fcec0e5.csv
1;1008.86;2019-08-27;parcelas_b4000a40-9d8f-4867-a49b-4103df7621d0.csv
1;540;2019-07-29;parcelas_b402caad-6bf1-49e4-8aad-b8e2de621c1e.csv
1;1595;2019-09-23;parcelas_b405afd9-0083-449a-8208-4b0488f25c58.csv
1;2340;2019-10-31;parcelas_b406f76a-bbcb-4cbd-9656-30316c6943a5.csv
1;9580;2019-02-11;parcelas_b409a9c3-8675-4257-aecb-96b1ea0f9643.csv
1;37609.41;2019-06-06;parcelas_b4105c5a-ffb6-4ce7-bfe9-e2a3af9e1faa.csv
1;16881.25;2019-07-17;parcelas_b412f063-025c-4132-b9e6-b32143ec5422.csv
1;8495.06;2019-05-28;parcelas_b4130c43-c564-42d9-aa74-4809eb6d4080.csv
1;31986.87;2019-06-27;parcelas_b41bc884-5afd-4239-9b9d-6ebdad181059.csv
1;2501.59;2019-08-22;parcelas_b41d88af-e584-4171-8cbd-c3a20fb7e440.csv
1;193289.59;2019-07-31;parcelas_b4214686-e7df-4a91-88ee-b3676bf863c7.csv
1;50;2019-03-21;parcelas_b42bff84-d93f-4503-b641-5c2dd3af4f64.csv
1;19083.16;2019-07-31;parcelas_b432f3a8-2168-4c5d-a361-f9ea39505605.csv
1;773180.42;2019-12-11;parcelas_b4340947-9c0b-4fd1-99f0-4deeb40e1cf2.csv
1;4290;2019-10-31;parcelas_b43dfe5e-b798-4f22-bfe6-239f97703a53.csv
1;851243.23;2019-09-19;parcelas_b445ec76-2c10-471c-a87e-a7cf488743f6.csv
1;42000;2019-05-28;parcelas_b450b419-5e4c-4719-8c9d-980044f2579c.csv
1;3285;2019-03-25;parcelas_b450b759-dbce-4f70-addb-bff6044f8242.csv
1;2455.3;2018-12-28;parcelas_b46cb080-528f-42a9-b7cd-4777b7c35e71.csv
1;571;2019-11-26;parcelas_b46f2d17-eda1-4046-9839-f6d85322cd5a.csv
1;38626.31;2019-06-27;parcelas_b470a985-1344-4f0c-aec7-0cdab7738758.csv
1;97835.87;2019-11-29;parcelas_b470ddbb-5ce5-4ce8-8636-dee7fae44e72.csv
1;3495.25;2019-02-28;parcelas_b4723601-4079-44da-a4eb-95daa5e7a572.csv
1;6312.81;2019-01-02;parcelas_b473d51d-628f-4ba5-9a4a-08205312e563.csv
1;950.1;2019-10-16;parcelas_b47638b8-ecd0-4eea-9646-fd08531788d3.csv
1;12250;2019-05-02;parcelas_b47ccc6b-f504-4a7f-bd3e-74a4c23c8ad8.csv
1;47792.9;2019-11-28;parcelas_b480c05e-4b11-4059-9817-7318049c742a.csv
1;353534.15;2019-11-28;parcelas_b4941f3a-1a24-4072-8e72-a7c2f57e874f.csv
1;101362.57;2019-05-16;parcelas_b497a013-c072-48c8-b253-957a070af02a.csv
1;65;2019-12-09;parcelas_b497bdc4-881e-47fb-985f-5295667b2276.csv
1;293.8;2018-01-18;parcelas_b49d23f9-8bcb-4f81-9800-8011859fc9a3.csv
1;47950;2019-07-25;parcelas_b49fb39e-ab99-41c1-84b6-2370219fc482.csv
1;61847.1;2019-12-13;parcelas_b4a156b8-5bf4-4af0-8946-78126f53f447.csv
1;4290;2019-10-01;parcelas_b4a9c9a0-8bf0-41f3-a35c-6f3c388629d8.csv
1;371.67;2018-12-31;parcelas_b4ac908f-bc5a-4be8-ab10-7e246d482ef5.csv
1;37500;2019-07-23;parcelas_b4acfbb2-c855-4f7a-8b07-63106e6310b0.csv
1;13245.76;2019-06-19;parcelas_b4aeef96-2b3f-4e1d-b6c4-de9ed8badbf4.csv
1;1557508.01;2019-11-11;parcelas_b4c0caf7-2931-4d18-a89a-a05c881cf6ba.csv
1;69916.88;2019-09-25;parcelas_b4c3e461-275d-4f6a-a369-79c6f7b53518.csv
1;1640;2019-03-12;parcelas_b4d7afe5-0626-4204-ad54-e972fc1ae8ff.csv
1;38866.78;2019-12-30;parcelas_b4db11ba-df3b-48cd-b3c9-e5731a07f419.csv
1;1505.48;2019-04-22;parcelas_b4e35c65-729d-4575-866c-2d3277d0871b.csv
1;148.21;2019-01-31;parcelas_b4e68cad-8c3e-4e34-a2b6-fcb6ecc8997e.csv
1;10389.74;2019-04-26;parcelas_b4f302a1-8768-4c73-a84f-55aa9dbab0a2.csv
1;16663.48;2019-04-04;parcelas_b4fff886-e9ae-4553-9e92-b949a6925fe9.csv
1;194.45;2018-12-31;parcelas_b5026f43-13b9-4ec5-a915-62c94e9fab48.csv
1;491359.8;2016-11-30;parcelas_b507a6bd-9ac3-4455-bf0d-fb40ffac0e53.csv
1;4104.57;2019-01-25;parcelas_b50879ec-d737-411e-8ec7-ba707992077c.csv
1;994.43;2019-06-17;parcelas_b5097e27-d29e-496c-8356-27497697ba14.csv
1;45327.63;2019-03-29;parcelas_b509a8f9-265e-420d-95f6-112374b0268b.csv
1;15404.4;2019-07-25;parcelas_b50dc6e0-d759-49a4-b817-e066b248b806.csv
1;820;2019-05-14;parcelas_b5146e64-69b6-438c-bfb2-338f2ddd9b3d.csv
1;5711.4;2019-07-10;parcelas_b516e356-abc0-407a-926e-140e592d30db.csv
1;159.34;2019-07-30;parcelas_b5180142-9ac9-4f2e-80fd-dd7fa530ba6e.csv
1;976.59;2019-04-09;parcelas_b51cdf22-6724-41a4-8f0d-1972abf3f8ba.csv
1;31590.37;2019-02-28;parcelas_b5280bbd-4306-4fb9-9d43-4f95693fa6b5.csv
1;500;2019-11-28;parcelas_b52d3410-f774-4e07-90e6-d0ce0c6d4b69.csv
1;36720;2019-09-27;parcelas_b53102d8-fe0f-4d61-8295-dd6557564d71.csv
1;235;2019-07-08;parcelas_b534a7b0-ac2a-4ce9-bc6c-95c4fea2aa59.csv
1;6189.17;2019-09-30;parcelas_b5388b7d-5fb8-409f-a9b6-703f0970dcf1.csv
1;39871.99;2019-09-30;parcelas_b53d0a03-a770-447f-88b1-071a0fa473d5.csv
1;540.73;2019-07-11;parcelas_b5433c22-acfd-4bec-86fb-ebc8d26482e4.csv
1;1323.36;2019-06-19;parcelas_b5468892-702f-4918-875a-83c8e9baae7a.csv
1;800.53;2019-10-31;parcelas_b569a534-aedb-42b8-8486-cfb7bcc3eb01.csv
1;6843.72;2019-09-26;parcelas_b56a381a-f3d9-47ad-b813-4163fcb6465f.csv
1;50000;2019-01-03;parcelas_b57362a9-cf75-4866-a2dd-6df621303913.csv
1;30444.44;2019-09-27;parcelas_b5756f4e-1901-4d3f-8840-5d5ccb009638.csv
1;21674.2;2019-07-26;parcelas_b5780eaa-6b95-4764-ab1d-829899cfd911.csv
1;2817569.05;2019-12-19;parcelas_b5790850-43ed-4497-9caf-8f6257ad2110.csv
1;1350.2;2019-04-29;parcelas_b5836e04-190d-41ab-8105-48ed5bf6cd54.csv
1;4171.5;2019-02-14;parcelas_b591971f-030a-46ad-b0cb-7889a975ef39.csv
1;44.37;2019-07-26;parcelas_b591b522-fa0a-450c-9f11-b92e3d5a76da.csv
1;234.78;2019-08-16;parcelas_b595752b-0f98-4a8a-8fc7-4988f6373b4a.csv
1;1883.5;2019-04-09;parcelas_b597f4d4-73d3-4a35-bd35-74c82098c42c.csv
1;10260;2019-10-18;parcelas_b59c6bf1-b4e1-42bb-9f42-810e0d182190.csv
1;60.16;2019-04-12;parcelas_b59e1dd9-ba1b-462f-9e6d-15424e904526.csv
1;85.96;2019-03-21;parcelas_b59f8731-2179-4db4-9881-40ee17fabd11.csv
1;1540041.06;2019-07-31;parcelas_b5a0673c-bfe8-4631-afdd-4810b4c0ab26.csv
1;69925.7;2019-01-02;parcelas_b5a444bd-b50b-4e18-ba4c-a1f4bef3e6d1.csv
1;7.31;2019-09-13;parcelas_b5a6042e-22a3-4dc5-a0cd-0bf11f30ae77.csv
1;521.72;2019-03-01;parcelas_b5aa7155-f016-4fd6-b5fc-06d6871b17ac.csv
1;2535.46;2019-03-29;parcelas_b5b431c0-74a8-4161-9975-54085e5b59ac.csv
1;5447.18;2019-07-12;parcelas_b5bbd37e-b32c-4435-9efa-1118a71300ba.csv
1;3341.24;2019-11-25;parcelas_b5c5e1d2-6d6f-415c-aefd-82bb9a9a7d90.csv
1;9088.58;2019-12-11;parcelas_b5ca8c47-bba1-4c6a-bb8a-7043dd2bb986.csv
1;2378.39;2019-01-28;parcelas_b5cde5ac-2b53-4591-abc7-2ed74b61d61d.csv
1;0.03;2019-09-20;parcelas_b5d57e41-a4ec-4e9d-ac8d-c9006f037f31.csv
1;373091.81;2019-09-02;parcelas_b5e0eab2-a6f2-4465-8fc9-c60c7ba24a04.csv
1;1092.85;2019-11-28;parcelas_b5e5b00e-f7b6-464a-9e32-ae2a37518d8e.csv
1;50000;2019-03-22;parcelas_b5eb0859-84f4-4839-a122-b0cb039e644b.csv
1;1803.33;2019-02-18;parcelas_b5ec6473-bb76-4dee-9a55-c235aa56c668.csv
1;100;2019-12-16;parcelas_b5f78aac-b5ec-484f-b895-629608973d1b.csv
1;2378.57;2019-12-09;parcelas_b5fea248-074b-45e5-b964-656dc164aa05.csv
1;695.27;2019-12-11;parcelas_b5ff11c3-6751-4889-ab1b-fb11fff55627.csv
1;25583.09;2019-04-30;parcelas_b6092b0b-a8b4-442b-b165-8ed4348b01e0.csv
1;19360.53;2019-02-26;parcelas_b60a7669-c849-492c-b5a3-9147c93517bc.csv
1;2111.68;2019-12-30;parcelas_b60aada7-8ffd-4907-a9e2-492aa0e950b9.csv
1;3196.53;2019-07-31;parcelas_b60b6329-b6d4-4cd9-a73c-26ed800801a0.csv
1;10533.65;2019-04-04;parcelas_b60f31a6-8f2f-4078-b82a-3394cc3cdad0.csv
1;2559.28;2019-04-12;parcelas_b6111370-66a2-48f1-9bae-37711a6f6a82.csv
1;40898.84;2019-04-30;parcelas_b613594b-66e5-4239-b78d-32fb3051c6f6.csv
1;48050.46;2019-03-29;parcelas_b6191efd-b688-498e-875b-436710895ee7.csv
1;351.83;2019-03-29;parcelas_b61d3f4f-a7e6-4b83-8b94-c2a4a5cae093.csv
1;26784.57;2019-04-30;parcelas_b6284649-97f7-4d42-b12e-4ef0b0eb276c.csv
1;14142.03;2019-11-14;parcelas_b629209c-65a7-4fef-83e9-afebf920e970.csv
1;4500;2019-04-23;parcelas_b6300781-8769-4140-a72a-6a9a122b117c.csv
1;30880.73;2019-03-22;parcelas_b6327954-9b9e-4b29-91f2-7d7dbcd4cc0f.csv
1;18200;2019-10-31;parcelas_b6351b44-f53a-4a4a-91fe-2b2c546d8ffe.csv
1;203.57;2019-07-30;parcelas_b6396836-1a32-45a5-9d4e-8fb26b5d572b.csv
1;79.79;2019-05-15;parcelas_b6435270-fee1-40a2-9bab-b7f1737bd524.csv
1;42.12;2019-06-27;parcelas_b64c2091-fa90-4cdb-af5f-5cb52d075dea.csv
1;1129.09;2019-10-25;parcelas_b64e3a3c-652a-4f34-85c3-a148fa9e9d2f.csv
1;6916;2019-09-02;parcelas_b659387c-4b08-4fae-8756-945dfda7c13c.csv
1;101043.26;2019-08-01;parcelas_b6610025-3de1-49ba-a1ea-f82c98c64964.csv
1;491359.8;2016-08-31;parcelas_b6667cc9-a467-466d-8f69-266db62848a5.csv
1;47484;2019-08-30;parcelas_b66b40d0-7ae2-4d82-9be3-b66ee97b731d.csv
1;47506.65;2019-11-28;parcelas_b6752fcc-5fdf-422e-9526-596f0542c7c7.csv
1;2099.19;2019-05-31;parcelas_b6790339-f355-4ed5-85d2-aa425224f2aa.csv
1;919.32;2019-03-12;parcelas_b679ac77-77c8-40c2-95b2-51f6727b3725.csv
1;2332.23;2019-07-11;parcelas_b67b66b7-58b3-4fc1-80cc-c47647ff247c.csv
1;998;2019-04-30;parcelas_b67e7a0e-b50e-43d2-8e8b-eb4ef0077cea.csv
1;65;2019-05-09;parcelas_b689251c-1944-47d4-b5b4-1da47b118a98.csv
1;25601.28;2019-01-31;parcelas_b696a94d-2a26-4024-a722-552c65ab4d4a.csv
1;531.24;2019-09-17;parcelas_b69b9030-a874-4754-ac46-cffa6a7d6b60.csv
1;4550;2019-08-30;parcelas_b69e567b-5372-43c4-85a0-0caf5d801f7e.csv
1;1298.6;2019-08-13;parcelas_b6a4fb5b-5709-4d70-be90-19d0b3795b21.csv
1;800;2019-08-08;parcelas_b6a6b45b-ed09-490c-bb82-ba0fc8d9792a.csv
1;3141.46;2019-04-25;parcelas_b6aab91f-178a-4c39-bba5-6aed4f7eed1c.csv
1;1200;2019-05-27;parcelas_b6abf56b-9a59-46ea-93bd-062af516e0e8.csv
1;132168.57;2019-12-19;parcelas_b6b1f746-4b2d-46c7-a709-0529bcf80c6d.csv
1;6655;2019-10-08;parcelas_b6bc61d4-5711-47fa-b6c6-c3fa7e77e05e.csv
1;40700;2019-11-18;parcelas_b6c673b4-c042-43b3-b2e2-55a7b48f9fac.csv
1;1075.58;2019-11-04;parcelas_b6cae3db-5c8c-4318-8083-5f7a6aca8aa0.csv
1;11698.37;2019-04-30;parcelas_b6d5f330-2c4d-4849-a9a0-4f9b27a3cc1f.csv
1;2400;2019-12-13;parcelas_b6d7141a-2a81-4320-be90-64d6f1eafd14.csv
1;35800;2019-04-17;parcelas_b6d84573-59ab-47db-8a09-3a356d2e43f5.csv
1;13200;2019-02-08;parcelas_b6d8e510-b831-451a-8476-4c13760faa2a.csv
1;104.13;2019-06-14;parcelas_b6de3fd6-7ed4-4eca-b106-5f43addca63d.csv
1;134.17;2019-09-09;parcelas_b6e04b04-ca5c-4937-885a-1fecde7ff4a9.csv
1;26763.68;2019-02-20;parcelas_b6e44871-4dea-437b-8c29-09ad2e5e78c1.csv
1;195000;2019-01-02;parcelas_b6ec4871-4206-40a5-a765-1c7fc1aaa94d.csv
1;1183.46;2019-08-27;parcelas_b6ef54c0-b0a1-4e5a-9aea-f73ca83d0af4.csv
1;870;2019-05-14;parcelas_b6f0dc05-aaa3-4c18-a8c7-5ec43c569f64.csv
1;11550.73;2019-09-20;parcelas_b6f1d046-27f2-4545-9c9b-fc2cb235e7ad.csv
1;3472.5;2019-12-02;parcelas_b6f4738d-37bf-4cc6-b737-cdbd354ca6e1.csv
1;156.18;2019-01-11;parcelas_b6fcc3c5-8573-44f8-895c-de42c30e386f.csv
1;2495.51;2019-01-31;parcelas_b6fec222-258f-4d6d-821e-ef0eb48d3563.csv
1;19325.93;2019-04-25;parcelas_b7001615-cf4e-436d-999d-bf6a17d6e03a.csv
1;17589.6;2019-01-29;parcelas_b70028c2-e5b8-4cb7-85f5-43a2e8f2d72b.csv
1;3375.06;2019-04-29;parcelas_b7006b63-e253-4c40-b097-c4dffaa9b5ce.csv
1;375.51;2019-06-27;parcelas_b701fad1-b72f-4b71-b022-33f9ff1a9f49.csv
1;113.41;2019-01-31;parcelas_b70305ee-6251-43ac-b5d9-f85582ea4201.csv
1;30122.59;2018-08-13;parcelas_b707a17d-596d-45d4-970c-a7c518e96b8e.csv
1;234.78;2019-10-15;parcelas_b70a2a0f-0cac-46c2-979d-1e2bc190f34d.csv
1;160.8;2019-07-29;parcelas_b70a2b31-836e-430b-bbbc-0231c2981668.csv
1;883.31;2019-02-19;parcelas_b70aae81-09c0-48d4-b8fc-a57e75e80855.csv
1;51060.67;2019-09-30;parcelas_b71307ef-878b-4060-aa69-bf0070fed03c.csv
1;33.8;2019-01-10;parcelas_b71fa1f1-5fd3-4e53-bd46-d79b87ca1c1d.csv
1;28524.8;2019-09-30;parcelas_b723d5d7-463d-41a8-a585-cb676e385ff9.csv
1;39.84;2018-12-28;parcelas_b72cbdf9-be86-400a-9c73-765e03c6c236.csv
1;966.11;2018-12-28;parcelas_b72cbdf9-be86-400a-9c73-765e03c6c236.csv
1;236.45;2019-01-10;parcelas_b72dcb44-20ee-40de-8cfb-6352a3b58c74.csv
1;2411.1;2019-05-28;parcelas_b734790d-6487-4818-9885-32456a281156.csv
1;22530;2019-01-02;parcelas_b7371bcd-4fa5-4931-9140-9705c979b433.csv
1;3500000;2019-01-02;parcelas_b73d3af2-cd01-416d-b29f-37e3e6085b1e.csv
1;4153.93;2019-11-26;parcelas_b73e3ef0-ed03-4229-a8fe-469fb6d73bba.csv
1;71.24;2019-01-31;parcelas_b742f451-365d-4cad-a297-cee33e6f1403.csv
1;47.23;2019-07-31;parcelas_b7449506-5122-466a-abcc-6b36c3015c74.csv
1;6948.3;2019-09-04;parcelas_b746c7a9-9343-4948-9a49-caf765cb8f5b.csv
1;224770.45;2016-01-04;parcelas_b74a0296-b956-424e-b49f-b656492d74c8.csv
1;392800;2019-01-11;parcelas_b750dd46-5e27-43ad-bb87-0c9e2c639b9c.csv
1;1222.95;2019-07-15;parcelas_b7542f9c-9303-4293-8316-6542e0708931.csv
1;2935.68;2019-01-28;parcelas_b75e7dc1-6c23-49b5-967b-6575673fac0f.csv
1;100000;2019-05-07;parcelas_b75ec40f-70ff-4ae2-97ee-8dcbecdcba5e.csv
1;65;2019-07-12;parcelas_b763e1b7-00f7-4a32-b23e-c91128e0b142.csv
1;17874.16;2019-09-30;parcelas_b7686ea5-9370-494e-bede-fb7246c42f61.csv
1;61268.27;2019-09-02;parcelas_b76962bc-71e7-422c-9408-fc2fdd2475ad.csv
1;174.19;2018-12-21;parcelas_b7748a48-24f8-4c77-9d21-d8e06f8caa0d.csv
1;142.39;2019-12-11;parcelas_b784b1ad-58e8-4488-aa78-0698f644d934.csv
1;26402.03;2019-08-30;parcelas_b78589d9-339d-4fcd-ad5f-45faec02271a.csv
1;672;2019-09-19;parcelas_b7886e08-7c05-4962-8d95-affab214c924.csv
1;6720;2019-04-30;parcelas_b78d8adc-f4e9-48c8-a780-c06c7696de71.csv
1;187970.24;2019-07-31;parcelas_b78e587f-821d-4ff9-9212-746321339f1d.csv
1;2946;2019-03-12;parcelas_b79a3d35-3680-4e68-8973-d8db1d0a5609.csv
1;3480.47;2019-12-11;parcelas_b79ba168-3486-4f5c-81e4-eff89a4cd437.csv
1;195.01;2019-08-27;parcelas_b7a1d3bc-23dc-4c58-8fd4-a8d4f05c884e.csv
1;1401.11;2014-09-19;parcelas_b7a63cc5-0801-40be-917e-9f2f5ac476e4.csv
1;2512.92;2014-10-20;parcelas_b7a63cc5-0801-40be-917e-9f2f5ac476e4.csv
1;156.19;2019-10-16;parcelas_b7ab805d-12b5-489d-baa1-339391ebc530.csv
1;2043.13;2019-08-29;parcelas_b7abd0a0-59ce-4b97-84ed-9fa7c2f001ee.csv
1;127.01;2019-03-29;parcelas_b7b64579-2e09-4dbc-82d0-ed7156588899.csv
1;20376.62;2019-04-30;parcelas_b7b7e93d-b044-4f7a-b0a4-28bd441cc0eb.csv
1;79.79;2019-08-20;parcelas_b7b80cae-5716-4f1d-bd4f-df734bb197b5.csv
1;1271.72;2019-01-18;parcelas_b7b8198b-e0ac-4ab9-a52e-cea48d1cc2e9.csv
1;2098.27;2019-06-27;parcelas_b7b8a10e-d20a-461f-a4e8-8bbf22625371.csv
1;4470;2019-03-15;parcelas_b7bc7222-c884-4b21-a894-8f0b25a24949.csv
1;192296.76;2019-02-28;parcelas_b7bd455c-4267-4a09-abb0-e8dd4bb02369.csv
1;3513.22;2019-07-04;parcelas_b7c0fabf-c253-444a-bdf5-8cc22712b2c6.csv
1;147;2019-07-22;parcelas_b7cac863-cb57-472f-8279-0496f00a989b.csv
1;28000;2019-03-11;parcelas_b7cacfff-375f-43aa-a11a-b8b40264ef96.csv
1;37305.1;2019-10-07;parcelas_b7cc03fc-3e6b-40c9-9c6a-9842cd2d6a74.csv
1;205.84;2019-10-29;parcelas_b7cc095c-9f58-42f4-b0db-a625fa5796a5.csv
1;520;2019-11-27;parcelas_b7ccf2a6-dd0e-481b-85b4-8f7ea2a95b9b.csv
1;3175.33;2019-01-09;parcelas_b7d4d07d-bdfb-4dc3-8910-c94c39a6f93c.csv
1;43458.47;2019-04-30;parcelas_b7e0ddb3-911e-481a-8e16-64a317a92bbc.csv
1;5189.45;2019-08-22;parcelas_b7e3822d-3b34-4930-ad0e-68ef96435b20.csv
1;2000;2019-09-04;parcelas_b7ef3279-3a5b-46e0-ae31-8cce4a59f401.csv
1;912.02;2019-05-02;parcelas_b7ef8668-df5e-4cd0-be0a-71a6e27d94d7.csv
1;11150.41;2019-07-15;parcelas_b7efde97-be9c-4dfb-9f34-61a6e9b33a33.csv
1;12401.1;2019-08-08;parcelas_b7fb537e-c5cb-4134-86be-dff127b92f8e.csv
1;14664;2019-07-26;parcelas_b8093738-6272-4603-9d9a-af49b29ff8f2.csv
1;15300;2019-07-10;parcelas_b80b6360-a2b9-449d-862d-399e2d4c23eb.csv
1;3354.3;2019-11-26;parcelas_b81651cf-d84d-458b-a37a-1981de6a1b77.csv
1;170.97;2019-11-05;parcelas_b8200fe3-6562-422b-ace7-e807e15b72ab.csv
1;1037.94;2019-09-05;parcelas_b82ab450-9121-4559-b853-b6f8a0ca3d8b.csv
1;284.95;2019-08-06;parcelas_b8304da8-1b78-4919-a459-290aee391001.csv
1;133.4;2019-11-26;parcelas_b831ea43-7836-4e81-ac1b-f1a5bf5d5cf7.csv
1;2154.22;2019-07-01;parcelas_b8350d9e-4d54-4381-bcfb-fabcd17f8135.csv
1;825.35;2019-10-31;parcelas_b8352293-d44a-4890-a373-d5ebf360dee1.csv
1;946969.27;2019-07-15;parcelas_b836a6d3-3081-439e-8262-6f3ccce029dc.csv
1;1237118.2;2019-05-28;parcelas_b837e19d-4065-45ad-9353-b14195934fd7.csv
1;45828.72;2016-08-19;parcelas_b83ab898-f9fb-4ec7-b508-65ec9dc0cc4e.csv
1;4452.71;2019-01-25;parcelas_b842198d-4b66-478f-97b8-f49eabdc7ba2.csv
1;9760;2019-08-05;parcelas_b843c8ab-9509-4da2-9d29-838c0fee1991.csv
1;874342.08;2019-02-08;parcelas_b85176bb-1b6f-4b98-95b3-b1d0256434e9.csv
1;270555.57;2019-09-30;parcelas_b8532071-bd2c-4228-8a84-af9623d8212a.csv
1;30000;2019-07-19;parcelas_b859d289-3a0f-4621-815a-9517ad6e3980.csv
1;420.71;2019-07-09;parcelas_b85adb14-45a7-414d-b594-5bf91eb89720.csv
1;20566.27;2019-04-04;parcelas_b85b7102-c1b3-439a-afc0-8e2df982e37a.csv
1;108.36;2019-11-25;parcelas_b86f342c-c498-4267-a09a-76a257304cef.csv
1;266.24;2019-03-20;parcelas_b8727972-e1a8-4b84-842a-b2ff2a6e8230.csv
1;214.63;2019-11-13;parcelas_b8738928-1e09-437b-80df-0a1f6849765c.csv
1;152.19;2019-07-29;parcelas_b879b277-479d-41c8-9896-237a7fb4b291.csv
1;640;2019-01-10;parcelas_b88312d8-7d90-45fc-876d-f39fe2431519.csv
1;702.36;2019-07-25;parcelas_b88cdfdb-a691-4149-bb6d-bc2538f4075d.csv
1;7380;2019-05-02;parcelas_b88cf6f3-f64c-47eb-8c55-53c699eaa59e.csv
1;8440.32;2019-02-11;parcelas_b8954cb2-c574-4c57-919c-b1d660872901.csv
1;4200;2019-06-27;parcelas_b89688c0-79cf-46b1-81af-5d3d6c0ff7ab.csv
1;3838.66;2019-02-25;parcelas_b89a27fc-7cc3-4551-be04-d30106c51d78.csv
1;10874.07;2019-02-28;parcelas_b89ce572-fa8c-4236-961b-c05ec49573eb.csv
1;447825.65;2019-06-07;parcelas_b89fb91d-f0ec-407f-989e-275af6d6d56c.csv
1;690.5;2019-06-04;parcelas_b8a059a9-6bb2-4cce-9bac-3a1958572e1f.csv
1;7372.95;2019-12-19;parcelas_b8a2be38-012c-41f9-b6da-c99e186803d3.csv
1;126741;2019-01-29;parcelas_b8a87080-9935-4abc-9bb2-206cf8e90964.csv
1;189943.4;2019-01-03;parcelas_b8b5e7e2-e8f0-4a8f-acde-6521d2b0c8c0.csv
1;24285.79;2019-07-26;parcelas_b8c029dc-b399-4b3e-8157-21d5cec0e4a7.csv
1;82.66;2019-12-11;parcelas_b8cbcc3c-6d87-4878-bcb0-a193dd0adfdb.csv
1;3118.7;2019-04-04;parcelas_b8cbe76e-85db-4854-b698-eeedf6efcb68.csv
1;4039.12;2019-04-30;parcelas_b8cc5d3b-9b1c-4240-8513-2ccc01eac643.csv
1;5935.48;2019-08-05;parcelas_b8d20875-18bb-4af8-bf4c-03e15c3a943a.csv
1;2969.32;2018-12-28;parcelas_b8d4180e-0cea-4fc0-812d-435e77c393ae.csv
1;79.79;2019-01-28;parcelas_b8d451f1-acff-4ead-85b8-c161cdfdb12c.csv
1;1563.46;2019-01-04;parcelas_b8d878cb-f927-4c60-8005-d54edbf2df28.csv
1;372.48;2019-09-30;parcelas_b8debdff-246e-4f11-871e-6dc69fb6ca6d.csv
1;1402.59;2019-03-29;parcelas_b8e02d16-e232-400c-b959-b362312922c9.csv
1;11980.22;2019-06-27;parcelas_b8e34e7b-4038-407e-82d3-c2b0e86e4c83.csv
1;39.05;2019-11-28;parcelas_b8ea4e47-fc28-41f4-87f2-b9226658b390.csv
1;650;2018-12-31;parcelas_b8eae995-6dd6-4e4a-a0a3-ab2ecd35940d.csv
1;1684.99;2019-07-31;parcelas_b8ee3e51-0b32-48c1-a764-a5f544c8c2fe.csv
1;120914.2;2019-12-11;parcelas_b8f18700-193f-46f5-93f5-30c03b2fb952.csv
1;13500;2019-05-02;parcelas_b8f50e32-4695-44e3-befc-7bae3eee27be.csv
1;3977.7;2019-05-31;parcelas_b8f7e7de-e13c-414a-b847-a9a292d76d34.csv
1;139.59;2019-10-02;parcelas_b8ff0711-0cbe-4f86-9e3d-fd74190d2c63.csv
1;3458.23;2019-05-28;parcelas_b9018894-f39c-4931-87ad-641a39418ce8.csv
1;17212.16;2019-08-27;parcelas_b90841ba-25bc-4abe-8d50-887563c5078f.csv
1;848.84;2019-11-26;parcelas_b908cf36-aab2-4a46-9549-e0b472028e58.csv
1;587.21;2019-06-27;parcelas_b9099819-95c5-456e-baee-bf84cdc46e97.csv
1;66.3;2019-03-25;parcelas_b913221a-b3fa-4596-9f08-2efc678f8453.csv
1;30735.62;2019-01-28;parcelas_b913f948-f8ca-4f93-8883-52bcc104d0f4.csv
1;25800;2016-10-27;parcelas_b9203a81-16e5-443b-9dcd-98b9ba3616f3.csv
1;550;2019-05-14;parcelas_b92cf956-c36b-424e-bb65-1b622f29d220.csv
1;9437.34;2019-07-31;parcelas_b93969c4-f407-4c7c-a818-3ba3fa788cd6.csv
1;66477.7;2019-08-30;parcelas_b93d98c1-2a7f-4f8e-b3e3-173338812a52.csv
1;4414.6;2019-09-30;parcelas_b942267e-83df-4dbb-82ec-c2584ac4db16.csv
1;11999.05;2019-04-30;parcelas_b9436781-cfd2-4688-b66a-7995855713ad.csv
1;58599.1;2019-04-30;parcelas_b94d21d1-edae-41c8-8dfe-e62d0a211d25.csv
1;7500;2019-01-17;parcelas_b952c5ca-ef9a-4e55-b308-de9dd45f5a60.csv
1;660.86;2019-09-02;parcelas_b957b3cd-e953-4e4a-a549-19bf40c39141.csv
1;1249.52;2018-09-20;parcelas_b9583af0-6c98-4714-ab50-a96765919639.csv
1;6782;2019-01-08;parcelas_b964ebbd-395e-4d4d-9797-cb87a59761b3.csv
1;500;2019-01-30;parcelas_b964ef1d-1881-4fa2-9cdc-70e6173e9776.csv
1;6330;2019-07-04;parcelas_b96dcf6a-db95-447c-a0e3-57aac2417e3c.csv
1;4457.73;2019-05-28;parcelas_b96fe6cf-5b00-48a1-91ba-0629d8ca5968.csv
1;9255.57;2019-06-19;parcelas_b9789992-b9fe-4f93-a3b4-63f11c36278a.csv
1;8640.36;2019-04-29;parcelas_b97c1bea-7515-4a90-b18c-35f2d9733cfa.csv
1;132575.94;2019-07-31;parcelas_b97e4a8a-3e5f-4dd5-afa7-cd8605a6db12.csv
1;3252.6;2019-12-05;parcelas_b98a90ec-8824-4f4c-b21a-1938041f5739.csv
1;2524.37;2019-02-05;parcelas_b98e0df8-8d84-4e08-a867-073c00be82f4.csv
1;11175.95;2019-10-23;parcelas_b9921d6e-8c7e-471e-89af-84841eab025b.csv
1;10759.82;2019-04-29;parcelas_b99e649f-7bbd-4666-ac44-9be3fed94870.csv
1;82.75;2019-11-26;parcelas_b99f0b42-b91f-45e6-aaed-2a41e94eca0d.csv
1;1479.05;2019-01-31;parcelas_b9a15543-cc1f-47a7-bbc0-7ea123aecab6.csv
1;341.36;2019-06-28;parcelas_b9a5fa2d-ec72-4eb3-b41a-d00e1efde23f.csv
1;18874.83;2019-02-28;parcelas_b9b89f90-548a-4854-a7b3-bae315d4b160.csv
1;1552873.4;2019-10-29;parcelas_b9c9db1e-a691-44e6-a6da-a8e92dac3149.csv
1;5400;2019-09-26;parcelas_b9cf3b43-f661-4947-95c1-f7b5e124b68d.csv
1;2918.07;2019-11-29;parcelas_b9d4dc76-9190-45ad-8f2e-e65e95f2b9d1.csv
1;279;2019-03-29;parcelas_b9d59120-ea07-4544-8d1e-afd7ba0f7641.csv
1;1321.79;2019-01-28;parcelas_b9d6be34-4373-40e3-9c6a-63e80f2b9e95.csv
1;846617.99;2019-12-10;parcelas_b9d6ff09-b970-46fe-8df8-34acea870681.csv
1;1018.6;2019-07-16;parcelas_b9d7695c-8b2a-46cd-b30c-3a0d71b26cfa.csv
1;8405.53;2018-08-20;parcelas_b9d842da-00f0-4a11-abc6-51351bc1d725.csv
1;682.5;2019-10-30;parcelas_b9e3db1a-359e-4d90-bff2-8dd7ca0b2c8f.csv
1;535.71;2019-08-02;parcelas_b9e5839d-e11c-4609-bacc-37ff7d63e5f1.csv
1;447825.65;2019-05-08;parcelas_b9ec9eac-0ad3-4fd6-adc8-81954282d2cf.csv
1;5711.05;2019-05-10;parcelas_b9ecbc85-c3d8-43e8-aebb-2ef91535ab3c.csv
1;616825.92;2019-08-30;parcelas_b9eef5e6-3568-4a7a-a0db-cc9570a57987.csv
1;43118.3;2019-12-19;parcelas_b9f3d8c7-5beb-4630-8b96-69a2a006ef66.csv
1;5255.83;2019-07-31;parcelas_ba012cb0-9d96-4194-8074-b8d858f8b964.csv
1;4008.22;2019-07-10;parcelas_ba0772b0-146a-42b5-a800-036ec9fbc6a7.csv
1;3068.33;2019-07-31;parcelas_ba087c6f-e731-4d24-bf9f-ed970db7ba16.csv
1;1583120.35;2019-06-27;parcelas_ba0a976a-3c12-4a5f-97da-299d27aa14ca.csv
1;991.63;2019-10-16;parcelas_ba0cd5a8-a3da-463f-aead-5b04039b161d.csv
1;170.97;2019-05-20;parcelas_ba13d6c9-453d-46d1-b2ef-8b4beb38d908.csv
1;192000;2019-09-18;parcelas_ba14cb27-9824-491b-bdac-1819190ade65.csv
1;2128.5;2019-09-09;parcelas_ba17d09e-d3a1-481d-8372-dbdecd00c4ce.csv
1;16902;2019-04-17;parcelas_ba18d705-2445-4dd1-b91d-eab985cbc603.csv
1;1231.37;2019-06-27;parcelas_ba19558e-a105-48fe-8dc1-0df1f46d8572.csv
1;1150.47;2019-01-31;parcelas_ba19be17-1e17-4aeb-ad33-819bbe3b9c70.csv
1;60000;2019-05-16;parcelas_ba1a1346-2902-445d-b15b-ba01701eee29.csv
1;3406.4;2019-04-05;parcelas_ba2f8df4-a549-47f8-ae1f-9496dec96e62.csv
1;1682.16;2019-02-28;parcelas_ba3b35c6-ae00-44d4-8e90-32b291ea8876.csv
1;2647.26;2019-02-22;parcelas_ba3b9d6f-7546-46b7-ba1f-5d2ae3037ae9.csv
1;1736.5;2019-03-29;parcelas_ba3e4850-c295-462b-a7a1-eb50f4fe9b8d.csv
1;414;2019-10-31;parcelas_ba43bad8-dd4a-4919-9a3f-be1c861ae477.csv
1;10243.33;2019-09-30;parcelas_ba44fc29-2736-4230-bc53-82c1ebd44311.csv
1;231178.82;2019-02-28;parcelas_ba48439a-fd89-4a86-b831-f2c27d7f837b.csv
1;7760;2019-05-02;parcelas_ba488963-6a7a-4a27-a23c-835752e5e454.csv
1;3355.57;2019-10-30;parcelas_ba489ca8-c7a9-4d7f-bf24-b880224d14e8.csv
1;17580;2019-03-20;parcelas_ba492c71-ff62-4e1c-9b85-73d4df9a5b2c.csv
1;5492.41;2019-06-19;parcelas_ba4b5fed-3cca-4c32-9e8d-5bb49dbb395e.csv
1;2124.38;2019-06-27;parcelas_ba531c1a-6708-4864-8c85-4920cf2cbfa6.csv
1;2021.4;2019-07-29;parcelas_ba55e319-af2b-49d1-b429-0d849d9bb1f4.csv
1;6660;2019-01-31;parcelas_ba5bf9bf-9dd4-496d-b598-83ff63faf91a.csv
1;2079.33;2019-09-30;parcelas_ba5dbb6d-237a-4816-9905-b212961b236a.csv
1;17298;2019-06-27;parcelas_ba605dc8-9161-483d-918d-528aab8da796.csv
1;695.27;2019-07-31;parcelas_ba7c0b9a-f82a-4a8b-b14a-4e0cc5a6f585.csv
1;22460;2019-09-24;parcelas_ba83ac01-fbc9-4696-8e74-2d3d923502dd.csv
1;11622.8;2019-11-07;parcelas_ba914cc3-fd82-4a2c-a9f5-f808e634a467.csv
1;15645;2019-05-07;parcelas_ba93d10a-2f2f-4acf-bb99-ae237349eba4.csv
1;5081.23;2019-02-14;parcelas_baaaf2ea-d0c8-46a5-aa96-b6cfb5778614.csv
1;193.51;2019-06-27;parcelas_baad58fd-df28-488a-b7b7-ab7ecaf0687a.csv
1;827.82;2019-11-27;parcelas_babd9d5e-459f-4e97-9ee4-d90489a24168.csv
1;1018.6;2019-12-16;parcelas_bac2626f-0909-418d-a248-de6db96b3d04.csv
1;4295;2019-08-19;parcelas_bac640b5-9164-4299-991d-d197d40fe055.csv
1;9700;2019-08-01;parcelas_bac9d091-bedf-403f-a578-d314d0ba51ab.csv
1;99;2019-06-03;parcelas_bad10a05-99dc-4aa2-a800-6e3f8b6898c6.csv
1;1389037.02;2019-06-27;parcelas_bad95d1c-20e0-4b20-a9ac-bbf899b02397.csv
1;546.28;2019-11-26;parcelas_badde736-7299-431e-abac-c2d69e461d87.csv
1;3972.44;2019-07-11;parcelas_bae1a0eb-4d0b-4d62-a669-cec80b996815.csv
1;1002.68;2019-06-27;parcelas_bae1af00-21e8-465e-8ef5-247c6322e4f0.csv
1;1866.4;2019-06-18;parcelas_bae65c86-eb99-4f12-b1bf-fca27f7c4a22.csv
1;2291;2019-10-10;parcelas_baed93ed-1d0b-4916-881f-a8dca95a4d63.csv
1;6200;2019-08-20;parcelas_baf28386-da12-4f8f-ab4e-0c944cd1a619.csv
1;30556.4;2019-01-02;parcelas_baf54f9b-9505-4f66-83aa-4e46d28ab0e7.csv
1;20000;2019-01-04;parcelas_baf76029-0383-4e2f-8a26-a2522eeba5a9.csv
1;17395.84;2019-03-29;parcelas_baf8a4e3-0f87-4926-9f8a-3cb3abf7d222.csv
1;1093.31;2019-08-27;parcelas_baf9389f-5ba9-4db0-91f3-7287663bbe7d.csv
1;138350.31;2019-07-31;parcelas_bafc9a9e-a19b-4f2a-8a70-3eb89fdae6ea.csv
1;418.48;2019-07-11;parcelas_bafdfb0e-5c14-4721-a7ed-b564def87797.csv
1;65;2019-04-24;parcelas_bb062449-3b5d-485c-9a23-eda2a2bf419f.csv
1;626;2019-10-11;parcelas_bb08ec52-2f92-4b21-a3d8-5162cbeda409.csv
1;907.08;2019-02-14;parcelas_bb0fb273-19d2-4b06-8a60-a92c0a02b39d.csv
1;159351.67;2019-03-25;parcelas_bb15e163-e884-432e-94c7-c72d46367de4.csv
1;1691.58;2019-02-28;parcelas_bb15eb1a-3363-45c7-bec4-ca1e179196f2.csv
1;700000;2016-12-08;parcelas_bb166606-5459-49e1-bb00-01ac418cf86e.csv
1;1994;2019-06-19;parcelas_bb1c1cdf-947f-4d66-ab75-628de55a41e4.csv
1;2279.8;2019-04-04;parcelas_bb1dae72-567b-4883-88c9-55a1c944dd4a.csv
1;34290;2019-10-30;parcelas_bb28db27-68b5-41fe-bb0b-7ee567ab7a4f.csv
1;161.07;2019-09-12;parcelas_bb369392-d28c-46b3-8399-d6b7eaa102f5.csv
1;38767.81;2019-04-30;parcelas_bb41462f-061c-4297-abd6-6b372db9a846.csv
1;420;2019-03-14;parcelas_bb4313e1-814c-423f-84d6-ad01a9b5aa6c.csv
1;6000;2019-08-08;parcelas_bb476963-70d1-414a-86be-d67049b36827.csv
1;19944.38;2019-06-11;parcelas_bb51f3a2-bdb8-42b1-a5ac-df77f9574538.csv
1;30100;2019-06-21;parcelas_bb5448a9-e1d7-417e-993a-15eadfd1d944.csv
1;200;2019-10-30;parcelas_bb5729e5-bb70-4f59-990d-0708fbb161cf.csv
1;922.57;2019-03-29;parcelas_bb5e2aa5-4703-436c-9f36-34c822719747.csv
1;563399.81;2018-08-13;parcelas_bb601934-5790-49f6-9025-e5499d5eed51.csv
1;295.4;2019-07-19;parcelas_bb6754dd-5107-4986-b2d4-920e587b3445.csv
1;4431.92;2019-01-31;parcelas_bb687113-0c03-4291-b1dc-048263b3d129.csv
1;4471.35;2019-08-30;parcelas_bb68af92-5fdf-414c-9d90-20420f2ea98e.csv
1;7028.2;2019-10-31;parcelas_bb6b054f-9f95-4286-a79a-ac6ae162d263.csv
1;301.68;2019-08-21;parcelas_bb7c4325-fa40-4ad2-bf26-28831b2d94ef.csv
1;105.62;2019-03-20;parcelas_bb823ff5-cf69-4fc9-8245-66292b9c2c86.csv
1;423130.56;2019-11-28;parcelas_bb8c68a9-e2e7-415b-8baa-fb31d8137c4b.csv
1;1900.46;2019-11-13;parcelas_bb91cf11-3783-416c-aaa5-c964d99cad8b.csv
1;147674.19;2019-10-30;parcelas_bb924429-7dbe-48fe-ae7f-fde246661368.csv
1;8220;2019-07-10;parcelas_bb9b5de2-d700-4068-a8e2-15c98b56c9d3.csv
1;5452.92;2019-10-31;parcelas_bba4e2be-78e8-4122-ae28-64540053c8aa.csv
1;630;2019-05-14;parcelas_bba4ead6-0098-4b54-9a40-8b8c326caf6b.csv
1;10636.66;2019-10-30;parcelas_bba8541f-0af6-4a43-8244-9ac0e9867a0b.csv
1;3740.01;2019-03-18;parcelas_bbb39bea-0801-41da-a6c4-9ddec8b171cd.csv
1;31.29;2019-03-29;parcelas_bbb4f70a-139d-492d-8c8a-7576737e1866.csv
1;1764.87;2019-04-29;parcelas_bbc7d141-da8c-4ad8-8a90-5ce51b25c703.csv
1;6210;2019-01-31;parcelas_bbd47b79-2381-43b4-a021-bededbd4c604.csv
1;5407.5;2019-10-30;parcelas_bbd88b1c-d7f2-46c7-b146-7b4e893ede65.csv
1;1156.7;2019-03-29;parcelas_bbdcf04c-c076-4483-b2d0-99301f44bd06.csv
1;224.81;2018-12-20;parcelas_bbdf6e23-ff2c-4a12-9c34-4524c1fbaad3.csv
1;2750000;2019-01-02;parcelas_bbdf9ca9-f696-44bf-9446-11fec1649c28.csv
1;10750;2019-04-29;parcelas_bbe02c47-f03f-4513-9a74-7089513c2849.csv
1;1600;2019-11-14;parcelas_bbe3e208-79ec-4b8a-b7f0-826a67227ec8.csv
1;65;2019-01-09;parcelas_bbec6e7f-4504-4428-86f6-5e7d757cc78e.csv
1;4099;2019-08-23;parcelas_bbf9f4fd-ea77-41da-8428-d39a684ed3d0.csv
1;738.4;2019-09-02;parcelas_bc0cc8d6-143a-4408-8da3-3d22a681ccc7.csv
1;1174.45;2019-09-30;parcelas_bc0fd52a-660a-4a76-95f4-35698a1365f3.csv
1;984.23;2019-01-28;parcelas_bc1ec22c-f903-4c3c-9f63-1a3964181194.csv
1;38048.33;2019-08-30;parcelas_bc202e0a-108b-4889-8dac-2f01d9a8a0ec.csv
1;4924.5;2019-08-30;parcelas_bc242faf-ade0-4179-9a28-cc1fdc9ce528.csv
1;21927.49;2019-11-29;parcelas_bc2a3cea-f193-44c6-bdf8-f26257f28d2d.csv
1;221.12;2018-12-28;parcelas_bc2a73b0-c1fa-4f03-9f6e-2635c65b90fa.csv
1;65486.15;2019-08-20;parcelas_bc2fbc44-590a-45e3-b0e4-181a26e71e2a.csv
1;112.24;2019-10-02;parcelas_bc306266-622f-4e60-9505-9c19d5d98d75.csv
1;33882;2019-09-19;parcelas_bc3623d7-d1a9-4c42-92f7-67607eec68a2.csv
1;2517.27;2019-02-12;parcelas_bc48a080-8623-48c0-8de4-cc9046910855.csv
1;1524.96;2019-11-05;parcelas_bc48ae39-d6c9-41aa-b93c-0b068c75029b.csv
1;6493.6;2019-08-28;parcelas_bc4eb144-e152-4d42-9a4a-6c8217ffd0b7.csv
1;1233.4;2019-01-17;parcelas_bc56caa0-79cb-4837-bcd3-208b02633787.csv
1;27387.6;2019-09-02;parcelas_bc5cae77-313e-4c90-8d62-f165e0f17f72.csv
1;200;2019-03-29;parcelas_bc6088a3-df82-43d2-9e5c-3501e370c913.csv
1;34926.74;2019-09-04;parcelas_bc653d25-2e52-4479-9a59-5e49648876d2.csv
1;25223.05;2019-02-11;parcelas_bc6bf4f0-a48d-4c68-bd88-b32049352e9c.csv
1;280;2019-10-21;parcelas_bc869f6f-bcab-4e60-81d8-8bcbfe03f77e.csv
1;31447.14;2019-05-28;parcelas_bc923fa8-0860-4ba2-a025-d67a68d594d4.csv
1;33405.95;2019-04-02;parcelas_bc9c8e96-91d1-4d93-84a9-c4de7bb43609.csv
1;500;2019-11-01;parcelas_bca0cd93-df8a-446d-be2c-5ed594d3384b.csv
1;107.48;2019-03-29;parcelas_bca9e73d-c731-463f-847f-6f8dd6e6037e.csv
1;2495.71;2019-11-28;parcelas_bcab5438-4d02-49c7-8c30-1346fa5978c1.csv
1;26910;2019-11-25;parcelas_bcbd538f-1986-4403-8338-7d62152da77d.csv
1;1102.27;2019-10-31;parcelas_bcc0e605-1c4c-4099-ae9d-8105ed152b5d.csv
1;480.89;2019-04-29;parcelas_bcd2570d-2877-40f3-9af4-94a40a6e7bd5.csv
1;450;2019-01-31;parcelas_bcd39666-d487-4f98-b59d-8940d0da57d1.csv
1;12015;2019-08-05;parcelas_bcd486f7-1ccd-4716-a86d-0451c37ade7f.csv
1;72734.38;2019-09-30;parcelas_bcd54d4b-840f-4901-8e7a-e4cdb4a096b9.csv
1;1378.82;2019-07-25;parcelas_bcd5a4cf-42a7-466a-b4aa-2f918a21fafe.csv
1;70.86;2019-09-16;parcelas_bcdf6712-bf36-49fb-ba78-832a161c2608.csv
1;10000;2019-07-16;parcelas_bce5739f-1440-4e9c-91f4-b9f70adfcf76.csv
1;26385.12;2019-05-28;parcelas_bce6cc7c-ac5b-4600-b7fb-59d4c129717f.csv
1;34470.92;2019-11-29;parcelas_bcecc165-67b3-4f08-ac62-ab189b4e7dbe.csv
1;2028.09;2019-01-07;parcelas_bcf1b3cf-8133-4a58-b5f4-996436c554c5.csv
1;27471.77;2019-02-22;parcelas_bcf24055-74c0-4506-b455-72fdf20e089f.csv
1;695.27;2019-12-30;parcelas_bcf35b08-5a8d-4b0c-93a9-a00e6f419073.csv
1;8223.1;2019-11-29;parcelas_bcf487d8-ca4f-4636-b8bc-6f37d4089b02.csv
1;2000;2019-09-30;parcelas_bcf6d0b7-656c-4284-9643-4f3bb098b81b.csv
1;2542.89;2019-10-22;parcelas_bcfec35e-cf3c-4655-b79a-87d269bcda65.csv
1;168339.76;2019-05-28;parcelas_bcfff2be-264a-4515-961b-de0581b3ef9f.csv
1;2027.95;2019-01-28;parcelas_bd05508e-4110-45a7-800b-23b01ccd8b7a.csv
1;1468;2019-10-25;parcelas_bd05a067-9c19-4058-9ef8-18fdc13c863d.csv
1;3256.23;2019-01-02;parcelas_bd0958d2-8930-4c09-95c7-b115335ae2e4.csv
1;1267.44;2019-08-30;parcelas_bd129562-ab63-4c11-8457-d515dc5d4abc.csv
1;750000;2019-07-25;parcelas_bd159e68-b71c-4bf4-8572-1d85ac4f9efa.csv
1;85467.98;2019-12-31;parcelas_bd1b8918-ce47-4b20-988e-b009baf3e8bd.csv
1;39998.61;2019-03-12;parcelas_bd1bf0ba-9471-4578-b70d-be9adfa118d6.csv
1;48533.72;2019-12-11;parcelas_bd1d6e03-42af-4542-a9a8-5e78ddcec8a8.csv
1;1813.56;2019-10-29;parcelas_bd1d92ba-d7e9-41dd-8094-29c30fedc056.csv
1;21990;2019-01-03;parcelas_bd1dc200-1329-4fac-bc0e-f932a95242aa.csv
1;31150;2019-08-23;parcelas_bd24eb21-05e3-445a-9443-77e3db424be4.csv
1;320.55;2019-04-12;parcelas_bd284e65-77c0-45a2-9ac6-503b4a83d804.csv
1;13254.46;2019-03-29;parcelas_bd3404a1-26ae-4cf0-ba61-af639c8cf19f.csv
1;4781;2019-10-04;parcelas_bd402cc8-f582-49ff-9a10-0ca0f9d3e4f5.csv
1;143.89;2019-06-11;parcelas_bd470def-70fc-4ffb-a7c5-ff7912a81c46.csv
1;165000;2019-01-02;parcelas_bd4ad097-7281-489e-99b5-1a848cc84a56.csv
1;11896.72;2019-07-26;parcelas_bd4c1437-1846-4240-8c4d-fdf7d5c31802.csv
1;4792.55;2019-06-18;parcelas_bd4cd659-da25-4b2e-a656-3ac26b1589e8.csv
1;2975;2019-08-30;parcelas_bd4f5dc1-c979-4c36-8fc1-9d95fb3d6847.csv
1;4432.3;2019-08-12;parcelas_bd562aa7-4bbf-4278-a8af-22607c410f30.csv
1;88908.94;2019-08-30;parcelas_bd569939-1801-423e-a85c-3b1feffe2b03.csv
1;54000;2019-01-16;parcelas_bd60167d-dfe9-4927-bd79-e38434b500f0.csv
1;29149.51;2019-10-31;parcelas_bd68d60c-1624-4cf5-b0ce-1c26b129c838.csv
1;3419.2;2019-08-12;parcelas_bd6a1701-79bf-4456-b76a-5fbe80a6e5eb.csv
1;200;2019-06-03;parcelas_bd6c4532-d929-43b6-ba3a-17e5adae2cad.csv
1;75182.32;2019-08-30;parcelas_bd7447f4-2fae-4ff0-b348-e984bcd7ba70.csv
1;1722.69;2019-09-17;parcelas_bd7c730f-68e6-43b7-a592-5cfd943fa7c2.csv
1;14014.51;2018-09-28;parcelas_bd7d96da-b70b-456c-b959-bddafda8fedc.csv
1;188.29;2019-08-27;parcelas_bd84d3bb-37cc-4070-998e-4529765a25e0.csv
1;526.2;2019-01-28;parcelas_bd8cf9a8-dfa6-40d8-9488-50ebb05a1295.csv
1;251.22;2019-07-04;parcelas_bd90988a-29c6-4bbf-a473-d76e9c6a3b24.csv
1;258570;2019-08-15;parcelas_bd994802-9a3a-4bb5-8c87-794600e104e7.csv
1;5148.46;2019-10-11;parcelas_bd9cacbf-a2a2-41c3-82ca-5979e3c1fbdb.csv
1;10326.5;2019-10-18;parcelas_bda67d0b-86da-4cf6-89be-f7b90853fa64.csv
1;2881.15;2019-12-11;parcelas_bda996fb-5b9f-41ef-b6ee-ec7e8c97616b.csv
1;75893.49;2019-07-25;parcelas_bdac1221-6148-4e1f-a801-1ec57c37389b.csv
1;517771.39;2019-12-19;parcelas_bdafa59c-4606-41fc-94e9-ae3471bd846c.csv
1;37418.3;2019-06-03;parcelas_bdb4a6da-b068-4940-b790-e2e6733785b5.csv
1;33152.98;2019-02-27;parcelas_bdb50eed-52c0-4a7e-a4da-379f8995c960.csv
1;4758.85;2019-06-03;parcelas_bdb932e2-d034-40a6-b205-169d8340b875.csv
1;188611.42;2019-12-19;parcelas_bdbd8a7d-72e6-4dff-87dc-d92de5eca6c2.csv
1;450000;2019-11-14;parcelas_bdbdbaee-f5be-438b-9941-e2a6220daddd.csv
1;1340.68;2018-12-31;parcelas_bdc7a17c-14ee-4d51-96d7-5ebddc7df370.csv
1;170.97;2019-11-18;parcelas_bdc80427-6c71-4138-97f4-bfe66dea3789.csv
1;21408.26;2019-11-29;parcelas_bdc996bd-f711-4861-bff1-ea3ad38e1044.csv
1;735.3;2019-04-29;parcelas_bdcac1b6-c7ff-46a0-9381-dc8f225decef.csv
1;4385.28;2019-06-19;parcelas_bde6b7e4-cab9-4207-81e6-a7d4066dd7a7.csv
1;319500;2018-12-28;parcelas_bdea38be-c37b-4066-9c05-c479900a2722.csv
1;99036.84;2019-06-27;parcelas_bdebb666-2066-40d5-b4b5-6e673b5c14e8.csv
1;54139.23;2019-07-31;parcelas_bdec6139-6d3e-4937-9134-6acdbe0aa559.csv
1;13398;2019-05-14;parcelas_bdee03fd-6742-4379-b005-571bd934922e.csv
1;566.97;2019-09-17;parcelas_bdef4b4c-65b5-45a8-a0a7-14bd88de2cef.csv
1;5535;2019-01-31;parcelas_bdf5564b-cd4e-4e32-9c75-875a1a504eac.csv
1;2116;2019-03-20;parcelas_bdf75120-983c-4d61-b905-ec4aa6ee42e2.csv
1;270.89;2019-06-11;parcelas_be00609e-9786-4ed9-928f-6ce11a7b96bb.csv
1;2382.49;2019-04-04;parcelas_be04a4b7-a58c-48b1-ad28-9d1478f1f390.csv
1;5458.82;2019-09-30;parcelas_be0bd055-0cae-4872-ab6e-96383bfd137b.csv
1;300068.99;2019-05-28;parcelas_be102fea-f097-4179-89f5-498986c3d89e.csv
1;1000;2019-07-01;parcelas_be162824-2738-4331-8321-8095f8536776.csv
1;147804.31;2019-11-28;parcelas_be1f4c7f-c01c-4563-bc3e-f4142960b2c4.csv
1;900;2019-07-04;parcelas_be1f5387-d417-41c0-99b8-c99882a6a744.csv
1;13303.8;2019-10-31;parcelas_be28499e-6710-41d6-a2e1-e478126f6a95.csv
1;20384.6;2019-06-03;parcelas_be2bae07-f0ac-425d-9adc-adb3561b6a5e.csv
1;596.8;2019-11-27;parcelas_be2bb9b6-e280-41a5-aa65-187ab772ba82.csv
1;197.18;2019-11-01;parcelas_be2d0469-eb6d-4180-9cdf-8ff26e06c70e.csv
1;621.64;2019-04-22;parcelas_be370c43-7785-4601-aa46-faeaa51c7dd0.csv
1;34800;2019-03-12;parcelas_be3b4164-57e3-4b52-a6bd-f8b8378a9fb5.csv
1;855.88;2019-09-03;parcelas_be3ec5b3-9694-470b-99d5-8e8147495adf.csv
1;27413.55;2019-06-19;parcelas_be407091-c0ca-4e31-ad1e-489b3d09f60f.csv
1;4835.6;2019-03-29;parcelas_be52b676-84c5-4007-a0c8-420e4d13fcad.csv
1;1405.75;2018-12-31;parcelas_be5a277e-fbd9-4bc2-af67-c46efa9c7318.csv
1;110.65;2019-10-02;parcelas_be5f1ac5-1a91-4c13-bb6f-83c510e18034.csv
1;290;2019-02-11;parcelas_be619afa-3cda-4adb-92e8-83d256dc8523.csv
1;260279.64;2019-07-30;parcelas_be61f525-be02-4811-9e15-0d4168c17153.csv
1;42600;2019-08-05;parcelas_be6b4858-2b74-4c93-8ae2-d7c3428e1452.csv
1;539;2019-04-04;parcelas_be7079ae-5cdc-4fac-b52a-8363c61b2406.csv
1;673.61;2019-03-29;parcelas_be727a62-18a5-4e6f-bbfe-2320dc68c4f7.csv
1;8904.15;2019-01-28;parcelas_be728699-58de-4907-acfa-85951ae8c57d.csv
1;21472.65;2019-09-19;parcelas_be77780b-2876-482d-9486-4e7fcab4a240.csv
1;3381.4;2019-03-01;parcelas_be7f097a-8dec-4de7-a505-b901b9d0f7f8.csv
1;10469.04;2019-07-19;parcelas_be839550-bb1e-4f2b-a038-ae23035ee742.csv
1;341.94;2019-12-09;parcelas_be8588a6-c51f-4d23-8017-b7277eca2425.csv
1;41555.25;2019-01-18;parcelas_be889d4d-e993-44a1-905f-b8536701510c.csv
1;6059.3;2019-11-19;parcelas_be919131-0ba9-44f9-9d9a-65586a8df689.csv
1;700000;2019-09-05;parcelas_be98915b-2142-4a56-b925-69be94fe7ce9.csv
1;35048;2019-07-12;parcelas_be9bb6a9-2008-4cd5-b609-c1e3459e14fd.csv
1;6319.4;2019-10-04;parcelas_bea0cbf1-fa0b-461f-a8a6-e24ed5a00362.csv
1;3139.47;2019-07-31;parcelas_bea39629-70be-43a6-81bc-9862b28d44ec.csv
1;58179.41;2019-08-30;parcelas_bea69d52-ceb1-4c50-8290-928b8a09ba03.csv
1;377.3;2016-05-20;parcelas_beb00fe4-d4d6-4b89-b643-2121b392e802.csv
1;12723.4;2019-07-10;parcelas_beb0578c-fc49-477a-b9a4-e6b56b94f87a.csv
1;65;2019-03-07;parcelas_beb7a6ca-4de2-4747-a059-de17cc6c3c93.csv
1;476161.6;2019-02-28;parcelas_beb903ae-42fa-4574-917e-dc0d2cbd296f.csv
1;125322.17;2019-10-30;parcelas_bec03cf2-3731-4c7b-80ca-a4474b420898.csv
1;209;2019-10-21;parcelas_becaebab-46cc-4635-8b49-8e07be997700.csv
1;815.37;2019-01-09;parcelas_becb4377-8314-4845-a503-91718f82952d.csv
1;2685.12;2019-03-12;parcelas_becc80ee-bcf7-45e1-ad74-7bfe0ecf478a.csv
1;16100;2019-02-20;parcelas_bece4f19-4ecd-4dea-a10a-4ccfaab8b127.csv
1;5593.84;2019-01-23;parcelas_bed6691e-361a-4a82-a68a-4a8043e04c9e.csv
1;13095.76;2019-12-11;parcelas_bed78003-e8fc-4bda-8076-f71ace4c4019.csv
1;628.05;2019-09-27;parcelas_bed87133-36bf-4068-a7f5-ee2bcd92aa66.csv
1;1042.94;2019-09-18;parcelas_bedad3a6-920a-4c06-a289-6c87ab423aa4.csv
1;31673.7;2019-06-28;parcelas_bedcd7a9-a9b4-4724-8455-166459314db5.csv
1;164.3;2019-07-22;parcelas_bedf056f-62ad-4461-924e-2e9b20e45e1a.csv
1;61819.01;2019-11-14;parcelas_bee01f41-8f0c-4690-b891-7652db435694.csv
1;206.7;2019-11-13;parcelas_bee40303-c72f-4772-9b30-6ed2e6ecaa98.csv
1;102.58;2019-08-16;parcelas_bee85367-2b69-4b80-92d1-b82208e170c3.csv
1;9691.54;2019-02-28;parcelas_beea5c44-4184-4c39-9888-607601fcd135.csv
1;307.7;2019-02-12;parcelas_beecdf71-0999-4304-80ed-eab773bb7a39.csv
1;1707.5;2019-06-14;parcelas_befe9965-a80a-48d5-9744-f4f146087140.csv
1;94308.59;2019-10-31;parcelas_bf0465ba-e982-45fd-a468-be24763f580f.csv
1;109450;2019-02-28;parcelas_bf09b523-53d7-482d-84ed-a8d351209af8.csv
1;1276;2019-02-15;parcelas_bf09c3ba-0fad-4f22-9146-9b83755e0b1e.csv
1;59.97;2019-01-25;parcelas_bf0a323e-8263-4464-a1a1-327d94c563d1.csv
1;79.79;2019-07-03;parcelas_bf18e782-bb66-49dc-9a52-6c1d2a027a15.csv
1;295944.19;2019-01-11;parcelas_bf20dfd3-aa7b-4658-8dbc-9a716abf7d7d.csv
1;1095;2019-10-31;parcelas_bf2415da-1b13-4307-9d00-a8f7163064da.csv
1;1085.79;2019-02-27;parcelas_bf273c22-a425-46f1-aada-9f93462ea589.csv
1;6578.6;2019-06-10;parcelas_bf2d1326-337e-4688-94e0-fe1d3ee29429.csv
1;2965.41;2019-04-30;parcelas_bf3304fb-e983-45d1-adf0-05372923fbe4.csv
1;20724.11;2019-11-25;parcelas_bf3a5473-ba97-4451-95bf-9d07b9de2842.csv
1;250.44;2019-01-31;parcelas_bf3afb7b-a576-4b5f-a0f3-ecbfcbcdece0.csv
1;2440;2019-06-14;parcelas_bf4c5639-56c7-4e99-82b2-93c9833a969d.csv
1;221.74;2019-05-13;parcelas_bf4fcc16-d3f9-4c0a-9914-77e4522bfa5c.csv
1;31480.27;2019-06-27;parcelas_bf534988-e2e3-44c6-917a-07b0ac72b82c.csv
1;2400;2019-10-14;parcelas_bf53bd38-1c28-4d48-a7ab-df1b19faad30.csv
1;3388.8;2019-03-12;parcelas_bf56ab0a-a5fb-479f-8d4a-c3cbddded62c.csv
1;65;2019-03-18;parcelas_bf5797e3-7c08-4a2e-9a57-4cdfba2ba637.csv
1;22299.26;2019-08-05;parcelas_bf583f41-9b91-46df-af0d-588fdf6aab3a.csv
1;13004;2019-08-01;parcelas_bf5c1b5b-68b3-4287-93fa-14d088bde156.csv
1;4197.6;2019-01-31;parcelas_bf5e8286-c553-4b4b-9703-3d17c28f83db.csv
1;2537.5;2019-10-30;parcelas_bf5fca78-fe17-4bc0-abd0-f808139df127.csv
1;2537.5;2019-09-30;parcelas_bf67348d-0800-4836-a454-7b8cbed6a187.csv
1;55842.37;2019-06-27;parcelas_bf6ab375-d179-4aa3-9e37-077b786fd991.csv
1;4003.98;2019-05-21;parcelas_bf79e4ec-cd6f-453f-829b-9366f7b799f7.csv
1;16199.52;2018-08-13;parcelas_bf7e1662-5476-45ca-ad31-d7e938013c4c.csv
1;2007.62;2019-04-24;parcelas_bf7fb2af-909d-4da4-8288-8a1c09c6ed5e.csv
1;50;2019-01-07;parcelas_bf8b886b-8b3c-4e3f-bf23-b052449bea18.csv
1;10053.04;2019-05-29;parcelas_bf8d6c04-bcbb-448d-9739-2303d3243171.csv
1;2153.1;2019-03-14;parcelas_bf8ec9de-4640-4ef3-b74e-902fa182381f.csv
1;1578.12;2019-02-28;parcelas_bf9106a8-756c-4324-a0d2-71aadea7067d.csv
1;2330.08;2019-07-31;parcelas_bf931bef-ffdb-4b52-bf88-ad93ee72a735.csv
1;27678.74;2019-07-31;parcelas_bf979f1e-84ab-4f0f-b009-5bb2604c6f19.csv
1;24267.11;2019-06-27;parcelas_bf9c1dc3-b07c-4aa7-888f-014984d88964.csv
1;28764.94;2019-07-11;parcelas_bfa01f0e-21b6-470a-a391-0eb80a38562c.csv
1;26610.23;2019-06-28;parcelas_bfa1fc5c-774a-458a-8321-36d6b2c10cb2.csv
1;2769.6;2019-04-30;parcelas_bfa2b639-1efc-4ff4-b5a4-13e1b2afbec8.csv
1;3952.2;2019-08-30;parcelas_bfa5473f-6bec-4653-a12a-456e46939479.csv
1;233.07;2019-12-26;parcelas_bfaa5580-68ab-4b6a-9834-5d4ea988dcaf.csv
1;565.65;2019-05-10;parcelas_bfacc503-eec4-49b0-b2b1-729861391150.csv
1;400000;2019-11-05;parcelas_bfaf5fc4-71ac-4cc7-b405-ac9f75244ad7.csv
1;11930.67;2019-05-28;parcelas_bfb02dfc-84c7-48b6-ac95-bf71593fd861.csv
1;5968.5;2019-07-11;parcelas_bfbbb587-2605-47e4-9c37-63c8448d37d3.csv
1;250;2019-06-07;parcelas_bfbf538b-ab9c-45bb-8890-8ca0ced305b5.csv
1;3506.56;2019-08-30;parcelas_bfc95206-2f4f-4981-bcd8-191fb7ea4e67.csv
1;1297.28;2018-11-30;parcelas_bfd08552-c286-4fbd-be1f-96c0862ce871.csv
1;150;2019-09-17;parcelas_bfd3963d-a1e2-4e19-b0a1-ce8fb397f690.csv
1;8178.78;2018-11-20;parcelas_bfd5f916-002b-4f8c-bfe6-e9812ee2b366.csv
1;56000;2019-02-08;parcelas_bfdd4259-6ffc-4ebd-b372-bb4fd66b07c1.csv
1;120;2019-01-22;parcelas_bfe081e5-48e8-4906-95e3-02ab5ed1cb01.csv
1;194.48;2019-07-19;parcelas_bfe16fca-7a87-4a99-9b07-b27a466ccb74.csv
1;5638.8;2019-06-03;parcelas_bfe8a1dd-6989-4cba-8475-824344316063.csv
1;3000;2019-05-16;parcelas_bfebb273-8853-4b57-8393-a082784d94be.csv
1;85467.98;2019-01-31;parcelas_bfec6c81-19b4-4e11-8113-ca9205e99145.csv
1;20;2019-01-15;parcelas_c0080b22-4145-4590-8f69-d17bb626e521.csv
1;20344.86;2019-05-28;parcelas_c0087888-fc86-4411-95e5-931620410dcd.csv
1;65;2019-05-24;parcelas_c00b2161-41d2-46e8-80b3-e30d46606c87.csv
1;24387;2019-10-18;parcelas_c00cc384-1544-42cd-9736-3221eba627e2.csv
1;1636.24;2019-07-12;parcelas_c0179b68-457e-45e5-8f5f-4d1b9040cd52.csv
1;708.24;2019-11-18;parcelas_c0188fd6-1bf9-4cd4-82b6-2ba5c1424165.csv
1;12373;2019-11-18;parcelas_c01905f3-d18d-4799-8d62-e8124e71c440.csv
1;226330;2019-06-10;parcelas_c01939eb-4469-4df0-9ef7-cbee58e4de76.csv
1;139559.51;2019-06-27;parcelas_c020cdcd-2695-40b2-ab96-87e7f95786de.csv
1;522.98;2019-04-03;parcelas_c03c152c-bc9d-476c-95b0-dbdea5cfe2d9.csv
1;17500;2019-01-02;parcelas_c03de8e4-ee19-4215-a354-82d88aeed561.csv
1;2686;2019-03-01;parcelas_c03e5308-b31e-4809-a314-c0bb38f9f567.csv
1;698.18;2019-02-28;parcelas_c04a19e3-8946-4a99-a7c9-8725ffaafef6.csv
1;446.16;2019-12-11;parcelas_c0542283-3953-479f-b75e-9c4700919056.csv
1;10961.38;2019-02-25;parcelas_c056d12d-ee89-4a87-9ede-fe07b6367465.csv
1;357;2019-06-04;parcelas_c059f925-2958-4e93-b697-25da476dbacc.csv
1;13857;2019-04-23;parcelas_c0607962-50cb-481c-9b03-c2722c9cb886.csv
1;263.99;2018-11-30;parcelas_c061cd9d-3c06-481d-a446-ddc108b4def9.csv
1;40732.76;2019-05-20;parcelas_c06262a6-a7b3-4f27-b19b-53276ee0b3a1.csv
1;41655.64;2019-06-07;parcelas_c063d33b-a7c0-45fc-8bc8-6aab62ab3dee.csv
1;32380.5;2019-04-03;parcelas_c06469af-b69c-4ada-bc6a-e2d5d4432ee4.csv
1;1.6E7;2019-01-02;parcelas_c06b59b9-c01b-4cd0-b5cd-0241e2355efe.csv
1;2114.08;2019-10-31;parcelas_c06b5dd2-c2fa-451c-bb0b-daaf87cba971.csv
1;1104.51;2019-10-21;parcelas_c06ee944-f44e-4065-a9df-3afc15d74aea.csv
1;71920.73;2019-06-27;parcelas_c073b030-3917-4312-9630-3fa914e23d8a.csv
1;13055.41;2019-05-15;parcelas_c074fe5b-9436-4bc2-a1f2-dc41f3e6a3ef.csv
1;8755.22;2018-07-20;parcelas_c07dfcce-05db-4bcb-99a2-11d54fdd4191.csv
1;2000.83;2019-06-27;parcelas_c081da65-8713-452f-825a-f0ff1e6a3f34.csv
1;1244.42;2019-06-27;parcelas_c081fce7-27d6-46f4-9495-9d757553c87d.csv
1;170.97;2019-01-31;parcelas_c0843c13-d9e5-436a-b287-2ceeff20d902.csv
1;63483.22;2019-12-31;parcelas_c085afc2-0d2a-41b7-b30c-3d401df95a6a.csv
1;500026;2019-09-30;parcelas_c087e829-e94f-4183-9728-f48167f49ba0.csv
1;259.16;2019-08-27;parcelas_c088d88c-a4e5-4c89-afe3-bbbd806b5de9.csv
1;33010;2019-03-26;parcelas_c08c292c-27de-42ec-816a-0a9ee2ffef4a.csv
1;6843.72;2019-01-31;parcelas_c08ef6c0-fec6-4029-bf63-5909b0e02ae8.csv
1;6011;2019-07-31;parcelas_c09eba80-3881-4321-a56d-ecabb62a3e43.csv
1;64.5;2019-04-08;parcelas_c0a75128-9d35-46ce-9b64-873e95617715.csv
1;36381.99;2019-11-29;parcelas_c0a93cf0-644f-415e-abfd-c34406f5dc30.csv
1;2380.87;2019-11-27;parcelas_c0aa9409-48ad-4b3d-b058-90e49ce4322f.csv
1;3103.83;2019-07-31;parcelas_c0b2edd1-bd7d-41b8-877d-5c7b8fb70174.csv
1;2900;2019-10-31;parcelas_c0b39ff4-ba95-4ba3-ae75-4152901c4efb.csv
1;2980;2019-03-26;parcelas_c0b7da75-adf2-4c29-b868-933e2200ad29.csv
1;45989.98;2019-09-12;parcelas_c0b99d69-e1a0-4504-b537-357510545353.csv
1;51;2019-04-04;parcelas_c0b9d8d4-66f1-4d08-8bd8-6b6499b87350.csv
1;196.36;2019-07-26;parcelas_c0bd2d0c-a23d-4c7f-b630-acec940e7a03.csv
1;387478.61;2019-01-31;parcelas_c0bd7481-d993-4d81-aca2-4c3b09cfc24e.csv
1;215.11;2019-04-30;parcelas_c0bef97e-9d21-4e98-8cb1-a9a6250e8d75.csv
1;92.68;2019-09-09;parcelas_c0c49bc4-c77e-4392-a180-36bba76534fe.csv
1;2472;2019-07-08;parcelas_c0c83425-447d-4b0a-b15f-54addf73427b.csv
1;134.36;2019-03-29;parcelas_c0cca6e6-f7f2-43e6-a7b2-9f4f61eea476.csv
1;3850;2019-09-30;parcelas_c0cdc41b-66a8-407b-82ed-9d27192a0285.csv
1;39508.7;2019-11-29;parcelas_c0d309c6-044e-4bcd-8bdf-630a50dd335d.csv
1;220000;2019-04-25;parcelas_c0d441fa-0457-4eb7-bfa3-314e2eabd78d.csv
1;171.46;2019-01-31;parcelas_c0de94c7-7043-41e9-9a13-a5dafcb39359.csv
1;159.34;2019-02-26;parcelas_c0e0bbdf-fd90-492b-9c7b-56e748155d5a.csv
1;55000;2019-10-21;parcelas_c0e0f727-3206-40fd-bd45-b7e579ce87a2.csv
1;873.49;2019-09-13;parcelas_c0f15009-53fe-4aff-aaf0-9a6cfe4f4d70.csv
1;1306.01;2019-04-30;parcelas_c0f525c5-5a53-404e-845e-e2d23da5e582.csv
1;34324.85;2019-02-28;parcelas_c0f85c9c-5f14-4e97-b56b-b6d7b792c883.csv
1;5091;2019-04-03;parcelas_c0f8c6fd-0dda-483e-9d7d-6c2e414da162.csv
1;18548.6;2019-02-13;parcelas_c0fd8372-6e37-489b-b7be-b793cf09bea2.csv
1;59915.69;2019-07-31;parcelas_c102c53a-bedc-4622-8dbe-4820e2b96313.csv
1;3530;2019-08-13;parcelas_c105be01-5698-43ac-979f-55e1f466a9de.csv
1;4000000;2019-01-03;parcelas_c10bbc1b-a948-4427-9c84-38f3050c49ce.csv
1;3225.96;2019-05-28;parcelas_c11b7453-29f7-47d2-9745-02083d0591d8.csv
1;1122.04;2019-04-30;parcelas_c11fbccb-4436-4694-8770-1a3e65cd74e3.csv
1;350000;2019-10-28;parcelas_c126f4eb-5470-4611-938e-87f0eda26254.csv
1;65.08;2019-03-12;parcelas_c12c9957-2dd6-4205-8218-6a3a90f59fee.csv
1;1552873.4;2019-08-30;parcelas_c12d7516-1544-4215-b5f1-2a9de7c17fa5.csv
1;9964.16;2019-09-05;parcelas_c130f521-a3f7-4972-8bb2-0bab91578bf0.csv
1;9878.98;2019-11-26;parcelas_c13ac494-d78e-4bd0-ad77-4f6b49becf3d.csv
1;937;2019-09-05;parcelas_c1432ceb-3bc8-482e-b45a-d425db4c4e67.csv
1;800.46;2019-05-15;parcelas_c147d07b-c0c1-49d8-b8f5-3f7de889a686.csv
1;6669.21;2019-04-22;parcelas_c148f5e6-a44e-4868-a939-35ae131ee888.csv
1;441.02;2019-10-14;parcelas_c14b2232-7a89-43fe-9d0a-712833704ad0.csv
1;4092.84;2019-09-23;parcelas_c150cf9d-1e3b-49e5-a2d4-f1b5f07165ff.csv
1;76983.06;2019-05-28;parcelas_c1512bce-7bd1-4e4f-ac2a-4c8a6457761c.csv
1;1507155.92;2019-05-14;parcelas_c1594343-89b5-481d-b14a-ac3b9fc6f90c.csv
1;4481.87;2019-11-25;parcelas_c1609071-7475-425c-8ed9-b77f607238ac.csv
1;990;2019-11-05;parcelas_c1660956-4022-4fcc-9c70-71eb4f0c80d6.csv
1;168;2019-02-28;parcelas_c1703db0-a6ee-415b-a529-96bbc448a768.csv
1;14553.07;2019-05-31;parcelas_c17484b0-2218-4c31-b624-47b97d3186f4.csv
1;68.04;2019-11-26;parcelas_c1772073-df68-47db-961c-e622282ccc90.csv
1;1050000;2019-07-26;parcelas_c17ca5a1-3c56-4432-9185-c6b3940b50e8.csv
1;18250;2019-04-11;parcelas_c17d7d1f-e7a5-4442-af6e-a514aec50c32.csv
1;647092.34;2019-05-28;parcelas_c184afe6-e22d-4f7f-80a1-204cfcd00055.csv
1;1397.87;2019-04-08;parcelas_c188824e-cfa9-4642-afe3-d62bc2bf5ee2.csv
1;298.13;2019-05-28;parcelas_c18de9bb-8387-4f5e-a0ef-c69feb89a5bf.csv
1;784.11;2019-08-30;parcelas_c18e2a8e-f7e4-4e02-a238-0853d35d01dc.csv
1;148126.1;2019-11-28;parcelas_c190d5f1-bd94-4f96-86d7-26e0c1c2c6f2.csv
1;26250;2019-08-30;parcelas_c1992715-a146-4a3a-8e3c-cfa2f82a366a.csv
1;3411.94;2019-02-20;parcelas_c1a8c555-f2ee-4b87-859c-7abeba84dc5b.csv
1;25744.6;2018-12-31;parcelas_c1a8c555-f2ee-4b87-859c-7abeba84dc5b.csv
1;289.22;2019-06-13;parcelas_c1aada79-9c5d-4e50-b795-a90a8aab6ed9.csv
1;65;2019-05-08;parcelas_c1af5726-7de9-48ee-84f5-caeb6f1cf837.csv
1;17867.71;2019-01-02;parcelas_c1b3fd02-b0b8-43fe-8175-d1d282e50545.csv
1;248718.73;2019-02-28;parcelas_c1c55097-7179-4c90-be64-dbd969fc3a32.csv
1;815.74;2019-09-13;parcelas_c1c76951-804b-4b67-868c-5aa5fe4242ce.csv
1;12374.42;2019-02-12;parcelas_c1c8ec55-dd04-40fb-8101-33297c22dbc6.csv
1;7487.09;2018-12-21;parcelas_c1cd54c9-1f8b-4c44-8826-aa65a6aed86d.csv
1;1877.4;2019-05-15;parcelas_c1cfeaf2-cbca-4452-877a-22f1a58e2c9a.csv
1;199266.57;2019-11-28;parcelas_c1d21712-6b3d-445c-8193-b841623748ed.csv
1;43036.3;2019-06-27;parcelas_c1d83d56-2313-4429-a8e7-ff096df15a2f.csv
1;23747.18;2019-08-30;parcelas_c1d981bc-0001-4c25-9e92-b10df6eee651.csv
1;334250;2018-09-28;parcelas_c1db0cfa-e4ae-4a49-a652-9c9fe7e18903.csv
1;413.25;2019-11-25;parcelas_c1ed65af-7a3c-402e-8322-2077a4b2a4e0.csv
1;176;2019-08-16;parcelas_c1ef7143-1780-44e4-8175-c29d7ff352d3.csv
1;14681.85;2019-08-30;parcelas_c1f556f2-fe29-4a1e-9514-74e3cd04b89c.csv
1;43629.7;2019-06-27;parcelas_c1f5dcf9-742b-409e-8f1d-bd782f215be1.csv
1;608.98;2019-02-28;parcelas_c1ff31f7-0e9f-4e8a-982d-0d43d970261e.csv
1;32.55;2019-04-05;parcelas_c203e06f-95c1-45b2-a62e-53702afc4283.csv
1;121110.41;2019-03-29;parcelas_c207e9ef-54bc-41e5-8f52-a48e11239590.csv
1;129681.05;2019-06-27;parcelas_c20e8a1e-57ee-46ae-aa98-7b422f379ac0.csv
1;49519.6;2019-06-27;parcelas_c2159532-bf4a-426e-94c8-54a459e42b3b.csv
1;28420.9;2019-11-04;parcelas_c21a9e10-eebc-47fb-954c-1137713229cc.csv
1;433.86;2019-06-10;parcelas_c21be799-7eb9-4189-8ac2-ebebfa585d7e.csv
1;2124.58;2019-03-12;parcelas_c21cab09-7e57-4da8-9524-c636a3380775.csv
1;1094.46;2019-09-30;parcelas_c21cc510-65e2-4e87-928c-efb8a8e3e2f9.csv
1;17212.16;2019-06-27;parcelas_c21fe1e3-aeaa-4531-88cc-bcaa535f54fd.csv
1;6522.64;2019-09-16;parcelas_c2231df1-8358-4743-a87e-15289e9351f7.csv
1;4527.07;2019-03-13;parcelas_c22530c7-7b02-46f6-b916-a62860cbbf8d.csv
1;8220.26;2018-09-20;parcelas_c22d8f5e-a7ec-4f99-9c8b-d8c19d486740.csv
1;48908.58;2019-04-08;parcelas_c2372238-9d00-4e81-9a13-67978216a460.csv
1;9750;2019-11-13;parcelas_c239efaf-8a1d-41ed-9ed1-7a6121a9d51d.csv
1;3544.4;2019-06-28;parcelas_c24955ee-2c38-456d-b932-a1c7123af084.csv
1;21336.7;2019-11-25;parcelas_c2610523-632f-41a8-a178-16ebb373a5f4.csv
1;2819.4;2019-08-05;parcelas_c262d86f-3df6-40b4-aaca-7cc0fac0c59b.csv
1;102.58;2019-11-19;parcelas_c263071e-e4f4-418a-9a5a-f25078637c09.csv
1;806;2019-10-21;parcelas_c264e12d-313f-4bfe-bf2c-8c3a362b6110.csv
1;9195;2019-09-25;parcelas_c2668594-a3da-4956-aead-d7355d891381.csv
1;7500;2019-08-27;parcelas_c2706899-5d2a-4962-b496-767591b1234e.csv
1;457;2019-07-02;parcelas_c273c848-259e-4552-9af9-7c0b09d978bb.csv
1;37061.37;2019-03-29;parcelas_c2751db6-74bf-4f31-a1fe-321c418739a1.csv
1;4408.13;2019-03-29;parcelas_c27acd90-4df3-41ab-87ec-c997dec07d5b.csv
1;132.79;2019-03-12;parcelas_c27dbe5c-6f85-40ed-908e-38e0cacb7a70.csv
1;960000;2019-12-19;parcelas_c283b0fe-1cfe-4ee9-b9f0-ab39d68e06c1.csv
1;26524;2019-06-03;parcelas_c283f883-538e-4901-a636-53cb0bf53669.csv
1;30729.74;2019-03-18;parcelas_c285408b-ce13-446e-af92-855b649836d3.csv
1;18953.96;2019-08-01;parcelas_c2930b60-b2d8-46b4-b305-584806924f4f.csv
1;1475.02;2019-07-05;parcelas_c29f59a4-836b-4505-afe3-b0974b709ebb.csv
1;52350;2019-10-31;parcelas_c2abfad3-668b-438f-addd-2a9c4dfa0b89.csv
1;2668.78;2019-09-30;parcelas_c2adac31-448a-4a7e-8381-2ef3752f6783.csv
1;59699.54;2019-04-30;parcelas_c2b5209e-e7ad-4d4c-bdf0-edba4c43afff.csv
1;27371.01;2019-07-31;parcelas_c2c66188-4912-4daf-91ea-7daa7a0443d6.csv
1;816784.02;2019-04-17;parcelas_c2cad4ca-e222-4ba9-b5c8-12625be35ccc.csv
1;40000;2019-10-11;parcelas_c2d10f3d-3adc-4e4a-829b-df5be91952aa.csv
1;11970.19;2019-10-21;parcelas_c2d28975-eb63-4c07-b562-5e7eba34c785.csv
1;4894.6;2019-07-30;parcelas_c2d8e057-c697-4e0b-873f-ae64edea0326.csv
1;933.8;2019-06-27;parcelas_c2deb10e-f8a1-4633-9ef1-67cb80db59fa.csv
1;5358.92;2019-08-22;parcelas_c2e3924b-afef-4b2a-beff-e70a9d88dd5c.csv
1;55276.53;2019-12-11;parcelas_c2e3b43f-e2dc-402b-a01a-c7b8dddd47ee.csv
1;5250;2019-08-30;parcelas_c2e8c60b-5985-476b-9cde-c80ef4e8f67d.csv
1;90;2019-07-15;parcelas_c2ec9e18-b937-44f0-9c40-5d78a280694a.csv
1;13152.8;2019-11-14;parcelas_c2ed8d80-8491-42e3-8569-8ab6d1360810.csv
1;6509.03;2019-02-28;parcelas_c2ef1a17-5c4c-4aac-ad4f-d7c8ed3cc9d7.csv
1;69.52;2019-04-12;parcelas_c2ef5c4e-d6e8-446f-aaa0-3e08830cd56b.csv
1;3504.6;2019-02-28;parcelas_c2f8ac48-51db-4c76-9b98-bbe112da200f.csv
1;549.52;2019-01-21;parcelas_c301e6f1-d2ee-4833-9376-bff4028e1945.csv
1;2202.64;2019-07-30;parcelas_c30c9599-c257-401f-9017-d6fdf83a8568.csv
1;2385.6;2019-12-30;parcelas_c31068a7-e3b2-49d7-b6c2-21747026382f.csv
1;31181.09;2019-11-28;parcelas_c318bdd4-65d9-43d4-89f4-95eb8aae7f6c.csv
1;8004.1;2019-06-25;parcelas_c31d7404-4ae7-4a2c-b5e1-613e345927d4.csv
1;408.05;2019-08-30;parcelas_c331255b-33c7-419d-9a3c-0ff3783a25d2.csv
1;17781.85;2019-09-04;parcelas_c336d3a1-d670-43cd-bd7b-37130e9e9d5b.csv
1;17.55;2019-09-10;parcelas_c341b0b9-75f6-4c1f-801b-9f605ac84fa2.csv
1;8789.84;2019-12-11;parcelas_c34687c0-046f-42ce-8a7e-d6bbc3adf0e8.csv
1;491;2019-05-21;parcelas_c3500487-8df4-42bf-9bad-39bd018336c0.csv
1;120.3;2019-09-25;parcelas_c3528518-f045-41b9-bd8d-89bb6a05bc9f.csv
1;1824.96;2019-01-25;parcelas_c35b8b3d-746d-459f-9a9c-4eee55342b04.csv
1;533.24;2019-11-28;parcelas_c35babb1-a507-4281-a5f8-a7014bc7db29.csv
1;1331.72;2019-05-28;parcelas_c35f0923-5e68-47fc-887c-f5275983b1fa.csv
1;407.31;2019-05-07;parcelas_c363b7b8-8d77-4a1b-8f88-5d0bd223287c.csv
1;1752.26;2019-02-28;parcelas_c364eec4-d429-4231-8ee8-691471772738.csv
1;15008.14;2019-06-27;parcelas_c3674682-662b-4e87-9031-e7f818c46068.csv
1;45000;2019-08-13;parcelas_c368f990-a370-4366-a8aa-bc4f3c3897d4.csv
1;2100;2019-11-28;parcelas_c36d62cd-3a20-46ce-ac7c-e08dda03103a.csv
1;10778.82;2019-03-25;parcelas_c378ab99-1edb-47f7-90e9-df060578c5b1.csv
1;19843.18;2019-06-19;parcelas_c37d1edd-b8b5-4876-b8ee-9805152a54a7.csv
1;100000;2019-01-28;parcelas_c3861076-80a2-4d76-b225-571be678c194.csv
1;42005.04;2019-10-31;parcelas_c38ce574-b05d-4d5e-a93e-e28e8f38ac03.csv
1;4029;2019-12-09;parcelas_c392254d-9d9f-4dc9-ab7d-22b1f7658dca.csv
1;100;2019-08-16;parcelas_c39a1f0a-2fa9-4210-87ff-cb079b44b13b.csv
1;1692.22;2019-06-05;parcelas_c39d5308-420c-4930-8ae4-af1f87ad647d.csv
1;261.72;2019-10-08;parcelas_c3a647d6-14f3-4ed2-90ea-f950e1a9137b.csv
1;196992.02;2019-01-28;parcelas_c3b1924a-b565-4b8b-936a-b46ec88141f5.csv
1;32446;2019-10-11;parcelas_c3b2442a-4c0e-42f8-8226-2beb880a06e2.csv
1;16999.2;2019-10-31;parcelas_c3b34e84-6676-432d-8a5f-d4158683eb70.csv
1;3860.1;2019-03-01;parcelas_c3bb6b43-3713-40d4-a5b8-1e0f01c770c4.csv
1;7271.47;2019-11-28;parcelas_c3c1ac68-c6c8-4659-a846-c6d78f7ea9b3.csv
1;3742.99;2019-03-20;parcelas_c3c25f7e-5d93-4b2d-ae64-4d20d1d47a00.csv
1;12853.1;2019-11-08;parcelas_c3c90c52-2b38-4ebb-9bc4-0c06e05e7c43.csv
1;80416.64;2019-01-31;parcelas_c3cb205b-73a1-4323-987f-e8b1d3ac4579.csv
1;129;2019-09-16;parcelas_c3cd6dd7-ceff-4389-931d-c2ad0e26774d.csv
1;3717.09;2019-12-11;parcelas_c3d4ff89-9242-459d-89d0-9525d0cdbb17.csv
1;1996;2019-10-22;parcelas_c3d65ca4-d803-48d8-bf6b-1951f5ae0489.csv
1;207.18;2019-06-14;parcelas_c3d6b520-fecb-4cf1-adbc-bfad126694d1.csv
1;336078.12;2019-03-29;parcelas_c3d6d107-9850-4c74-8449-547ea6e97062.csv
1;7248.8;2019-08-20;parcelas_c3d80cea-0197-46f7-b17c-9655a6e35520.csv
1;239.37;2019-06-18;parcelas_c3dce81f-8b2d-4b43-80ed-9a7abd62559a.csv
1;26250;2019-04-30;parcelas_c3ddf7c0-60d4-41ff-8132-3e9216b5f4a5.csv
1;418.2;2019-10-25;parcelas_c3e3366f-1fcc-49f9-a34e-555a57ae01f1.csv
1;135.77;2019-08-01;parcelas_c3e48a14-8e48-4f2a-b68d-74c019adeb32.csv
1;210.28;2019-02-28;parcelas_c3f3f042-7e67-4d6d-b0bc-118fe65a3889.csv
1;158744.08;2019-12-11;parcelas_c3fc6cc4-58fb-4a39-b87c-558a8e01d860.csv
1;2548.8;2019-08-27;parcelas_c3fcc9b7-0eb1-4d6a-9916-37402c57481e.csv
1;7128.36;2019-08-30;parcelas_c3fe1d4f-3cdc-4125-902f-2ea0f75b5eee.csv
1;7223.97;2019-11-28;parcelas_c4027c5b-30c7-4bfd-b265-162d0a8188d2.csv
1;102.58;2019-03-13;parcelas_c4063ee9-1214-498a-b682-204fc86bb478.csv
1;4285;2018-12-28;parcelas_c407c15c-0878-4391-961e-ff3c324a8f14.csv
1;954.33;2019-02-28;parcelas_c407c5d2-b306-417e-b733-aa91857d515a.csv
1;1687983.09;2019-01-31;parcelas_c40e4f66-79d0-4aa5-8ad9-50a8d1065634.csv
1;142.5;2019-07-09;parcelas_c410ab44-2ed6-4400-8600-5eb456ae2474.csv
1;25072.02;2019-12-19;parcelas_c41408c3-6eb5-4f95-989c-6bcdd707cb8e.csv
1;3065;2019-06-12;parcelas_c41b94bc-3316-403d-b53a-f12d53542cd4.csv
1;4428;2019-03-12;parcelas_c41bdd65-efa5-481d-8688-478a4125a220.csv
1;3941.17;2019-04-17;parcelas_c41fc8f3-eaef-47be-b6d3-9d435c64d57a.csv
1;3480;2019-07-26;parcelas_c42270a7-4ca5-4998-b25b-c9c648f0ed61.csv
1;755.44;2019-10-21;parcelas_c4244cc7-4bba-4751-b011-95c8f3c842aa.csv
1;2820;2018-12-31;parcelas_c427e069-f6ae-4590-9199-17b4381ba769.csv
1;59575.68;2019-01-28;parcelas_c428bd5a-451e-4a05-bb54-f1c838d26909.csv
1;2065.32;2019-02-28;parcelas_c42eb46e-2517-4e82-8b4a-78e00edbdd65.csv
1;22850.33;2019-10-30;parcelas_c4315ff3-7303-44c8-8dec-b19ce5e0bfd7.csv
1;579.58;2019-02-01;parcelas_c431ca8b-0933-4178-86fe-fe4fee1794aa.csv
1;1932.8;2019-06-04;parcelas_c433fb27-3e33-45d4-a4a3-54e6f2ddf6ef.csv
1;512.19;2019-07-25;parcelas_c43421c5-2b49-47d7-9f09-9eb4a1f49258.csv
1;303.44;2018-12-28;parcelas_c439bbca-de9d-4291-975a-083bdd9871e1.csv
1;24087.86;2019-10-18;parcelas_c45911a5-c1fe-4f36-9508-4b5a2ba0824d.csv
1;14600.61;2019-04-01;parcelas_c45ae63a-5f83-44f4-8fbd-9827d2cd9529.csv
1;503.33;2019-08-27;parcelas_c4609492-4c82-4205-bda1-01ddb55bb9ce.csv
1;2964.5;2019-11-21;parcelas_c46787fb-9dfb-4568-9e3a-df125e658df3.csv
1;906285.28;2017-12-20;parcelas_c46a6916-4932-4e50-9b5e-06dbd8b04268.csv
1;2457.82;2019-01-28;parcelas_c476554e-0bad-4e97-bb72-c481c2ec92b8.csv
1;75000;2019-05-17;parcelas_c47ec09d-6fa3-430f-913a-05ba22539542.csv
1;12683.12;2019-10-30;parcelas_c4820a5b-3b7c-477c-a4e4-f56783cbcd1e.csv
1;1790.02;2019-02-28;parcelas_c483c2fc-27f0-4af6-a644-1793b826f66b.csv
1;79.79;2019-05-20;parcelas_c48471a0-4219-4d9f-8482-4930e0019b08.csv
1;470;2019-12-16;parcelas_c487d23c-0a03-4dbc-b3e4-1175de9ba39c.csv
1;2222.64;2019-02-27;parcelas_c487e742-4407-4348-811c-6f506463a336.csv
1;85.96;2019-05-17;parcelas_c48968ce-f9fb-4c8d-b633-cd289b8aee12.csv
1;47031.25;2019-05-15;parcelas_c48b9ccb-e61a-4d69-befe-38030dd98f20.csv
1;1734;2019-04-17;parcelas_c4963038-2400-447f-9863-b540507a61bc.csv
1;787.5;2019-08-30;parcelas_c49a036d-d5d4-428f-b303-9794268beba4.csv
1;720399.32;2019-10-29;parcelas_c49abbee-4353-4027-97e3-5e83d0b09fca.csv
1;3106.67;2019-04-16;parcelas_c49db76a-c4ec-4601-b8db-836274e1705a.csv
1;1125;2019-01-08;parcelas_c4a61b47-ea5b-49f4-811b-39eaaf97b383.csv
1;39.89;2019-10-15;parcelas_c4a8d812-6932-4b68-8843-fe3ac3882924.csv
1;12165.5;2019-01-10;parcelas_c4b7c358-2752-43d2-b6a7-33fbfcd6fee0.csv
1;10000;2019-04-29;parcelas_c4babd18-d85c-49a0-93d2-692c7a635b36.csv
1;300;2019-06-11;parcelas_c4c311bc-46b0-4369-9baf-14d6bb4d74ee.csv
1;1357;2019-06-11;parcelas_c4c63cb4-d1fc-4020-a558-a7f580ed88b2.csv
1;69613.24;2019-06-27;parcelas_c4cb2851-ba8c-491a-8d05-8bf3ce2160aa.csv
1;14518.27;2019-02-26;parcelas_c4cb74af-20f3-4cf5-a38f-a3c44183e154.csv
1;891665.37;2019-12-30;parcelas_c4cbd569-af19-4da3-87b0-af0b26b02b9e.csv
1;280268.16;2019-08-30;parcelas_c4cf28b9-20ff-4e3c-9ac9-5304d9a3d1f5.csv
1;15805;2019-07-17;parcelas_c4d0371f-93ff-47ee-80cf-001d04d46731.csv
1;43741.44;2019-06-27;parcelas_c4d1ac01-f33f-4fcd-98de-701aa444d14e.csv
1;16251.8;2019-06-19;parcelas_c4db96a1-3206-418f-8eee-f74c8a5e7199.csv
1;2193749.4;2019-08-29;parcelas_c4f00f62-06b9-4c16-9093-134467699ae8.csv
1;44747.91;2019-01-07;parcelas_c4f2306b-4651-477a-9fc1-89e2fda2488b.csv
1;279.93;2019-02-08;parcelas_c4f7ae54-b625-41e9-9ea7-471d01c06db3.csv
1;155935.68;2019-03-29;parcelas_c4fc445a-e390-446f-840b-5f25889ca549.csv
1;91.11;2019-06-19;parcelas_c50360ea-ab93-4b26-8167-36568f3954d3.csv
1;26200;2019-11-01;parcelas_c5062034-8b52-4348-8dd7-8ea97c778183.csv
1;8400;2019-07-02;parcelas_c509e421-37a7-447c-a1c4-bca0979c7085.csv
1;8571.12;2019-04-15;parcelas_c509ec13-bccf-45a2-96a3-d3cbec81b3cc.csv
1;205.84;2019-08-27;parcelas_c50b471e-6527-4408-9176-c5ad2e95473d.csv
1;278084.41;2019-09-30;parcelas_c50c6bde-26ca-4dc8-ae8a-87b7f6f4ad9f.csv
1;10610.41;2019-03-06;parcelas_c50cbcba-a886-483e-a4cf-e929d58a8253.csv
1;374;2019-05-13;parcelas_c50cc4e6-49a1-46d3-a3fc-66a92ca9228a.csv
1;14185.5;2019-08-29;parcelas_c50ce564-ddf7-41e3-9fe6-aeaab02eb92a.csv
1;1259;2019-07-25;parcelas_c50f80bd-1a72-418e-a87c-2817fa37983f.csv
1;59076.09;2019-01-31;parcelas_c50fbdf9-8e96-4cf4-aacb-8908e52b5d76.csv
1;331.04;2019-06-27;parcelas_c512962d-85d3-491d-a8e9-14ba41ec93b8.csv
1;3663.33;2019-07-31;parcelas_c515b726-955c-4a52-8481-f34e43811432.csv
1;1695.67;2019-04-30;parcelas_c5162e59-9f2b-4538-9bf9-83cf4e99e259.csv
1;28675;2019-11-29;parcelas_c51f250a-d864-4f2d-ade8-ae4aee229f1e.csv
1;377.46;2019-09-13;parcelas_c52aed16-34b5-41c2-9b03-548b17cf11f6.csv
1;33713.73;2019-09-30;parcelas_c52be050-6616-4262-9942-00d99b0fe877.csv
1;3012.2;2019-01-31;parcelas_c53695d1-6e1a-4ebd-86e7-977671c953c5.csv
1;2330;2019-06-07;parcelas_c53f2d37-38a4-4a45-9517-ec24847336b4.csv
1;12795.14;2019-01-31;parcelas_c53ffe0d-a5ee-4c9e-a228-348d7ed217a0.csv
1;9760;2019-03-26;parcelas_c54a9800-7231-4e31-bedf-0042a739fdb9.csv
1;1875.3;2019-07-25;parcelas_c55094d0-d25d-43bd-8d69-b4db4c0d98f3.csv
1;37303.2;2019-02-28;parcelas_c5579f7b-ec58-4cbd-a3ce-a0ab67420e7b.csv
1;19278.77;2019-02-28;parcelas_c55dd3f7-7349-4c0f-92d5-ab2fa4d8e84a.csv
1;17212.16;2019-09-19;parcelas_c564c1e8-c700-43e3-a74b-45f12b56b042.csv
1;3500;2019-04-17;parcelas_c566eb90-c8b6-462e-ac02-f89a96bc04f1.csv
1;53.2;2019-06-04;parcelas_c56f673c-14b2-41c1-b88b-88a5a7757ef9.csv
1;575143.46;2019-02-28;parcelas_c570e4ab-5031-433c-852d-81db01fcd7a6.csv
1;1759.94;2019-02-12;parcelas_c576475d-d361-4d22-a301-36e3c543dc61.csv
1;279.93;2019-07-11;parcelas_c580e3f7-a0f6-48f6-99ff-60a112e0af2a.csv
1;1318.58;2019-06-27;parcelas_c583eb14-d4c3-485a-a27c-e45cb6fccc23.csv
1;973;2019-11-18;parcelas_c588ae9f-9cbe-4368-8e84-c43350630694.csv
1;2149.5;2019-02-21;parcelas_c591111e-6519-4d3f-93b6-69c65e1d3587.csv
1;122.98;2019-07-01;parcelas_c5950e79-fed9-4c17-b239-f53220b72a0d.csv
1;498;2019-09-18;parcelas_c5992be1-97aa-48a6-8e1a-7dbe97f950e5.csv
1;873.1;2019-04-09;parcelas_c59d6622-3673-46a5-aa9c-75c9bc5a5f5b.csv
1;323.1;2019-07-29;parcelas_c5a214b2-cde0-417b-bf97-a1d93f7abe04.csv
1;318.74;2019-10-25;parcelas_c5a37bd8-06dd-47f1-a616-be67fa4d6dc4.csv
1;4000;2019-03-28;parcelas_c5a8e881-1865-4ff1-8680-b9b32f09e604.csv
1;38567.2;2019-07-29;parcelas_c5aa3ed0-5343-4613-9685-2917ec0b5f9e.csv
1;4835.64;2019-03-29;parcelas_c5ab1109-053d-42ea-b210-28801692d3c0.csv
1;79.2;2019-10-21;parcelas_c5af110d-046b-4648-8952-1065e594feb3.csv
1;149418.28;2019-05-28;parcelas_c5b6342a-56c6-40a0-bc1f-e468b62affee.csv
1;34650.29;2019-11-14;parcelas_c5bf891e-094a-45ee-a8df-c0d8d33eda5f.csv
1;1781.76;2019-11-25;parcelas_c5d2efee-fc45-4f86-8c44-5c37876229e8.csv
1;868.71;2019-07-09;parcelas_c5d46b72-222c-4465-b914-3db199f342df.csv
1;264.79;2019-10-02;parcelas_c5d4e350-6caa-45be-81c5-30e06962afee.csv
1;708.5;2019-08-30;parcelas_c5d5fc54-4803-474b-a36d-c355b3543cd1.csv
1;104.13;2019-07-02;parcelas_c5d6eda7-30c4-4b37-9580-7ea98168f152.csv
1;158.68;2019-07-23;parcelas_c5db78f5-4709-40b1-8c28-f7cbf103faf4.csv
1;714.6;2019-01-31;parcelas_c5df6984-bd7d-4a1e-8704-f69b116d4693.csv
1;1945.72;2019-01-04;parcelas_c5e2ca12-a37b-4002-8035-8a51bcfd756f.csv
1;220.91;2019-11-27;parcelas_c5e69738-f3de-4f78-b719-351ba5567fe8.csv
1;1041.28;2019-04-18;parcelas_c5eb4661-6896-4fa5-8d23-b68f441b28ef.csv
1;9608;2019-06-03;parcelas_c5fb453f-fb24-4406-a486-a5b47d89bf74.csv
1;13388.1;2019-11-25;parcelas_c6009e45-002f-4730-9649-0e77d63a9817.csv
1;1513.19;2019-05-15;parcelas_c6011ee7-40fd-4fbe-a6f5-c34c65343194.csv
1;4000;2019-07-31;parcelas_c6084fa1-b143-4848-a3b1-2f6a00c3ea7a.csv
1;8582.83;2019-10-11;parcelas_c6134ff4-5539-4512-8714-72cc75004f3e.csv
1;271122.23;2019-08-30;parcelas_c6206cef-6c0c-4140-bbe6-83f6f01b2472.csv
1;203.41;2019-11-14;parcelas_c6238cd9-1a5c-491e-bbce-c90c20095d56.csv
1;174000;2019-01-31;parcelas_c6246998-6a6a-4897-b0c8-ce7fc7657824.csv
1;150000;2019-02-12;parcelas_c62472d9-a75f-4014-abda-7995d55fe6a6.csv
1;124.25;2019-07-31;parcelas_c62ab87e-ea7d-475f-840d-868036f53110.csv
1;46.2;2019-09-27;parcelas_c62ed2f2-c613-41bc-a534-76fac396f40b.csv
1;1261.62;2019-03-29;parcelas_c63402c7-f455-408e-8f31-892d3e4259e9.csv
1;9555.3;2019-10-18;parcelas_c634764f-0cd3-4522-a6a2-c968e2f0c99c.csv
1;19325.93;2019-01-23;parcelas_c639f5c9-b256-44f5-93ae-e30fb08838af.csv
1;2993.37;2019-09-02;parcelas_c63bdb76-37db-45ed-9240-6671aa8e4c88.csv
1;43380;2019-08-15;parcelas_c6426db6-76fa-4711-883c-18f8084370d0.csv
1;22971.64;2019-09-30;parcelas_c64e7573-7635-408e-b7ca-c269896d9927.csv
1;19497.51;2019-01-28;parcelas_c6582c3d-6fcd-4667-9ec4-0f8bd38dbc7e.csv
1;800.17;2019-03-14;parcelas_c668ca87-3acd-489a-9a09-bce3ccf1967b.csv
1;7710.3;2019-04-09;parcelas_c6696798-ebbc-4976-90ee-0206be7e0fc4.csv
1;6526.89;2019-01-23;parcelas_c66a214e-2d82-466f-9f02-631a2b59a9d6.csv
1;32.55;2019-02-08;parcelas_c672a2b1-5cf5-406d-a9a2-7cbc6f035b09.csv
1;35540;2019-03-25;parcelas_c678411e-a223-4e32-84f7-b9b3a1424a5a.csv
1;54924.98;2019-04-30;parcelas_c68552aa-adba-4003-a219-03d78bc63bc3.csv
1;33795.38;2019-12-19;parcelas_c68666e9-9365-48dc-bd25-5f177fd6a006.csv
1;124.5;2019-04-25;parcelas_c6882605-7cb9-4239-a108-2af47b53bf7c.csv
1;578501.2;2019-07-31;parcelas_c68dd644-c580-4bc1-bfb1-3135b4df59f9.csv
1;3689.17;2019-12-30;parcelas_c69171de-18df-4d2a-a841-ab62f8d61eb3.csv
1;2440;2019-01-11;parcelas_c691810a-1d41-4f6f-b90f-2f9e3b1567fb.csv
1;85.12;2019-12-13;parcelas_c692cf0d-1dc4-464e-b228-374d3b90a2b2.csv
1;18698.56;2019-09-30;parcelas_c696f85c-0a71-4ade-929e-979861b592c0.csv
1;159.34;2019-08-27;parcelas_c69e3ceb-90be-49f9-8474-efe537295f62.csv
1;30299.86;2019-04-30;parcelas_c6a044ad-3b4b-4965-9912-4bddf2d7c6bc.csv
1;39280;2019-01-02;parcelas_c6a73da7-b191-473a-a823-86d4726961a9.csv
1;4781.23;2019-01-23;parcelas_c6b28c1a-8ba4-4cd8-a11d-e5ebad5f7c64.csv
1;904;2019-05-13;parcelas_c6c1cb17-3bc2-4495-988f-634a7263e539.csv
1;19015.93;2019-12-30;parcelas_c6c65400-a654-4431-86e3-7183933703f7.csv
1;20881.23;2019-04-04;parcelas_c6c6cc76-12bd-48c9-97f9-3840a02a9e48.csv
1;1075;2019-09-02;parcelas_c6cc6744-931c-47d3-a47e-d157e2459382.csv
1;42000;2019-03-25;parcelas_c6e100d3-9c11-4b1f-a9b9-06f7ac898031.csv
1;400000;2019-01-03;parcelas_c6e1ded8-e254-4786-ab08-70283070d815.csv
1;23876;2019-07-26;parcelas_c6e29ab0-142d-4b5f-a40a-d6b5251ff747.csv
1;840756.35;2019-01-31;parcelas_c6e6ad10-7148-4dea-a82b-ee376931ed1a.csv
1;170.97;2019-04-12;parcelas_c6e76db0-326a-4c75-85b6-efd4f5556d8c.csv
1;5009.55;2019-06-14;parcelas_c6e8a4ad-b0e0-4a50-9e7e-6d00a501ea75.csv
1;9090;2019-06-21;parcelas_c6ec055b-f389-4085-a88d-715fadc5176b.csv
1;680.53;2019-01-09;parcelas_c6ee1289-009a-42ef-8e64-920d1fc17a0b.csv
1;73.07;2019-04-12;parcelas_c6f98fcb-800e-4c06-85a7-26c2829c4536.csv
1;2242.88;2019-02-28;parcelas_c6fccf54-510e-43be-ac8c-8d38a7c5a8f4.csv
1;3989.5;2019-01-17;parcelas_c7054265-f93f-49ad-8819-8376f471f1c9.csv
1;97540.44;2019-05-28;parcelas_c70618b6-deca-4d3c-b35e-10e49db873be.csv
1;132.93;2019-12-31;parcelas_c7071ed3-d268-4bd8-8ec5-9c66899ce23b.csv
1;12820.91;2019-01-10;parcelas_c708f1dd-70ee-47e5-86c2-964ab1b5acb7.csv
1;676.4;2017-12-28;parcelas_c720f547-830b-4ce2-981a-0645f7582657.csv
1;1629.96;2019-08-30;parcelas_c72124dc-1a2b-4228-981c-851cd4ee9b9a.csv
1;33392.9;2019-11-28;parcelas_c725d5d4-f640-4d97-8ad4-4816f1aef5fb.csv
1;144;2019-11-26;parcelas_c729a535-4863-415c-bbb2-f1c71fe2e6b8.csv
1;21282.55;2019-09-23;parcelas_c734f0e2-0518-46c0-ba63-7b3ff950a107.csv
1;333736.29;2019-05-22;parcelas_c7379dde-17fb-4130-9cc8-2d18acaf4aa0.csv
1;78863.76;2019-11-04;parcelas_c73a22c9-ed54-433f-903c-64b8f571aeab.csv
1;1220;2019-01-10;parcelas_c73e2062-04cd-4030-9d00-99e4ce2dca85.csv
1;108.15;2019-01-28;parcelas_c7431996-d70d-44ae-baf8-9a59bc78f499.csv
1;513.57;2018-12-31;parcelas_c7497c48-89af-463e-82ac-2134976bfa3e.csv
1;15038.88;2018-12-31;parcelas_c7497c48-89af-463e-82ac-2134976bfa3e.csv
1;4652;2019-03-13;parcelas_c750212b-5374-4563-841d-7a1e5716dcd6.csv
1;13248;2019-11-29;parcelas_c751b799-3ad5-4e9f-8db2-db1245ae0e30.csv
1;20549.92;2019-07-29;parcelas_c767346a-fbce-4337-ab4d-506d4f27f553.csv
1;145.52;2019-10-02;parcelas_c76b85db-57b1-44c7-a273-b9b7011327fa.csv
1;113600;2019-10-30;parcelas_c76e6743-9922-4af6-ae42-7e1e848be7a7.csv
1;562.75;2019-10-22;parcelas_c7726788-3108-41f7-a01f-bc31a3758b5b.csv
1;6383.5;2019-08-08;parcelas_c78199b3-b169-498f-959e-e61629bb3d64.csv
1;1670;2019-05-10;parcelas_c7830e86-ed11-478d-9953-cd81021beb09.csv
1;314360;2019-04-17;parcelas_c788ba45-5a3b-4e2f-a431-48ff9a04a548.csv
1;17239.26;2019-09-30;parcelas_c78bbb1d-44f0-40b4-aeb0-67cbd456dd71.csv
1;5005;2019-06-10;parcelas_c78e77d8-1214-4747-8adb-b6b94fd23c47.csv
1;3408.96;2019-09-02;parcelas_c79e16e5-9ae4-4d56-866a-77e0bc34c513.csv
1;8225.71;2019-03-22;parcelas_c79f7cf9-2381-4e6b-b152-94d3e2ff4716.csv
1;4232.4;2019-06-27;parcelas_c7a0ef36-46f3-4dc0-9e1d-575648433611.csv
1;3560;2019-02-28;parcelas_c7a31a40-d0bd-4fca-a6f4-b4361161eaab.csv
1;534.32;2019-04-30;parcelas_c7a53407-2957-4cdb-8019-049a7fa46c06.csv
1;0.58;2018-12-31;parcelas_c7aab948-357c-4bbf-a3b4-b5a68f3188b2.csv
1;3459.72;2019-12-30;parcelas_c7b4d2bf-be5e-4f0d-a20a-e3a34e409c2e.csv
1;10004.83;2019-09-26;parcelas_c7b58a14-df27-4278-9ad6-1ad25b31bbf7.csv
1;1290.74;2019-11-26;parcelas_c7bb4f59-4982-48c1-8052-e656f7f7d313.csv
1;13542.55;2019-03-20;parcelas_c7d43e89-87e1-44fa-882f-6e53d661dd54.csv
1;1899.9;2019-08-23;parcelas_c7d5ce1d-ec79-46a6-9381-122c4f9f4023.csv
1;4492.36;2019-09-30;parcelas_c7d8153a-aa40-4350-8a6f-ccfdf6b55867.csv
1;300000;2019-09-26;parcelas_c7dc59fd-9ce9-4304-81f4-2367b09ebd67.csv
1;136.8;2019-11-26;parcelas_c7e24263-f790-42de-a6e2-51a438648236.csv
1;1486.74;2019-06-21;parcelas_c7e3287a-4657-4cee-aefd-27f0abcd03a9.csv
1;400;2018-12-31;parcelas_c7ea0b33-26d2-4823-a5df-6a86d09067f6.csv
1;147.3;2019-05-31;parcelas_c7f57813-f8fe-4436-97f2-26b20a87032d.csv
1;4999.03;2019-07-31;parcelas_c7fc0f59-d36d-4bbe-bd14-c77f00412ffc.csv
1;7486;2019-10-01;parcelas_c8037d99-bacd-488c-8dc4-368f56a0ca25.csv
1;21200;2019-08-01;parcelas_c8055e4e-14f7-4a97-92d0-5b2bfc74243f.csv
1;4800;2019-09-02;parcelas_c810c395-e3b6-46a3-8273-d9e7a0025499.csv
1;7084.86;2019-01-31;parcelas_c8138243-d81d-4242-9356-c0c2d95b53ba.csv
1;861.99;2019-11-29;parcelas_c8188368-b122-4ef9-b15a-856acd9d254c.csv
1;1200;2019-09-20;parcelas_c819052d-eaed-4f15-a6fe-9def2fa793c2.csv
1;3593.34;2019-06-07;parcelas_c81b5e90-cb3d-42d1-a531-f810bedccfb5.csv
1;54240.14;2019-02-28;parcelas_c81b635c-d8c7-40d8-beae-ad9e6f665505.csv
1;2171.58;2019-07-26;parcelas_c81d3445-c4c9-43c6-a190-6ba512b61354.csv
1;91291.56;2019-04-30;parcelas_c823e2fb-10e7-49b1-83a2-9a6efb9a9531.csv
1;875;2019-12-30;parcelas_c82bc023-d664-471e-90f1-e0e5a20fe250.csv
1;2395.23;2019-08-01;parcelas_c82c2ccf-4872-4836-99f0-623930afca03.csv
1;571.27;2019-10-21;parcelas_c82d4541-c7fe-45fa-8ed3-abe2ade866d9.csv
1;4100;2019-02-05;parcelas_c83267b6-6aaa-456f-9943-05c1a724fc69.csv
1;972;2019-10-31;parcelas_c8370ac5-54a9-4a6e-a3ba-0d75074c5e1a.csv
1;91500;2019-10-16;parcelas_c840ca2d-62f4-4870-99a9-cff86d552b8e.csv
1;1455.39;2019-04-17;parcelas_c84a0836-7a91-4e4a-994e-d304012c1715.csv
1;108.83;2019-02-13;parcelas_c8517f53-773b-4859-b720-90484c434feb.csv
1;4899.09;2019-04-12;parcelas_c854a933-31e8-401b-b483-6f5a6c27e975.csv
1;7100;2019-10-08;parcelas_c8556e22-899d-4a8b-889f-1ee1f5702143.csv
1;535.71;2019-07-31;parcelas_c859fbf9-8e68-42ac-bb5e-2c7ce3014ec5.csv
1;132441.2;2019-08-05;parcelas_c85f9162-05c4-415f-9c44-70f3de337401.csv
1;73.6;2019-07-01;parcelas_c8603ea1-8592-4199-9614-ffc1e81767b2.csv
1;843769.98;2018-04-20;parcelas_c86cc627-85f9-4198-9319-f4f6d837050b.csv
1;749.04;2019-08-19;parcelas_c8724dc7-9c03-46f9-ae2c-203a019cb6e4.csv
1;420;2019-02-27;parcelas_c874b31a-680e-4b31-8aa9-b686af3a96e2.csv
1;1819.79;2019-05-07;parcelas_c8758fad-9c46-4121-9c78-a151ab57cb0a.csv
1;7036.59;2019-10-30;parcelas_c88fd24f-74de-45d6-98bd-028f4bebb16f.csv
1;320;2019-08-14;parcelas_c894bf7b-378a-4c3b-84c8-257185f064d1.csv
1;1229;2019-01-10;parcelas_c8a5fc55-2156-42d1-9de3-02706b94c7ab.csv
1;1748591.01;2019-11-08;parcelas_c8a900d1-d144-4920-a6c1-ab92189622a7.csv
1;16795.58;2019-04-30;parcelas_c8aeaf61-e864-4fb6-928e-93a9864181d7.csv
1;125.39;2019-03-06;parcelas_c8c01214-75d1-4a22-bc5f-781ae9c4a9e7.csv
1;25360;2019-09-25;parcelas_c8c1ce5a-ca97-4390-910e-cf2a45da5eb0.csv
1;17354.44;2019-06-07;parcelas_c8c9ca43-3378-4063-8d3a-970fc49348b3.csv
1;95614.8;2019-01-29;parcelas_c8cb0495-cd8b-4f25-bcb7-ef6a0b0f5665.csv
1;149700;2019-01-08;parcelas_c8ce0f48-ee1c-4311-8826-db9262b35311.csv
1;2224.26;2019-06-26;parcelas_c8cee3ff-3dea-4e8a-b86c-780a368f9b6c.csv
1;2208.54;2019-11-29;parcelas_c8d0f623-f8be-49f9-96fb-3144fcc5689c.csv
1;2889.11;2019-08-30;parcelas_c8d2bfb1-5a0d-439b-9bd8-b0c88de175ef.csv
1;627.09;2019-04-17;parcelas_c8d7ebd2-8e8a-4fc9-b468-fb5f2d183b51.csv
1;1872.47;2019-02-28;parcelas_c8dc4040-fd2b-4d7b-ace0-1f52f61c9f89.csv
1;234.78;2019-06-07;parcelas_c8ddcbd4-5504-4ac0-866c-2d013c02cf06.csv
1;58.5;2018-08-31;parcelas_c8e59ed5-c59f-47c2-8436-e0fe36711a4b.csv
1;40.97;2019-04-18;parcelas_c8ed0495-f811-423d-95dd-34bd7ef2375a.csv
1;16567.62;2019-01-29;parcelas_c8eedfb3-a4a8-4cb6-97d6-f05aee1c89c4.csv
1;838.86;2019-07-31;parcelas_c8ffc983-0bcf-429a-819c-581eac40474b.csv
1;82773.81;2018-12-31;parcelas_c902131d-43bf-4cf9-8f0e-226889ceb63a.csv
1;5888.75;2019-07-31;parcelas_c9082486-322d-404c-8400-8f499e853059.csv
1;5533.31;2019-11-28;parcelas_c90866d9-7bd7-4da6-8228-35530ba60a24.csv
1;24890.91;2019-02-28;parcelas_c913dffd-0f56-4e63-bf37-4f3fea0ad19f.csv
1;51029.08;2019-08-30;parcelas_c915a163-fcc6-40d4-bf9d-f04927481fc9.csv
1;47;2019-02-11;parcelas_c9177e4f-e442-4261-91fc-96bcc7fcc17d.csv
1;59070.81;2019-12-30;parcelas_c92a7db8-b951-49f1-b90a-e0730ee08d12.csv
1;19122;2019-02-28;parcelas_c92da0da-e6d8-435b-8cb0-efcc50d60ed6.csv
1;13000;2019-11-20;parcelas_c92f5d62-1159-40d0-b96b-07799746f462.csv
1;170.97;2019-07-22;parcelas_c9346066-11a0-49d3-892e-c67453143a27.csv
1;16587.62;2019-03-07;parcelas_c93556e7-2edb-475a-95f8-ebc1d866fda2.csv
1;29237.68;2019-10-31;parcelas_c9369b38-e679-4ced-8321-9fe367b7eae9.csv
1;69.81;2019-09-17;parcelas_c93fe037-685a-4371-bda5-6988d98e0349.csv
1;13164.43;2019-07-31;parcelas_c943cd3b-d3b5-43bd-b702-eea7b4260599.csv
1;2587.67;2019-07-25;parcelas_c945a8ce-71f2-42c4-b9d5-fc20a03ca95b.csv
1;1467.07;2019-08-30;parcelas_c948ac2f-485f-44a8-a4a6-191d69f96f90.csv
1;2079.33;2019-12-30;parcelas_c94d859a-dafe-4bec-b98b-be8354017c69.csv
1;296564.77;2018-12-31;parcelas_c96020d9-c4b3-4277-a090-80b7cb5220e0.csv
1;1000;2019-05-24;parcelas_c9805943-2c3a-4ceb-b667-8fdb27f27a35.csv
1;23818.32;2019-05-31;parcelas_c9822908-757e-4535-84c1-c10776ac58c6.csv
1;170.97;2019-04-30;parcelas_c9866321-333f-4252-a747-104a87a86f75.csv
1;97.41;2019-09-30;parcelas_c98c7b84-7dcb-441d-8558-5d5744636a17.csv
1;370646.1;2019-02-13;parcelas_c98ef229-9dcc-4a5e-9826-bd933f5077d4.csv
1;18000;2019-10-01;parcelas_c98f9128-91f3-48eb-93e0-caa464553193.csv
1;68920.64;2019-01-29;parcelas_c990f50a-8bfa-4331-aa41-0223105bfa29.csv
1;249.5;2019-08-21;parcelas_c9994427-74bc-412a-b7c9-36de9b77bdfd.csv
1;9192.48;2019-05-02;parcelas_c99c73ff-ceb8-41de-a18c-7e65f8d7b481.csv
1;266.72;2019-02-13;parcelas_c9ab43d4-6342-4164-94c3-d7d92e9a67ee.csv
1;51030;2019-05-10;parcelas_c9adcba0-5c2c-4c52-8974-2146bab92108.csv
1;2189.4;2019-01-10;parcelas_c9b1d901-951c-4720-959c-c3c2feaf18bc.csv
1;8245.36;4536-02-08;parcelas_c9b7578b-8552-4199-b1b5-02bef529f034.csv
1;12082;2019-07-23;parcelas_c9b8336c-6d05-4cdc-9a82-4736eaba17c7.csv
1;4734.97;2019-11-29;parcelas_c9bcc3d1-c446-4da4-b851-110781ea0f2d.csv
1;3424.55;2019-12-06;parcelas_c9c5c515-bba0-4a55-a532-f9afa05ac644.csv
1;18300;2019-01-10;parcelas_c9cd4322-e248-43e7-8401-0cee2b4a2da0.csv
1;30366;2019-03-13;parcelas_c9cfdba0-f13f-4096-b23a-d6a93bb8206e.csv
1;15060.87;2019-06-14;parcelas_c9d2f761-706e-4760-afe8-f84f3deac22a.csv
1;37780.56;2019-09-30;parcelas_c9d5e193-8fd2-4daf-8b5b-5d535f4bd859.csv
1;79.79;2019-10-03;parcelas_c9d9ad18-5d77-4fdb-932a-84408b1fa07b.csv
1;134.6;2019-03-12;parcelas_c9db8c2c-e632-4a97-b4d5-2fdb05c671e2.csv
1;2342.35;2019-06-28;parcelas_c9e00c72-e67c-445f-a988-c33e17c48324.csv
1;122.29;2019-06-11;parcelas_c9e5dadf-3ab5-437b-afcc-4ecff0125ca0.csv
1;8284.7;2019-11-11;parcelas_c9eae2a3-20c6-4b42-9994-3c9f3fe6e4dc.csv
1;2798.8;2019-04-17;parcelas_c9f3279e-84f2-4fa7-a725-d8b9e974cba9.csv
1;2840;2019-04-17;parcelas_c9f9a557-d099-4d56-805f-d79719ff464c.csv
1;17973.15;2019-10-22;parcelas_ca072901-f39e-41f4-a600-9f7885190e21.csv
1;42341.58;2018-08-13;parcelas_ca093b66-ba43-44df-80d7-92c78a06abe1.csv
1;9352;2019-11-06;parcelas_ca104e20-05dc-41fd-b36a-38f0af9e63da.csv
1;25202.96;2019-04-17;parcelas_ca1b3003-8ce9-42c2-afd1-39ce4f7f09ab.csv
1;20840.04;2019-01-28;parcelas_ca1b5c65-d6de-4815-bcb2-d745e91bb9b8.csv
1;120.4;2019-05-27;parcelas_ca1b8cf5-3686-41bd-b256-f2f4711939d6.csv
1;1504.5;2019-03-07;parcelas_ca22efd7-21e1-460a-b678-269b4ee7ab0a.csv
1;294.78;2019-01-11;parcelas_ca23b38b-b2b7-446b-a520-af3d73610804.csv
1;116.66;2019-01-21;parcelas_ca354ef6-d39d-428b-92b1-e7526c397282.csv
1;39920;2019-07-29;parcelas_ca38f620-715d-4ea5-a739-4035d1b696d2.csv
1;16.67;2019-03-07;parcelas_ca39e49a-383b-4f8d-8503-db1b97c6cbcc.csv
1;1345000;2019-04-15;parcelas_ca405a56-7966-4a24-90d1-19925b29817f.csv
1;105927.37;2019-10-08;parcelas_ca427c1a-db83-4b5e-b476-7b95fdbd0274.csv
1;8233.05;2019-06-27;parcelas_ca445d49-ebee-4c3a-a956-2e57304aeb2e.csv
1;1500;2019-03-14;parcelas_ca45a379-d863-4e35-9769-b1e7a6059787.csv
1;7362;2019-02-25;parcelas_ca478e7c-20f9-4d08-974c-cc0635f3ddd6.csv
1;93.42;2019-02-13;parcelas_ca49f172-a30c-45c8-a6ca-2440f9cd011f.csv
1;170.97;2019-07-17;parcelas_ca4fd3bc-9d18-4d3d-961b-585a31bcc3c4.csv
1;1211.65;2019-08-30;parcelas_ca5b1bd3-033e-4b7f-87a6-f5c07a1a016a.csv
1;5838.73;2019-02-08;parcelas_ca5eaacc-bd2c-4fe5-8689-b7f23b7dc1ae.csv
1;461293.39;2019-02-28;parcelas_ca67ac9b-1a3d-45a3-8679-7f4a47bc833e.csv
1;23371.95;2019-07-10;parcelas_ca73eab1-447a-4dcc-8cb2-20859d3bfa1d.csv
1;14939.56;2019-06-28;parcelas_ca765ed9-0258-4bd8-9fa2-946c8825f008.csv
1;158567.14;2019-02-21;parcelas_ca7b3c73-acbe-4458-b482-ae7d7c8b8082.csv
1;811222.24;2019-03-18;parcelas_ca8240a5-2cc1-487e-840f-21b8679e5faa.csv
1;1025.02;2019-01-24;parcelas_ca89f3cf-37c3-4e23-92d1-431f1b7abbb9.csv
1;2663.96;2019-06-27;parcelas_ca92b943-6fb8-43f9-a968-f0158bfef126.csv
1;94.76;2019-01-23;parcelas_ca92e87c-ba91-4378-92ae-f539325e3507.csv
1;45912.8;2019-03-29;parcelas_ca9caf68-0597-41dc-9cdf-2b4bb03fc776.csv
1;380;2019-03-12;parcelas_ca9dd7dd-7de7-429d-85b2-39be394df45e.csv
1;121402.27;2019-09-10;parcelas_caa1beed-9990-40c2-8bbb-0884ece0ae02.csv
1;1652;2019-06-04;parcelas_caa94a49-38db-4607-a10d-53762e2c46c7.csv
1;887.63;2019-06-27;parcelas_caa98b04-cdf9-46d5-bde5-ee2a97082e3b.csv
1;95348.04;2019-12-30;parcelas_caaa223a-956a-48da-a4b4-963683b41d4f.csv
1;3080;2019-08-06;parcelas_caac8133-c971-4fea-a196-371628e9965f.csv
1;9642.01;2019-12-11;parcelas_cab2acdb-cfae-4040-9d8b-289c8d700689.csv
1;455.7;2019-09-17;parcelas_cab6fa64-5ddd-4541-9829-cb6699973f54.csv
1;7181.25;2019-03-29;parcelas_cabbb6f8-ab8d-40d0-92fc-d290949d590f.csv
1;133.44;2019-02-21;parcelas_cabc4d10-bbbc-42eb-b0b0-51878d82b435.csv
1;981.26;2019-04-30;parcelas_cabe9f6b-88ba-48bb-9ec9-19fb22afcf9f.csv
1;379.06;2019-02-28;parcelas_cac179e6-8672-44dd-9a67-5b9ae9904835.csv
1;11160;2019-12-09;parcelas_cac63bbc-85ae-45e5-8773-4d6b1a066155.csv
1;104.13;2019-07-24;parcelas_cac81097-e54d-477a-b45f-0f2dec33405b.csv
1;49328.86;2019-11-28;parcelas_cacdc94a-9547-444b-94ef-95cb6c802023.csv
1;880.81;2019-06-27;parcelas_cacfab6d-1246-4f0e-a245-76b57a7a406f.csv
1;153.22;2019-02-28;parcelas_cacfb0bd-220f-4f0e-9626-cef6f004c367.csv
1;2393.58;2019-10-31;parcelas_cad0c9aa-ef92-4e22-9ebe-3d981db6da37.csv
1;733.04;2019-10-25;parcelas_cad0faa6-ac39-4650-b411-c83524be1c05.csv
1;683.89;2019-05-13;parcelas_cad3e172-43af-43bb-8e92-baf7060ae713.csv
1;65;2019-04-12;parcelas_cadfc345-d990-4a6c-b89e-cf89f68f7a52.csv
1;4420.7;2019-06-11;parcelas_caedf3e1-6443-49bb-9ce7-902967f1f713.csv
1;10602.76;2019-08-30;parcelas_caef8cf9-3406-412a-b7bf-67e37c73e902.csv
1;4360;2019-10-21;parcelas_caf53529-7c0d-4d7d-a3bc-9c2bc0145994.csv
1;79.79;2019-06-24;parcelas_cafa707e-4e26-4f7d-a16b-41ddaf573151.csv
1;300.65;2019-09-12;parcelas_cafc0775-3af7-4f85-9fd0-3b422ea98f91.csv
1;11340.92;2019-04-15;parcelas_cb00020a-eabc-49c0-9917-4f21ce2ef556.csv
1;3102.82;2019-08-30;parcelas_cb040b30-8b03-414b-ab8a-fcda66751987.csv
1;104812.97;2019-01-02;parcelas_cb053fac-facd-4f8d-86d7-609f6c0cadd3.csv
1;2523.04;2019-09-24;parcelas_cb09555b-f1c5-4af5-90ea-5b0524932946.csv
1;962.87;2019-09-05;parcelas_cb0b6521-785c-4133-8f6f-1f9649f648ff.csv
1;46553.5;2019-01-28;parcelas_cb0e6dd6-b2c9-47b1-9f8a-9601aefc25a7.csv
1;2154.22;2019-04-30;parcelas_cb1226d1-8c61-4d8c-9772-cf0d4385ee69.csv
1;2885.45;2019-01-02;parcelas_cb18386a-3be1-455e-ae4c-fe2dc99c9316.csv
1;12136.36;2019-12-31;parcelas_cb2346cb-0faa-4f22-adf4-9980b5143832.csv
1;2383.18;2019-03-29;parcelas_cb2742b7-8825-43f6-95d5-c64eed3e51eb.csv
1;300000;2019-01-03;parcelas_cb389df6-29e3-4c70-95dd-cbc5a4157965.csv
1;1691;2019-10-10;parcelas_cb393773-eee8-4114-a770-4573426dc8e4.csv
1;1800;2019-12-02;parcelas_cb3cc79d-6388-4465-98b0-9f459786715c.csv
1;3352;2019-01-10;parcelas_cb43370a-8cfb-4fd1-98b1-cbb57087f573.csv
1;350;2019-11-29;parcelas_cb473381-d3b0-4be0-ad14-e38148733ecf.csv
1;134.02;2019-05-31;parcelas_cb4c5d73-5721-4bb6-b537-74ae6adcb4fe.csv
1;65291.97;2019-07-31;parcelas_cb4ce1a4-94f7-45bf-a2ec-42c2babe13a8.csv
1;205.68;2019-06-13;parcelas_cb4f349c-54b4-487c-b58f-fbd22dd3197b.csv
1;9859.98;2019-03-20;parcelas_cb4fc1d9-dcc4-4dda-8e23-5eeccc13efb1.csv
1;25000;2019-11-14;parcelas_cb507c18-857c-4443-8744-da0f8f337601.csv
1;14327.8;2019-11-14;parcelas_cb512d27-47f0-41a3-b49a-c81cf402bd4e.csv
1;36810;2019-12-19;parcelas_cb528ae5-ed6a-47f2-97d7-23c7deeaedae.csv
1;2187;2019-03-12;parcelas_cb5c1e74-7289-49e3-9a33-139d108b7396.csv
1;861.4;2019-07-26;parcelas_cb5c3a6e-3536-4206-9238-bdd59d9db0d4.csv
1;170.97;2019-10-24;parcelas_cb5d9540-96c7-45de-bb4a-5d1063c1ea15.csv
1;320;2019-01-16;parcelas_cb60bb48-a36c-4155-b2f0-dfc18018d0a5.csv
1;60.67;2019-05-08;parcelas_cb7259f3-f26a-4a4a-9e7f-ee2a3c27da77.csv
1;3120;2019-10-16;parcelas_cb73479a-14dd-4c14-85c3-a5afff882bfd.csv
1;12000;2019-06-07;parcelas_cb73a770-c1fd-4bb5-a065-1a150e8c72fe.csv
1;163.3;2019-09-10;parcelas_cb7d1f5e-abd4-4f79-9699-c2af5a8655df.csv
1;99;2019-11-26;parcelas_cb9363af-4a29-4c45-8db8-61fee8077c2d.csv
1;906.64;2019-07-30;parcelas_cb94dbca-abbb-4fac-a1a1-c5bac4525247.csv
1;518.85;2019-11-11;parcelas_cb9674c1-a4d1-4017-a5e0-6a79c5926a69.csv
1;146880;2019-01-09;parcelas_cb99836f-81fb-4765-9985-d0309dd530d0.csv
1;11400;2019-05-02;parcelas_cb99ddc3-77b5-49c7-81d5-4435995a8e13.csv
1;43181.97;2019-06-27;parcelas_cb9e97c8-37d2-4f8c-9775-0a1a13a44495.csv
1;170.97;2019-10-09;parcelas_cba45076-988f-49cf-904b-61f6dc62f269.csv
1;4655;2019-04-26;parcelas_cba531ce-edad-4437-a6e3-78966092ca6c.csv
1;1987.5;2019-07-04;parcelas_cbabda47-bf49-4968-9e48-0e02dfc473d0.csv
1;455.92;2019-01-18;parcelas_cbadb2ad-e958-4f30-bc4c-848128b060c2.csv
1;14463.53;2019-02-28;parcelas_cbafd0a6-546b-42f7-9819-3b20edc785f5.csv
1;6160;2019-09-02;parcelas_cbb73a8f-730a-4fbf-9f1c-9abcad5ec6c1.csv
1;596.56;2019-10-25;parcelas_cbbd216f-20ff-4e36-adbd-eacc1013c28b.csv
1;1035;2019-10-21;parcelas_cbc06fb0-8820-4108-9fd0-cf2b0385b796.csv
1;2660;2019-11-18;parcelas_cbc1ab0c-8720-4816-b666-a72774d511bf.csv
1;1460.25;2019-09-05;parcelas_cbc34745-a1cb-40dc-9094-4d22542152e8.csv
1;128.65;2019-11-29;parcelas_cbc59ec3-3b77-4222-b332-8d6b7302ed61.csv
1;434.5;2018-12-28;parcelas_cbd32f2d-326c-4581-a359-a0959f41af49.csv
1;2049;2019-12-03;parcelas_cbd4c220-0881-413c-b5ba-d64e54bfc774.csv
1;64281.83;2019-06-27;parcelas_cbede422-d657-4631-8f9b-e7ea68b1881b.csv
1;160;2019-05-28;parcelas_cbf878b0-618e-4276-a92c-716c936e8a52.csv
1;11050.52;2019-12-30;parcelas_cc02067c-aead-4ae7-b267-a66cdc9cd977.csv
1;16440.07;2019-03-06;parcelas_cc06a2fe-e5fb-4fad-b153-4547355ae4e5.csv
1;290.08;2019-03-19;parcelas_cc0a7f03-1905-4d03-99ae-134177f752b9.csv
1;2049;2019-07-08;parcelas_cc0e460b-87db-4e6f-ad0d-40b168096e8d.csv
1;29182.56;2019-05-31;parcelas_cc15b5db-a9fa-4d1a-8c06-06d051ef18b1.csv
1;512.91;2019-05-31;parcelas_cc1a0304-0bc5-4a8d-83fc-105b4e58467e.csv
1;447825.65;2019-10-04;parcelas_cc1b0888-8361-4ecd-adf6-e6fe508f3a15.csv
1;4949.04;2019-06-27;parcelas_cc1bdc7c-cc80-4359-aac7-b15424fe8d13.csv
1;32.98;2019-08-21;parcelas_cc225cf8-c254-4f48-abf8-534becfdf9fa.csv
1;965.19;2019-10-21;parcelas_cc24dabc-3dd3-4e5f-a6ee-8142541dfa57.csv
1;23385.52;2019-11-26;parcelas_cc385bf5-92fd-4ac3-871c-ff4b8ebb8c15.csv
1;2056;2019-03-26;parcelas_cc39535c-82f0-40ce-9d7a-759c73ab98ce.csv
1;6075.47;2019-02-28;parcelas_cc3ac4d0-bc2c-4695-a1df-95a7db0debe2.csv
1;6411.7;2019-04-30;parcelas_cc3de51b-87e1-4161-96c4-90c645ea5d7b.csv
1;2014989.2;2019-11-12;parcelas_cc463207-ac54-4601-8ae1-6a717261cb41.csv
1;29279.48;2019-03-19;parcelas_cc4882d6-4615-44a5-b5f8-cd85337b43bd.csv
1;7922.43;2019-12-05;parcelas_cc4b2673-6b9b-414c-8dfd-4ccc1c4a634b.csv
1;1914;2019-06-03;parcelas_cc4e1493-81c4-4140-80f4-a239ce14c371.csv
1;39498.65;2019-03-29;parcelas_cc508457-e357-42eb-ba8a-8ab0824bc860.csv
1;156.4;2019-07-25;parcelas_cc530d1b-3646-4a7d-bb1a-c9ad560e3c6f.csv
1;7500;2019-03-20;parcelas_cc540cef-0576-4294-b137-ecf88d414ea4.csv
1;85467.98;2019-07-31;parcelas_cc5e92ec-3e4b-430a-9065-7849e406cb22.csv
1;3590.01;2019-08-05;parcelas_cc60bf10-0dff-41f0-b43e-5ea2411c5121.csv
1;61262.85;2019-07-10;parcelas_cc6447cd-11a2-408c-9c1f-a3f2ac054e2d.csv
1;1200;2019-07-01;parcelas_cc664ffb-9dad-4985-b498-5d553db620da.csv
1;23500;2019-01-02;parcelas_cc67b1db-dbc4-4d69-b86e-0eefec9a16ed.csv
1;1020.3;2019-07-09;parcelas_cc6c5c23-62d4-46de-8f9c-f983417ff449.csv
1;20965.13;2019-07-26;parcelas_cc7137ee-f3d1-4ea6-80b8-39284162acba.csv
1;66661.23;2019-10-31;parcelas_cc758888-d975-4cb4-81df-fc6d19417a7e.csv
1;6833.77;2019-10-08;parcelas_cc77fa9b-5c5a-4077-b7cc-15c3ae42c3b4.csv
1;114170.5;2019-10-31;parcelas_cc85e92c-f9cf-4d71-ab9c-bededb900f2c.csv
1;16470.4;2019-05-28;parcelas_cc85ff55-5b85-4cc8-a32b-680183465b7f.csv
1;222.92;2019-05-27;parcelas_cc867c40-3de0-408c-8b86-d2cb0fd47868.csv
1;79.79;2019-03-15;parcelas_cc99ad0e-2908-459e-a163-34c59c11a7c3.csv
1;25000;2019-08-13;parcelas_cc9a52c8-fcb8-4c3d-a435-a896e96c7a3c.csv
1;10501.41;2019-04-17;parcelas_ccaac9e6-c45c-44de-a02a-69b7faaf6cb4.csv
1;25150.64;2019-03-20;parcelas_ccad679b-f8c7-43c7-89be-81153e9519be.csv
1;104.13;2019-12-10;parcelas_ccbb4d85-4ac0-4260-9cfb-14b9752fdcf0.csv
1;146803.08;2019-01-02;parcelas_ccc5917f-1645-4fc7-9aa8-752ef5fa16ea.csv
1;3000;2019-10-30;parcelas_ccc9f452-5562-494b-9387-c08d228dedb5.csv
1;16746.4;2019-07-10;parcelas_cccc09c3-b9a8-4c76-bc5f-43ea4218d5ac.csv
1;295.72;2019-08-02;parcelas_ccd2592c-1f98-4004-bb71-a90936a4ae3c.csv
1;14307.57;2019-09-04;parcelas_ccd2f41b-da61-4bce-9f86-39682768498e.csv
1;39371.08;2019-06-27;parcelas_ccd54f2c-83e3-433e-984a-2db3bd2d3e0d.csv
1;26328.78;2019-12-30;parcelas_ccdac1d1-49ad-4626-b9bb-847b345ebce8.csv
1;608520.84;2019-08-14;parcelas_ccdf8c03-d2e1-4223-beb9-dabafda7d770.csv
1;1133.1;2019-08-27;parcelas_cce7b3d7-9893-47bb-aa54-301dad3e7639.csv
1;400;2018-02-28;parcelas_ccede2d3-32ec-4937-86e6-acf4d4c99e4f.csv
1;21683.97;2019-07-04;parcelas_ccef16c2-637e-413e-8dee-3ec8c7f1e1e4.csv
1;9890.03;2019-02-25;parcelas_ccf3dab0-7a89-42b9-8383-0ad0d6b73f70.csv
1;4416.64;2019-01-02;parcelas_ccf59893-d66a-4d55-9603-8b8145923a9f.csv
1;6680;2019-04-30;parcelas_ccf83575-9574-45ee-9288-e217afa295c4.csv
1;29732.52;2019-10-16;parcelas_cd049af3-e4d5-4761-853a-de493b01ebd8.csv
1;4490.42;2019-03-29;parcelas_cd07ebed-eb8b-4f50-8f51-27d9f5b00855.csv
1;1766.92;2019-08-09;parcelas_cd098be3-580f-449a-a257-70e351149f3d.csv
1;550.3;2019-05-29;parcelas_cd16c6a3-6059-45b2-9b04-0de8632df208.csv
1;33101.21;2019-12-19;parcelas_cd1daff3-ba7f-4dfd-98e5-0bfd447eb0c4.csv
1;3500342.9;2019-01-02;parcelas_cd250e19-75d7-4a38-bba8-dfd17d86798b.csv
1;110;2019-06-18;parcelas_cd2c8538-0f79-4f9a-bcec-d7fdc1105d7b.csv
1;178665;2019-09-24;parcelas_cd2ca079-210c-4ea6-b238-615d8ff7ecfa.csv
1;3843.3;2019-03-29;parcelas_cd39dff1-0244-4514-977a-a13da1a26eb0.csv
1;1906.83;2019-10-30;parcelas_cd3afd8e-8691-4029-b635-2922a84cd0cb.csv
1;1087.62;2019-06-04;parcelas_cd4a4c87-7fb4-44d9-bf0e-825557d561c9.csv
1;25130.87;2019-05-28;parcelas_cd4b5497-6e88-4676-b470-89b26bf6b566.csv
1;15000;2019-01-07;parcelas_cd4bd45e-bd1d-4e50-b19a-e69ab569e1c4.csv
1;1472.82;2019-06-17;parcelas_cd502e5d-69b9-4b55-9b5c-7bea8a687040.csv
1;2015.54;2019-05-02;parcelas_cd5056b0-2a2c-4f75-8571-9488611d804d.csv
1;1018.6;2019-06-18;parcelas_cd542d36-da1f-43e6-8882-b2226a904825.csv
1;2928;2019-06-07;parcelas_cd5dbb95-aa23-4d09-bfe0-751584415f6c.csv
1;516.37;2019-05-27;parcelas_cd5e69da-1a5c-4307-8aa8-bfc395a8f44b.csv
1;13750;2019-09-02;parcelas_cd620c60-286b-48c7-a37d-8a7373e738b4.csv
1;320.6;2019-06-06;parcelas_cd691060-65e7-4b14-bd82-2ff7baf63c39.csv
1;594.24;2019-01-21;parcelas_cd6c0d3e-166f-46cf-967d-8f84a9f611ec.csv
1;7890;2019-10-07;parcelas_cd6d572a-0895-4176-adc4-368ccc7a4bf9.csv
1;301.23;2019-02-28;parcelas_cd7536eb-0b6f-4420-8a57-e767442ae4b5.csv
1;94.76;2019-08-21;parcelas_cd830b89-7aee-4250-8cd9-7ea02fc2c6d0.csv
1;1320;2019-01-31;parcelas_cd85b64c-7ff7-4eba-9178-118ff2b245c0.csv
1;826640.58;2019-12-11;parcelas_cd8c9eb2-1ba9-45dc-9d2f-f9af3e8a2899.csv
1;7124.05;2019-01-04;parcelas_cd8f0a73-2bb4-4d23-afd4-bb56465e8eff.csv
1;466624.81;2019-04-30;parcelas_cd93d816-22e0-402d-a906-82903c0ab0ce.csv
1;7128.36;2019-06-27;parcelas_cd9d9f0f-c0ed-43ae-960f-71dbc6470e39.csv
1;3475.43;2019-01-02;parcelas_cd9dd51f-c171-4b75-8cd2-aa59d3a54fc0.csv
1;2792.37;2019-12-11;parcelas_cd9fca35-a6bc-42d1-bb47-d714d87e4f12.csv
1;386.1;2019-02-08;parcelas_cdac0401-b1ed-477a-8bc6-4f09223bb82e.csv
1;503.14;2019-01-28;parcelas_cdae366f-c9e6-49ae-834d-a93f7e6c364c.csv
1;50000;2019-04-29;parcelas_cdafdd60-69b8-43c6-94ae-bd3530a93dd2.csv
1;35058.04;2019-12-11;parcelas_cdb58e51-cb93-4ad5-a973-2f68e1dbcad8.csv
1;1950;2019-07-23;parcelas_cdb93390-4ac8-4e3a-8314-93b432e2c69f.csv
1;40245.3;2019-11-27;parcelas_cdbdb03e-4259-40de-8e4e-2c44e8743bc2.csv
1;8576.6;2018-12-11;parcelas_cdbddd12-8978-4f35-853e-d18bed515541.csv
1;192.33;2019-03-22;parcelas_cdbe409d-630f-4cdf-b05d-1e0c00e07bd7.csv
1;269.04;2017-12-29;parcelas_cdc24864-8d25-46b1-93de-d83c3faa750f.csv
1;102.29;2017-12-29;parcelas_cdc24864-8d25-46b1-93de-d83c3faa750f.csv
1;2742.73;2017-12-29;parcelas_cdc24864-8d25-46b1-93de-d83c3faa750f.csv
1;509.44;2017-12-29;parcelas_cdc24864-8d25-46b1-93de-d83c3faa750f.csv
1;498.22;2017-12-29;parcelas_cdc24864-8d25-46b1-93de-d83c3faa750f.csv
1;201.59;2017-12-29;parcelas_cdc24864-8d25-46b1-93de-d83c3faa750f.csv
1;2000;2019-10-28;parcelas_cdc8a922-446f-4eac-8eba-304334b5091c.csv
1;15986.24;2019-11-25;parcelas_cdcf2cb9-9a9e-41d6-92bb-9daca94e8bcb.csv
1;65;2019-06-19;parcelas_cdd16e03-f09f-453c-bc66-89a4196d748d.csv
1;19731.31;2019-02-20;parcelas_cdd441b2-2f5c-4ec5-8f9e-30c98d4301af.csv
1;47081.27;2019-01-28;parcelas_cdd6c345-8120-4525-b200-88fa8df0851a.csv
1;111786.19;2019-10-30;parcelas_cde0d6b5-2e1a-4ee7-9704-36c6309c9e79.csv
1;64431.87;2019-05-08;parcelas_cde41278-8fdf-450b-be39-e931db4e66b0.csv
1;1394;2019-08-01;parcelas_cde866f3-dd17-48ec-80dd-81cba26f77a5.csv
1;731.64;2019-02-28;parcelas_cde9c18d-aba9-40af-b6da-2f034571db15.csv
1;298.28;2019-12-18;parcelas_cdf32b22-9325-4202-b65d-4586e1e7d151.csv
1;200.04;2019-10-14;parcelas_cdf44714-6955-42f6-9259-7d51dccdc1fc.csv
1;252367.74;2019-01-28;parcelas_cdfab09e-4d70-4ffc-b315-3d27f85f25aa.csv
1;700;2019-07-31;parcelas_cdfd2a1b-7a23-48da-a771-055a077bd8f7.csv
1;2606.96;2019-06-27;parcelas_ce0990b2-0782-4354-9db1-f9cfd07c19ea.csv
1;7540;2019-07-23;parcelas_ce1105b9-1762-4add-890c-da40cc224b2b.csv
1;1983.63;2019-04-29;parcelas_ce1545df-3132-4653-9ec4-a773b6a714a8.csv
1;387.53;2019-09-27;parcelas_ce192fb4-a7f0-481c-88a0-32ffc1c871de.csv
1;11381.2;2019-08-30;parcelas_ce1c8bf7-dfa6-4c2b-9a66-e9d02e498880.csv
1;5600;2019-01-28;parcelas_ce1d1bbb-d37c-4dad-8d32-99a602d0e3ad.csv
1;2196;2019-10-09;parcelas_ce1fbfcf-77de-4074-a649-c29c1745fb96.csv
1;6567;2019-10-08;parcelas_ce221ae5-13c1-4b0c-9715-3213420e9388.csv
1;1280.08;2019-03-29;parcelas_ce276d2d-7daa-4172-8f95-0c54168bf167.csv
1;26046.69;2019-09-23;parcelas_ce4c05f9-826d-4772-a898-91a74ef8096f.csv
1;1290.75;2019-09-17;parcelas_ce59c412-fdf5-4d4b-b4cd-2b6bdc6ee9ee.csv
1;3025.45;2019-01-04;parcelas_ce5ab666-e4e0-4480-9a38-320987cf0a9f.csv
1;85.96;2019-08-20;parcelas_ce6f2cdd-f7e7-4820-957d-bd5b1752dbce.csv
1;17488.27;2019-11-08;parcelas_ce71026f-bb9e-4478-9b6b-9e580eef4964.csv
1;1109.34;2019-09-24;parcelas_ce773cb4-55cb-40c2-8550-802b431693e5.csv
1;7915.83;2019-08-30;parcelas_ce7b15b9-d627-4ebf-9eb5-cedecd1ac459.csv
1;4107.1;2019-11-28;parcelas_ce867e13-7849-46a2-ba0c-f8181675d24f.csv
1;34835.6;2019-06-03;parcelas_ce89249f-0738-48a1-9a61-97e65710550d.csv
1;2189.67;2019-09-02;parcelas_ce9b7c2d-556a-4c76-8663-952e2ad1a830.csv
1;2895;2019-11-11;parcelas_cea09690-b616-462d-8363-7e98f744f9d7.csv
1;2448.54;2019-06-28;parcelas_cea22261-cf64-4082-951a-15bf24b07ff1.csv
1;17900;2019-09-11;parcelas_cea3dc79-0621-4a8f-acd6-8650ce3c8386.csv
1;1069.76;2019-10-07;parcelas_cea44439-ad56-49b7-b08b-b84936b0940d.csv
1;2150;2019-10-29;parcelas_cea8e8cb-ae1b-4f45-bbea-bfbc809d2fed.csv
1;487.5;2019-09-02;parcelas_ceb43b78-5c67-4353-b0be-02c2a5dc9af1.csv
1;341.94;2019-02-15;parcelas_cebd61e7-77d4-4cbf-9d76-456bba6ea94f.csv
1;1400;2019-07-31;parcelas_cec3cbd5-9242-43c5-bf75-da79a48f3d0c.csv
1;1015.08;2019-02-28;parcelas_cec94112-bb0f-4872-a95b-6f21fd1870b8.csv
1;1902.5;2019-07-16;parcelas_ced2598b-7501-4a50-8e61-ac9c837df7e8.csv
1;9646.22;2019-04-15;parcelas_ced61ccf-489a-43f6-bd81-83272ad89f70.csv
1;170.97;2019-03-27;parcelas_cedec4ae-d07f-4db2-a1f7-6439167f91f1.csv
1;100;2019-03-21;parcelas_cee1d9e9-f3e3-4525-b111-735d8d8ac6cd.csv
1;732.43;2019-10-24;parcelas_cee58cdc-fd83-4f25-b88c-6018b3d598ca.csv
1;44302.61;2019-07-31;parcelas_ceec9246-62dd-43c1-88b0-8eb7db7065c5.csv
1;500;2019-03-29;parcelas_cefc12ab-a994-4ca1-8fcc-f34f2669775c.csv
1;165.15;2019-03-14;parcelas_ceff2a2e-06b6-41df-992a-57beef236d41.csv
1;750;2019-12-06;parcelas_cf080fc2-2ebd-4136-924f-f074e16f22c7.csv
1;5946.99;2019-01-28;parcelas_cf131081-9e84-49c8-923c-9c643d21c00b.csv
1;125970.16;2019-03-29;parcelas_cf173fcc-9670-4445-bc9b-f31ca3dc8c29.csv
1;5842.08;2019-08-30;parcelas_cf180772-741f-4bd3-871a-ed5c19f317cd.csv
1;24178;2019-01-02;parcelas_cf1911d4-ede6-4a9c-84c2-f3f14d575688.csv
1;34332.2;2019-05-31;parcelas_cf26e378-f814-44e2-8b44-441e1929c625.csv
1;192295.66;2019-07-31;parcelas_cf293400-b6cb-4c9e-92db-36749fa957d1.csv
1;10125;2019-05-10;parcelas_cf2aca18-f26c-4d6f-b450-1690a7630813.csv
1;18849.4;2019-03-12;parcelas_cf3c223a-94d3-494b-87b6-da21f7b7ed10.csv
1;10410.43;2018-05-18;parcelas_cf3e3a12-711e-490f-b111-28b6b52feb20.csv
1;69745;2019-05-22;parcelas_cf404217-dffc-4d44-bb33-e31db7a99efb.csv
1;1010.7;2019-11-25;parcelas_cf4559df-9b00-4bec-a8a2-753dfd9bee27.csv
1;20141.01;2018-11-28;parcelas_cf4be870-1b69-4810-9fe2-b42822e0cfff.csv
1;92042.31;2018-11-28;parcelas_cf4be870-1b69-4810-9fe2-b42822e0cfff.csv
1;45186.86;2018-11-28;parcelas_cf4be870-1b69-4810-9fe2-b42822e0cfff.csv
1;30469.47;2018-11-28;parcelas_cf4be870-1b69-4810-9fe2-b42822e0cfff.csv
1;5166.42;2018-11-28;parcelas_cf4be870-1b69-4810-9fe2-b42822e0cfff.csv
1;557.7;2019-01-10;parcelas_cf4e5ffa-ee60-41cc-a386-846f5eb26645.csv
1;38129.57;2019-11-13;parcelas_cf524fa4-e752-46e1-b721-2e376579431c.csv
1;60;2019-03-22;parcelas_cf5531ad-592a-4b09-878d-d0df57801129.csv
1;13841.83;2019-08-27;parcelas_cf57fb3b-1553-4bed-bd90-d55f79bc670f.csv
1;34.87;2019-07-26;parcelas_cf58a4f6-9c59-4c48-8b1e-ab8dc36acfc9.csv
1;447.11;2019-06-24;parcelas_cf62807d-9cf4-4012-b0b6-cb2957cf9117.csv
1;150;2019-01-18;parcelas_cf691116-0165-4858-a1b8-811d5b402a18.csv
1;463.22;2019-11-26;parcelas_cf738cba-2217-4e35-b331-40267212f79c.csv
1;200;2019-12-19;parcelas_cf7ac6de-ec59-4da8-8edd-67e41eeb080a.csv
1;69181.9;2019-05-28;parcelas_cf7bbb6a-f9d2-41b1-9f8b-eaf01ce3e4fb.csv
1;1696.84;2018-01-25;parcelas_cf8a4001-5a58-4836-af1d-57d963430661.csv
1;1582.73;2019-10-29;parcelas_cf8ce8a7-5352-4571-beb2-348b0703546d.csv
1;648.9;2019-04-04;parcelas_cf90f06d-eacd-4606-8fe1-c027a193e219.csv
1;63547;2019-08-30;parcelas_cf94b5bd-750a-4a24-bf0f-24c914719811.csv
1;8239.19;2019-12-30;parcelas_cf980802-b53a-43ac-ab7c-c6b6fa95a520.csv
1;1430;2019-10-14;parcelas_cf99f650-63b8-4407-9c6a-7d5b8917b2d5.csv
1;24824.11;2019-01-28;parcelas_cf9a3154-5bd2-42bf-b868-192cb1c295a6.csv
1;91839.67;2019-08-09;parcelas_cf9b26f0-0fcb-42fd-b723-f8f85f1424b9.csv
1;1595.87;2019-02-28;parcelas_cf9dcc82-21a3-4ec4-ba3c-a6df42f8cf56.csv
1;42000;2019-03-06;parcelas_cfa0b005-f930-4996-bf49-1d4363f0a68a.csv
1;10485;2019-08-12;parcelas_cfa42a30-f991-420c-897d-ec0dc466490c.csv
1;4327.04;2019-10-08;parcelas_cfa43989-80ee-4d7e-a035-6891723a2578.csv
1;104.13;2019-09-10;parcelas_cfa67052-3e7d-469b-a7ba-f5ee8d85a161.csv
1;12583.36;2019-07-04;parcelas_cfa9956d-d7c0-43cd-a986-ed75722e45b0.csv
1;1025.85;2019-10-22;parcelas_cfafb283-bf60-4da3-ab44-d914c42b9f5b.csv
1;48885.55;2019-10-04;parcelas_cfb2fb3a-79a0-4474-94c9-0dcb86b4ee9a.csv
1;957.43;2019-08-27;parcelas_cfb43c12-2189-4c8c-a6d4-c01483a5672e.csv
1;3887.6;2019-04-09;parcelas_cfc108c9-5525-425d-9b2f-d576847567e9.csv
1;2071.96;2018-12-31;parcelas_cfc353a9-18dc-4189-af79-9bd76e4527f7.csv
1;10191.19;2019-10-21;parcelas_cfc438d0-1ce4-49ab-92ce-82c25f75e332.csv
1;23743.36;2019-07-11;parcelas_cfc50324-7f28-4dc2-ab83-946b10e8de24.csv
1;6518.38;2019-01-28;parcelas_cfc57fde-4083-4359-b0e6-cfdf75148e44.csv
1;5209.46;2019-07-04;parcelas_cfc8b746-4f3a-41ea-86c2-bf66e791e9f4.csv
1;6843.72;2019-11-28;parcelas_cfcc0052-2353-4997-8c57-3bcb588f9269.csv
1;650;2019-09-19;parcelas_cfd34708-5a96-4c9f-aa23-ee8ab2ed5b06.csv
1;8568.12;2019-04-22;parcelas_cfd83f15-404f-4c90-8a25-12de058da413.csv
1;1819.53;2019-11-27;parcelas_cfe9574a-ff9d-41a3-956b-a3fabfb794c6.csv
1;131.61;2019-07-04;parcelas_cfebc5f6-dd86-43ee-b8cd-96b7c2200590.csv
1;1996;2019-12-19;parcelas_cff0a737-f586-40af-80ea-5d4793a56d01.csv
1;94.76;2019-11-18;parcelas_cff0c9aa-d0a8-4343-a27d-2af4cb1387e0.csv
1;6456.28;2019-03-29;parcelas_cff9c2f9-8f03-43d2-bc01-0fc67a9df5a0.csv
1;5904;2019-04-04;parcelas_cffe3a08-e746-4d31-9973-6195aa0f40c0.csv
1;423.15;2019-07-11;parcelas_d000af28-11be-41b4-8676-45d2a9ccf8b9.csv
1;2208.54;2019-09-30;parcelas_d00459cf-0ade-43fa-8647-4b2803b93fe8.csv
1;97368.6;2019-09-04;parcelas_d00a8f6c-1b90-46ce-80c7-1089421c945d.csv
1;2200;2019-02-14;parcelas_d0100462-c2ba-442b-b591-3764ce02e53e.csv
1;3726.88;2019-02-28;parcelas_d01ad96f-7056-4ab6-9b18-699c94591503.csv
1;10624.59;2019-05-28;parcelas_d01b26a2-e90d-402b-bae5-e7045dd0a16c.csv
1;7717.5;2019-09-30;parcelas_d020c12b-8d81-4573-9af2-be0da892be7e.csv
1;5402.51;2019-07-31;parcelas_d02532aa-8545-4cc6-bc12-76cd20afb7a3.csv
1;4498;2019-11-25;parcelas_d02a47e2-997c-46fb-b8bc-aab20b3c0a68.csv
1;307.75;2019-07-17;parcelas_d02c5111-9869-473e-8676-5dad45376da5.csv
1;3170.87;2019-09-17;parcelas_d0334293-10db-451f-8047-15ab6cd3760a.csv
1;2868;2019-01-21;parcelas_d038cc8d-7305-4510-9d18-310594ab3f9d.csv
1;3180;2019-07-10;parcelas_d03bb5df-b77a-4c1f-aed4-6ca741bef377.csv
1;26855.79;2019-03-29;parcelas_d0418fae-a317-4a40-8406-c42de4c85fb9.csv
1;5054.8;2019-09-19;parcelas_d0419ddb-e7df-4874-978a-b89676dcf703.csv
1;10590.78;2019-06-27;parcelas_d042ffe2-ee9d-4856-9c95-b8f4cc2d6e8c.csv
1;142749.02;2019-09-10;parcelas_d047aa88-0555-41d9-ac64-dc88d3ec0b9c.csv
1;1925;2019-12-19;parcelas_d052e8d7-78b0-42c5-8750-9a97f0360df9.csv
1;27247.9;2019-06-27;parcelas_d05494b0-bb12-4ab1-92fc-0064f40b08b5.csv
1;2275;2019-06-27;parcelas_d05f43a3-d368-4825-a0c1-c45e2490578b.csv
1;23190.43;2019-01-28;parcelas_d0608b95-a9da-4672-bf6d-d35fe20c9c2f.csv
1;84.4;2019-03-26;parcelas_d069ad6a-66dd-4452-a107-057916357e15.csv
1;493819.53;2019-11-29;parcelas_d06bbf99-34e0-477b-8800-f8f39b0b8453.csv
1;2608.96;2019-12-19;parcelas_d06bc6eb-3963-47c9-86f3-0dafd07849da.csv
1;14225;2019-02-07;parcelas_d070fa6c-121c-44da-9911-07d63ba8f7e7.csv
1;33499.53;2019-05-28;parcelas_d07a890d-ad61-4d85-91a4-9add984f652f.csv
1;10090;2019-04-12;parcelas_d0870f08-c3ec-4087-87c4-19698bd81f66.csv
1;238162.1;2019-07-26;parcelas_d08deddc-06d9-4a75-bd36-55dab065d9e8.csv
1;312125;2019-11-14;parcelas_d0960a92-eb13-41d2-93c5-bac8287fd04e.csv
1;70.9;2019-12-31;parcelas_d0993118-17fd-4baa-8b72-968ce47b969b.csv
1;8850;2019-10-11;parcelas_d09dc28d-48fd-49a3-9222-602934cde21c.csv
1;4990;2019-07-22;parcelas_d0a85301-5e9f-4c4e-854a-4d7512fd62cb.csv
1;130;2019-03-22;parcelas_d0ad2341-5134-430c-966c-c631fbd20a01.csv
1;48.7;2019-10-31;parcelas_d0c5dc7a-aba5-4aad-bc38-f7e6a0ce7b9f.csv
1;161.34;2019-08-09;parcelas_d0d4ab33-d980-4496-a566-7e6c71fcae10.csv
1;17200;2019-09-30;parcelas_d0da3466-82d8-4560-a879-8e375488c416.csv
1;380.72;2019-03-29;parcelas_d0de6e20-7d01-441e-a395-999b86fd3288.csv
1;4822.96;2019-01-31;parcelas_d0deb5b6-968c-4a0a-8893-d84677ed7a76.csv
1;25.09;2019-10-31;parcelas_d0dff547-8e2c-4b1d-89a3-d55aaed1990f.csv
1;44749.98;2019-09-02;parcelas_d0e0e86f-d573-4913-9a20-f364bd178d25.csv
1;70644.2;2019-01-02;parcelas_d0e53e6a-0083-4447-9107-4cdb82734728.csv
1;24100.84;2019-10-21;parcelas_d0f1f5e1-3e67-4443-bbd6-a7d99468967c.csv
1;3069.35;2019-09-25;parcelas_d0f7b62a-27aa-44bf-9d70-af7094d36a28.csv
1;34555.41;2016-11-30;parcelas_d0f99132-7c80-4312-99d3-d7a4f83adca8.csv
1;37040;2019-05-28;parcelas_d106652d-52e5-4b64-9d52-fe8867559c17.csv
1;83785.99;2019-01-28;parcelas_d1163117-69e6-492d-9806-e67678e5532c.csv
1;1996;2019-10-29;parcelas_d117929e-ebc1-4f61-b322-e0e1af5d8ee5.csv
1;4773.9;2019-10-30;parcelas_d119f30e-71c5-4e54-baa8-b6d8e95d6724.csv
1;4419.36;2019-07-26;parcelas_d11ded37-125a-466d-a3d7-6db6d6ae1052.csv
1;1066.05;2019-08-27;parcelas_d1211a3a-99db-4a6a-838e-06ff8ef00dbc.csv
1;6912.22;2019-08-27;parcelas_d129ce77-0d33-4d60-8010-47904cc1091e.csv
1;980;2019-05-14;parcelas_d12cf4be-5108-4def-8f02-0f9ecd5a86bf.csv
1;15850.4;2019-02-06;parcelas_d12e09b2-4486-41e8-886e-c2e944a165a6.csv
1;72931.25;2019-08-30;parcelas_d1305262-3fe3-4cc5-9e69-00fd777215b2.csv
1;86139.17;2019-04-11;parcelas_d13558aa-9fe1-446b-b4e6-178dc1236bb7.csv
1;154.15;2019-08-21;parcelas_d139660b-952c-40d3-89d8-2d86f5a37e0a.csv
1;4614.26;2019-07-31;parcelas_d13abe96-72c0-48fe-b25f-d73dbfc11d08.csv
1;206.39;2019-03-08;parcelas_d13f300e-6911-4f1f-8374-8974fa779bc3.csv
1;252.32;2019-03-12;parcelas_d1404914-e63c-4d9d-8bb3-53f0006a93ef.csv
1;33500;2019-11-27;parcelas_d146d96c-ab34-4485-a1ab-6b93d1f3df6d.csv
1;291.4;2019-06-24;parcelas_d15221cc-9409-4378-8bd8-f342ee59f8d2.csv
1;59400;2019-08-12;parcelas_d1546105-787d-4a8c-b73c-0ca1779c75c5.csv
1;35.37;2019-06-11;parcelas_d161d860-8559-4265-ba99-d0ae66bebcff.csv
1;105.33;2019-12-31;parcelas_d16a84a2-9bd7-4c07-a018-9e69bf7f6649.csv
1;37420;2019-06-25;parcelas_d1736bd3-a692-4961-9698-c15f6b00af59.csv
1;3905.9;2019-08-09;parcelas_d1738cd3-9bea-41b7-8497-c7c7fe1941ee.csv
1;48608.92;2019-06-28;parcelas_d177c0ac-2257-4b43-9ae3-4194e34a8898.csv
1;54728.71;2019-02-28;parcelas_d1788c64-b4cc-4f62-b321-0f21f919428a.csv
1;117.27;2019-05-28;parcelas_d1788cdd-0363-494b-8d7b-577960165232.csv
1;3928.48;2019-08-06;parcelas_d17fb3d0-f392-4a5c-bb55-6aa69301ee85.csv
1;427.04;2019-03-12;parcelas_d18683c7-f5fa-423f-9ea1-da30d28778bb.csv
1;4824;2019-06-04;parcelas_d1868f14-3f9f-46f9-a047-6305e40ff076.csv
1;1280;2019-07-12;parcelas_d188809f-76b6-4ae5-800d-45250c334ee5.csv
1;4000;2019-05-28;parcelas_d18cb091-e597-43e0-b838-44db70a8b447.csv
1;280;2019-03-12;parcelas_d19010ab-41b7-4420-ad48-834aa1f1390b.csv
1;70908.33;2018-12-31;parcelas_d19f0544-1e9f-4e18-97eb-9002ebf5cf63.csv
1;3596.8;2019-04-30;parcelas_d1a5fc37-439d-43ae-ad2e-5f3c4f8417ba.csv
1;200;2019-09-30;parcelas_d1a6039f-70a9-4a9e-b100-7c5774d89c9c.csv
1;2423.35;2019-02-28;parcelas_d1a8c970-c951-49ad-9707-c7d1fa21903f.csv
1;5326.85;2019-02-28;parcelas_d1aaf833-6e7a-4c54-bbc0-a9691c8c2ff4.csv
1;2079.33;2019-11-29;parcelas_d1b6ecf6-6ad6-4574-97d2-a9bcbf5fac02.csv
1;2499.87;2019-03-29;parcelas_d1c33756-134a-4d74-8a38-d86b88ba05de.csv
1;236591.28;2019-01-02;parcelas_d1c51ef7-2164-4d91-9275-e490d76ac2c5.csv
1;2080;2019-11-13;parcelas_d1c5bfd5-a6ab-453d-9c5e-e60d734810e2.csv
1;7563.29;2019-05-28;parcelas_d1ce7625-a102-411c-a25c-bd73ade00666.csv
1;30000;2019-03-06;parcelas_d1e00565-7f66-4127-8fc9-2050d732c5c8.csv
1;27816;2019-07-15;parcelas_d1e2479b-e099-4541-894e-b7ba73f7283b.csv
1;1179.85;2019-07-31;parcelas_d1ee021c-0d05-430d-a4ae-febbd90adfba.csv
1;18480;2019-02-13;parcelas_d1f103e6-dfd4-4500-8b5e-173d5387d4ba.csv
1;3055.15;2019-01-31;parcelas_d2041ef8-d30a-4759-8fc0-490751481c99.csv
1;150000;2016-12-30;parcelas_d20618c0-b826-4f9b-b856-99a00823b5db.csv
1;1996;2019-06-28;parcelas_d215c55b-439c-4114-a96e-d4106ba590ee.csv
1;26058.2;2019-08-23;parcelas_d21625d3-ef6c-4c3c-a443-c3602f94a9c0.csv
1;11967.9;2019-11-28;parcelas_d231ff1d-3a6e-4fd1-a352-82f9a174f71f.csv
1;7809.28;2019-06-27;parcelas_d232316d-7e27-4dbe-83c6-189d08f7d2ff.csv
1;4211.67;2019-07-31;parcelas_d239e819-9ffc-4e0f-8c8c-8293bc3e5a66.csv
1;5508;2019-05-03;parcelas_d248467e-29e9-4914-a2fb-e0ce339ba09d.csv
1;1621.42;2019-02-28;parcelas_d24f19a6-7f0a-4049-96e3-b16828cb7c93.csv
1;2898.54;2019-01-31;parcelas_d24fbebc-7096-4898-8af4-e37e1f3f4a3c.csv
1;35183.75;2019-07-31;parcelas_d258b662-56b9-49a1-a6a0-b45da02bc5f9.csv
1;246.14;2019-11-18;parcelas_d2631e64-4360-4925-b6bd-c5397ca761f4.csv
1;687467.11;2019-12-11;parcelas_d263aed4-baf1-4eea-bac6-662538d3f10a.csv
1;23021.8;2019-04-04;parcelas_d2691d48-821e-4a90-9035-94de9e21733d.csv
1;59153.2;2019-01-02;parcelas_d27ebfb2-c86f-4a38-a320-65bae9b59367.csv
1;470162.1;2019-11-29;parcelas_d27fc78a-76c8-4dc2-bb3b-580428055a1a.csv
1;1280;2019-04-30;parcelas_d2831b49-ed6d-4fd4-8407-135298bfa35a.csv
1;14240.3;2019-05-08;parcelas_d2a39054-9dcd-4013-aeef-2618d69cf91c.csv
1;2000;2019-09-26;parcelas_d2a78c39-6900-4213-a7e1-4a1b18cea6dc.csv
1;1846.8;2019-06-04;parcelas_d2a7ab22-390a-4d1b-8d38-4dfb83f03a32.csv
1;2994;2019-09-20;parcelas_d2ab7fad-8900-4a1b-97f1-6133b74f56e8.csv
1;966.4;2019-03-25;parcelas_d2b0ca50-7d80-49cc-aeac-fa158eddb8ff.csv
1;1321.25;2019-09-30;parcelas_d2b8d8c9-d20f-49eb-a915-03051f94f2c6.csv
1;4312823.66;2019-01-03;parcelas_d2bf259c-8525-45fe-ad64-e0c6d76656cd.csv
1;1449.83;2019-11-25;parcelas_d2bf735f-1acd-4597-b19d-a85f8f84141d.csv
1;6597.44;2019-09-30;parcelas_d2c0cd09-7e98-42ae-8a2e-458a9900be03.csv
1;2200;2019-02-11;parcelas_d2cf632b-0c37-4e1c-9cc3-830fa001e84e.csv
1;7098;2019-04-11;parcelas_d2d9174a-a270-4c7c-bfeb-9f853c0e036d.csv
1;1032;2019-05-09;parcelas_d2dc966d-b0e5-413b-9f4b-11cce4e578ac.csv
1;4500;2019-02-18;parcelas_d2e0547b-aa19-4ff1-9e39-a788411b4240.csv
1;120627.5;2019-11-28;parcelas_d2e3d706-267c-4b65-a993-5b5bdca742f0.csv
1;6080.3;2019-01-04;parcelas_d2e46041-1af2-462a-830f-d135d5378b71.csv
1;232071.51;2019-11-28;parcelas_d2ed0f0d-9e2a-4032-ba6e-09535295aa5a.csv
1;2867.85;2019-12-09;parcelas_d2ed905c-79c0-4a65-b714-9da368a05d9b.csv
1;205594;2019-01-03;parcelas_d2eed988-4245-4034-8c1d-43ca6d832e0d.csv
1;6865.04;2019-04-03;parcelas_d2f6c07b-4ca6-41b4-a00d-b405024ebfc6.csv
1;971.93;2019-02-28;parcelas_d2fbffae-8b8f-463b-90a9-42da49c9f74d.csv
1;142749.02;2019-06-10;parcelas_d3034c65-6de8-4abc-b72b-5487eb21855f.csv
1;49.48;2019-02-28;parcelas_d3081c73-c550-471c-99e7-75146789cd38.csv
1;2250;2019-05-02;parcelas_d308d3f0-8966-4237-8036-162f43cd5af1.csv
1;1996;2019-07-26;parcelas_d317b3aa-aaa0-4f81-ad7e-a8def7eb191f.csv
1;853.17;2019-07-11;parcelas_d319fafc-dd40-40c7-a8b5-b48304034fc4.csv
1;1042.18;2019-03-22;parcelas_d31e51d5-b87b-4188-97d7-00343046def4.csv
1;1440;2019-03-29;parcelas_d31f8a7c-b081-4205-9af1-0bcae4336d92.csv
1;65;2019-06-26;parcelas_d3203d0f-151e-418a-9994-073472ffb636.csv
1;4012.14;2019-09-25;parcelas_d323bded-164d-4ab0-9d45-c2812b279327.csv
1;44627.62;2019-07-31;parcelas_d330c6f2-521f-448b-ad90-7cbfdcec8a84.csv
1;7531.56;2019-03-22;parcelas_d33d1e0a-7d52-4af0-b444-0b7d2f0abeee.csv
1;402.03;2019-07-15;parcelas_d341cbf8-5f6d-4620-a4af-75e6219e4125.csv
1;11900;2019-09-30;parcelas_d342152f-5316-417e-9bf6-75454a53c852.csv
1;253.45;2019-01-31;parcelas_d347565f-a934-4fcc-8dec-fd6ad8c97884.csv
1;9228.04;2019-10-30;parcelas_d348cbab-8ab7-463d-aae9-b0508606c36d.csv
1;1856.8;2019-09-03;parcelas_d35bc72a-c2bf-42a7-9638-f1e645741d69.csv
1;7563.04;2019-12-19;parcelas_d35f5b4e-029f-4f8a-8f0c-97a5cec9cabb.csv
1;20095.11;2019-11-14;parcelas_d36ec6d9-f030-49f9-a101-18497fe63961.csv
1;8994;2019-06-25;parcelas_d37749d1-f61a-498c-967e-631f71125176.csv
1;906.3;2019-06-04;parcelas_d37ac8ca-4c4f-469f-93b3-d29d76639176.csv
1;32830;2019-05-30;parcelas_d38bf5f4-60b0-4d67-9e43-80fcf22863b4.csv
1;892.33;2019-07-25;parcelas_d3950c7a-7c84-4e0e-8666-05a3d4fa4635.csv
1;766.7;2019-09-30;parcelas_d3985d34-82da-48f7-b8e2-8b5bd9050fba.csv
1;2465.22;2019-12-05;parcelas_d3990f28-ef21-48d7-9a04-b44eefeda5c8.csv
1;3313.3;2019-09-26;parcelas_d3a6f073-d7ab-41bc-934c-9987e7d41621.csv
1;116917.5;2019-12-19;parcelas_d3ac7bb6-815f-41cd-8717-6d5cda92f2e6.csv
1;5063;2019-04-30;parcelas_d3b0e9f7-6e83-4620-ae8d-a50ba9fa7094.csv
1;2574.72;2019-01-18;parcelas_d3b499ab-0b52-4a16-a7a5-f5525cb26160.csv
1;2178;2019-09-10;parcelas_d3ba2fe7-03dd-4c57-bb85-019f4f83c2f4.csv
1;41967.9;2019-08-30;parcelas_d3c26f2e-ed8f-4fa2-a490-35ece6da02cd.csv
1;1125.83;2019-08-30;parcelas_d3c68da8-6db4-4ab5-b77c-25d458436c3f.csv
1;3704.58;2019-08-30;parcelas_d3caffa3-edd5-4064-b2df-9ab3ff91885d.csv
1;104.13;2019-03-15;parcelas_d3cb7080-5953-4a86-a2f6-b7df7da31ff9.csv
1;424.95;2019-01-21;parcelas_d3dabbba-84fc-480c-a084-c6237443f543.csv
1;234068.81;2019-01-31;parcelas_d3e6e193-8a2c-4942-a8a2-123e37587602.csv
1;2584.47;2019-10-31;parcelas_d3e797be-a1bd-40a5-ad2b-69e645a205cf.csv
1;211756.79;2019-03-13;parcelas_d3e8c7e6-8cb6-40d4-b4af-50fc32b6932f.csv
1;2004.57;2019-04-30;parcelas_d3f8d8c2-67b6-446d-a7b8-d0f7fa402e9e.csv
1;2689.3;2019-02-28;parcelas_d3fb638d-fe19-4270-b25a-da95ab8e28e8.csv
1;2975;2019-01-09;parcelas_d3fca5ee-7f2e-4837-a53b-63287899a6ce.csv
1;900;2019-02-01;parcelas_d3fda72e-4168-4170-875a-178ee36b963b.csv
1;4351.25;2019-08-21;parcelas_d3fe8549-5a54-4a91-8a1d-92999908ae10.csv
1;4328.54;2019-01-31;parcelas_d3febee3-516e-40fa-9486-5856a99567e4.csv
1;3441.61;2019-07-31;parcelas_d3fec878-7242-462a-a8a0-9f1e2bcd38ab.csv
1;1224.08;2019-08-23;parcelas_d4048e54-81fe-4ec6-b8e8-89099bd6a575.csv
1;131.56;2019-08-21;parcelas_d4109d98-a71d-4b66-9274-e2692705d31c.csv
1;576;2019-11-27;parcelas_d410e1e8-e22d-4125-82b7-f0ecf52f7ff3.csv
1;1799.25;2019-08-27;parcelas_d4163787-86cb-4928-b2e7-393c9b55154e.csv
1;75600;2019-05-03;parcelas_d41c7b95-d5fe-407d-b9ea-b1e9bd82b8f6.csv
1;3415.55;2019-02-11;parcelas_d430f7f4-6f18-4310-8c99-a06a92d8fd54.csv
1;4300;2019-01-31;parcelas_d4321cfd-1431-4def-b30a-8c35d935c073.csv
1;2670;2019-08-05;parcelas_d4344103-fab6-4727-89f6-3e893e64fcdf.csv
1;2514.26;2019-09-25;parcelas_d44097f8-403e-4dd0-81ba-1b17b170703a.csv
1;1235;2019-01-15;parcelas_d4437910-4e55-434d-a922-130b7483a687.csv
1;1976.45;2019-02-08;parcelas_d4452166-03e4-4e35-a6fb-19b1fdb69b64.csv
1;40000;2019-03-06;parcelas_d458db4b-9788-42f2-be26-fbb4f568d092.csv
1;122824.96;2019-04-04;parcelas_d4656d18-206e-426b-a97a-0cd01a29ee34.csv
1;60;2019-07-10;parcelas_d46a70e5-423a-4d27-afd2-c16d000f1086.csv
1;19838.04;2019-01-31;parcelas_d472a583-643e-40c8-bcab-0fcb37c50b8a.csv
1;950.71;2019-06-27;parcelas_d472b48a-eda2-4fb3-927d-a778da7f7e49.csv
1;70000;2019-10-31;parcelas_d474db8b-e6b8-4bdd-b13f-a3d31eb27638.csv
1;52650.54;2019-05-28;parcelas_d477bf01-fe25-413e-a9d5-ad6cbe673d9c.csv
1;53961.25;2019-10-30;parcelas_d47982a7-052c-4d12-8485-6b8b5cf23f76.csv
1;4602.57;2019-04-30;parcelas_d4799afc-4177-4ce1-8b9d-c048f0e6c56b.csv
1;204000;2019-11-07;parcelas_d48184cc-10ab-4da1-8e48-8cf0ff4f58c3.csv
1;1794.63;2019-09-30;parcelas_d49f2f5e-53b9-42a7-baac-0a241c88ef94.csv
1;81868.2;2019-04-25;parcelas_d4a7ebb9-1c24-4b1e-9676-ba6a2df60a3d.csv
1;679.48;2019-07-31;parcelas_d4a8e169-cf1d-4aab-9a92-eefedda6bb4a.csv
1;28074.88;2019-07-10;parcelas_d4a99015-608b-4dae-9506-82d90b61975d.csv
1;2618;2019-05-22;parcelas_d4ad8f50-4958-4bfe-b5e0-e2c6175af0a8.csv
1;1207.5;2019-11-28;parcelas_d4d92463-0be8-48e3-9c6a-424c445d1c4d.csv
1;501.45;2019-04-05;parcelas_d4d9e466-ca43-4cbd-aca3-c69e75c9a505.csv
1;611.2;2019-01-07;parcelas_d4e0ef89-f249-4a59-991c-8ba7fdd27a90.csv
1;14513.02;2019-06-19;parcelas_d4e54ff2-17c9-4c0c-a89e-d2e0683a2342.csv
1;1202.38;2019-11-28;parcelas_d4e6e5ff-9893-482e-b0ee-8b2ec53c41ff.csv
1;4064.89;2019-10-21;parcelas_d4e7d397-1eec-4a0b-b735-6dc0645ecc92.csv
1;836937.79;2019-11-07;parcelas_d4ea72d6-6cf1-4da1-bae0-680c3039774b.csv
1;6913.08;2019-07-31;parcelas_d4eb96ac-29d5-434a-9fa5-a39797670b37.csv
1;705.37;2019-09-17;parcelas_d4f56273-ba50-45f2-b0f6-cde9f0f49cb7.csv
1;6960;2019-07-23;parcelas_d4fd37ed-c9de-4021-a2ab-2673db29d6ef.csv
1;4638.26;2019-08-13;parcelas_d50fc6ab-9002-45de-9a81-a60861ec944e.csv
1;2870.24;2019-02-06;parcelas_d5119bd2-01a2-4ff0-b620-7aeec8e7a014.csv
1;8171.3;2019-11-28;parcelas_d52b886c-cfde-4d4f-a9b8-2d632953ed48.csv
1;9936;2019-06-27;parcelas_d53011c9-9143-4437-b151-648d73df50a8.csv
1;21317.57;2019-10-30;parcelas_d530c9d5-dbe2-4d00-bae7-be0c0c3e141b.csv
1;59470;2019-10-31;parcelas_d5315d7d-d26e-42a8-9cd5-93ea50ecacff.csv
1;1193.7;2019-03-11;parcelas_d541fe1f-8c9c-468e-a256-34c52ca21d08.csv
1;550000;2019-01-14;parcelas_d5421f43-8ac5-4308-a775-cc9dc883bf8b.csv
1;2381.2;2019-06-10;parcelas_d5449fb8-4522-47ed-aa1d-86bc99a11eeb.csv
1;13280;2019-01-30;parcelas_d544ecc3-843e-4d5f-9fe1-530e7b87806f.csv
1;2358.31;2019-06-19;parcelas_d54f22e4-a81c-4899-a43b-5e537eacc04e.csv
1;25000;2019-10-31;parcelas_d556e3f3-c696-4831-a80e-d3a7d0e45865.csv
1;632.38;2019-11-11;parcelas_d55cec52-258a-4b98-a818-743b82a87bd2.csv
1;3280.9;2019-03-20;parcelas_d55d4f59-171b-49f5-b225-775955337753.csv
1;71759.57;2019-09-02;parcelas_d56857cc-1b37-412e-851b-782dcebae719.csv
1;80197;2019-03-29;parcelas_d56d85c8-b32e-46a7-92a7-7f5bf674cc25.csv
1;3356.83;2019-08-22;parcelas_d576a6f2-b4b7-4d5a-8129-563a42249e63.csv
1;2108.58;2019-01-31;parcelas_d5771e90-25df-40d6-86f0-ec37566232cc.csv
1;14043.72;2019-04-17;parcelas_d580ad18-5366-431f-8df0-20caa2042fb0.csv
1;38561.15;2019-01-31;parcelas_d5813acc-77a5-4ef7-ae6b-d08fbd373ba6.csv
1;3800;2019-04-30;parcelas_d586dda6-36c9-453c-81d5-4a80fee6a7b1.csv
1;1279.76;2019-09-10;parcelas_d59829a3-f259-4091-b830-be3d4d277cba.csv
1;5000;2019-09-16;parcelas_d59a4e75-e099-479e-89a2-1cf74667cfac.csv
1;25147.1;2019-09-09;parcelas_d59eb4ab-66a4-4fd1-b595-174732c4002a.csv
1;1273;2019-01-02;parcelas_d5b2eee2-ecb9-46d8-98ba-9dadaa9ab85a.csv
1;2605.57;2019-03-12;parcelas_d5b9724b-0b59-4704-bf04-70b93136e888.csv
1;125;2019-02-21;parcelas_d5b9a4bf-e54d-4f1a-b273-d8582c058fcb.csv
1;2456.07;2019-02-28;parcelas_d5be91e0-0966-463e-9c81-134afd63ed8b.csv
1;102232.72;2019-11-28;parcelas_d5c9ffec-2df3-4472-ad13-0dd2aa8f3eb3.csv
1;52894.51;2019-07-31;parcelas_d5d28b05-123e-4ed6-8c59-c5952bf3d09c.csv
1;276.87;2019-08-09;parcelas_d5d2cc71-2e8d-4470-917c-e16a620db7d9.csv
1;6282.75;2019-01-10;parcelas_d5d7c21d-bea4-460c-88cd-22efac8b57b4.csv
1;41189.44;2019-02-28;parcelas_d5e94ea3-66d4-4a49-ac56-263b57ed01a8.csv
1;1704.54;2019-09-19;parcelas_d5f20151-671b-4367-93e8-b8bf19ad9967.csv
1;15000;2019-06-27;parcelas_d5f72b4f-9658-490a-b979-a57cdbdfb2f1.csv
1;5163.48;2019-04-29;parcelas_d5ff6759-a980-42a2-91c8-5ba4e71e0899.csv
1;1040;2019-04-08;parcelas_d607c972-eae0-4dab-90ae-07c0ea489d99.csv
1;909969.8;2018-09-20;parcelas_d60a7c25-4661-47e5-a6ea-1c66334a95bf.csv
1;160.48;2019-08-27;parcelas_d611a346-1e63-4b42-b3f0-dece81cf31d1.csv
1;85.96;2019-02-11;parcelas_d61308ef-ffea-4923-841d-b5095a6dd837.csv
1;2469.72;2019-08-30;parcelas_d615a240-1578-4cc8-8781-09689032dcec.csv
1;1238.4;2019-09-02;parcelas_d615d14d-fd44-421b-afac-e5024e7f45e5.csv
1;467.48;2019-09-10;parcelas_d62df0e5-0b45-44eb-913b-9a8123983540.csv
1;1845.35;2019-02-18;parcelas_d6366787-42eb-47fd-8a9d-c8c84c322e34.csv
1;2580.44;2019-06-04;parcelas_d637e599-1e8f-47ec-ab53-d0e9b2eec026.csv
1;135.77;2019-06-21;parcelas_d63b51d3-45be-4a99-aeda-ef7951978a71.csv
1;670;2019-05-14;parcelas_d63b7ba3-513f-488e-9506-3784c5c25bfc.csv
1;7310;2019-03-12;parcelas_d649a371-758a-4279-ab1f-43aee1f116bc.csv
1;154.45;2019-07-15;parcelas_d64efe9e-6e96-4329-b025-76161cd4408e.csv
1;20165.95;2019-06-19;parcelas_d6543396-cba0-482f-b7de-4f725e9a7b5c.csv
1;47898.49;2019-04-29;parcelas_d6585212-c644-4a87-8659-b72645989213.csv
1;619.21;2019-03-19;parcelas_d65864a0-9a15-4798-8a86-69653798ec61.csv
1;10473.6;2019-05-14;parcelas_d65baf31-4270-48f2-a8c7-6705433299e1.csv
1;17250;2019-04-11;parcelas_d65cdfe8-a7ea-4917-8266-9a7f9e8f8c1e.csv
1;727754.03;2019-12-30;parcelas_d65de3fa-e6e7-4c17-a43d-3cd0c590fb78.csv
1;19064.36;2019-06-27;parcelas_d65fde3f-c70f-433b-901b-057610afdc93.csv
1;162;2019-09-05;parcelas_d65fed58-b780-4885-a96d-de7efdad9288.csv
1;1289.86;2019-10-21;parcelas_d664409f-ba3a-49bf-8a18-5c9b30b01135.csv
1;4200;2019-09-30;parcelas_d666693b-a723-410b-a479-e4a063399310.csv
1;71566.33;2019-03-27;parcelas_d6696fb9-633b-4f37-b2ae-96513f955b57.csv
1;4237.22;2019-12-10;parcelas_d67697c6-1565-49a1-8dca-fa302738f936.csv
1;1235.52;2019-07-10;parcelas_d6773cf5-8ebb-449a-8b46-937707a9b5bc.csv
1;6994.5;2019-04-15;parcelas_d68b4e88-62f3-43a7-ab6a-012265c27aed.csv
1;2673.97;2019-12-11;parcelas_d6997d4c-434d-462a-892a-096d101af7aa.csv
1;4406.79;2019-08-27;parcelas_d69f90ed-28a9-4d56-8193-0ae56162d27b.csv
1;32000;2019-01-02;parcelas_d6a644a1-9236-4f3a-81e6-2beed1b5e453.csv
1;325385.19;2019-11-28;parcelas_d6a99a1b-43ad-4078-be40-a96f591faab8.csv
1;352110.67;2019-06-19;parcelas_d6b1c916-7b68-4f97-93cd-ed978e100e79.csv
1;82870;2019-10-24;parcelas_d6b28d05-c34d-4123-8cc5-42aa3ee59e15.csv
1;79.79;2019-02-19;parcelas_d6b90152-e9c8-466a-9cda-c1dbcddd95d2.csv
1;2593.33;2019-11-26;parcelas_d6ba4f33-a876-497a-815d-4d021b72ec5e.csv
1;679.84;2019-06-27;parcelas_d6bc40bf-af68-4d1b-96cb-7418caa47eb5.csv
1;704.32;2019-02-21;parcelas_d6c0d43a-be14-4e3e-be2b-060e982f203f.csv
1;1000000;2019-11-14;parcelas_d6c9feeb-e5a9-4c29-9b3f-682571908630.csv
1;215145.78;2019-12-19;parcelas_d6ca9aee-7cb5-4f1c-b810-a16d0830e52f.csv
1;1805.6;2019-10-11;parcelas_d6d0f063-1173-4c4d-8c42-d991eb9e74c2.csv
1;41125.5;2019-09-02;parcelas_d6d5c9b0-d76b-46ae-9706-4461b8f61719.csv
1;2208.54;2019-12-19;parcelas_d6db8b73-117c-41b6-ab7c-d049d4c85192.csv
1;146.52;2019-01-31;parcelas_d6dd770b-533c-49aa-ad34-de7b691362a7.csv
1;637;2019-08-23;parcelas_d6e70b1e-465b-474d-ad13-a3e529029b59.csv
1;397.66;2019-01-10;parcelas_d6eb2ef3-7211-4411-a7be-6c1c93d02ad2.csv
1;2160;2019-10-31;parcelas_d6f01d6b-0321-47d0-a7cc-cb2258ead90e.csv
1;0.02;2019-01-31;parcelas_d6f16dfd-54af-465a-bd5d-d77f0876ec95.csv
1;25647.36;2019-03-29;parcelas_d6f84832-9666-42b6-a00d-a83ed52e3f53.csv
1;1182.75;2019-06-04;parcelas_d6ffee83-03f1-4844-88e6-d954e6a8fa54.csv
1;400;2019-11-11;parcelas_d705f5a4-4e3e-4c82-aee4-c8a3c23f629f.csv
1;5230.8;2019-09-30;parcelas_d7080fef-0001-4850-a5b6-a03df5f490dd.csv
1;1501.25;2019-08-30;parcelas_d70811ad-9ded-480d-9210-c00f4e87baa2.csv
1;42392.21;2019-10-18;parcelas_d70c0c33-5c57-4ac8-ba90-2f4062223980.csv
1;2536.82;2019-06-28;parcelas_d70e8419-586b-4a0a-b494-66bc1306c533.csv
1;849709.55;2019-05-28;parcelas_d70ea419-3919-494c-b233-d3cea0114ac0.csv
1;1344.99;2019-01-25;parcelas_d712d1d4-3b4f-4bf1-acef-6901c277e4ed.csv
1;1400;2019-05-06;parcelas_d7195e22-74bf-4e25-a785-0522ac523336.csv
1;239.37;2019-06-27;parcelas_d7231d21-d481-467f-b13d-be1b3d5010db.csv
1;15759;2019-08-20;parcelas_d72c83d1-4cfa-4d14-84d8-743e3790abd7.csv
1;4204.61;2019-01-25;parcelas_d734ed28-3eb2-443b-9c9d-3459e43c1113.csv
1;410796.54;2019-05-08;parcelas_d73951e3-8486-4614-a12a-ce0397f68593.csv
1;141434.2;2019-02-28;parcelas_d73ed975-7ed4-4e88-ab91-a405972638b1.csv
1;243.05;2019-05-23;parcelas_d7404d54-fc83-4158-a13d-b9e9b0218600.csv
1;2456.32;2019-12-11;parcelas_d74d9567-9bd9-4591-8530-567fb6cddf83.csv
1;4266.82;2019-02-26;parcelas_d750bcda-52e4-4eb9-a240-e16d44dc9147.csv
1;34842.44;2019-04-30;parcelas_d7614c90-cf51-4392-93e2-bc9170c1972a.csv
1;5300;2019-08-23;parcelas_d761db18-0bd1-4bc5-afd5-ea799f806066.csv
1;14837.47;2019-04-26;parcelas_d762455c-0344-4f6e-bd9a-01041c692446.csv
1;39490.81;2019-11-28;parcelas_d766e0ce-fc2f-4da5-8669-c25b7b48f02e.csv
1;180.8;2019-01-08;parcelas_d76a8fc5-a7a9-4875-8c18-d5df11214bd5.csv
1;340;2019-07-10;parcelas_d76c2d3d-d2fd-4bf8-b200-7d0a22a0eb54.csv
1;5256.83;2019-10-16;parcelas_d7782c00-dabf-4671-a8a1-0eed4333b8fd.csv
1;77162.18;2019-01-28;parcelas_d78d967b-f4c5-41d2-928b-57555a26b80f.csv
1;22117.18;2019-06-11;parcelas_d79125e3-eb46-44bf-92db-f83f946d4a70.csv
1;13103.07;2019-01-28;parcelas_d79b26ec-5a54-43dd-81d7-001f713f8a37.csv
1;5436.64;2019-04-30;parcelas_d79c1537-185c-460e-85f8-da084551cb69.csv
1;6619.3;2019-10-21;parcelas_d79e7d42-3c06-4e7c-b011-f094843901fd.csv
1;148.17;2019-01-31;parcelas_d7a0afef-5050-4c92-b04b-bcf2976fd9bd.csv
1;1896.42;2019-02-18;parcelas_d7a17b61-dd95-4d7d-8f1a-5d9fff434fd1.csv
1;2088.95;2019-03-28;parcelas_d7a2c130-8ad7-479d-a0b1-b84485830239.csv
1;1080;2019-01-30;parcelas_d7a564c1-dad4-43c7-a42f-71076b5e741a.csv
1;24280.32;2019-04-04;parcelas_d7a8c045-1de7-45c6-a779-c436176b9866.csv
1;5809.8;2019-05-31;parcelas_d7aea714-9280-47da-aeed-42f5b4ec9ee1.csv
1;922.06;2019-05-24;parcelas_d7af61eb-7ef9-40ea-8c01-71c9a2d84d90.csv
1;3445.2;2019-04-04;parcelas_d7b87ba7-7d56-4387-b02d-241d7164d481.csv
1;11432.02;2019-04-11;parcelas_d7bba800-23e9-4c26-8af4-84ec39b247b4.csv
1;1317.05;2019-01-31;parcelas_d7beb97b-c4e9-4ce1-a454-cb1fb63fe1c0.csv
1;800;2019-02-28;parcelas_d7cb1690-99bb-4b3f-809e-d7ae7e9eb1d3.csv
1;7000;2019-04-17;parcelas_d7d2247d-dfce-4f0c-ba7a-52b7dc86df7b.csv
1;8400;2019-10-31;parcelas_d7d23940-84b2-483d-b877-a8b7f3d52178.csv
1;47528.82;2019-04-16;parcelas_d7d8bdc3-f58a-40da-9e65-a06103bb3855.csv
1;88000;2019-01-02;parcelas_d7ddbead-49db-4098-852d-eb369b7b1d1b.csv
1;14217.5;2019-06-12;parcelas_d7df900a-de6a-46fe-a18f-5a8f9441ec62.csv
1;161774.18;2019-08-30;parcelas_d7dfc762-794f-4da9-a92a-af752dacf450.csv
1;3886;2019-05-02;parcelas_d7f136de-27c8-474e-a6d0-83881f34ef62.csv
1;21968.07;2019-09-03;parcelas_d7fc2364-90b2-40ae-9c58-089401a3ffd0.csv
1;30938;2019-12-31;parcelas_d8038bf2-0ffb-418f-95b4-c56bc85e3e45.csv
1;5616;2019-08-30;parcelas_d804368d-5c18-4488-8d0b-a28e0fd1cdcd.csv
1;83250;2019-09-04;parcelas_d816cadb-9fce-4d3c-9bc3-8927ea9def9c.csv
1;3000;2019-09-30;parcelas_d81a645d-fb7e-4ca3-a64a-d5f6b2cf12b8.csv
1;4687.4;2019-07-11;parcelas_d81a7de5-7bab-49c1-a98f-450ccb349a64.csv
1;541307.33;2018-12-31;parcelas_d81ab3ff-840e-4c6b-8764-5c8f283388fa.csv
1;9081.41;2019-02-20;parcelas_d81ab3ff-840e-4c6b-8764-5c8f283388fa.csv
1;20068.69;2019-04-17;parcelas_d81ec935-bc0d-4021-be97-bf76ee59ec80.csv
1;412;2019-07-12;parcelas_d8328dfe-b4e9-4b24-ad63-ce5a213b5d05.csv
1;222.98;2019-12-31;parcelas_d8338f89-5ae4-4996-998e-d3b1f7467fd1.csv
1;225;2019-11-26;parcelas_d834387b-14f6-444b-8215-ae6d094e803e.csv
1;14185.5;2019-12-31;parcelas_d840be57-f820-469d-85d2-1b226c89b3cf.csv
1;236000;2019-04-18;parcelas_d842005e-99b8-4f54-8512-01b617fe355f.csv
1;5621.5;2019-04-30;parcelas_d8497d86-8fda-480e-977e-eb59a2dc1ddd.csv
1;11807.34;2019-07-31;parcelas_d84c48c1-230a-4d85-83d3-066b02d1db27.csv
1;100000;2019-06-26;parcelas_d851dd5a-397e-446e-b103-3c0c4e860bcf.csv
1;180.66;2019-06-28;parcelas_d85692ef-f5dc-456a-8adc-46d488c0f899.csv
1;480.89;2019-05-28;parcelas_d862aefb-96b9-4d5f-bd07-eb8735dec724.csv
1;17166.88;2019-10-21;parcelas_d867238d-6309-423e-a18c-e0ee1aea58ee.csv
1;2124.74;2019-03-22;parcelas_d8677170-4211-4696-b41c-551c19e600f7.csv
1;588;2019-04-24;parcelas_d867896f-248e-4d3b-a1ac-a6aa2cc0458f.csv
1;15542.75;2019-12-31;parcelas_d8685cda-f7cd-4318-a7b9-57ba057f4e35.csv
1;48.98;2019-05-28;parcelas_d8748abf-3440-46b5-9d7d-69b3dae95a8e.csv
1;4584.75;2019-05-31;parcelas_d879dd0b-2910-4148-8004-36e929c324cd.csv
1;1732.5;2019-09-02;parcelas_d879f18a-f8bf-4b25-aa6e-b06db546c7d6.csv
1;287.35;2019-08-30;parcelas_d8889b4c-6897-45f8-a6b5-0ff8028b9392.csv
1;853018.55;2019-10-29;parcelas_d88d4504-ab02-4a38-9c9b-20bb5ce0d99d.csv
1;192.33;2019-01-28;parcelas_d8934ddb-15e2-4c01-812a-bd749286b4f3.csv
1;387.53;2019-09-26;parcelas_d8959e2e-f90c-4122-a3dc-727e108201f2.csv
1;3749.2;2019-12-03;parcelas_d8a19317-eccb-4e80-a9ff-d62547683882.csv
1;552.81;2019-04-15;parcelas_d8a207c6-617c-4790-b9ae-1562a0b3ba72.csv
1;645.41;2019-09-05;parcelas_d8a22461-b09f-4328-9e09-3896afc085bb.csv
1;2602.35;2019-08-15;parcelas_d8a91a9e-a07a-4921-b0ad-8d029a9bf2af.csv
1;1320;2019-08-01;parcelas_d8a9832d-b12c-4434-a64b-c5347f0c70ec.csv
1;61871.16;2019-09-30;parcelas_d8b1a9a1-31e1-42e7-8221-b36c510b60e0.csv
1;24850;2019-11-04;parcelas_d8b33694-fbf0-42b2-b30a-ed9eb731e67a.csv
1;144067.62;2019-03-29;parcelas_d8bbc5c8-e30c-4bf6-923a-edc82c69df63.csv
1;566.8;2019-10-16;parcelas_d8c5fa02-6e8f-4174-bd95-59f6b43bac7d.csv
1;7040;2019-01-25;parcelas_d8c7d3b1-5830-428b-904e-f73bbb180d3c.csv
1;48.35;2019-09-17;parcelas_d8cee856-f7ae-4042-a4e0-178336254f0f.csv
1;21;2019-11-26;parcelas_d8cefbd1-3390-4614-9162-09847c8d4d39.csv
1;26956;2019-07-10;parcelas_d8d2ef21-f945-442a-9afd-8c95b93c2f04.csv
1;1108.53;2019-09-10;parcelas_d8d2f902-3c3b-42cd-86b4-353f4bbcfee9.csv
1;7701.74;2019-02-22;parcelas_d8dd9c07-2c44-4166-821a-75163a91fd6f.csv
1;93.42;2019-01-31;parcelas_d8e1fff1-ce39-40d8-8b4f-4e3b1a70dd5f.csv
1;211756.79;2019-02-08;parcelas_d8f14dd8-b479-4f87-b5a3-7dbafd976c5c.csv
1;858;2019-01-16;parcelas_d8f1e46c-31bb-4ba5-bdf0-a8377837b9ab.csv
1;206.75;2019-05-06;parcelas_d8f2bbdc-554f-4b90-88a7-eac274944849.csv
1;180.66;2019-01-24;parcelas_d8f68c7d-4fd4-400f-a8d6-e7edc4f3f739.csv
1;192.33;2019-02-22;parcelas_d8f7ba19-1989-461b-8ce2-9ddae934559e.csv
1;19956.67;2019-05-31;parcelas_d8f8c816-eeeb-4f4f-9a21-f289ef9ed252.csv
1;19266.96;2019-11-12;parcelas_d8fe24c8-b1a3-4a2c-80ba-e9527e7cc0b8.csv
1;447825.65;2019-11-04;parcelas_d8fe5e57-9b60-458a-9800-93ea977595ed.csv
1;243.61;2019-11-11;parcelas_d9083007-b6e1-411d-ab36-7ef1203e03bf.csv
1;9603.87;2019-03-22;parcelas_d9096594-4ab0-47c6-82b0-3753d5f0883f.csv
1;3347.28;2019-08-21;parcelas_d90afb35-6a42-4626-9cbd-8ef25427aa19.csv
1;52920;2019-05-24;parcelas_d9100698-6779-4c0a-b5d5-2f8af864e7d8.csv
1;1406719.78;2019-07-16;parcelas_d9172292-2c00-4d43-ab28-1a24117bf797.csv
1;43.56;2019-07-25;parcelas_d918c1b8-314c-4a3a-9409-318220728a57.csv
1;124212.6;2019-04-30;parcelas_d91f9303-4798-4b37-89ba-41eb8fd93989.csv
1;3141.79;2019-05-07;parcelas_d9210b0c-3bed-47b9-8e18-777ea6090cdc.csv
1;1486.74;2019-02-20;parcelas_d9240bbf-4bbb-408e-ad40-3d54ccefdbd9.csv
1;4000;2019-04-23;parcelas_d9287f3c-8de6-4b7d-8941-a8a3e6c933c0.csv
1;110.7;2019-09-05;parcelas_d92b5dd5-e231-4201-b7c0-ea573236b6fe.csv
1;2240;2019-01-25;parcelas_d92e0976-fa55-4799-83d1-f95755a2f9d4.csv
1;1075;2019-08-05;parcelas_d9343ed7-62ec-4373-9b9e-3bb8c4a287ba.csv
1;15980;2019-04-25;parcelas_d9389185-3b7e-4bb8-8af8-b2e1e0513f4a.csv
1;447825.65;2019-08-02;parcelas_d9396863-540a-4993-8025-e2c50708f14a.csv
1;22359.17;2019-04-08;parcelas_d93fc4df-d121-46b4-bb63-a335f05b09f3.csv
1;2605;2019-09-25;parcelas_d94723ea-d71f-4af8-b1ad-3bab181d4005.csv
1;104400;2019-12-06;parcelas_d94941c7-d8dd-429e-b088-42c37df2a213.csv
1;22279.43;2018-12-28;parcelas_d94c0774-1e3d-4226-bab9-3e4e6f6afc6d.csv
1;32510;2019-06-13;parcelas_d9689567-ffa1-4880-ab84-58d57b23feca.csv
1;173.72;2019-05-20;parcelas_d978c806-b4b9-48fb-b049-347e92195ed7.csv
1;252.42;2019-03-12;parcelas_d978f7c3-ca43-43a2-a6ef-0aa6f54bc48b.csv
1;750000;2019-12-19;parcelas_d97dc936-5624-47c3-a34f-f14f7280bcad.csv
1;136.92;2019-09-12;parcelas_d981b7b3-fa38-4a6f-a4bd-3235cbfffcc6.csv
1;197.77;2019-07-31;parcelas_d9848ac1-30f1-434e-b0e2-909fda1a1b49.csv
1;1019.73;2019-11-05;parcelas_d98d3ef4-db9a-49ce-9fc0-3e9348decfe8.csv
1;1600;2019-01-03;parcelas_d9a3c857-338d-4e37-9b87-854ccb56a59c.csv
1;1256.56;2019-11-26;parcelas_d9a525a8-c97f-4dbb-94ea-2ee992cd437b.csv
1;1199.05;2018-04-20;parcelas_d9b1029e-54c7-41c8-abc7-0fbf75875ec1.csv
1;108576.17;2019-01-28;parcelas_d9b146cd-eae2-44f9-b6c3-a35be16456cc.csv
1;57908.42;2019-06-14;parcelas_d9b37848-5e69-4c53-ab97-7fef3799eac4.csv
1;1034;2019-09-24;parcelas_d9b66c1f-7c9a-4347-b9c7-319fdea5ace6.csv
1;100;2019-06-21;parcelas_d9b8e09b-949a-4cfd-8cf6-43f3f7e83074.csv
1;260.3;2019-08-05;parcelas_d9c1843b-eda6-45b6-ace2-a4a2e7acc78c.csv
1;74;2019-06-14;parcelas_d9c1b449-448c-4b06-95f6-19f4be74d500.csv
1;153;2019-01-10;parcelas_d9d4ec87-8ce3-4cac-8698-dd745ab4e5dc.csv
1;43445.37;2019-03-29;parcelas_d9d5c135-3d9b-4ec7-9c80-dd1c731da4ef.csv
1;79.79;2019-11-05;parcelas_d9dc9fca-b250-4afc-8be7-3be6ce8fe1df.csv
1;160692.2;2019-10-30;parcelas_d9df5c7a-69e0-420e-bb49-9534621437ae.csv
1;2676.74;2019-12-06;parcelas_d9e42476-48dc-4d24-b48d-c726d56eafc5.csv
1;11050;2019-09-30;parcelas_d9e64424-5107-4261-8a5b-e65e6ba40961.csv
1;2294.5;2019-03-29;parcelas_d9eadec2-39c1-4b29-a97b-5f1e515ccbde.csv
1;159.58;2019-06-07;parcelas_d9f09435-669b-4f00-aa32-ca849d885043.csv
1;22034;2019-03-12;parcelas_d9f1bf58-21f9-4820-9143-bfd0f5a3a3b7.csv
1;20439.79;2019-06-03;parcelas_d9f71f45-1b63-4015-9d23-aea83a061a08.csv
1;58230;2019-01-02;parcelas_da240383-462e-4d23-a82f-602472ca16bc.csv
1;17705;2019-05-24;parcelas_da274725-a4ab-425c-bc30-d09501497a18.csv
1;111534.48;2019-03-29;parcelas_da30b717-cbcf-425e-906d-5bf34b83c50f.csv
1;256.5;2019-11-26;parcelas_da3137b2-7a42-4040-81f6-9988e90e9f28.csv
1;18252;2019-09-09;parcelas_da359242-71c8-4da7-9fb1-4583650e129d.csv
1;524.3;2019-09-09;parcelas_da4d93e9-5e80-4b9b-9a4f-01d34c87c280.csv
1;26385.12;2019-10-29;parcelas_da5e1ef0-e53f-4d57-ac68-34ebe1b79aec.csv
1;98928.15;2019-03-29;parcelas_da61993d-c699-4629-afe3-c71e2851e74a.csv
1;9364.5;2019-06-27;parcelas_da61a047-33c0-4f9e-ae0f-78423188260c.csv
1;995;2019-10-10;parcelas_da631361-6ef5-46a5-8193-40882a050634.csv
1;4655.14;2019-07-10;parcelas_da6a98ee-9e0d-4afb-bc20-00acb13aff39.csv
1;7393.65;2019-04-30;parcelas_da6afd8b-7d2a-4972-b517-e50814dbee48.csv
1;3817.5;2019-01-16;parcelas_da785236-5af3-4e84-a0c6-c4d6cd9c6e53.csv
1;233842.77;2019-10-30;parcelas_da78aad9-e346-4cbb-a982-b8c079f5909c.csv
1;500000;2019-06-03;parcelas_da7a77fd-5f1b-49e6-8022-0b64e13c8a05.csv
1;57117.84;2019-05-28;parcelas_da7e915f-7a53-47a0-8a77-6ff5c7e05ba3.csv
1;466624.81;2019-03-29;parcelas_da831538-fecc-4570-b8c6-dd935767c91a.csv
1;80;2019-05-13;parcelas_da84fd38-a018-48a5-8bdd-cb1a71b5547f.csv
1;128620;2019-07-01;parcelas_da8bebb8-ed1b-471d-964d-312a48c83695.csv
1;138512.29;2019-12-19;parcelas_da9d2647-f407-412d-8f1c-6b9e9db68493.csv
1;90090;2019-06-13;parcelas_da9ea4c3-fd88-4f3a-a54e-d988ff40217b.csv
1;288.42;2019-08-08;parcelas_daa36fdf-e2e6-42ef-a665-69d85ea8f9b9.csv
1;4770.8;2019-04-30;parcelas_daa9d522-e781-4ed3-a179-8f27bb932231.csv
1;66000;2019-09-26;parcelas_daab6a92-c8bf-45ec-a572-b4a0fb78b942.csv
1;1108.77;2019-06-17;parcelas_dabc2574-0677-42d2-bf89-8b59c7a0aa6d.csv
1;1439.57;2019-04-05;parcelas_dac134d3-8c99-49e0-ada4-2523c246eaf2.csv
1;6500;2019-02-28;parcelas_dac32fd7-6738-4ea2-a83f-fc92a9bef2a6.csv
1;5396;2019-09-16;parcelas_dacbb080-e3d9-461b-a54f-c298ef307721.csv
1;50;2019-03-07;parcelas_dad0f568-d89a-4ef3-9c41-f55f5953bd6a.csv
1;10040;2019-06-03;parcelas_dad0fc7c-3b9d-4b96-bf84-646af9d20f3d.csv
1;6142.35;2019-09-30;parcelas_dad264f9-fbe5-4fa3-9994-89f0b66f28de.csv
1;3117.3;2018-12-28;parcelas_dad34538-128d-4932-a57b-5c0c73c6dbc6.csv
1;7474.6;2019-04-29;parcelas_dae29167-8039-4508-a90c-20270f11223f.csv
1;165204;2019-01-31;parcelas_dae44684-5540-478e-b5c0-090abefa2bd9.csv
1;503.33;2019-07-26;parcelas_daeee552-554e-4046-ac8e-137ae568a8d7.csv
1;3907.22;2019-04-30;parcelas_daf03223-9fd3-4453-9d68-b986a9071d2a.csv
1;234.78;2019-04-02;parcelas_daf09348-f9b7-414e-94f6-c511e26f28c0.csv
1;85.96;2019-04-15;parcelas_daf3c19c-3338-4162-970c-4a0b3b88b361.csv
1;55699.83;2019-09-30;parcelas_dafd6751-ce4c-4e8c-aae8-6ae638a08cad.csv
1;10000;2019-09-16;parcelas_dafee189-9ea9-4945-9391-48ebebe9642f.csv
1;19840;2019-04-09;parcelas_db008506-fe55-4e20-9f90-01eb69c97e9f.csv
1;648.9;2019-06-14;parcelas_db02cead-f9b3-485e-adf3-f06e11411581.csv
1;45135.36;2019-05-02;parcelas_db04dcbe-a272-41d4-ae1c-49dc138220cc.csv
1;194259.78;2019-04-15;parcelas_db067d73-400a-4544-834d-55c8d19d9d55.csv
1;820.48;2019-08-23;parcelas_db137d55-76db-4fe0-a350-2c688842e0d0.csv
1;700;2019-08-30;parcelas_db139632-f60d-4b04-bcf7-e993ad5be275.csv
1;142749.02;2019-08-09;parcelas_db18f014-6330-45c9-8fbb-1b6b5805bbb4.csv
1;357181.81;2019-05-08;parcelas_db1f15f6-c08c-4b3c-83b2-3a9f60425648.csv
1;23963.65;2019-06-27;parcelas_db20b2e4-4828-4295-b881-0b277ce3e983.csv
1;65;2019-12-19;parcelas_db22c6cd-1a35-4443-b20e-0ac30ee79b1f.csv
1;2445.6;2019-01-15;parcelas_db283da7-4f6f-4fa0-81d5-f1553290a2b4.csv
1;8940.8;2019-10-18;parcelas_db2d0817-a1bf-468c-bab5-7e3653bbcbd9.csv
1;77.47;2019-03-01;parcelas_db2f6e71-30cb-4674-96bb-9f2ff31aaefe.csv
1;57;2019-06-04;parcelas_db369e91-c437-4bb2-8e16-59fe990fd6db.csv
1;209853.1;2019-08-30;parcelas_db396a11-6d21-473a-9553-78ba9bcc5273.csv
1;3972.69;2019-06-19;parcelas_db3e95fe-b0fe-4f81-92b7-4ad84b878355.csv
1;22100;2019-10-29;parcelas_db3ecb31-888c-4a9d-ab7b-e2f8a4aa2391.csv
1;3513.3;2019-04-29;parcelas_db4e0888-027a-44a4-addc-c96981bf7d46.csv
1;43329.39;2019-09-30;parcelas_db5705f2-5af4-4302-9b1d-e6be2a0b5d8b.csv
1;170.97;2019-02-25;parcelas_db57705b-c649-4854-8736-ccb936674393.csv
1;15033.2;2019-02-25;parcelas_db5c6f3d-ffe9-4f15-a11b-2b5cf152955b.csv
1;1471.9;2019-03-29;parcelas_db5fe5e7-87a8-4180-88d3-b6e91e71ca63.csv
1;250;2019-04-18;parcelas_db6208a7-143c-49e2-a7c9-8acc2088eac5.csv
1;411882.05;2019-06-28;parcelas_db630433-74ec-4aed-b388-578a0422c638.csv
1;36104.2;2019-09-26;parcelas_db634364-0f81-457a-b556-8e8d1e3565ed.csv
1;1652.08;2019-01-10;parcelas_db67e189-acb8-4bef-848b-7200a75889cb.csv
1;3553.82;2018-12-31;parcelas_db71d30e-f386-4ecb-a140-0362cc5adade.csv
1;2529.62;2019-06-27;parcelas_db752e5a-ff45-4397-85a9-148e24b5af2f.csv
1;10639;2019-04-09;parcelas_db760eed-18ff-4582-ac38-9e9f25594a05.csv
1;35583.14;2019-04-30;parcelas_db771faa-faa5-4145-8599-f611d0d33ec0.csv
1;514.5;2019-05-13;parcelas_db7792de-491d-4521-a663-b318cb279c38.csv
1;2686.53;2019-09-25;parcelas_db77dfec-cbd2-45ac-b20f-875ab445f4df.csv
1;1178.6;2019-12-11;parcelas_db7c796d-785f-48ce-9598-90083e0621d2.csv
1;15670.33;2019-03-25;parcelas_db7cf41b-72b6-4807-a619-e6f2f9400b52.csv
1;281.38;2019-03-12;parcelas_db8020fa-8e99-4f11-a18d-c15c96059b60.csv
1;100000;2019-10-25;parcelas_db89dcdc-9825-462d-9a77-6ac675221a6a.csv
1;1925;2019-10-30;parcelas_db89e051-d1c6-4c3b-bc21-b4e46b7f17e5.csv
1;92400;2019-01-02;parcelas_db8c058a-018c-4ea0-b209-ec03b3ae6c60.csv
1;371.26;2019-01-18;parcelas_db911cf3-0f29-4f8d-87f5-72ca5c355bd3.csv
1;332000;2019-10-16;parcelas_db9345df-8bee-47ce-bdcd-7efa596a09be.csv
1;2400;2019-08-14;parcelas_db934f5c-1127-427a-9c12-294054a9e2ea.csv
1;341.94;2019-12-17;parcelas_db9ac5df-8779-421f-8365-9fcdf9af4b06.csv
1;643.88;2019-11-25;parcelas_db9c3b57-c83d-4fc9-9bd3-34548ac841a4.csv
1;908.32;2019-06-19;parcelas_db9cc10a-fb3d-4d61-a4d9-a2c08db17ce3.csv
1;2537.5;2019-12-19;parcelas_db9daf81-2fa8-4ba4-b333-5471b8478578.csv
1;139114.19;2019-06-27;parcelas_db9e5295-9263-46ba-afc3-097a0c1234ba.csv
1;69955.4;2019-07-01;parcelas_db9fe7f6-7b3e-4031-a18b-c2636a6a23a8.csv
1;26385.12;2019-03-06;parcelas_dba315ea-58b3-4df0-8cde-7dca5abc3f1a.csv
1;58.7;2019-01-21;parcelas_dba6e265-1579-46aa-8266-e7f05b1cd7d9.csv
1;163.03;2019-07-09;parcelas_dba7e626-f7e2-4418-90d8-59bdca8519e3.csv
1;6980;2019-07-10;parcelas_dbb02bdf-fd50-4e74-abf7-589a39a1c1a5.csv
1;340.24;2019-10-31;parcelas_dbb3de1c-b85b-4c3f-9401-aed739b2df31.csv
1;174920.2;2019-01-02;parcelas_dbb7b74e-d54a-4a48-8381-bb4efcdb6f07.csv
1;1663.47;2019-09-30;parcelas_dbb8133d-122b-48ff-9429-a46c7e48434d.csv
1;1560.2;2019-01-08;parcelas_dbb9971c-3e0e-4cd4-8728-d7bfe5f28165.csv
1;810.76;2019-02-28;parcelas_dbbb464e-3f35-4954-b1a9-bbe3a708d0b0.csv
1;270000;2019-04-29;parcelas_dbbded61-61c8-41f5-a741-32245cbe5b2c.csv
1;38129.57;2019-10-31;parcelas_dbc0b8f5-8ca6-460c-8a94-ca42ac502f13.csv
1;1482;2019-05-14;parcelas_dbc1dde5-25ca-4ef0-9403-4e634fa0225b.csv
1;27506.5;2019-01-31;parcelas_dbc4166f-6d43-4fc5-98a0-5e2f710665a8.csv
1;47229.57;2019-10-30;parcelas_dbc5e340-8cb9-42c1-ae69-f28541fd7f59.csv
1;120.12;2019-10-21;parcelas_dbc9161b-78ed-44e7-901d-ad4bf5ced185.csv
1;11431;2019-02-25;parcelas_dbcbc963-ceb5-41d3-86ea-fda872af9a39.csv
1;740;2019-07-03;parcelas_dbcf68a8-aa04-4001-bcb6-71ec7d5fbf71.csv
1;4808.18;2019-02-28;parcelas_dbd5b49c-6500-440b-ad3d-ccf2f598dd93.csv
1;516.25;2019-09-30;parcelas_dbdd6b25-ee5d-4eff-97fc-7a8b9538b573.csv
1;90387;2019-10-31;parcelas_dbdea10c-1f33-4865-a361-d1c997b09e9a.csv
1;5268.39;2019-05-28;parcelas_dbdfd169-bc6e-4b56-b610-00d672548f98.csv
1;4297.54;2019-06-27;parcelas_dbe66ba2-0972-4eaf-92ca-eb74c9b1c56c.csv
1;4233.5;2019-05-28;parcelas_dbe90156-ba58-4327-8613-fc8f4fafe6af.csv
1;5526;2019-07-17;parcelas_dbecdcdd-c30f-4d67-bd9d-1e74901a53bd.csv
1;160000;2019-01-02;parcelas_dbf51123-f061-4410-bcc1-7eaa973b083b.csv
1;371.78;2019-07-01;parcelas_dbf6cca7-aced-4ad0-9363-ac9ff06b5fb9.csv
1;5111.1;2019-01-07;parcelas_dbfa1860-58fa-455c-a7e2-cb4030625e4b.csv
1;6397.88;2019-09-17;parcelas_dc0624bc-942d-43c5-a85f-0e27c07caf38.csv
1;320.6;2019-06-17;parcelas_dc07af53-8378-4341-90ce-daf3c3975e2c.csv
1;358.05;2019-02-11;parcelas_dc08bfd2-9d15-47b2-92e0-d529110ac9e5.csv
1;2400;2019-08-27;parcelas_dc096fda-a08f-4ab3-ba5e-118e3088f3bb.csv
1;130.2;2019-02-11;parcelas_dc109f97-556c-4b1a-bd3d-8eaca397d63a.csv
1;147200;2018-12-31;parcelas_dc12efa5-4c8d-4980-87ae-b9c9949bb32d.csv
1;39169.15;2019-01-25;parcelas_dc14c055-8b61-403f-82a4-df2db3221741.csv
1;2782.1;2019-06-28;parcelas_dc14f9ff-d357-461e-8d53-a68c5973120b.csv
1;44131.45;2019-10-14;parcelas_dc1e3a45-d9ad-48c9-94df-6f80d6323119.csv
1;136.32;2019-07-12;parcelas_dc2589a7-14b3-4646-a01c-a2c2020b4f3d.csv
1;8636.25;2019-10-29;parcelas_dc25a573-cf29-481f-8d02-a7a2f0d9a0c9.csv
1;180.22;2019-03-22;parcelas_dc349e01-0b24-4e33-9c04-1cc84be1e7f8.csv
1;2970;2019-09-13;parcelas_dc36cf19-dacb-4bc4-be9b-f0f739c36490.csv
1;849709.55;2019-06-27;parcelas_dc44cccf-5cfe-4f96-a552-162ddf7d8f5d.csv
1;24381.01;2019-11-27;parcelas_dc45dead-dd7d-4332-896f-3523b492b9b2.csv
1;11760.5;2019-08-12;parcelas_dc46da8c-d4d1-4155-99f7-fb6be899b216.csv
1;930.2;2019-03-06;parcelas_dc4d4596-628d-4301-9692-5cee56b227b8.csv
1;2360.16;2019-10-21;parcelas_dc4eef8c-6cfd-4a6c-8aeb-cc431c16f40c.csv
1;211756.79;2019-05-08;parcelas_dc5b2b3b-edb2-4566-aca5-3e1a16985572.csv
1;195.01;2019-09-26;parcelas_dc5c3977-d288-4d41-98ba-385591b7ec16.csv
1;584035;2019-06-27;parcelas_dc644be5-6165-4791-a995-f0ae345a9202.csv
1;1803.33;2019-04-17;parcelas_dc657513-1101-484d-ab0a-be4b9eff19b5.csv
1;1627.23;2019-07-31;parcelas_dc6e09c9-1680-48ce-924d-55bd94791af1.csv
1;2733.5;2019-07-15;parcelas_dc701fae-32d3-496e-9351-64a13a0ded41.csv
1;224;2019-02-11;parcelas_dc724502-3c7a-4115-a637-61c103349a38.csv
1;4108;2019-02-11;parcelas_dc734335-141e-40f0-8ff7-31f148baa4f6.csv
1;2608.97;2019-09-25;parcelas_dc735dcf-1034-462a-8f1a-2f00e2b23f43.csv
1;25742.31;2019-09-23;parcelas_dc741bf2-b0e4-4cdb-b1e0-503102b948c9.csv
1;2318.5;2019-07-05;parcelas_dc765ac3-d007-4839-b34a-d2a842956f1d.csv
1;1219.59;2019-09-02;parcelas_dc7725f7-60ef-4cf5-94cb-7770d74a25ec.csv
1;11051.1;2019-10-21;parcelas_dc7a8eca-4735-40c3-bb37-fb6f2a73a003.csv
1;1640;2019-06-10;parcelas_dc864c9f-9232-4d55-a264-d252fce5c532.csv
1;2383.18;2019-02-28;parcelas_dc8760bf-9679-403e-a076-2ce31d27749a.csv
1;4921.5;2018-12-31;parcelas_dc8f2965-73df-4fe2-a719-1b893847d43c.csv
1;319198.73;2019-07-31;parcelas_dc91a3ba-6791-4fed-8cbb-0d13f6f7afb2.csv
1;412.1;2019-07-15;parcelas_dc926300-12f5-4788-acfa-a5bce4ed2a77.csv
1;3100;2019-09-02;parcelas_dc94531a-fe08-45dc-adcf-7604885fc0b9.csv
1;3502288.75;2019-12-19;parcelas_dca02287-31a7-4fcc-acd9-84bbb4c8ab07.csv
1;40414.17;2019-04-04;parcelas_dca8491c-4ec6-419e-9287-c55ad05b7f1c.csv
1;26858.02;2019-09-30;parcelas_dcb6c6f5-52f5-4361-84e7-b1a843204d35.csv
1;42000;2019-01-31;parcelas_dcb9767c-b95e-4dec-919a-2898d88c4da8.csv
1;30175.07;2019-01-28;parcelas_dcbbd003-1364-499c-9647-471e2eb1687a.csv
1;9645.3;2019-05-16;parcelas_dcc8e12d-e876-4b1d-b6f4-0508abbf3726.csv
1;1208.19;2019-08-30;parcelas_dcc9a9f6-3e69-44ab-99be-5584e0237d85.csv
1;5000;2019-05-02;parcelas_dcc9ac06-2040-425b-82e5-6c783fa5f94d.csv
1;23139.94;2019-08-30;parcelas_dcd33a8b-0111-44a4-a9eb-4320512a88d3.csv
1;85467.98;2019-02-21;parcelas_dcd36b35-35ed-4fb5-a6c3-402b737a9fbb.csv
1;12536.08;2019-07-04;parcelas_dce38602-3048-4b6b-9d85-b85541fbc486.csv
1;29383.76;2016-11-30;parcelas_dcf22775-0803-4f37-b5f3-f3d37fce34b6.csv
1;350;2019-01-31;parcelas_dcf98d1e-6454-4a90-b047-d65191d01ce2.csv
1;14640;2019-01-10;parcelas_dcfc12a2-932d-46ab-ac8d-0f7cc370a796.csv
1;85.96;2019-11-18;parcelas_dcfd2eab-c3e0-4e68-80cb-0b4bbfd02473.csv
1;65;2019-01-29;parcelas_dcfedb35-5271-4739-b8a9-c20697339acf.csv
1;2537.5;2019-11-28;parcelas_dd0aa86f-c4a7-4639-a6f0-aa55eb8da9ca.csv
1;42353.5;2019-01-02;parcelas_dd0ce9bb-3760-4790-92b2-3b02998cb1af.csv
1;393;2019-12-13;parcelas_dd0f5fdc-fcea-4b2f-9fc1-7c8bac32010f.csv
1;20000;2019-01-17;parcelas_dd1a0558-b556-4294-b0eb-6f9788700948.csv
1;45358.94;2019-08-30;parcelas_dd2e0d7d-3d21-4d27-85a9-c695d60c934b.csv
1;101047.47;2019-08-30;parcelas_dd2f2898-20fb-4a64-93e1-702104085bad.csv
1;9952.8;2019-10-31;parcelas_dd369efe-7de6-49b2-a2d3-ad102087a7e2.csv
1;208;2019-01-31;parcelas_dd3a1854-b19c-492f-8040-797057e2aeef.csv
1;720.38;2019-05-30;parcelas_dd40526b-c138-490c-992c-416f2e01c8f8.csv
1;1786.09;2019-03-29;parcelas_dd4093fc-3fd0-4758-b43a-e3309c9ac554.csv
1;38.41;2019-07-26;parcelas_dd42ab33-9376-4ec6-b215-2978cb18005c.csv
1;491359.8;2016-07-29;parcelas_dd4b2f56-fce7-4367-a68f-b569572be474.csv
1;1676.99;2019-11-14;parcelas_dd5893ae-55e5-4294-8de5-4725111db395.csv
1;318.74;2019-08-08;parcelas_dd5eb35b-357c-427c-921e-10d6b484c412.csv
1;1167;2019-07-26;parcelas_dd68ed50-bf33-427e-a8aa-6c258ce383a3.csv
1;96.15;2019-01-10;parcelas_dd6ae8d9-0080-44b8-b8d9-6dfb3291a985.csv
1;3127.9;2019-03-20;parcelas_dd7c8162-3fbb-4767-9145-4e2c8ee19f68.csv
1;817.4;2019-10-28;parcelas_dd8603c4-39ed-4260-aa7c-ce2aa10c443a.csv
1;24726.6;2019-02-14;parcelas_dd8e4b1b-ca23-4f68-a5a6-670476c6cafd.csv
1;100;2019-03-18;parcelas_dd92fb9b-599e-4689-ad4c-5534a9a83c04.csv
1;1913.33;2019-08-30;parcelas_dd94587d-01c8-419e-8008-97e0f6056165.csv
1;6317.16;2019-04-12;parcelas_dd982b03-1145-4568-ac35-2e5356fc98e1.csv
1;9842.94;2019-01-02;parcelas_ddb97aaa-c472-41cf-8778-3531da5f210f.csv
1;20025.34;2019-03-22;parcelas_ddc09c75-fbfc-4aec-b32f-43922f0c70fe.csv
1;2867.08;2019-06-27;parcelas_ddd61e43-d2e7-4774-ba1e-db12a6f48897.csv
1;8379.06;2019-11-25;parcelas_ddd72299-6371-4bcf-94e7-0aa3ffa1d1fd.csv
1;8593.14;2019-06-26;parcelas_dde4bd87-6c54-48b4-946d-b328c55861cd.csv
1;2645.52;2019-07-30;parcelas_dde5846d-afbc-4190-b88b-052f75b0ffae.csv
1;5613.49;2019-06-27;parcelas_dde7a2d6-8844-4423-a9e8-af06c30ce46a.csv
1;10000;2019-10-23;parcelas_ddf63d6b-d741-496f-aa43-8436fa36475a.csv
1;3930.11;2019-02-28;parcelas_ddf69955-1da6-4df0-97bf-b2535ea1d5e5.csv
1;85.96;2019-04-03;parcelas_ddfe0aba-554f-464e-af0b-2f52065f8786.csv
1;49904.5;2019-09-30;parcelas_de0092c0-7b56-43ee-85a6-9876ce9268bc.csv
1;380764;2019-05-09;parcelas_de0413ea-fce2-4bbd-aace-524c5ad0151a.csv
1;623.77;2019-09-09;parcelas_de04acc0-4edb-4fb9-8027-d29a384e394c.csv
1;26.33;2019-04-22;parcelas_de11c272-7803-4406-9b5c-790703331cab.csv
1;9572.06;2019-01-28;parcelas_de15ff5c-eb50-44e9-b5f5-88af125c0ee5.csv
1;3350;2019-10-11;parcelas_de17e137-6a96-4f0d-9d48-0ba142850581.csv
1;2952.53;2019-09-30;parcelas_de201efb-58e9-4705-84d2-c70692eb4026.csv
1;403.53;2019-07-31;parcelas_de205c11-3e72-416f-a939-b69d207bc6d7.csv
1;253.1;2019-07-25;parcelas_de2e6521-9faa-47f7-8b36-0eca0b951b81.csv
1;14000;2019-10-11;parcelas_de3087f5-382d-4417-bb51-019249ab6879.csv
1;7448.54;2019-03-20;parcelas_de3ece0f-3665-4ebd-bad3-e1f70d00f9f4.csv
1;775;2019-03-08;parcelas_de460de1-f8e3-4975-bbe1-a867a96c9bb4.csv
1;2162.32;2019-11-29;parcelas_de463e8e-0206-4352-b182-5c49652a2794.csv
1;365.39;2019-09-03;parcelas_de466f3e-fffa-4c80-95e2-5f915758dd4b.csv
1;544800;2019-09-06;parcelas_de496ffc-a05c-42d8-8719-f3a923463d15.csv
1;2268.75;2019-02-05;parcelas_de4d52f1-a60e-4f1b-8b71-3c671ff2b96e.csv
1;239.37;2019-09-09;parcelas_de4ec0bd-0966-4675-9505-128c95f540f9.csv
1;3600;2019-08-06;parcelas_de512fe2-f291-4dd1-ba1b-c2975364e095.csv
1;336;2019-02-14;parcelas_de56954c-6d00-4915-ad20-05a929d9f211.csv
1;11630;2019-02-13;parcelas_de5ca075-7d4b-4cdb-95ad-d07f75baade7.csv
1;2345.68;2019-02-28;parcelas_de5ec35e-3c7d-4397-b85e-7d70bdac1bb4.csv
1;9492.27;2019-06-04;parcelas_de64c519-6433-4220-b2d9-1b72b73a92a1.csv
1;41697.37;2019-04-30;parcelas_de6765f7-5d08-48f0-bd5f-a9254476ad17.csv
1;79.79;2019-01-14;parcelas_de77df69-1d09-434e-ac02-56f9746c79cc.csv
1;39718.93;2019-02-28;parcelas_de7a06ad-a3f4-4d6d-a383-5c5a8416d351.csv
1;26250;2019-10-30;parcelas_de7fbec6-8947-4b3c-95f2-810b9c08db33.csv
1;2460;2019-01-22;parcelas_de8ce0e9-170d-4ea0-a26a-240636a4b8ed.csv
1;800;2019-04-18;parcelas_de91a5b5-b8d4-4647-aad8-3051617262ce.csv
1;503623.28;2019-03-29;parcelas_de93a15c-5244-4966-b68a-6c13bc25775a.csv
1;7760;2019-03-12;parcelas_de9b51d7-f7b5-40a8-80e4-76bbbdf7281f.csv
1;4605.36;2018-12-28;parcelas_dea01275-6e05-49c9-9014-63b9c97be91a.csv
1;365;2019-07-01;parcelas_dea195f3-6190-41c7-8490-8f6bf3a012ae.csv
1;3535.31;2019-03-29;parcelas_deac5dbc-c28a-4ed0-9b4c-7e32e459b463.csv
1;497.58;2019-03-20;parcelas_deae62b9-a7ea-47f6-9ef7-5c0728be31de.csv
1;598.44;2019-10-24;parcelas_deba47d6-95fe-44cd-a0f3-e5abb69f296f.csv
1;17223.75;2019-11-18;parcelas_debc58cd-e20e-4c2b-8c81-c9fb2c9d5e0e.csv
1;3100;2019-04-10;parcelas_dec317e4-d97f-4204-9d6b-3a8747db8f92.csv
1;823242.09;2019-07-18;parcelas_dec380ed-8490-4526-b57a-dfef9f464b6b.csv
1;5882;2019-09-19;parcelas_dec518b6-edaa-443b-9742-b6378ff0f360.csv
1;139800;2019-08-20;parcelas_dec5f65e-8a73-4483-9eb2-df52da7681e6.csv
1;10516;2019-04-09;parcelas_deca8588-902f-4936-b388-54671212c4ed.csv
1;195.01;2019-05-28;parcelas_deccd279-8e1e-47b1-bb69-dbf5d0d4787f.csv
1;28379.08;2019-07-31;parcelas_ded3b966-8bba-4129-a9a1-285d85039fbe.csv
1;18398.58;2019-12-02;parcelas_ded77bfe-4ed4-4385-a29b-441f47561de3.csv
1;346567.92;2019-04-17;parcelas_ded8f206-cfe4-48da-b39b-fcb4ed48770c.csv
1;26250;2019-03-29;parcelas_deda95ed-257f-4d06-94de-1f8f932d2e2f.csv
1;4473;2019-10-22;parcelas_dedc601a-d44f-46d9-8f68-8c1fb3d61637.csv
1;66.66;2019-10-17;parcelas_deddb138-4577-4a87-9206-4db24022f4e1.csv
1;773;2019-02-11;parcelas_def0c31c-f2a6-406c-a3ae-3b1bfbe8691a.csv
1;8751.22;2019-04-08;parcelas_def11a61-e5f0-4ca0-aad5-d7f8c022057a.csv
1;42;2019-07-04;parcelas_def35dc6-82a2-4885-8155-59bfa4e5a6d3.csv
1;44710.11;2019-04-01;parcelas_def3f7e0-b714-4845-a041-cc05585d7d18.csv
1;6000;2019-12-26;parcelas_def7c3da-3385-42d3-bd81-d5811f47fcc9.csv
1;109037;2019-06-03;parcelas_defbbd5e-6caa-43f2-a9c7-a70045e62929.csv
1;10712.78;2019-09-30;parcelas_defbf76b-4ea0-4817-9b7b-079078b97abd.csv
1;289226.46;2019-10-30;parcelas_defd9cd7-2d3f-49a5-b561-03575a88257d.csv
1;13200;2019-02-28;parcelas_defdcd4d-cb29-42e3-b8e0-45f34b43038e.csv
1;150;2019-08-14;parcelas_df08bfb0-45a6-41aa-9354-e678ed0a6946.csv
1;20925;2019-12-05;parcelas_df232c12-a63e-4f98-b8a4-d22e403127e3.csv
1;35433.83;2019-07-04;parcelas_df264013-3554-4d50-ae36-ab2b89801144.csv
1;59076.09;2019-07-31;parcelas_df2ef574-3a9f-46e8-93db-6a020dbba14f.csv
1;13678.14;2019-03-29;parcelas_df397b44-5f30-455f-822d-b2a4464bf006.csv
1;3609.35;2019-09-25;parcelas_df43bc96-1f59-4858-ad47-0995daa38eaf.csv
1;2970.34;2019-05-28;parcelas_df458098-9cb6-4be9-8bd7-f60f607a2196.csv
1;30.97;2019-12-31;parcelas_df45945e-d68a-46a1-b407-2ef3fd45dd04.csv
1;4.67;2019-05-08;parcelas_df46ce53-541e-403b-96fa-c6a1b9854fda.csv
1;965547.14;2018-01-19;parcelas_df54584d-1ba9-4475-a8e3-716a971e06ae.csv
1;3312.65;2019-04-30;parcelas_df5c7f1a-1df7-416e-a775-f87f0a0ef505.csv
1;1379.01;2019-12-09;parcelas_df629346-c8c2-4e9b-b659-28274e539388.csv
1;560;2019-06-03;parcelas_df6cf32f-6378-4734-aa8c-cd16e767c932.csv
1;1350;2019-09-17;parcelas_df6f6df5-4b88-4d63-a67c-d45d274b1f75.csv
1;7562;2019-06-11;parcelas_df711319-ff28-4a82-83ea-38c6b4bb9169.csv
1;79.79;2019-04-02;parcelas_df7584bb-eccc-4dfd-a043-d7abac299e97.csv
1;62989.8;2019-09-30;parcelas_df75cdc0-e321-45a5-a100-0ce509da665a.csv
1;32988.15;2019-09-26;parcelas_df79e0ac-c6e2-4970-9359-26071aabc3d8.csv
1;66762.28;2019-01-02;parcelas_df8627b1-3879-47b3-96eb-a0e6b2df9ed2.csv
1;117357.36;2019-07-31;parcelas_df8746a7-b568-46b7-baa7-f1e765f84d6b.csv
1;633.68;2019-07-12;parcelas_df8fd870-c44c-4b96-b0f7-6e4b59f1bcd7.csv
1;850;2019-02-04;parcelas_df95d03a-1d50-4322-abb7-87789088fdba.csv
1;16550;2019-11-25;parcelas_df9d2faf-4232-4424-9969-054fbec61f1e.csv
1;7000;2019-03-21;parcelas_dfb5d2d4-a10e-42d1-a0b1-4e54b9103db1.csv
1;18900;2019-09-02;parcelas_dfb76a08-19d3-42f1-af33-19c0452dc92e.csv
1;557.48;2019-04-15;parcelas_dfbb9c84-1ed1-4b1d-81b8-d1cfa434e6c3.csv
1;55141.8;2019-07-31;parcelas_dfbedd05-7082-4dde-8576-c4e57b18e2d8.csv
1;455.93;2019-12-09;parcelas_dfc4cf45-7e6a-4674-b30f-4312dc50b795.csv
1;12663.42;2019-02-21;parcelas_dfc8edcc-7737-438a-8bcc-a6df6bc849e8.csv
1;94.24;2019-09-17;parcelas_dfcd2253-37ad-4a16-b913-f75b2ed680ff.csv
1;9629.57;2019-10-29;parcelas_dfce99a0-8c7b-4117-ba35-bf57f5c742d5.csv
1;14640;2019-02-11;parcelas_dfd269e7-edd2-4e21-a8b7-54f184956ac2.csv
1;8940;2019-05-10;parcelas_dfd3ebcb-e774-437a-a32b-9ae7e9945d3e.csv
1;27515.2;2019-01-02;parcelas_dfd6d8d8-5a28-416c-b5b9-e0bf8e41502d.csv
1;188.3;2019-12-10;parcelas_dfd7aa75-8563-4f5f-8127-c2c4fc4fa8ee.csv
1;56405.39;2019-09-30;parcelas_dfde5ef4-e6a7-441d-9fac-ee506501cddc.csv
1;219.75;2019-02-25;parcelas_dfe5ad26-fc02-4624-a6d3-b419bf97edfc.csv
1;2312.98;2019-05-28;parcelas_dfe9a35e-6859-4335-b119-c27502d0c2ce.csv
1;40248;2019-01-02;parcelas_dffcad0a-eae2-40c4-bb59-ee86de0514cb.csv
1;668777.08;2019-06-19;parcelas_dfff5e41-ebf1-41d0-a0b4-9457eac00ef2.csv
1;38078.51;2019-12-19;parcelas_e000d679-4e4b-42af-8945-ecfced18f838.csv
1;11484;2019-10-04;parcelas_e0025a6c-4ff0-43e2-bb2e-77b039b2f5a3.csv
1;8580;2019-06-17;parcelas_e002df61-912a-45c7-b5e8-ea32364e5322.csv
1;79.79;2019-02-08;parcelas_e0057a46-d0c9-403c-b386-0cfc1a92818b.csv
1;6067.7;2019-06-03;parcelas_e00872b7-eb93-4d26-a797-baed41ef53b6.csv
1;3746.01;2019-08-27;parcelas_e00a7265-3de5-4d92-be3e-3e999a102490.csv
1;976.9;2019-01-31;parcelas_e00d5989-250b-4d32-882c-8d20482b16bf.csv
1;7960.78;2019-05-28;parcelas_e00e2382-c0a0-46b0-afb9-2916d2e2f328.csv
1;102750;2019-05-28;parcelas_e00f3806-d9fc-4b42-96ec-e254e826346f.csv
1;1060688.06;2018-06-20;parcelas_e0108fb3-4f8b-434f-941f-5a19b3fb0f45.csv
1;88.77;2019-08-13;parcelas_e015cb2e-e48e-4f2f-9f0e-76c41b4e1da0.csv
1;512.91;2019-08-12;parcelas_e016c7e4-dd2e-4368-b580-42b99b62bdbd.csv
1;174.4;2019-11-11;parcelas_e0196533-d9e8-4da2-aae6-a6368bac498f.csv
1;288681.45;2019-04-30;parcelas_e01e61f7-e208-4e62-a4e3-18195a998feb.csv
1;958.28;2019-01-02;parcelas_e01f90f5-8598-4ec0-8b57-47455ee28e6a.csv
1;4893.7;2019-01-14;parcelas_e026a76d-a4c1-4ab7-b1a3-e4a71695af6d.csv
1;323156.59;2016-09-30;parcelas_e0304223-8617-4d6e-868b-2d1c07c61508.csv
1;46500.89;2019-12-31;parcelas_e033d898-428b-4f39-b46e-d6414bb662e8.csv
1;3678.28;2019-12-31;parcelas_e033e6bb-22f5-4877-8b12-19e25fb2b699.csv
1;1800;2019-01-11;parcelas_e03cb2f2-f442-462c-8ab4-bf1e785fdc8d.csv
1;1986.57;2019-03-22;parcelas_e040b48d-668d-4dc2-a246-482923448af0.csv
1;23349;2019-11-22;parcelas_e040fc52-32fd-4ff1-877c-a9d0a3c93cce.csv
1;8226.9;2019-08-15;parcelas_e044ace2-e8e7-4818-b5a6-40481e02e2f8.csv
1;706.31;2019-01-31;parcelas_e0531284-1eea-452f-bca7-9bcb235f849a.csv
1;1294.61;2019-02-25;parcelas_e05848d2-acb9-4e66-9c76-c244e4eabbce.csv
1;1612.08;2019-04-30;parcelas_e05848db-b3c9-4f2f-8b8e-cd5576164a49.csv
1;1960;2019-03-12;parcelas_e05c4b2e-3634-42b4-8b98-a0f1d36ec95c.csv
1;6588;2019-11-13;parcelas_e064696e-5a8f-435e-8462-d1863c14e80b.csv
1;216064.5;2019-03-18;parcelas_e064bf1f-40d7-4dc6-b202-77d2ce957e30.csv
1;5270.89;2019-04-30;parcelas_e0819fc6-6bd4-405c-8655-367872098792.csv
1;115344.51;2019-06-19;parcelas_e086aba5-2139-434f-a788-a0d15af14fe2.csv
1;1527.75;2019-11-13;parcelas_e08c63e5-7da9-45cd-951b-6a3d78035785.csv
1;2075.84;2019-03-29;parcelas_e08ffa80-300d-4a92-b868-d723a1058f82.csv
1;92.88;2019-01-31;parcelas_e094278c-dab5-43bf-8372-4d120eb2c78c.csv
1;1956;2019-11-25;parcelas_e095e0ec-206e-42e4-bf81-aead5213233c.csv
1;38142.7;2019-08-30;parcelas_e09846cb-b965-4ce2-9c2c-166c3657b60b.csv
1;78179.4;2019-11-18;parcelas_e09eaf8a-0115-4ec9-8084-cca9390e1dbb.csv
1;2678.03;2019-06-28;parcelas_e09f5a23-2997-42f6-95a7-cf764acf7e34.csv
1;156.19;2019-07-01;parcelas_e0a24a6c-0a21-4763-984f-284497946440.csv
1;3666.25;2019-10-30;parcelas_e0a6b394-72f0-40a6-8892-97146f71f7a1.csv
1;444.82;2019-09-30;parcelas_e0b26c79-bb07-47a9-ac46-8dfd205d124f.csv
1;8145.43;2018-09-28;parcelas_e0b778f2-2480-468d-a62f-3987986a63ec.csv
1;32964.34;2019-06-27;parcelas_e0bc069e-a24f-4fea-ba0a-6d68e0db2d3f.csv
1;16900;2019-01-31;parcelas_e0be9657-62be-420a-aa97-2eae4f491da2.csv
1;14200;2019-02-05;parcelas_e0bf2707-c425-4608-a187-39574984ec30.csv
1;71318.01;2019-10-04;parcelas_e0c21b27-5a53-4b45-83c6-279053da40cc.csv
1;22454;2019-02-26;parcelas_e0c85235-140e-4b91-b78c-decf1e0d2612.csv
1;12303.64;2019-01-02;parcelas_e0d19f90-dffc-483e-8aec-dcb504199d16.csv
1;1318.36;2019-05-22;parcelas_e0d3d2f2-05ec-468f-9b3b-edfe3d5178ef.csv
1;15079.51;2019-12-19;parcelas_e0d8764f-d931-45e9-af27-ce3e851f88d8.csv
1;7600.26;2019-01-10;parcelas_e0e128c5-8054-4f99-9811-3879b306db09.csv
1;310.53;2019-09-16;parcelas_e0e32d7c-584b-4488-b4b1-d7db2945abe0.csv
1;100.87;2019-04-08;parcelas_e0eb83ec-942e-42c5-a47c-c1981264c822.csv
1;170.97;2019-08-29;parcelas_e0ee2769-b475-46c6-a500-7ca097b61c81.csv
1;743201.37;2019-06-28;parcelas_e0f218d9-77b0-4ae5-9bb3-3cd3d49fd17f.csv
1;244238.71;2019-10-01;parcelas_e0f63f20-1bf0-49ae-b0bc-e36e2c3d4079.csv
1;276.67;2019-10-24;parcelas_e0fab141-6c11-4a36-9b68-a4ad72403512.csv
1;93191.07;2019-06-27;parcelas_e0fe197f-9f59-4899-94dd-8d24140eab18.csv
1;3794;2019-04-29;parcelas_e10b66f9-92ca-4654-aa70-e81dfa43f521.csv
1;8372.22;2019-05-15;parcelas_e10ef240-0163-4f49-92e3-0e45bccc0b9f.csv
1;64861.58;2019-09-25;parcelas_e11407d9-f51a-4e05-9402-c8929dd2ee94.csv
1;174.92;2019-12-10;parcelas_e11bb851-9ea2-461c-9944-a7c9eac369d0.csv
1;1642;2019-10-16;parcelas_e126479b-0d95-4843-a76d-425a0843d049.csv
1;650000;2019-07-26;parcelas_e12997e8-eee1-497b-bd27-4bd6bbc1270e.csv
1;5154.15;2013-02-20;parcelas_e12c4d45-345f-40ce-9a75-c6ccbcc9c379.csv
1;306.46;2013-02-28;parcelas_e12c4d45-345f-40ce-9a75-c6ccbcc9c379.csv
1;85.96;2019-03-11;parcelas_e12dbe22-6616-43ac-ae84-ea76baf23335.csv
1;2934.6;2019-12-09;parcelas_e1312429-1dda-4c37-8e27-e11061383ce7.csv
1;4246.9;2019-06-27;parcelas_e13c3a58-d7b3-4807-a693-805e8b147293.csv
1;66.67;2019-10-10;parcelas_e13f892e-58d8-44de-980b-c2fbbe29bdad.csv
1;6500;2019-03-01;parcelas_e142bac5-7cb4-4dd9-b395-b868266495c0.csv
1;19;2018-12-31;parcelas_e145739c-b7e5-480b-a54e-056e4b6c06fd.csv
1;66.5;2018-12-31;parcelas_e145739c-b7e5-480b-a54e-056e4b6c06fd.csv
1;410.4;2019-09-05;parcelas_e14a3969-2738-4eba-a41d-eb6478c1adb3.csv
1;178.1;2019-04-09;parcelas_e14e42fe-06f7-4b70-9d5e-2179729f9923.csv
1;2398.5;2019-10-21;parcelas_e153f3da-5a08-4ce0-bfe0-d7fe03e83933.csv
1;855;2019-07-12;parcelas_e15a3538-5fab-4723-a282-a7dace1cd1e1.csv
1;6109.56;2019-09-24;parcelas_e15e94c4-a669-4009-a3f5-83ae6318b11d.csv
1;969.77;2019-03-29;parcelas_e170dbf8-01b2-4dba-b4de-e98977088bf4.csv
1;170.97;2019-07-24;parcelas_e17536df-1ffe-42d6-8579-30447d0522ce.csv
1;259;2019-02-11;parcelas_e1767dd7-afc9-4758-832d-726623367b77.csv
1;608.2;2019-11-04;parcelas_e17730aa-6b19-4150-89e2-b7f22e38a681.csv
1;130167.84;2019-01-02;parcelas_e1776e2b-9975-48e5-afc1-09222762c3dc.csv
1;4158;2019-01-17;parcelas_e17803ff-f28c-4e1e-9d4b-f3417af30d6e.csv
1;720;2019-07-23;parcelas_e178a11f-9a39-40bf-a81c-d7321d525c2b.csv
1;5817.62;2019-05-31;parcelas_e183fc59-8433-42c7-b35f-9d22fdd661bd.csv
1;2747.61;2019-03-29;parcelas_e1852edc-d11f-4f40-bf23-4e2b1b8d94f2.csv
1;491359.8;2016-02-29;parcelas_e188d5cd-4b69-4e71-8c08-19e255964a9b.csv
1;200000;2019-05-21;parcelas_e188d5ec-3b9e-43ff-9eb1-b505aba28a2b.csv
1;1830.3;2019-05-21;parcelas_e18fdfd4-ff3e-4df8-a2d8-88bebd09b10f.csv
1;5000;2019-05-21;parcelas_e1912daf-8bdf-4998-8269-81d7651b1205.csv
1;240;2019-03-14;parcelas_e19302f1-9ea0-41b4-b72f-0b73caf29b8e.csv
1;238800;2019-07-10;parcelas_e19745ed-c4fe-4c4b-ae7a-7c24e83085f0.csv
1;66.26;2019-03-29;parcelas_e1995d19-f071-4b17-bbdf-1107e1cde193.csv
1;52280;2019-04-04;parcelas_e19e33af-77ee-4a0d-816d-38f8f15327e3.csv
1;233842.77;2019-09-30;parcelas_e1a13f58-57d7-41f4-9258-2e0b6c5e4afc.csv
1;5844.72;2019-06-27;parcelas_e1a3c8f4-465c-4526-8d27-cc682a797e97.csv
1;13455.75;2019-08-15;parcelas_e1a94916-fa32-48be-888e-12b3197689c7.csv
1;933.27;2019-11-29;parcelas_e1acfc8e-4406-42e2-9a00-ce5d47ba5bef.csv
1;62500.26;2019-10-31;parcelas_e1adcb22-84c8-4f66-91f9-c55b959cf0e5.csv
1;455.92;2019-08-27;parcelas_e1ae7d61-a8b7-4f01-b9b0-49a1fecb111c.csv
1;8798.94;2019-05-31;parcelas_e1c67378-2799-44f1-933f-281e59fe42a7.csv
1;3910;2019-03-14;parcelas_e1cd5b0f-9064-4ad6-89c5-206107d993a4.csv
1;14753.28;2019-05-15;parcelas_e1d06224-2247-4f47-85b8-97d37ec741b1.csv
1;497221.45;2019-04-30;parcelas_e1d63f1f-a06e-44f5-bf11-5f558674948c.csv
1;39061.9;2019-10-31;parcelas_e1d74704-dde1-4a62-8cbf-5347a66fecfd.csv
1;2400;2019-02-25;parcelas_e1dcf5a7-85b9-457f-a6ae-6b9eeecb08cd.csv
1;1420.2;2019-02-28;parcelas_e1e0741c-f647-4670-a80e-5d32c428534c.csv
1;40471.32;2019-02-28;parcelas_e1f1ede2-89db-4512-aa1b-a30957482e95.csv
1;1243685.97;2019-01-02;parcelas_e1f4358d-0278-42a6-938f-11d3b0dea7ab.csv
1;1665.5;2019-09-30;parcelas_e1f685f5-637d-4abd-9dea-557d5fb46815.csv
1;1122.07;2019-02-28;parcelas_e1fc6165-da0a-43fe-bc2b-4d0767b6c656.csv
1;1461.41;2019-05-28;parcelas_e1fe667b-1cd3-4665-8bf9-4516d3f2ad21.csv
1;1486.74;2019-08-20;parcelas_e203aa76-4083-4944-b348-dbca8dc22e1a.csv
1;756;2019-07-09;parcelas_e2048931-7956-49bf-a841-4b9dc8005181.csv
1;2685.5;2019-08-22;parcelas_e2052320-34fb-4539-85a2-34f0328156c5.csv
1;4275;2019-10-16;parcelas_e209e03f-0885-4334-8349-7eb807e1fc66.csv
1;7028.82;2019-06-27;parcelas_e20c7a48-82a3-4c04-9ab5-4671faf0c576.csv
1;1800;2019-06-28;parcelas_e21085b6-c9e1-44b2-9ede-4f6dcf7c268f.csv
1;75.79;2019-01-10;parcelas_e213a51e-0b40-4b1e-aafd-cfc9705426ea.csv
1;323.88;2019-07-26;parcelas_e218740d-23db-4f9a-a625-26ac82f15b92.csv
1;2013.43;2019-04-12;parcelas_e2189cc8-8d41-49d6-8e63-68c7b36875ce.csv
1;2007.95;2019-03-20;parcelas_e22231a6-6d29-44ae-9fe4-d603cb4772ef.csv
1;124700.02;2019-03-27;parcelas_e2251830-6cbd-4ead-9223-193fce2ba1c4.csv
1;69991.07;2019-10-30;parcelas_e225c051-2f6d-4340-ba41-0dd05d9896c8.csv
1;5075.36;2019-03-29;parcelas_e227b47a-7209-4fa3-9d56-b20e881d4eef.csv
1;11866.75;2019-10-16;parcelas_e22daa58-a045-426f-926d-1030899b576e.csv
1;3412.5;2019-10-30;parcelas_e2381ff5-a004-4afc-a447-58adfacac78c.csv
1;22.72;2019-10-15;parcelas_e23d7154-7046-4ff0-986b-167a3e81c3bc.csv
1;13446.72;2019-08-23;parcelas_e23e78c7-2e03-41f1-8cc7-f7b86ff4de9c.csv
1;1913.33;2019-06-27;parcelas_e23fe432-a212-439a-81b8-1e382995f4d0.csv
1;73288.9;2019-09-13;parcelas_e240f0a1-5d41-48c8-b5e8-a29c36ca798d.csv
1;6342.09;2019-06-19;parcelas_e24c098e-0651-4b7c-b671-eb66065de812.csv
1;2793.39;2019-09-10;parcelas_e250f2a1-5093-4ffb-afbb-e8cf4e449791.csv
1;20841.66;2019-03-29;parcelas_e251d9c0-d91e-4f8a-bb69-06246ef83e61.csv
1;743.85;2019-01-28;parcelas_e253acde-664f-4058-8d93-cb937a62ee7e.csv
1;2801.94;2019-08-22;parcelas_e257c6c4-e4f1-4db0-ae9f-cb9c4ce6ba8b.csv
1;2000;2019-06-28;parcelas_e25e4b5c-7334-45f1-a1a9-6c8d43a1d0f0.csv
1;3095.18;2019-12-06;parcelas_e2626e33-c2b9-4ce1-ae58-647fc1f3a9ed.csv
1;512.91;2019-06-03;parcelas_e26c2b62-38d2-4809-b121-45bd1d9f1367.csv
1;6732.17;2019-02-08;parcelas_e270856c-f9d0-4724-8e56-97400267c9a5.csv
1;721.75;2019-01-10;parcelas_e27b334a-6ed5-4daa-ab5d-75a45c2b4434.csv
1;27368.76;2019-02-13;parcelas_e28ab7c2-e865-441a-a0c9-b3302f268050.csv
1;104.13;2019-10-07;parcelas_e28fcabc-f16a-4086-b194-d16491f73576.csv
1;2954.4;2019-08-01;parcelas_e2922e80-96fa-4158-89b1-63d4b000f465.csv
1;26250;2019-09-30;parcelas_e294fc7d-3b39-411f-9ede-12cdf8baa933.csv
1;5872.25;2019-11-28;parcelas_e296a6f7-89f5-4fdd-bac9-7b93bf2a48c6.csv
1;34925.14;2019-09-30;parcelas_e29b2712-237a-4fb1-b0eb-ba2ce61182c5.csv
1;10953.78;2019-10-31;parcelas_e29bfb30-3bba-49c2-bc30-759ad9ad0a0c.csv
1;47571.32;2019-06-27;parcelas_e2a45dd2-0c9a-4886-b21b-8c999ac62d70.csv
1;5310.52;2019-01-31;parcelas_e2b20e4a-7038-4b94-95b3-ff2589a319b0.csv
1;37382.8;2019-01-28;parcelas_e2b241be-ba18-4103-9890-e537170587b6.csv
1;39775;2019-06-27;parcelas_e2b26d43-f7ec-4a96-8479-76cc368ae58e.csv
1;30143.84;2019-01-02;parcelas_e2b2b072-40ff-42d2-929d-57c6ba575c77.csv
1;760;2019-12-09;parcelas_e2cd1a23-783a-4424-9bf0-3b1ab88babe4.csv
1;78750;2019-05-14;parcelas_e2cf259f-6d93-4820-898b-5b8d462ba488.csv
1;137645;2019-10-30;parcelas_e2d0d0a8-49d8-40ec-be09-e8dc1dd2310e.csv
1;1592;2019-02-08;parcelas_e2dde40e-5616-4962-8ec4-f0dd61a23ec7.csv
1;51244.52;2019-04-08;parcelas_e2dde552-82d9-4ba3-9462-2957902b8367.csv
1;5708.72;2019-03-01;parcelas_e2e1bad8-8cf3-4f90-be82-45f38d81b9e0.csv
1;156.19;2019-07-31;parcelas_e2e203bc-8372-46a9-9350-db5057910188.csv
1;7945;2019-07-31;parcelas_e2e5e176-4cc5-4e7f-9ddb-6ae0711db634.csv
1;234.78;2019-03-28;parcelas_e2e617c2-823e-4d2c-8e08-6cb239dedbe2.csv
1;27879.38;2019-04-17;parcelas_e2ed752c-4a0a-457d-882c-aa00151d8b9d.csv
1;430.6;2019-11-26;parcelas_e2f7752b-0c95-4f66-b1e0-0d049d5d3380.csv
1;20401.54;2019-11-11;parcelas_e2feab8c-d119-49b3-8994-c1fbd012085f.csv
1;3000000;2019-05-31;parcelas_e2feea87-a9f6-4874-adca-cadd8187f04b.csv
1;876600.7;2018-02-20;parcelas_e3036dc6-a65f-47c9-b297-677ac2a764d0.csv
1;8968.67;2019-07-31;parcelas_e305acd6-f02e-48d3-b1cc-4c3ff5a5d377.csv
1;538.7;2019-09-24;parcelas_e3074246-0140-438b-a07e-642abf11534b.csv
1;630;2019-04-18;parcelas_e30ba014-aa74-4e68-b08b-4fbb51e8f2be.csv
1;50820;2019-03-25;parcelas_e30c8d9b-cbb0-4307-a433-7c7a026243f7.csv
1;333318.67;2018-08-20;parcelas_e30df980-530c-4f2b-8041-4f9840081492.csv
1;143;2019-10-09;parcelas_e310a1c5-6746-465e-8cc6-60826b3b0c44.csv
1;8302.3;2019-11-25;parcelas_e311da2e-e479-48a6-bf6a-3ce37bdffcf3.csv
1;624.45;2019-01-25;parcelas_e3166f0b-57b5-4284-83d8-7f4bfd419e7d.csv
1;2484.02;2019-10-21;parcelas_e31faba4-7ea0-46f9-93de-bf695f000b74.csv
1;6228.63;2019-10-31;parcelas_e3221674-fcc6-4132-bdfb-7329777a7928.csv
1;0.1;2019-01-31;parcelas_e32a0883-c560-435a-997a-eef507af74ac.csv
1;4124.56;2019-06-19;parcelas_e32c8da0-de4d-40d7-ab01-2ac9bcdc6a76.csv
1;138.85;2019-06-27;parcelas_e3452cfa-da1b-407c-9acd-0ea246f15729.csv
1;150.94;2019-06-14;parcelas_e348948a-69bd-4cfa-8b9f-153f66c9739c.csv
1;212300.4;2019-11-07;parcelas_e35469a6-d600-416d-aac9-c650f23a6f1d.csv
1;96445.85;2019-12-11;parcelas_e364261c-aefb-4a23-9a9f-72fc7ad4a818.csv
1;1608.95;2019-07-31;parcelas_e3669d2e-5278-4047-81de-ffd9080b7e43.csv
1;121779.64;2019-08-23;parcelas_e36a16b9-771f-463d-b6ff-d4a93b26fe7f.csv
1;28155.9;2019-07-26;parcelas_e36fac17-871c-42b0-aa39-47425e69cb9c.csv
1;366158.24;2018-12-20;parcelas_e373ae8e-add3-4d82-9a36-8248c93b05a1.csv
1;233.8;2019-12-05;parcelas_e3768f93-153f-4855-af67-66bc9614facb.csv
1;1050;2019-08-12;parcelas_e37deb5e-8038-4c3e-add1-14c87c734601.csv
1;45788;2019-10-04;parcelas_e38119d6-1380-4da5-a050-1e8062088317.csv
1;1550.25;2019-07-31;parcelas_e386607f-fb31-4508-8bb0-cb7666af803b.csv
1;187.2;2019-08-06;parcelas_e38f5682-0692-48ab-98a6-3942a90f54cc.csv
1;39.89;2019-10-21;parcelas_e3916938-d206-447c-82a8-674ccef6c6b9.csv
1;5190;2019-07-01;parcelas_e3931865-db39-4a2c-bdbc-64ea8a9152cd.csv
1;1276;2019-03-13;parcelas_e39fde83-5580-498b-b67c-5253f246cdef.csv
1;1012;2019-04-22;parcelas_e3a04477-7750-4b4d-8aa0-a5284559f9a2.csv
1;1139.82;2019-05-03;parcelas_e3a21784-404a-4ce5-beea-2f5b5d31ea12.csv
1;1550;2019-07-02;parcelas_e3a6d9a3-2ce0-4fe7-8d07-b3f320db8012.csv
1;1887.29;2019-09-27;parcelas_e3a80a13-1e6e-4d9b-b46f-a4bb98cf27be.csv
1;2316.26;2019-09-30;parcelas_e3a9f61d-25da-4427-ac5a-b4fc65c9bd30.csv
1;5000;2019-07-02;parcelas_e3ba45d7-59f5-4044-a622-eeceec43d93a.csv
1;2872.6;2019-05-28;parcelas_e3bb1d5d-0495-4834-a62e-5253950f4462.csv
1;137.86;2019-09-12;parcelas_e3d4fd6e-e5e9-4f8f-bce3-8a57224580f3.csv
1;166.33;2019-03-20;parcelas_e3d84725-c989-47ee-9cfb-fc96ce28c689.csv
1;6291.4;2019-11-25;parcelas_e3e120eb-b416-4c60-9690-7f55f3f974eb.csv
1;4032.28;2019-07-31;parcelas_e3e2b15e-3f05-4cda-a403-e96c9e95e8f8.csv
1;12106.8;2019-01-18;parcelas_e3e6fe2a-0bae-4e73-8d13-ddff72c85eca.csv
1;2619.17;2019-09-30;parcelas_e3e9488c-24cf-4bee-ba08-39d6726666fc.csv
1;17500;2019-12-03;parcelas_e3f94720-49d0-4d0e-83c1-b91b2eadcce2.csv
1;93470;2019-01-02;parcelas_e3f9eb09-c6b3-4992-ba2d-4140e519724b.csv
1;637854.83;2019-06-27;parcelas_e3fd4f0d-b0d1-4512-bd13-3717111298af.csv
1;79125.91;2019-05-24;parcelas_e40873cc-f2cc-4ed6-9f0c-6bc5aa874d61.csv
1;8130;2019-10-11;parcelas_e408f964-e796-4b6e-8c1f-6637f47dd4de.csv
1;5488.44;2019-08-30;parcelas_e4092548-a405-41b3-a078-f80094819bc0.csv
1;5518.89;2019-04-03;parcelas_e40fe6ca-761b-4ada-ba3a-e0d1c6886215.csv
1;142099.53;2019-04-30;parcelas_e427c338-23c2-4a92-a299-946b4c55df17.csv
1;101;2019-10-31;parcelas_e428992c-ac08-4af4-acc5-a5b7d2a529ff.csv
1;35421.59;2019-03-29;parcelas_e42ce58e-4020-45da-8644-ac1941eb58f5.csv
1;1138.62;2019-01-23;parcelas_e42cfd36-479e-45f2-be22-5c63b0e23c8e.csv
1;6636.89;2019-03-29;parcelas_e4378399-a18e-45a5-bd7f-a504d9fe973c.csv
1;151.9;2019-02-05;parcelas_e43c305c-8481-4407-9a85-258a29688575.csv
1;39553.19;2019-09-30;parcelas_e43d063a-e895-424a-adb9-a6766c07eb75.csv
1;756.4;2019-02-19;parcelas_e4418d7e-07e7-4cc5-9fd3-c4c04e3f6099.csv
1;4964.87;2016-12-29;parcelas_e4425465-8c41-4144-82e6-9f641a7e5ed9.csv
1;2290.19;2016-12-29;parcelas_e4425465-8c41-4144-82e6-9f641a7e5ed9.csv
1;2730.7;2019-06-04;parcelas_e443ce75-3610-40be-9d66-80a58a57fe12.csv
1;18636.6;2019-01-10;parcelas_e44647c4-5513-444b-b4f8-e85429b19e8d.csv
1;0.03;2019-05-31;parcelas_e45201b2-ec14-4b4e-9249-b0a17362ef1a.csv
1;100000;2019-02-13;parcelas_e4540814-1e83-4b02-bca1-8b0083f8604d.csv
1;1031.5;2019-02-11;parcelas_e4561b1f-9d29-4759-9dd2-ec9fe529f68c.csv
1;71491.37;2019-02-28;parcelas_e463911e-a6ed-42d2-968f-ddddb8c5824a.csv
1;898.68;2019-03-20;parcelas_e46c31c9-e635-4716-860c-4b5be9a67e26.csv
1;188611.2;2019-03-18;parcelas_e46ecc6a-6ec4-4432-a7de-f5e03df6a9fc.csv
1;2337.95;2019-12-06;parcelas_e4788b9a-db39-4e44-a2c6-08ed5182969d.csv
1;85.96;2019-05-16;parcelas_e47903ba-c189-469a-91ce-b6fe8beebe4d.csv
1;250151.48;2019-04-29;parcelas_e483369b-339b-4a75-b762-b3d90d1d68e3.csv
1;10817.47;2019-01-28;parcelas_e48581c3-5e2a-478c-b2ab-49f456e1eaa7.csv
1;78885;2019-05-02;parcelas_e486a0c5-551e-43d3-83e7-b3897e7d721e.csv
1;349.31;2019-05-28;parcelas_e48d0629-0a55-4207-a018-66c8ef97df7c.csv
1;299232;2019-01-31;parcelas_e48f6b43-304a-41d6-b689-96d10ca423b6.csv
1;233842.77;2019-11-28;parcelas_e493fb39-79af-462c-adf4-a193c1b570a4.csv
1;23551.26;2019-08-30;parcelas_e4958a1c-9cac-4b97-ae71-e9e13e56af70.csv
1;465.6;2019-03-18;parcelas_e495b93f-0170-4da4-9779-28435062d653.csv
1;257.57;2019-04-23;parcelas_e49e25ef-fe96-441b-861a-9be92d540221.csv
1;141462.01;2019-08-30;parcelas_e49fc216-002d-4a30-8a8b-6452bef18335.csv
1;332367.55;2019-10-29;parcelas_e4a1531d-6138-4770-943f-235955d7430c.csv
1;996.25;2019-09-27;parcelas_e4a335b2-2f14-4d33-8284-020908e46a3b.csv
1;420.77;2019-04-30;parcelas_e4ab1732-52e1-4d37-8c76-81ba796c5dbe.csv
1;2010.2;2019-09-17;parcelas_e4acf00d-3d9a-4842-bdba-fc76fa3a45c1.csv
1;1793.94;2019-10-15;parcelas_e4bf6781-a8db-4cc6-bc6a-dd1c908eeffc.csv
1;5025.86;2019-11-26;parcelas_e4ca3c1f-1faa-4b10-9379-2492dfb00c29.csv
1;130535.61;2019-04-29;parcelas_e4d34f1f-5329-43b3-b6c2-efaf8fb06ccb.csv
1;28594.39;2019-11-27;parcelas_e4d4b65c-b713-4970-a514-9c00a94b0970.csv
1;10000;2019-01-23;parcelas_e4deed14-1deb-4092-a5a8-7a705c069e75.csv
1;908.9;2019-11-19;parcelas_e4e14437-5b42-4caf-99d2-4ef9717b5557.csv
1;4037.18;2019-03-29;parcelas_e4e355a7-8117-4e2a-b9ae-d60738699108.csv
1;137.35;2019-03-11;parcelas_e4f9c5a5-76bf-4016-a7d7-f09216a22136.csv
1;39029.62;2019-05-31;parcelas_e5013ba1-703b-425b-b3c5-3add86e6d2c5.csv
1;53359.85;2018-12-19;parcelas_e5016793-e9fc-46c4-bdac-07cd761ea22d.csv
1;46000;2018-12-19;parcelas_e5016793-e9fc-46c4-bdac-07cd761ea22d.csv
1;21565.08;2018-12-19;parcelas_e5016793-e9fc-46c4-bdac-07cd761ea22d.csv
1;118534.8;2018-12-19;parcelas_e5016793-e9fc-46c4-bdac-07cd761ea22d.csv
1;12575.1;2018-12-19;parcelas_e5016793-e9fc-46c4-bdac-07cd761ea22d.csv
1;94149.51;2018-12-19;parcelas_e5016793-e9fc-46c4-bdac-07cd761ea22d.csv
1;104213.18;2018-12-19;parcelas_e5016793-e9fc-46c4-bdac-07cd761ea22d.csv
1;34216.72;2018-12-19;parcelas_e5016793-e9fc-46c4-bdac-07cd761ea22d.csv
1;44003.24;2018-12-19;parcelas_e5016793-e9fc-46c4-bdac-07cd761ea22d.csv
1;92000;2018-12-19;parcelas_e5016793-e9fc-46c4-bdac-07cd761ea22d.csv
1;50961.6;2018-12-19;parcelas_e5016793-e9fc-46c4-bdac-07cd761ea22d.csv
1;136322.15;2019-10-15;parcelas_e52090cf-f4cf-4718-a1a8-25e291e4649b.csv
1;1139.9;2019-02-11;parcelas_e5264e04-36ce-46cb-80c8-a1f915a35c73.csv
1;576;2019-10-25;parcelas_e526f2d7-e41e-439c-8737-562a45fbab7d.csv
1;37372.32;2019-05-08;parcelas_e531a93e-fad6-4bcc-ba39-271ae3da599e.csv
1;6208.5;2019-09-02;parcelas_e53d5f63-553c-4485-b160-82beba4d6812.csv
1;680;2019-10-04;parcelas_e53d7375-765e-4c16-9d9b-c070009a500f.csv
1;80000;2019-01-11;parcelas_e54274b0-d479-4bb9-b6bf-a016d8f33169.csv
1;79.79;2019-05-14;parcelas_e54ab66c-346c-4914-ae4b-7a7467d78f93.csv
1;802.26;2019-07-11;parcelas_e54beff5-b93d-4259-8f12-9470bd2dbfe9.csv
1;780000;2019-07-30;parcelas_e54ffd40-50ae-430e-a66e-630904444435.csv
1;1381.16;2019-08-30;parcelas_e5535246-802f-4c4c-9442-3840213a5391.csv
1;53214.65;2019-01-02;parcelas_e555dd63-8d22-4087-b962-91878b236062.csv
1;120.55;2019-04-25;parcelas_e566de01-949e-43a9-b062-f92d4ba64e33.csv
1;14578;2019-12-03;parcelas_e569f50d-46dc-445f-88f2-1a97b2317193.csv
1;1218.68;2019-10-31;parcelas_e56a76bd-872d-4ed0-8ecf-a19fb602d982.csv
1;13426.5;2019-08-01;parcelas_e56b6ed4-a9ba-477c-8854-2c1ef0b23fa0.csv
1;475018.62;2019-07-31;parcelas_e573db01-1159-4854-817e-9d00918ce69a.csv
1;980;2019-02-04;parcelas_e575acaf-8612-48b3-b1f2-20e9c166e6e0.csv
1;228;2019-07-22;parcelas_e57d74b4-6424-4a32-b0e1-4681455e5ea6.csv
1;42421.4;2019-10-04;parcelas_e58615bb-0064-45fa-89fc-cb8c2afd4600.csv
1;2770.93;2019-04-29;parcelas_e586dee5-768e-4041-bc60-d540f3728b39.csv
1;5638.8;2019-07-10;parcelas_e58f7769-3eb1-407d-b012-24399cd22cab.csv
1;392.45;2019-08-21;parcelas_e591c4de-9aed-4901-a208-7182343c2ec2.csv
1;11495.45;2019-06-04;parcelas_e5950e29-71bd-4eb1-a97f-fe3964ef5fa9.csv
1;3774.8;2019-11-22;parcelas_e59b5e31-0c32-4135-b26e-7b57f92f2743.csv
1;145.45;2019-03-06;parcelas_e59c2415-c633-490c-b7c4-7bef289dfdb9.csv
1;480.48;2019-06-27;parcelas_e59fa77b-32c4-4bcf-9a6a-7ac5cbd75f08.csv
1;567600;2019-05-30;parcelas_e5a0f567-fa61-4add-aad2-2d91ce32620f.csv
1;65;2019-02-11;parcelas_e5ac4ea3-da56-468b-bcb8-5e4e1bfea4c2.csv
1;5883616.33;2019-09-27;parcelas_e5ac9a01-12a7-4b8b-ae81-b35b6ed25fb4.csv
1;4756.4;2019-02-07;parcelas_e5ad596f-5176-4275-9aff-c39d160f50cb.csv
1;238162.1;2019-06-27;parcelas_e5ad9dac-7829-4ddf-86ab-96c1b62d3f4a.csv
1;278986.34;2019-01-03;parcelas_e5aefd5a-dfb5-4783-bfb5-f9ac54bb1c43.csv
1;4637.61;2019-10-31;parcelas_e5b112dd-6637-4600-85f5-eeaeee5fafbe.csv
1;107.47;2019-03-29;parcelas_e5b7a67f-b473-4c0d-8def-eb0f5d59871b.csv
1;227.96;2019-11-18;parcelas_e5b9758c-4742-490a-b420-139786a454e4.csv
1;4811.25;2019-12-30;parcelas_e5bb0336-add8-4403-843b-1410ac2ca171.csv
1;71565.7;2019-03-12;parcelas_e5bec7f6-22f7-4530-b272-9db5a60f1bd9.csv
1;9738.3;2019-09-19;parcelas_e5c1dccc-091d-4eec-acf6-acf002fe66c0.csv
1;6916.2;2019-11-25;parcelas_e5c218ce-b5db-467d-9e32-1606f956eefc.csv
1;13854.9;2019-05-28;parcelas_e5c6dae2-bf4f-4262-a9a9-36d2e9441fee.csv
1;30000;2019-01-28;parcelas_e5d51441-0f9f-4f65-86df-13b9f1aba645.csv
1;6134.5;2019-05-06;parcelas_e5d53c76-2951-4a7c-b354-5a17ca2a6663.csv
1;4367.69;2019-01-23;parcelas_e5d7217e-9d8a-498e-b413-4ab6a5fb26ad.csv
1;9201.93;2018-03-20;parcelas_e5dc4e2b-a61b-44b5-92f8-993c1a75af26.csv
1;154120;2019-08-27;parcelas_e5dd2d80-615c-42df-b3db-6fd42c9adf0a.csv
1;6838.99;2019-04-30;parcelas_e5e36fe1-eb98-420d-9c27-eccbea5c3ebe.csv
1;1401.35;2019-04-17;parcelas_e5ece300-585c-4752-b10f-378b58708596.csv
1;15600;2019-06-27;parcelas_e5f04724-9827-4f44-a6fb-b12a6cb093a5.csv
1;365213.46;2019-07-22;parcelas_e5f57b31-3be2-4001-aa20-0691c9145bbc.csv
1;29383.76;2016-01-29;parcelas_e5fc8f33-6249-4549-8638-52d9d353e110.csv
1;127.5;2019-05-13;parcelas_e6037274-ec08-4243-a91d-fc0ec7134121.csv
1;849;2019-06-03;parcelas_e609b8b2-da8f-4590-9ba2-318da3477d4e.csv
1;22066;2019-02-12;parcelas_e60cb11d-bed2-4927-b535-feb1f6b3b2c2.csv
1;370;2019-02-15;parcelas_e6113e5e-22d8-41dc-b482-af72ad1fbb77.csv
1;4228.38;2019-12-31;parcelas_e6129de3-5b5a-4420-903c-ebb13ce171f2.csv
1;13127.49;2019-05-28;parcelas_e614b724-70be-4211-a42e-7104fc0472e7.csv
1;1080;2019-03-29;parcelas_e61c618a-8ffb-4f8f-8b39-b8a631565000.csv
1;2037.2;2019-02-19;parcelas_e62299f1-711b-4eb0-820a-363a82c569c2.csv
1;12335.75;2019-08-27;parcelas_e62e88ee-66d4-4bf3-b5c2-ed827d3557ef.csv
1;287261.34;2019-05-23;parcelas_e63aa862-e72b-4267-87c2-2db1ae46f947.csv
1;5460;2019-02-11;parcelas_e63dbef3-a3d4-4bdd-9c75-6185938b8656.csv
1;1181.01;2019-03-25;parcelas_e63e1dbf-e115-4917-bca9-46d73e5be30e.csv
1;300;2019-07-01;parcelas_e6423e9c-e449-4f56-9201-72a9ad66e0c5.csv
1;8503.87;2019-08-30;parcelas_e642c4af-e501-4a32-912b-e896b86036e5.csv
1;1682.16;2019-04-30;parcelas_e6513b48-eabf-43b6-bc52-cbf07cfccb9d.csv
1;4450;2019-12-19;parcelas_e654d625-06c3-4e17-acae-f2d30e2e2d6d.csv
1;3408.96;2019-10-31;parcelas_e657303d-a61f-4791-88dd-dc6e5e8b94b2.csv
1;421535.05;2019-04-29;parcelas_e6621bfc-ba8f-4f76-8028-6fbfee956ef2.csv
1;14250;2019-11-11;parcelas_e6633a29-2519-498b-8334-eb3a5cb11eda.csv
1;801.15;2019-07-09;parcelas_e6676951-ea6e-49c5-a0eb-a22e69bbf2c5.csv
1;429.94;2018-12-21;parcelas_e669d335-d363-45bd-9948-2dd0495b1d4d.csv
1;24883.43;2019-06-13;parcelas_e66c0b4b-38eb-4d01-8e45-9b3d4b5e3caa.csv
1;30114;2019-01-02;parcelas_e67015b8-8ec3-4ef0-aceb-2398a4a760c2.csv
1;1632.23;2019-02-13;parcelas_e6702968-717b-4732-8fa9-7f36f9258105.csv
1;35944.51;2019-06-27;parcelas_e679194d-b4ca-4c78-8a75-c8a66b7478f1.csv
1;76384;2019-10-31;parcelas_e67b2a86-1645-4d09-95da-35cab1b756ed.csv
1;997.5;2019-07-09;parcelas_e67ce9b8-878a-47cf-bd7f-4e5070288315.csv
1;345930.24;2019-04-17;parcelas_e67ef8c9-3f7a-4a67-b5b9-eb79e973ac41.csv
1;6515.42;2019-07-31;parcelas_e6839061-1749-47fe-add3-70a1904ee1d2.csv
1;400000;2019-01-17;parcelas_e688ecd4-0bff-475b-8de6-fd7f4908f3b1.csv
1;37216.75;2019-01-02;parcelas_e68ba4b0-0fd4-461f-b917-8ded5335db7d.csv
1;807.48;2019-09-18;parcelas_e68ba5f7-1eca-4215-a935-42a7754bac05.csv
1;1108.32;2019-11-28;parcelas_e68dec2a-079b-44a4-b466-94b06701a5e2.csv
1;5640.64;2019-01-18;parcelas_e6951e1e-00ee-4deb-8393-9ab1fa0bd2e7.csv
1;5938;2019-12-03;parcelas_e6968749-40b1-43b7-962f-36afd111eaa8.csv
1;4231.86;2019-10-08;parcelas_e6a31a7d-1e81-435c-a33a-d1aa074c7585.csv
1;1995;2019-11-26;parcelas_e6a50cd3-46d1-4315-bfb9-ea504734781d.csv
1;15396.85;2019-04-03;parcelas_e6a5f5a4-9bca-401a-a254-a6db6942c633.csv
1;3941.88;2019-05-28;parcelas_e6a6803e-801c-45e0-9ef1-c7f057f2c220.csv
1;25516;2019-01-31;parcelas_e6a6eedd-94da-4c94-95be-259d3f69228c.csv
1;192555;2019-05-15;parcelas_e6aa42d8-c3c1-4e73-a97a-1bfd96668bc9.csv
1;950;2019-02-28;parcelas_e6ab72f4-428f-4d10-b969-14f5dea7eb4d.csv
1;8773.11;2019-02-28;parcelas_e6ae0f43-d65a-4b07-b0b3-c3080e4a4a14.csv
1;3650.98;2019-09-03;parcelas_e6b976a1-970e-484a-a93a-480b23d70ea7.csv
1;4513.34;2019-06-27;parcelas_e6bef17a-36a4-4207-b288-889c02a0e548.csv
1;38469.74;2019-08-30;parcelas_e6c359ae-63f5-4734-ad91-94227959553b.csv
1;640;2019-04-04;parcelas_e6c4a812-939e-4c32-935d-ffc7a8798ea0.csv
1;4756.77;2019-01-28;parcelas_e6c55f47-0c07-4897-b4c8-8d99eb21e5b9.csv
1;1056;2019-09-16;parcelas_e6d2ec60-6635-4181-acf0-c7f130fe321c.csv
1;1036.8;2019-04-04;parcelas_e6e4df14-253a-4f4b-8b47-297107423d07.csv
1;16252.41;2019-11-08;parcelas_e6ed060c-af03-4ee7-8481-02bb18d9efc1.csv
1;1336.3;2019-11-26;parcelas_e6ee3b1d-0881-4ebd-bf09-64c61693f9c6.csv
1;1774.5;2019-05-02;parcelas_e6f819c2-5c89-474e-aff5-5fb81dfbe306.csv
1;24607.88;2019-06-27;parcelas_e6fbbc2a-4cc7-4802-81a1-174ee3fb35a6.csv
1;652;2019-01-18;parcelas_e6fce880-9c1a-4aa4-a6fd-7d8d723d70e3.csv
1;4898;2019-09-16;parcelas_e711e947-f861-449e-b7a4-63c725d9359f.csv
1;630;2019-04-17;parcelas_e713a162-2108-4bbb-8463-469950832a76.csv
1;449072.32;2019-11-12;parcelas_e719d28e-b93f-4a95-85df-995babcacd3f.csv
1;3588;2019-09-12;parcelas_e719dce2-5630-4da7-81b1-00cd06e68245.csv
1;4647.12;2019-09-05;parcelas_e71f5e52-a701-4da9-96c4-24cc83ef7a0c.csv
1;9233.74;2018-07-20;parcelas_e72617eb-7381-49cb-bea6-d9306bc3f3a4.csv
1;2800;2019-07-19;parcelas_e730bfcc-12a3-46a5-b1f3-511902258c3b.csv
1;80.85;2019-01-10;parcelas_e731bf36-c7e8-49da-be55-94c6b4ef4233.csv
1;36202.63;2019-05-28;parcelas_e7377602-ded6-494f-8c23-359f859b1ae1.csv
1;6921.35;2019-10-25;parcelas_e740b2b9-a317-48db-8cd8-7d5ffbd596d0.csv
1;252321.44;2019-04-16;parcelas_e7454c45-2000-4c0c-9d3e-6f828ba341f5.csv
1;49848.35;2019-04-04;parcelas_e74b84a1-c01e-480c-bc21-88635d91cfd1.csv
1;209.62;2019-06-27;parcelas_e74caefb-62fd-4d25-8e39-25494e3f3d65.csv
1;17600;2019-06-27;parcelas_e74d3723-ea39-40cd-8d96-8c32397779d0.csv
1;79.79;2019-06-11;parcelas_e755a9ad-b30f-44b8-8e16-09f4396fefdb.csv
1;1046.85;2019-03-20;parcelas_e757a76f-5115-42f5-93dc-4a1a53de65ce.csv
1;35.93;2019-02-12;parcelas_e76779da-9c1d-4d43-8937-bc9921cfe499.csv
1;5985;2019-01-31;parcelas_e7722b51-4ad4-43ec-93e6-e2121f42af03.csv
1;264059.26;2019-05-28;parcelas_e774a014-314f-4cab-84c2-f6937415c358.csv
1;8775;2019-04-17;parcelas_e77859cb-843e-4f58-ba9c-e28d02836523.csv
1;3700.5;2019-08-23;parcelas_e77cfbe4-25ab-43d6-87d4-67efb660e29c.csv
1;130;2019-02-28;parcelas_e78222cb-f1ee-40ff-a28a-80bff77f94ba.csv
1;41512.3;2019-04-04;parcelas_e7877d4b-65fb-45f1-a1d2-7c9f6cf605ea.csv
1;16538.2;2019-05-28;parcelas_e78bd043-e0ad-402d-a7ce-4a010c4ab0ee.csv
1;485.68;2019-01-28;parcelas_e78c4cf3-5c50-402f-9237-bfbfbf86181f.csv
1;346634;2019-11-22;parcelas_e78e448c-d7af-499f-ad40-dfe4fdc3bd95.csv
1;475.95;2019-05-13;parcelas_e78f4f7a-8615-4b05-b6cb-841d8b4b0478.csv
1;1434.23;2018-12-31;parcelas_e78f7b71-07bb-46e9-b614-b12e08630345.csv
1;32850;2019-04-15;parcelas_e790cac1-d266-4964-b2b3-1c979eb9e2f3.csv
1;1178.33;2019-10-30;parcelas_e791756e-bad7-49fe-89d3-ec3a722d753f.csv
1;5641.25;2019-06-03;parcelas_e793328b-3f12-43b6-aa0a-82b0ac9e9e4e.csv
1;2312.98;2019-04-30;parcelas_e797f32f-d6f5-42e6-8009-e3093987fd5d.csv
1;4960.15;2019-11-21;parcelas_e79a9f0c-7a44-48bf-b04f-ad32be06fcee.csv
1;5675.94;2019-12-31;parcelas_e79aa7f9-fd07-4b62-b20e-b97aba1a4089.csv
1;2739.32;2019-04-30;parcelas_e79f5a38-2b55-4bf2-969f-8c82c33ac1d6.csv
1;6588.54;2019-06-04;parcelas_e7b8353a-c62b-486a-b865-d4cee7e5b85c.csv
1;22740;2019-03-22;parcelas_e7c0d9dc-8db5-4181-9ef8-3951a1aef47a.csv
1;1326.3;2019-02-08;parcelas_e7cc804f-7926-4975-a976-b84ab07ff88b.csv
1;307.75;2019-05-28;parcelas_e7cd8769-9936-4460-9ac6-e1df86e05d23.csv
1;6843.72;2019-01-02;parcelas_e7d1d11f-f661-4473-8ac4-3ff9469c89d0.csv
1;10237.94;2019-09-30;parcelas_e7d38535-816c-4394-adb5-cef5b504b3e6.csv
1;58770.25;2019-05-31;parcelas_e7d40b07-9cca-475e-bdc1-833e71ea1b80.csv
1;2932.2;2019-04-04;parcelas_e7d727d8-2db1-4a6a-be88-fa0f58c00be9.csv
1;4900;2019-03-20;parcelas_e7ed70b0-eecf-4117-bcc5-1e8c3762ee2e.csv
1;348.35;2019-01-09;parcelas_e7f0d40b-d325-4f99-9f00-49ae5031026c.csv
1;1288.2;2018-07-20;parcelas_e7f5049c-4355-430f-8b8f-0fd076137c20.csv
1;432.8;2019-01-28;parcelas_e7f71e00-18ce-42e8-b461-93b2c36e4c58.csv
1;26000;2019-01-30;parcelas_e7f8bb01-8fea-45e8-a511-283ab9392400.csv
1;2665.83;2019-11-28;parcelas_e7fc4807-2e7f-485f-a54b-e33e6d82a588.csv
1;1604.8;2019-05-02;parcelas_e7fd235c-68a9-4698-8633-640648721906.csv
1;49329.02;2019-08-30;parcelas_e8017fc9-4eae-4f23-9934-f135e727133c.csv
1;13830;2019-03-14;parcelas_e8128beb-ba1c-4964-a48e-7e1d88d8acfa.csv
1;1259.89;2019-10-29;parcelas_e819f237-99a0-49e5-b2f8-29b141b5ccfa.csv
1;1965.83;2019-11-28;parcelas_e820ec70-34c9-460d-9a35-36cbc00af380.csv
1;1074;2019-05-20;parcelas_e826d63e-9bb9-4c2f-b026-b0c2d023e797.csv
1;20000;2019-01-03;parcelas_e82bdb7f-b9f8-458f-b2ed-bd95898b2c42.csv
1;575;2019-01-18;parcelas_e82f8a68-a3f3-446f-a9d6-43b729bfcc21.csv
1;2163.45;2019-03-29;parcelas_e8302b1f-e9fa-451d-b148-8f04822b0d2b.csv
1;2719.6;2019-02-19;parcelas_e842b6c6-19a4-4c1c-9b36-0064819bba50.csv
1;1461.38;2019-02-28;parcelas_e851eff8-4e61-46ec-bcd7-a1087fb598fa.csv
1;10800;2019-02-08;parcelas_e858b726-d5d5-4eff-ac54-a4274ae54c30.csv
1;74283.52;2019-06-27;parcelas_e859e622-ffd5-4709-a37f-0048da094c59.csv
1;1711.16;2019-10-31;parcelas_e85e1ba9-7be2-4c7b-8e81-43c850949160.csv
1;15430;2019-04-29;parcelas_e8672c3b-ffb6-4f4d-affa-bb5b7e17a428.csv
1;42000;2019-07-26;parcelas_e8674fe3-fc29-4cc5-af41-2edd38916bf4.csv
1;1080;2019-07-24;parcelas_e86d79ea-5c40-4aba-b80d-56783e92e0c0.csv
1;5759.51;2019-05-31;parcelas_e87009ea-99a7-4e94-8fb9-44197ab8f247.csv
1;612;2019-11-26;parcelas_e879a963-bb0f-4ba9-a322-ea8674a9a6e2.csv
1;870;2019-01-31;parcelas_e88f9a21-31a2-48c2-b52d-fd570a71eca5.csv
1;1724.02;2019-11-26;parcelas_e895a4c6-69d3-4fb5-aade-f0155006f114.csv
1;131061.93;2019-07-23;parcelas_e897e914-792a-41ff-8c3d-facca2e94115.csv
1;503.33;2019-11-25;parcelas_e89c7c3b-5d4c-4e05-8022-91bb2449d842.csv
1;142.26;2019-02-07;parcelas_e89d1d3b-2ffe-4151-9451-5db99a2f4bee.csv
1;662.17;2019-05-27;parcelas_e8a55734-7136-4e0c-a916-eed84fad1745.csv
1;2058.93;2019-04-30;parcelas_e8a83518-a0bc-40df-943b-c4095894750e.csv
1;27533.62;2019-06-27;parcelas_e8a94da4-709e-4237-a373-033e160baa6f.csv
1;23108.44;2019-12-19;parcelas_e8ab536d-f94d-4920-b59d-c30905ba547e.csv
1;3756.48;2019-07-11;parcelas_e8b070cb-912b-4ef3-bae9-a39f2a940c66.csv
1;1015.16;2019-11-26;parcelas_e8b3f251-31ca-48bf-b6dd-96750c0841d8.csv
1;301.33;2019-11-26;parcelas_e8b62a83-5f4c-4f9c-a91e-777cfe39c934.csv
1;3415;2019-03-14;parcelas_e8b79a1e-5093-4b88-9ca3-a37ad1fee683.csv
1;85.96;2019-04-12;parcelas_e8bdfafe-4738-4578-890b-01efc33dbd20.csv
1;798053.4;2019-07-31;parcelas_e8bfe1ab-dd55-44f5-aebc-ecfc41b06deb.csv
1;12900;2019-10-04;parcelas_e8c3dd5c-88c6-427a-b34f-c13fc21eea1b.csv
1;284.95;2019-03-12;parcelas_e8c58314-53ab-4e4c-ae22-8a038256a63c.csv
1;20790;2019-03-11;parcelas_e8cbb2e7-43ee-4080-a892-62b1000ebeb1.csv
1;26641.24;2019-04-11;parcelas_e8cf94c6-cd37-480e-b2e6-64092a186f2d.csv
1;440.48;2019-11-26;parcelas_e8d1fee2-8e51-46ca-94be-a9dce1073469.csv
1;1687.07;2019-02-26;parcelas_e8d97141-6247-4a13-bd7d-cfcb723bb35d.csv
1;224;2019-09-05;parcelas_e8da0889-59e4-48bb-a4ac-0239ca7ce081.csv
1;284000;2019-09-25;parcelas_e8df218d-162e-4b21-a57a-8853e6122f0f.csv
1;731.28;2018-12-31;parcelas_e8e2e222-718f-49a6-854e-74aef05db9b2.csv
1;11080;2019-11-25;parcelas_e8fb7557-7f28-4722-a11d-d712a0895b48.csv
1;122824.96;2019-01-02;parcelas_e8fc18ef-ce00-4235-b7a5-2940f53e3825.csv
1;1835;2019-10-16;parcelas_e90040a6-7aba-48f0-ae01-9e80fea6db13.csv
1;957.81;2019-11-27;parcelas_e900a36e-5836-48a0-8e90-c7bb37832658.csv
1;104.22;2019-10-25;parcelas_e902796c-5e7f-4f3f-96e9-2db26082471b.csv
1;16164.06;2019-01-04;parcelas_e904cce3-0159-4db2-9099-7cd20e6a5323.csv
1;27665;2019-07-04;parcelas_e91bb70f-242b-410b-9204-b9973c14b028.csv
1;10700.23;2019-12-19;parcelas_e923a9f5-26d3-4fb5-b334-299657587992.csv
1;1654.53;2019-06-28;parcelas_e92c8694-ca96-45f7-adb8-fcff8b66997d.csv
1;70.1;2019-02-28;parcelas_e9377ab0-e9f8-481a-b869-54e25ad93daf.csv
1;108;2019-10-25;parcelas_e94346c3-6291-44f6-a991-8d10658c4ddf.csv
1;6141.82;2019-09-12;parcelas_e946642f-03e6-47e4-9dd5-4741f3263ab2.csv
1;211756.79;2019-10-15;parcelas_e94a9521-5354-4cea-aede-9697e78c0c0c.csv
1;370;2019-04-17;parcelas_e94ac20f-d2ed-41a3-a9f3-91bca012e91b.csv
1;1187.05;2019-06-19;parcelas_e956a935-9233-4b21-9b59-283f6b4b2ccb.csv
1;32000;2019-04-03;parcelas_e95d22c6-029d-48c0-9ba8-81fc381b9693.csv
1;147674.19;2019-09-30;parcelas_e95f5045-61b7-46b5-836a-6f2245068c47.csv
1;1045897.03;2018-03-20;parcelas_e9601a5d-c523-46c9-9924-db403c8c05bf.csv
1;920996.44;2019-02-28;parcelas_e968aca6-fb8d-4df0-baac-f17163efa8b9.csv
1;39376.2;2019-06-27;parcelas_e970477d-3b1a-461a-a8a5-0fd06d26cfbf.csv
1;37774;2019-07-23;parcelas_e972b4de-2c76-4a6a-b4d8-6801b6951e02.csv
1;5000;2019-01-30;parcelas_e972bb86-70c6-461c-b327-dfd830ea28d7.csv
1;1344.52;2019-02-25;parcelas_e975044b-ebc5-4154-9ce4-7ac1a75bfa89.csv
1;885.8;2019-08-30;parcelas_e97c06ab-92a1-4cf9-9498-bb922d493676.csv
1;1000;2019-06-27;parcelas_e97ee413-6f85-463b-9466-30a6db5fa8f8.csv
1;2840.4;2019-02-28;parcelas_e97efd77-eb5b-48b5-aeb1-a99230e85b01.csv
1;16080;2019-01-07;parcelas_e9823f4e-fc8f-4db3-a4fd-82329e990549.csv
1;1724.6;2019-01-18;parcelas_e9838d56-d4f8-46fd-9438-aadc08576556.csv
1;154.6;2019-06-19;parcelas_e988294c-ca45-46a3-881b-6f118d59f38e.csv
1;13724.96;2019-03-12;parcelas_e98dea32-e757-493d-b126-9eabb43ff6f4.csv
1;1787;2019-07-01;parcelas_e98e0379-df98-45cf-b35b-78c178411bd9.csv
1;364256.28;2019-06-27;parcelas_e98f5b9d-2ef2-441e-8fe1-e076036fd2fc.csv
1;1923.84;2019-10-30;parcelas_e9923844-812b-4a3a-9ffc-5744f2d2f4ae.csv
1;864;2019-03-12;parcelas_e996c0b5-707c-4334-85ee-1d1ae9322634.csv
1;33901.8;2019-02-14;parcelas_e99a2beb-086d-4e0f-ad6c-000d6bb6ef83.csv
1;6767.96;2019-10-30;parcelas_e99d6663-2978-4ec7-bb5d-c52101f81561.csv
1;351;2019-03-29;parcelas_e99f1dcb-ea7e-49ee-9749-2a21200e0829.csv
1;56250;2019-01-02;parcelas_e99f7fc1-a737-4e56-bdf0-16c09a4e01bc.csv
1;34724.5;2019-10-31;parcelas_e9a28368-74d4-452d-a45f-57d8a796c020.csv
1;3236;2019-06-18;parcelas_e9a7796f-4438-4b45-9e7d-a93afd472e34.csv
1;2032.22;2019-07-31;parcelas_e9a9d90c-f9e3-48a2-8b53-991617534404.csv
1;350;2019-08-30;parcelas_e9b9c19b-6776-49e0-912d-7b814ee03276.csv
1;60000;2019-10-30;parcelas_e9bd25a2-2db0-4a35-a3ce-ac7b2325f65e.csv
1;11780;2019-06-27;parcelas_e9bf949a-8cdd-4c2d-878b-f09b438fa773.csv
1;1175283.96;2018-12-31;parcelas_e9c09628-6b06-44ab-b879-c661981ac050.csv
1;5914.99;2019-07-31;parcelas_e9c540eb-e5ff-44d5-bb82-22c205def42d.csv
1;6650;2019-04-29;parcelas_e9cf3255-f07f-45cb-825d-6d7fc4612e93.csv
1;149.41;2019-01-31;parcelas_e9cf417f-2568-4680-94bc-35453ca87bdd.csv
1;499426.59;2018-08-13;parcelas_e9da43e6-0798-4cbd-a239-192ebee45fc2.csv
1;180.08;2019-10-30;parcelas_e9e62c90-986d-4840-9505-0b57901b437e.csv
1;41007.45;2019-09-23;parcelas_e9fa426a-dcd3-423a-bbb3-772295257285.csv
1;69041;2019-10-30;parcelas_e9fc49dc-bdca-4af4-80e3-3efe9aefb0f4.csv
1;24214.56;2019-01-10;parcelas_ea13fb4f-bba3-46e1-b6c0-6b05517aa23b.csv
1;22639.8;2019-02-28;parcelas_ea1568de-e1a9-4764-8fbc-baf708741f3a.csv
1;2975;2019-07-31;parcelas_ea18c4ce-cc08-49a9-8815-e72081274c99.csv
1;11029.46;2019-06-19;parcelas_ea20bb0e-facd-4c42-a87b-4eeaa396179a.csv
1;1695.26;2019-01-31;parcelas_ea241b51-2434-4e34-bcfa-e203a18cf923.csv
1;25000;2019-05-20;parcelas_ea27dac5-f3a3-4f9e-9347-a7cb5fc4e2b1.csv
1;9156.06;2019-03-22;parcelas_ea287416-30e4-4c10-ac70-cd38659ffe7a.csv
1;2337.52;2019-10-03;parcelas_ea28f45c-fbd9-4f1b-a939-9eeec35f83c0.csv
1;998;2019-11-27;parcelas_ea291b34-2f83-4da2-bc63-ab4e86c73d2f.csv
1;7295.8;2019-03-12;parcelas_ea2b5f0f-ffee-4754-b4da-5db0015f21c1.csv
1;16374.71;2019-12-11;parcelas_ea401406-8bff-4c3b-9cd2-9c6775881529.csv
1;9504.47;2019-05-06;parcelas_ea402cea-d04d-48bf-9342-619f268bcefd.csv
1;304.8;2019-03-12;parcelas_ea44b542-ebc6-4f45-be03-bba9187affad.csv
1;1848.53;2018-12-28;parcelas_ea56ba49-3679-432c-af83-e193d4ceb595.csv
1;200;2019-12-02;parcelas_ea598369-e6f2-484d-8a74-60dfbfea6024.csv
1;600;2019-05-13;parcelas_ea61bf1d-8726-4964-855b-3186ae589630.csv
1;78.43;2019-10-31;parcelas_ea674499-acb3-4724-8ab1-9850a37815aa.csv
1;35486.88;2019-05-03;parcelas_ea686c4f-1425-4eaf-9918-017c1dd41874.csv
1;21.61;2019-03-20;parcelas_ea6c2358-34b1-4d2e-a3d2-7037c175b944.csv
1;2352;2019-08-01;parcelas_ea73e2ab-2597-4800-9c3c-616efe93a7d7.csv
1;58.1;2019-06-04;parcelas_ea74a1a0-9f54-4599-9549-a1d4444c15b3.csv
1;50955.39;2019-10-30;parcelas_ea7d60d2-576f-406e-9b86-72dd148d0b58.csv
1;7279.99;2019-12-19;parcelas_ea7e835d-478b-4a8d-8ff8-20b00c0c7178.csv
1;29757.01;2019-12-31;parcelas_ea82067f-eec1-4f3f-be0a-cde5adab487a.csv
1;230;2019-06-04;parcelas_ea8fcf55-cd26-4074-8be3-10e1382fe013.csv
1;1400;2019-02-14;parcelas_ea98419f-d5b8-490e-9f50-ae98d2e76146.csv
1;1043;2019-06-24;parcelas_eaac77d2-81be-4eef-b819-67d784371581.csv
1;3630.38;2019-01-28;parcelas_eaaf4b43-f071-47b2-b0ea-62c6ded66048.csv
1;3791.42;2019-06-27;parcelas_eab257c2-d9f9-49f8-99ed-ef4369db0a14.csv
1;881.34;2019-04-30;parcelas_eaba3bc7-4cc7-4f1d-af08-aea2544690d3.csv
1;61904.14;2019-11-29;parcelas_eac0af1d-3ac4-43fb-8c59-eb273f92c558.csv
1;98261.76;2019-07-31;parcelas_ead4aa82-3f13-4b47-9a81-27a447172342.csv
1;60590.14;2019-06-27;parcelas_eada32a7-0450-49cd-92ee-360bd0e3a2ba.csv
1;79.79;2018-12-28;parcelas_eadf3e3d-44ff-4403-8cf7-c8a32fa92a89.csv
1;12978.5;2019-05-16;parcelas_eae1683f-7433-492a-bc4b-5452dd2a2c0a.csv
1;293.52;2019-10-15;parcelas_eae37378-024c-4ae9-8c87-88d87d6fdff0.csv
1;2110;2019-05-22;parcelas_eae81044-e5c3-4c03-93b2-4b4661d10d89.csv
1;282.82;2019-03-12;parcelas_eaeffff1-9a67-4bcb-963a-b751b8d01e8d.csv
1;116.2;2019-06-04;parcelas_eaf19557-a0af-4898-b930-ce7038fe4110.csv
1;2686.6;2019-02-18;parcelas_eafc50ae-65fc-484c-b3a3-e3719eaa5f3f.csv
1;6537.48;2019-10-21;parcelas_eb086055-375d-45a2-bfed-f1e7c702ffad.csv
1;7978.19;2019-12-30;parcelas_eb08955e-730e-4955-b7a8-2818dc0a4c19.csv
1;170.97;2019-03-26;parcelas_eb104525-9c5f-4065-9ff9-98c6394f027a.csv
1;161518.96;2019-06-27;parcelas_eb11c0f3-abe5-451a-8cc6-061eee3d3258.csv
1;2289.06;2019-09-03;parcelas_eb13fe3a-76bd-426a-8e59-c218c0639b6f.csv
1;51.3;2019-11-26;parcelas_eb1b67ac-febc-4f09-b519-5c07675efe5b.csv
1;200859.9;2019-01-31;parcelas_eb30c932-2ec5-4bdc-af59-d3e401c1ac1f.csv
1;130.1;2019-10-14;parcelas_eb335673-7e36-4fc1-b1e4-60a3bcdefe4c.csv
1;33018.3;2019-02-08;parcelas_eb3ec676-fd7b-46f7-a746-a1eb9d624924.csv
1;1250;2019-03-08;parcelas_eb3f2a28-48af-46ea-8ce0-4dfdd66d1eef.csv
1;12122.06;2019-08-08;parcelas_eb3fbb54-f7a9-4bfb-a5cd-c662c65ab535.csv
1;666.7;2019-12-03;parcelas_eb436315-2e62-4540-979f-58218c6310a0.csv
1;1575;2019-10-30;parcelas_eb4d90e8-c1e1-4925-84dc-37c66bb45b4a.csv
1;3350;2019-06-03;parcelas_eb571a3e-f8c2-4c06-a40a-ac510de120fb.csv
1;270772.99;2019-06-18;parcelas_eb692be6-5aaf-46da-b47f-7c19fa4d86df.csv
1;162997.84;2019-12-19;parcelas_eb6a5ced-eb5a-4d8d-b61b-c82255c671c3.csv
1;285;2019-01-10;parcelas_eb708dd8-0f52-475d-906f-c9d9fb90a465.csv
1;2194.02;2019-02-11;parcelas_eb71357e-9462-4af6-a1b7-c8b7ab26d006.csv
1;796.35;2019-06-27;parcelas_eb768e39-3593-43ad-8175-7add2f3b5653.csv
1;43915.91;2019-12-19;parcelas_eb78b4a7-8290-43ab-8d4a-f1dd4dc3dc49.csv
1;2749.89;2019-06-28;parcelas_eb78deda-8141-4bbb-91b5-d4591742619f.csv
1;4264.26;2019-06-27;parcelas_eb795ec1-30e1-43fe-a156-df9b8317892c.csv
1;13277.04;2019-01-02;parcelas_eb84abc7-ae8a-48f8-850a-59514b802e46.csv
1;710.18;2019-03-25;parcelas_eb871bfe-3cb2-4502-a7cf-9af639f4f397.csv
1;18840;2019-04-08;parcelas_eb8ab47b-8c6e-4806-9931-940d0471193d.csv
1;53312;2019-10-31;parcelas_eb8cb016-055c-43e5-a4bf-b0fe5ff721ad.csv
1;94270;2019-09-13;parcelas_eb8dd0f9-9aa0-4c64-88f7-aa6f9779220d.csv
1;1233.5;2019-01-02;parcelas_eb93c708-7c89-4cc1-afb6-442bf6ffa120.csv
1;5122.24;2019-02-28;parcelas_eb956634-3d7a-487d-a610-b44d2df91fe6.csv
1;136785.38;2019-07-31;parcelas_eb958d1e-a4cc-4360-818b-ab427f242981.csv
1;173.29;2019-06-14;parcelas_eb9636cb-0ebd-4193-9793-9184fb24ee12.csv
1;127657.77;2019-10-30;parcelas_eb9636e8-7d22-478b-b069-59bb84c66799.csv
1;1858.6;2019-01-10;parcelas_eb9abe17-373f-4120-9257-066a144b429a.csv
1;36743.22;2019-01-02;parcelas_eba330fa-5da3-4928-aae4-fa0878bd6a93.csv
1;1740;2019-05-17;parcelas_eba5048b-d3f8-4039-ba1c-0bbc309cd780.csv
1;11824.21;2019-07-09;parcelas_eba5d6b9-1040-4fc4-8dd2-24b5722b04c6.csv
1;0.04;2019-03-19;parcelas_ebadcde5-c483-4064-84fe-ebe40139c3a9.csv
1;20000;2018-12-28;parcelas_ebbb69cc-5be4-42d3-a8a7-2da1c395cf8c.csv
1;9874;2019-03-13;parcelas_ebc280d0-c935-4c29-840e-997104ffb1b6.csv
1;300627;2019-01-31;parcelas_ebc34ad5-416c-40b5-bf9f-91a9ae80ab9a.csv
1;418656.5;2019-05-28;parcelas_ebc58f02-7517-4006-b737-0cf8adf910f0.csv
1;313345;2019-12-30;parcelas_ebd1cc4f-4139-4875-aabd-2ed154fe7763.csv
1;2830.4;2019-07-31;parcelas_ebe7cb83-2c6e-4167-8908-c4faf05d13de.csv
1;131.78;2019-12-02;parcelas_ebe8f0ef-49fa-4b67-8bcb-af92916b7ca1.csv
1;500;2019-09-30;parcelas_ebf3d000-4c38-4a84-b03a-c888bff56f97.csv
1;6440;2019-10-11;parcelas_ebfaef1a-41b3-4e7b-aecc-894b54a90a05.csv
1;13200;2019-04-11;parcelas_ec0195d6-39d9-4af5-b08f-f06c5181ab8a.csv
1;597.35;2019-12-02;parcelas_ec056a61-7c13-42e1-8457-9ea0956552f1.csv
1;6259.4;2019-08-06;parcelas_ec0c7a79-301d-42d4-b754-e7645d238999.csv
1;38467.8;2019-05-31;parcelas_ec0e5f0f-0f8a-4e9e-b336-222cadeb6f29.csv
1;11101.6;2019-11-11;parcelas_ec108242-1554-4049-b579-e1df3985ca6d.csv
1;4320;2019-07-31;parcelas_ec10e894-72b6-4f39-a921-4962e7a939db.csv
1;261.62;2019-10-21;parcelas_ec14c83a-91b2-4d2c-996d-5519d61ad0f4.csv
1;354;2019-05-06;parcelas_ec163a24-7492-4d63-98aa-3399c5f20ca6.csv
1;16597.44;2019-03-25;parcelas_ec29a480-95f6-4bdd-8c52-52f2608bf62f.csv
1;2942.69;2019-03-29;parcelas_ec2c055a-7704-4c29-92fc-22d31547e666.csv
1;210;2019-12-02;parcelas_ec42d0f5-d127-473c-a6e0-87f2b0bdff83.csv
1;9544.05;2019-07-31;parcelas_ec472d0f-d5a6-4579-931b-56dffbe737a2.csv
1;140000;2019-08-16;parcelas_ec4b440d-cf12-43f8-bd09-1c4fa3dd4d6a.csv
1;201.17;2019-09-02;parcelas_ec504b50-00f6-4983-bcaf-2e2ffd41da72.csv
1;1355.21;2019-07-29;parcelas_ec5ba1a8-3e65-4d90-85a7-faf32982fdc1.csv
1;12.22;2019-10-14;parcelas_ec62b4f2-299c-4b85-aa76-dc4fbd58fb8c.csv
1;26841.25;2019-03-22;parcelas_ec658623-9084-4eb9-9d72-88748676df7f.csv
1;1752.26;2019-01-28;parcelas_ec69d71e-b305-4190-a2b5-b87cf300cd6d.csv
1;4200;2019-07-01;parcelas_ec7257ac-4fee-48b0-8694-83061e739694.csv
1;839.3;2019-12-06;parcelas_ec747621-7f79-4df7-854f-4d1e831f9907.csv
1;18672.98;2019-02-28;parcelas_ec7c49e2-a682-41f3-8d9f-c2ec7ac57554.csv
1;2750.39;2019-04-30;parcelas_ec969ebf-ea91-4cdb-b527-d9cb2e92ca81.csv
1;8503.87;2019-07-31;parcelas_ec972eef-8843-43b8-a1d8-4831fda510f9.csv
1;17061.6;2019-01-02;parcelas_ec9c48c4-7435-48bc-a824-78e174586100.csv
1;381001;2019-03-06;parcelas_ecb7e34e-4ecf-47ab-84e2-cd9ccc64c547.csv
1;550.02;2018-04-30;parcelas_ecba0c27-13a9-4604-bc81-b479b050d0ce.csv
1;7128.36;2019-07-31;parcelas_ecbf520c-70e7-4747-af7e-9064ae52f418.csv
1;939.8;2019-08-21;parcelas_ecc891a3-41b1-46bb-b0d6-7010a7ea4045.csv
1;2400;2019-01-15;parcelas_eccb0db0-7779-485a-9be0-35c6f52e1281.csv
1;507.45;2019-09-09;parcelas_eccbac4a-3304-493d-9157-8352f7d7fa93.csv
1;278160.22;2018-08-13;parcelas_ecd08fbe-f6e1-41dc-9794-b884fcdedfe4.csv
1;2250;2019-11-11;parcelas_ecd633fc-8b77-4fb4-a295-8de7024aa5be.csv
1;4739;2019-04-08;parcelas_ecd85977-6c11-4aee-a75d-dd2d4246d305.csv
1;83686.21;2019-02-28;parcelas_ece00279-2cd5-44f1-b8e9-2df1ceda19bf.csv
1;1132.85;2019-05-07;parcelas_ece3b167-254c-4c72-9461-651f66416ab1.csv
1;1678.5;2019-06-03;parcelas_ece8252d-3d92-41c7-ad27-0c1b7fd35a1e.csv
1;2472851.1;2019-12-31;parcelas_ececac9c-e2d3-4112-9d06-2016fe75edec.csv
1;151.4;2019-06-14;parcelas_ecedf4a7-ab98-491a-8d13-aba0feaccde4.csv
1;8715;2019-01-17;parcelas_ecee6fc5-816d-4a25-9013-608eae0fad50.csv
1;4568.89;2019-08-30;parcelas_ecf50495-f52a-4685-bb19-5c5e40ddc8c3.csv
1;2914;2019-08-12;parcelas_ecf7ac22-5047-4041-837b-ae9c1f9d2754.csv
1;656;2019-05-29;parcelas_ecf803b0-b42e-4715-b10b-0c937c8bc187.csv
1;140;2019-04-17;parcelas_ecfe9afa-1d3b-43ad-b560-d21f2cd13c42.csv
1;5.09;2019-04-09;parcelas_ed01002a-e268-4532-b51f-a0de41dd70e4.csv
1;33727.2;2019-04-30;parcelas_ed019933-51f2-4b97-ad76-bdad1f2f414d.csv
1;2700;2019-05-15;parcelas_ed02fa36-6b81-45c7-bc21-d125ad89d59d.csv
1;25008.75;2019-10-29;parcelas_ed059b07-aca5-430b-98c0-8cee121f0bb7.csv
1;23028.03;2019-08-14;parcelas_ed063d80-813a-4052-9dd5-20814b413907.csv
1;6215.64;2019-06-28;parcelas_ed0bb895-ad69-4ada-9fc9-2332e27d998d.csv
1;115590;2019-10-21;parcelas_ed0e323b-9afb-4a94-8b84-251fe645d89e.csv
1;36774.3;2019-01-02;parcelas_ed149a4a-f291-4c81-8489-6054e7d36d64.csv
1;666;2019-10-09;parcelas_ed1bcb8c-4a1e-4ce9-8b48-2007ff5a29cc.csv
1;65;2019-08-27;parcelas_ed1d09bb-ccf6-4be7-aea2-50ae165322ce.csv
1;21;2019-01-10;parcelas_ed23c637-f63f-4e9b-a9ae-b15d2a485004.csv
1;361958.33;2019-08-30;parcelas_ed23def4-ec00-4c8f-b050-3a989dcf3440.csv
1;72490;2019-11-07;parcelas_ed2b88ae-9379-4952-bdeb-1b6797aa99d3.csv
1;130535.61;2019-07-26;parcelas_ed2d1174-8c63-4a6c-b275-4bbe1c888408.csv
1;32703.83;2019-07-08;parcelas_ed3696ba-400a-4a07-8c50-61e7b140ed3b.csv
1;765.1;2019-11-08;parcelas_ed38b5ce-bb79-4ce7-b4c1-a22df382c07d.csv
1;170.97;2019-05-17;parcelas_ed444d2d-6885-4341-b45b-96f7cf84df38.csv
1;15400;2019-05-27;parcelas_ed4565d0-a15b-48de-84a0-84303d9ec752.csv
1;22292.55;2019-08-08;parcelas_ed496a5b-7b92-40ff-996e-41d7d63ff430.csv
1;6202;2019-10-15;parcelas_ed50f703-01c8-4a22-ba2d-c4507ff8402b.csv
1;6436.95;2019-10-30;parcelas_ed537227-14c6-495e-8ae8-117e3ba584a5.csv
1;40633.4;2019-07-10;parcelas_ed574d08-a4bc-48b5-b8c8-9a68f1fc130c.csv
1;6212.5;2019-10-30;parcelas_ed5b0775-7035-451d-b8ec-380b5b78d427.csv
1;288233.53;2019-11-28;parcelas_ed5b7ad1-4c54-41ec-ab09-82616acfc94a.csv
1;9800;2019-11-25;parcelas_ed68a542-cef2-475f-8132-97520cadfd15.csv
1;755;2019-12-19;parcelas_ed69672f-7431-4209-9950-d7793da42f2c.csv
1;13086.42;2019-03-29;parcelas_ed696eee-390a-4b78-b561-fec73ce79f63.csv
1;11640;2019-08-30;parcelas_ed6ccfe4-fc6a-4d5e-af28-4b1af1d44800.csv
1;83444;2019-08-15;parcelas_ed6d5425-94a5-4f65-b7af-009051033829.csv
1;150;2019-11-11;parcelas_ed7c0c84-2857-4bf1-b03c-724b7fc7c539.csv
1;994.48;2019-01-07;parcelas_ed82c2d8-b114-466b-b136-63a70caa38d3.csv
1;2496.15;2019-10-21;parcelas_ed9074b9-8874-4208-aa49-18b88d5b1c4d.csv
1;18365;2019-09-16;parcelas_ed90b9ba-7123-494c-bdbc-4cae338787d7.csv
1;6443.5;2019-08-30;parcelas_ed92b36b-fabd-4729-b072-34a91794f1a2.csv
1;19996;2019-01-10;parcelas_ed993f1c-ee76-4298-a4dd-bd86b8546db4.csv
1;2248.37;2019-09-18;parcelas_ed9e54da-6fd0-429d-a0f8-ae15e65fc547.csv
1;806.1;2019-05-08;parcelas_eda77fd7-3d45-4119-a53c-ed89b0004d92.csv
1;112.29;2019-09-26;parcelas_edad60d0-bad0-449a-a814-acfdc671b88c.csv
1;284.2;2015-12-01;parcelas_edb210c8-4ea2-44d4-9a16-df3ef93a58f0.csv
1;1996;2019-09-26;parcelas_edb74f85-3041-479a-af59-489f731fe0a7.csv
1;48000;2019-06-19;parcelas_edb834d3-8c2a-483f-95c7-19e60ce143c6.csv
1;17056.53;2019-06-27;parcelas_edbb62a0-6e99-4cb7-9d53-bb381686f69b.csv
1;15722.98;2019-01-04;parcelas_edbf500a-55c4-47fd-b436-1da6174adcbc.csv
1;568.37;2019-12-06;parcelas_edc24c96-71d5-4246-b0a1-2e652c6ca3ba.csv
1;277.99;2019-03-29;parcelas_edced7ca-37bd-45cc-a46c-f434d360b528.csv
1;808.26;2019-12-30;parcelas_edcfef8f-ebfb-4c7e-bb14-2982f5bc09df.csv
1;541459.46;2018-12-31;parcelas_ede09a19-6a93-40f4-9de3-cd92811c7fb3.csv
1;28017.45;2019-06-27;parcelas_ede963c4-a62d-465d-b1fb-cef8b1563080.csv
1;2272.27;2019-08-30;parcelas_edfc482d-35f5-4840-87c0-fe490a215b2b.csv
1;34017.96;2019-10-16;parcelas_ee108ebf-a175-4512-b9f1-3c78bd8a1af0.csv
1;40.3;2019-03-12;parcelas_ee155537-c331-46b9-9da7-6e3cd23aa2d6.csv
1;20631.76;2019-08-14;parcelas_ee18aa13-1855-4f71-b9c5-f2369b32d87d.csv
1;144.12;2019-06-14;parcelas_ee1a3a1a-bd79-46bd-80ef-b941309ab2dc.csv
1;2918.43;2019-05-31;parcelas_ee1b035a-511e-44cf-98fb-d8af580f974c.csv
1;180.66;2019-01-31;parcelas_ee258b57-94b1-4fd8-8744-0a910366bb59.csv
1;224583.33;2019-12-11;parcelas_ee293cc6-7bb8-4d53-ac75-b59c5b806192.csv
1;613.23;2019-11-29;parcelas_ee29d5be-f587-4706-80e9-deb06e32b2f9.csv
1;2383.88;2019-08-30;parcelas_ee2a914c-a8ad-4ae6-997a-0dae25bb0304.csv
1;135;2019-07-12;parcelas_ee372b28-1e51-4a56-a6b0-bd1f345a4a4c.csv
1;3114.4;2019-11-14;parcelas_ee3e758e-6345-4265-bcd1-7f3927d73f56.csv
1;36144;2019-10-04;parcelas_ee4c7656-7bc1-4afa-8d88-340c4f472cbd.csv
1;932.36;2019-07-22;parcelas_ee51b91d-a1ae-40fa-ad0a-c86690a7da6e.csv
1;7014;2019-12-30;parcelas_ee5bb55a-e995-4f8e-ab33-543cbce7be3b.csv
1;19440;2019-06-27;parcelas_ee5f4ee9-63fb-4602-b192-760c66e2c633.csv
1;375797.14;2019-12-11;parcelas_ee613b60-e56c-4f55-8f9d-e2bd91c19241.csv
1;4000;2019-03-18;parcelas_ee684b32-da2b-4db8-8147-e58497d0f132.csv
1;2851.18;2019-11-18;parcelas_ee6a5ac7-fff0-4714-87f7-07b33d56b724.csv
1;2555.09;2019-01-31;parcelas_ee6e1258-b3b8-480d-8829-a4107c4a7501.csv
1;3182.29;2019-06-10;parcelas_ee6ffbb2-f82e-4e2e-9a91-66faf0a43f59.csv
1;26385.12;2019-09-26;parcelas_ee705e1d-2b9b-4731-ac0a-f33cb0ff8bad.csv
1;237.68;2019-11-28;parcelas_ee7d2133-b148-4a6f-8d69-988a6ed0f0ee.csv
1;7918.74;2019-10-30;parcelas_ee7e3637-6ee0-48a7-90fd-0c4598803506.csv
1;13286.67;2019-08-12;parcelas_ee8736eb-c840-480b-a241-643b2be42d80.csv
1;1219.59;2019-08-19;parcelas_ee88e7d0-1a16-43c3-9222-60cf528e1125.csv
1;4733.15;2019-01-28;parcelas_ee90ee76-98b8-43ce-855c-09d371a71977.csv
1;1385;2019-12-16;parcelas_ee91e332-3b82-40ad-88e7-d3f8c34a8673.csv
1;1120.54;2019-05-21;parcelas_ee9258a0-99c7-4986-8f1d-fd9e53d061be.csv
1;95000;2019-01-02;parcelas_ee93f5ea-3f55-4fbc-9347-18264feaf04c.csv
1;662.17;2019-04-29;parcelas_ee9bda80-3640-4bf0-8d4c-8ef9cfecda7d.csv
1;1365.35;2019-04-22;parcelas_eea8b894-f820-4ada-8d00-0ed63123ac78.csv
1;5409.99;2019-02-28;parcelas_eeafa92f-1eff-49aa-9948-252f7dc57042.csv
1;11167.21;2019-06-19;parcelas_eeb0c343-a288-4f75-aa9a-6576b4c4c7ba.csv
1;137542.67;2019-01-28;parcelas_eeb0dc69-a895-4a47-ad62-ec956314bf16.csv
1;19940.65;2019-02-21;parcelas_eebaf54a-195a-4089-b265-0c9fdb2c4f04.csv
1;3886.68;2019-07-15;parcelas_eebb9913-b528-44fd-b5ad-237e933479ec.csv
1;2347.47;2019-11-25;parcelas_eebc4888-4d83-4477-81f2-8c5273e1cc53.csv
1;27212.13;2019-04-30;parcelas_eec0101e-c9b5-48fd-96d6-9082803410a5.csv
1;48945.2;2019-03-13;parcelas_eece3d19-c0c6-4585-80dc-7d5303be1711.csv
1;6453.5;2019-01-02;parcelas_eed17e13-54d9-43b4-a15b-44f33241ed0c.csv
1;47123.6;2019-01-04;parcelas_eed8c59a-56c4-4be5-95bc-8201a34a6576.csv
1;50179.43;2019-07-31;parcelas_eee183b2-9bc3-4350-b63f-1431f75e56c4.csv
1;10750.04;2019-05-08;parcelas_eee2ea7e-fd43-4bae-8e1a-7e0ba8ee36ad.csv
1;700;2019-09-02;parcelas_eeeabae8-a2ce-4189-96de-f647435ac707.csv
1;556;2019-01-02;parcelas_eeedaf1e-bbbd-41be-ab77-73314bdf2635.csv
1;12125.07;2019-10-25;parcelas_eef66103-b802-4b05-8ea2-59d99d55afe6.csv
1;296.09;2019-06-17;parcelas_eef9b1e7-8440-4880-9463-9c45d7407580.csv
1;1035.4;2019-01-23;parcelas_ef0484ce-1354-499d-a06d-1233b8af6b48.csv
1;10440;2019-08-15;parcelas_ef090000-dbf0-49b0-8bab-e32dc52f9b25.csv
1;2115.55;2019-06-04;parcelas_ef0f39ab-8cb0-439d-ac66-b90db104c4c5.csv
1;1407.59;2019-03-29;parcelas_ef142deb-ae24-48a1-bf66-23e4b98bbc98.csv
1;27563.33;2019-08-26;parcelas_ef16e437-3b1b-4a7b-b5ed-7ebfeffd960b.csv
1;504.99;2019-09-18;parcelas_ef172f0e-9d9f-4b83-ba14-ac2a21dae40c.csv
1;405.07;2019-07-29;parcelas_ef1bcb62-b0eb-45bd-8b95-6ea58911b696.csv
1;2049;2019-05-27;parcelas_ef1c00d7-a00c-44e2-ad14-815cbd1ff7c0.csv
1;212.5;2019-06-21;parcelas_ef1de610-7be6-4a96-a9f0-e977908e3c51.csv
1;20683.25;2019-10-30;parcelas_ef243e3f-73cd-4cd8-b3be-44c1a9975e7c.csv
1;671.74;2019-01-02;parcelas_ef373bb7-80fa-4389-84ae-c3361cd1ea27.csv
1;3592.3;2019-10-25;parcelas_ef387eae-c5d0-41b4-b292-0c9dd6ba925d.csv
1;925600.91;2019-03-22;parcelas_ef39fe96-836a-4f6c-b45d-977bde1ca7af.csv
1;1725.85;2019-11-28;parcelas_ef3aa24e-6263-41ec-a271-65fc28e7670a.csv
1;4095;2019-10-30;parcelas_ef3f2545-979e-408f-9111-9e1d5f5b5a9c.csv
1;65.1;2019-01-23;parcelas_ef420961-b723-4817-ac4d-04f50b4e7eb6.csv
1;1203;2019-01-23;parcelas_ef43e79c-2fb4-43a0-a833-91222acc2b16.csv
1;24128.15;2019-12-24;parcelas_ef46e9c8-2df0-446d-a2e4-28ce903ae639.csv
1;1120;2019-02-14;parcelas_ef54fcc5-01e6-4faf-ba9a-598d1f0e0403.csv
1;52791.01;2019-11-28;parcelas_ef5766c3-6ebd-4aa4-bbed-9527e171b42d.csv
1;1819.11;2019-10-25;parcelas_ef5a3b55-59e5-478b-a8d6-0ed519f87adf.csv
1;5344.55;2019-07-04;parcelas_ef629ad0-3df0-476f-96f7-c430d8adeb10.csv
1;5825.77;2019-01-28;parcelas_ef6616b3-e9e6-4cd7-a9fa-69dd80e5a195.csv
1;357181.81;2019-12-05;parcelas_ef6f9d81-5966-410a-a08b-5945017ac43d.csv
1;65;2019-09-04;parcelas_ef7199b5-94a5-4018-84be-849527d074ac.csv
1;5567.34;2019-03-29;parcelas_ef7a6080-941d-4d6a-8af2-996a8dbe8678.csv
1;750000;2019-05-27;parcelas_ef8860e6-0642-4f94-a3c4-9f26f2db1b24.csv
1;20189.26;2019-06-27;parcelas_ef8c4294-ae09-4577-9089-7c2d73d666f0.csv
1;29383.76;2016-12-30;parcelas_ef923f2d-a45a-4e7c-8667-98cbb5184051.csv
1;2706.39;2019-07-30;parcelas_ef93ffdf-b58a-4130-9d8c-8bb0eee08ff5.csv
1;37069.96;2019-06-28;parcelas_ef9d01cf-f5f6-4cae-8e6f-8a4ed93c6c94.csv
1;2558.28;2019-02-28;parcelas_ef9f3a4b-400c-4408-9863-2795c6cf7ad5.csv
1;85.13;2019-06-21;parcelas_efa3f56f-63e5-45ad-b5a7-eaf3d36b41d1.csv
1;679.41;2019-06-10;parcelas_efab03a0-5db6-4d43-9df7-911c1c826aec.csv
1;21216.95;2019-08-21;parcelas_efb6635b-fc8f-4f7e-9fdc-5d3995532455.csv
1;7110.35;2019-06-19;parcelas_efc30c03-ce91-40dd-b8f8-743086dee1ec.csv
1;8179.25;2019-01-04;parcelas_efc7eef3-1d50-4f6e-a53a-b20eef9088d3.csv
1;100;2019-11-21;parcelas_efc851b0-0b10-4de6-bd04-29d3adcfeb8a.csv
1;866925;2019-11-29;parcelas_efda5c3e-f9f6-4eb6-9f87-4ad027a4da39.csv
1;5486.71;2019-03-29;parcelas_efe030c6-304f-456b-924a-7bff0fe70182.csv
1;624;2019-04-15;parcelas_efe7e88b-5bfc-4631-af94-288c748dbf2d.csv
1;6750;2019-01-31;parcelas_efeb2db6-b6d2-41a1-bb61-5de3c4320a84.csv
1;4196.7;2019-01-11;parcelas_efec73d3-e0c7-41be-b5ea-1e96b511586f.csv
1;843.6;2019-05-30;parcelas_eff813e0-a88e-41dd-8f16-21aaca9f78c8.csv
1;22162.4;2019-06-03;parcelas_eff89ccc-701a-4909-9de7-6175f6c0d27b.csv
1;300;2019-04-18;parcelas_effa11f7-37b4-4656-8c63-06943c883ea7.csv
1;20176.89;2016-12-29;parcelas_f0043d39-a571-4098-a21a-650766d1217e.csv
1;11568.41;2016-12-29;parcelas_f0043d39-a571-4098-a21a-650766d1217e.csv
1;7469.55;2016-12-29;parcelas_f0043d39-a571-4098-a21a-650766d1217e.csv
1;4110.61;2016-12-29;parcelas_f0043d39-a571-4098-a21a-650766d1217e.csv
1;82.22;2016-12-29;parcelas_f0043d39-a571-4098-a21a-650766d1217e.csv
1;60;2019-11-29;parcelas_f004b14d-0daf-4e65-bbc1-ffbf91a1a255.csv
1;1001149.51;2019-02-12;parcelas_f00d09de-3138-44fa-83bd-69df5c6a0142.csv
1;5195;2019-02-08;parcelas_f01432ab-7cc5-4098-af11-e045099e7776.csv
1;2667.12;2019-07-17;parcelas_f01591dc-c746-4d6d-93ed-d5d54fbbadda.csv
1;1216123.37;2019-01-02;parcelas_f0228abe-1ab2-4d87-8900-a196efc38813.csv
1;1348076.5;2019-01-02;parcelas_f02b1786-1d1d-48f4-8034-f4c5ef5d2127.csv
1;2994;2019-04-23;parcelas_f02e511b-33ab-4056-9b4b-c3e9a51bcb6e.csv
1;734.03;2019-07-31;parcelas_f0323830-f083-4e96-a9f0-4e6331612f81.csv
1;25795;2019-06-27;parcelas_f03418e1-bf88-4606-afbb-537544e25895.csv
1;1242.93;2019-03-29;parcelas_f0354fc1-ec49-4d81-a431-971f208b2eec.csv
1;124.41;2019-10-31;parcelas_f037a409-7ae4-4d26-8b13-0c71fcb4f088.csv
1;5887.8;2019-05-16;parcelas_f037f184-a462-420e-9d95-eb579385f031.csv
1;11750;2019-05-28;parcelas_f0398ef1-6fcf-4282-b95d-871922fe7a6c.csv
1;9418.8;2018-12-11;parcelas_f03c76c6-ac85-4370-92cc-1d07d034ded6.csv
1;20421.72;2019-06-06;parcelas_f03d26c2-cffe-4236-b87b-f46aeb43d3f8.csv
1;147.52;2019-03-12;parcelas_f044c384-dd1f-4a31-bae3-1414d1d727ec.csv
1;107577.96;2019-03-11;parcelas_f04fbf97-1ff4-4f79-ad54-fc021e5509d0.csv
1;431.04;2019-10-28;parcelas_f0573a9c-d61e-4ebe-b4b1-6acf7795d8de.csv
1;1359.57;2019-01-21;parcelas_f06a2c5a-7e5f-44d4-8392-0801804cb736.csv
1;3933.5;2019-08-16;parcelas_f06cc485-3fc9-4c6d-95bc-e04d019d5247.csv
1;19789.77;2019-07-17;parcelas_f071e6a9-8a6e-427b-8d58-58332f5e0dd0.csv
1;65781.41;2019-09-27;parcelas_f089c8ad-458e-4ed2-a676-b81a4f7929ea.csv
1;9235.86;2019-06-28;parcelas_f08ae447-f7ab-451e-b1b2-6b62da14e954.csv
1;723.8;2019-09-10;parcelas_f08b2a6a-dbc9-4361-86c3-8368bea24433.csv
1;27088.85;2019-03-18;parcelas_f08d1759-e26f-433d-b71a-1870f3cea1fc.csv
1;20293.65;2019-04-30;parcelas_f0916a6e-83aa-4b52-967d-543bb09cd7fa.csv
1;7141.77;2019-03-29;parcelas_f09b8677-276c-43c5-b595-218dee3f6284.csv
1;123500;2019-12-30;parcelas_f0a1cb7c-a02c-485b-8638-177526845a79.csv
1;341.94;2019-02-11;parcelas_f0a616bd-847c-4ada-a35c-1716e62446fb.csv
1;380;2019-06-28;parcelas_f0ab102b-bad7-4587-8c57-99472fe84026.csv
1;47690.39;2019-12-19;parcelas_f0adcb00-86c9-4a6e-b8a2-e8f4d3d1067a.csv
1;2677.85;2019-11-29;parcelas_f0b4d6da-d91a-482d-8463-d63f2f59fef0.csv
1;400000;2019-07-26;parcelas_f0be7103-4643-43db-833b-95355ef276df.csv
1;136.8;2019-07-09;parcelas_f0c2a1a6-1823-46c6-86de-0bb7bf681f4c.csv
1;2438.02;2019-01-31;parcelas_f0c93b55-916a-4cb8-8059-d38948c7e773.csv
1;312;2019-05-13;parcelas_f0ca7171-bcaa-4ca7-8e24-975a68db41df.csv
1;130535.61;2019-09-26;parcelas_f0cb17b3-f45c-4e58-9567-520b4725f6c3.csv
1;75215;2018-11-26;parcelas_f0d322e7-11bd-452d-b0f5-bbe6cbdf079d.csv
1;865.5;2019-11-21;parcelas_f0dfa14b-ea2a-4d19-be02-b1bad6e8e602.csv
1;44153.65;2018-09-28;parcelas_f0e3cb6a-8a0c-4994-a734-e6acb8fdc278.csv
1;1000;2019-01-30;parcelas_f0e5729c-260c-42ae-81f2-dfec8eae3a3b.csv
1;15384.67;2019-08-30;parcelas_f0e7e721-2dc5-4192-9baa-02b7a5cbd280.csv
1;277.29;2019-12-30;parcelas_f0e9be22-e0ef-4b3e-a4a1-4915866d1d84.csv
1;18325;2019-06-21;parcelas_f0e9f526-0460-426b-af7e-48dccd61c0fa.csv
1;34.5;2019-06-11;parcelas_f0ef17b6-3122-403f-b467-3c983d995c6c.csv
1;6850.34;2019-06-24;parcelas_f0efa33a-54dc-4d33-ae3c-68b11fddf2ab.csv
1;24271.85;2019-07-31;parcelas_f0f4edfc-c0ef-4159-8b0f-452465e6044e.csv
1;2956.35;2019-12-30;parcelas_f0f50057-c94d-4aa4-b00b-8587d288975c.csv
1;10398.77;2019-03-19;parcelas_f0f80ab2-f1c4-4f60-8567-ab8ac7980ea3.csv
1;22066;2019-02-28;parcelas_f0f83f14-0ea5-4df6-bc18-6955c1520798.csv
1;2822.26;2019-04-08;parcelas_f0fb3eee-be5b-42f5-b3d8-884f0652eea7.csv
1;14981.19;2019-03-25;parcelas_f0fd01b9-9104-4f5f-a0fe-d28cd6ed2047.csv
1;1455;2019-07-10;parcelas_f1084c43-6028-45a0-aede-3c6fc9934eb0.csv
1;5736.5;2018-11-21;parcelas_f10d33fb-0a6a-4896-b8fa-36fb9ebb31aa.csv
1;4717.44;2018-11-21;parcelas_f10d33fb-0a6a-4896-b8fa-36fb9ebb31aa.csv
1;18616.88;2018-11-21;parcelas_f10d33fb-0a6a-4896-b8fa-36fb9ebb31aa.csv
1;7710.14;2018-11-21;parcelas_f10d33fb-0a6a-4896-b8fa-36fb9ebb31aa.csv
1;5552;2018-11-21;parcelas_f10d33fb-0a6a-4896-b8fa-36fb9ebb31aa.csv
1;3412.5;2019-12-19;parcelas_f10de30f-ea56-4dcb-a8af-0b0205587b7d.csv
1;17352;2019-03-12;parcelas_f10eb449-df00-4914-a01f-d17edbe00d64.csv
1;5750;2019-11-11;parcelas_f117eca1-4f22-43c5-a64f-fd43c528d166.csv
1;163.33;2019-08-30;parcelas_f118aad1-be0b-4b8c-bf78-0e8b586fdffc.csv
1;2867.16;2019-06-03;parcelas_f118e62e-7f58-4509-930f-bcec78937c31.csv
1;78;2019-06-17;parcelas_f11b8851-ffd6-4561-9bdb-ab72a8126a1c.csv
1;100000;2019-05-28;parcelas_f11f4580-df43-4abd-af7e-2daeaff2a776.csv
1;1600;2019-05-13;parcelas_f12c817c-31db-43d3-8a9d-87b1697335f0.csv
1;4521.95;2019-12-11;parcelas_f1333c0a-360c-4369-95cb-db91322acb13.csv
1;127199.2;2019-09-30;parcelas_f13c444e-2235-464e-a570-83c60ff795a4.csv
1;544.58;2019-03-25;parcelas_f150a28f-563a-4ada-8c3d-7753d6dae417.csv
1;524.67;2019-04-08;parcelas_f1540403-c078-4f8a-b5a4-d8b730781ee5.csv
1;3886.8;2019-05-21;parcelas_f15aebf8-e446-4916-bfa5-46cea976016d.csv
1;286674.74;2019-05-28;parcelas_f1681d8d-bc80-4b17-8e64-6d35102c903c.csv
1;12555;2019-04-17;parcelas_f169ce75-5f9a-410e-9a38-6aa9a54a9501.csv
1;2139.49;2019-02-01;parcelas_f16af392-c0d1-47be-a97b-43a3d6ae3246.csv
1;1396.02;2019-04-30;parcelas_f16f0a7e-cade-47eb-bafe-304d7f169243.csv
1;660.01;2019-09-05;parcelas_f1716a4d-3c45-4839-b1cf-01526328a46f.csv
1;122551.22;2019-06-27;parcelas_f1732ce3-5a8b-478f-865b-18cd0c368609.csv
1;900;2019-08-08;parcelas_f1781245-e162-4fbb-b135-e73f596aa995.csv
1;53012.95;2019-10-08;parcelas_f17f8d3f-9c9f-480e-9714-78ef4bade4e3.csv
1;31181.09;2019-09-30;parcelas_f1812447-8695-4a54-ab10-edbdd7188788.csv
1;22702.25;2019-04-16;parcelas_f182205f-15c7-4f88-9ccc-648cdfec0dc6.csv
1;3768.33;2019-12-19;parcelas_f185760f-9d1b-4f0f-8d39-6a30c78a64ce.csv
1;130535.61;2019-11-28;parcelas_f189bd3e-4164-4a8c-b459-1d57c19609d7.csv
1;46402.17;2019-09-30;parcelas_f18a4bb2-f5a7-4907-8e4e-04f0eba9c972.csv
1;3548.3;2019-07-23;parcelas_f194e297-0606-4dda-839b-4c83e3cdab69.csv
1;9771.4;2019-05-02;parcelas_f1993667-a556-4ae3-a9b7-0c1eda201d30.csv
1;238162.1;2019-05-28;parcelas_f19a849a-5cf2-42e3-a803-398974652bec.csv
1;4799.54;2019-06-19;parcelas_f19f869b-db0b-4a60-bfa3-db121001d649.csv
1;580;2019-02-15;parcelas_f1a663b1-7768-4e17-9ced-354063c5fbe9.csv
1;292.92;2019-06-10;parcelas_f1ba5f1b-6980-4823-9d08-627ab0a23891.csv
1;3640.44;2019-09-30;parcelas_f1bba706-8c1e-4722-a752-fa7bcc749633.csv
1;89.41;2017-12-31;parcelas_f1c0bb14-c092-41a7-b34f-a8b737ee647b.csv
1;1240;2019-07-25;parcelas_f1c2bdea-137e-46a9-9bca-494300090609.csv
1;2242.4;2019-07-29;parcelas_f1c6e82a-552a-4ec4-9aae-b408c4c5d16d.csv
1;678.7;2019-03-18;parcelas_f1c9cb20-b665-4ed8-a854-22734b6e2af7.csv
1;196.01;2017-12-29;parcelas_f1ccb8f6-f19d-44fa-9f2f-53bb46243a08.csv
1;45630.9;2019-03-20;parcelas_f1d43483-e588-472b-b320-f195964f90d3.csv
1;240;2019-08-05;parcelas_f1dc8a22-4f88-4ee1-933d-4b7469a97dd5.csv
1;47007.92;2019-09-30;parcelas_f1e5b27e-25a2-4ca9-a6ec-6401d98f0f56.csv
1;51723.88;2019-01-28;parcelas_f1e9f9cd-3006-463b-bfb7-0a0ac2d37422.csv
1;96579.02;2019-05-14;parcelas_f1ea2e4f-6280-490f-9a89-0733a2165083.csv
1;714.93;2019-05-20;parcelas_f1f6cffe-7560-42b0-9631-342c4218f522.csv
1;1578.37;2019-09-25;parcelas_f203e41a-77b1-4586-9a6f-e7edfac2120c.csv
1;28496.2;2019-07-29;parcelas_f204e174-e329-4bdc-98cf-d15b0c913eba.csv
1;765.44;2019-01-10;parcelas_f2128508-505b-44f3-88e5-a37f3366ba43.csv
1;79.79;2019-12-19;parcelas_f2166571-840a-44de-b43b-10b4efd7ed0f.csv
1;204.33;2019-09-25;parcelas_f21ad2cf-e47f-4be5-b200-6b87043a4a8f.csv
1;3040.66;2019-04-23;parcelas_f220dc8c-3494-4ef6-9cc6-7568d48fe122.csv
1;636;2019-04-04;parcelas_f22bc1a3-73f7-4028-ac7a-d02ea1cd7e3c.csv
1;10237.5;2019-10-30;parcelas_f22d0b00-cbe9-444c-9a79-38ad3a31d721.csv
1;470;2019-01-14;parcelas_f2302656-3f73-44f7-88df-10326af1a8a0.csv
1;1270;2019-10-04;parcelas_f235dc39-15ae-430d-ae8a-22703e1da980.csv
1;53345.82;2019-08-30;parcelas_f24f7739-94a7-41df-8f6a-bb91b6bdee16.csv
1;5536;2019-06-21;parcelas_f258962e-4bd7-4683-95cb-13c3ed06dcff.csv
1;2771.63;2019-12-13;parcelas_f2593f18-d33e-478a-92e8-604ce633da2c.csv
1;14766;2019-01-02;parcelas_f260bf31-060e-4b97-a935-b91d7b6c4bf3.csv
1;1831.53;2019-07-31;parcelas_f264b3f8-27c3-4cbf-8438-e22d2d3fe49a.csv
1;1050.86;2019-05-02;parcelas_f26520e5-cebb-4602-abb7-67fd9ed469fd.csv
1;4864.06;2019-07-31;parcelas_f26b0c71-e0e1-4ecc-8513-05d2283790e9.csv
1;3250;2019-12-06;parcelas_f26cba31-d9b5-4b7d-80e5-25d4093509d7.csv
1;528.01;2019-04-29;parcelas_f2717c26-d82d-425d-a2ae-d12d9edba611.csv
1;16244.62;2019-07-31;parcelas_f282e51d-70b8-4a4c-9882-c10a1d537bd8.csv
1;34311.47;2019-02-28;parcelas_f287bd0a-28c3-4692-944a-ba3683a0fa8d.csv
1;60.85;2019-06-24;parcelas_f289935a-dba0-446e-9753-e57c3f495b49.csv
1;2943.86;2019-04-30;parcelas_f28e95d8-12a4-4585-b597-eb5b28b8f751.csv
1;162883.24;2019-03-29;parcelas_f29277c2-33c6-4436-9dc7-ab1c0e7c882a.csv
1;18.3;2019-11-14;parcelas_f292bed2-c38c-42a9-a7e0-aecf2f4a80b9.csv
1;194.08;2019-09-30;parcelas_f296af53-1355-4c18-aec2-44f54c0d68d0.csv
1;9250;2019-09-26;parcelas_f29ccfe8-10b9-4715-9a8c-c562c79dadf7.csv
1;4.57;2019-09-13;parcelas_f29ffa6e-6101-4531-8653-e78bb18803ff.csv
1;2584.4;2019-04-17;parcelas_f2a04dc7-d79e-4aa7-b6d2-f65fbb33d224.csv
1;786.69;2019-01-31;parcelas_f2aaa388-0dad-4e04-bc12-7a9cb361d702.csv
1;2340.86;2019-08-22;parcelas_f2b166af-42c8-437a-b01f-e1cae3974c64.csv
1;672544.78;2019-03-22;parcelas_f2b68f4b-f08b-4fbd-8d96-3ab25a24c6fd.csv
1;879.66;2019-10-14;parcelas_f2b86423-2625-423b-aa0e-3d79225075fb.csv
1;6713;2019-02-11;parcelas_f2bb5a0d-5afc-4341-b0b3-b230a7f9da38.csv
1;530.6;2019-09-16;parcelas_f2bf1bd7-eea2-404f-b20d-1327b8ff7bb8.csv
1;5994.4;2019-02-21;parcelas_f2c206c6-7dc5-4c63-b10f-b338fd45f786.csv
1;30;2019-01-08;parcelas_f2c23c6d-abf6-4abe-9dd0-5cabe34c772b.csv
1;185506.17;2019-04-29;parcelas_f2c43f31-7e1d-4aeb-bf94-fecb4f14e4f3.csv
1;4756.77;2019-04-30;parcelas_f2c67625-6eb8-497a-9590-0bb2c2c7c649.csv
1;20113.62;2019-05-03;parcelas_f2c965c7-0a02-4025-9350-c367bca3e4a5.csv
1;2362.5;2019-10-07;parcelas_f2d6c884-fd72-4103-8209-4f2a67f40aea.csv
1;39358.23;2019-04-03;parcelas_f2dad48f-0ddd-45fc-a32f-1248519c7acc.csv
1;24024;2019-07-29;parcelas_f2dfc089-23e4-47cb-b498-603409ac9f78.csv
1;15413.62;2019-05-15;parcelas_f2e1c7fe-57b4-4c48-8da4-82fbdfe8e4c3.csv
1;13750;2019-09-23;parcelas_f2e20d91-4fd2-4200-a835-d673e08fb05e.csv
1;1148.76;2019-05-31;parcelas_f2e217eb-e51a-4942-97a2-1d890ed4737a.csv
1;3116;2019-03-19;parcelas_f2eed89f-f68f-4bba-bd42-64e9394b9bd0.csv
1;26541.03;2019-07-26;parcelas_f2f50b9c-6ffe-41fc-89a3-76f27100ca65.csv
1;1870.58;2019-10-22;parcelas_f2f5808e-6e09-4bd8-919a-08cd6817a7dc.csv
1;3480;2019-03-12;parcelas_f2f80869-0132-4bf9-b4f2-155a67f3a44d.csv
1;3206.2;2019-08-05;parcelas_f2fee8cf-9405-4b71-9503-b6dd95604bde.csv
1;5000;2019-02-25;parcelas_f3015885-d05d-4477-a966-9f64b12b8495.csv
1;19591.15;2019-12-11;parcelas_f304209c-ada6-4772-867a-0871873c83d1.csv
1;295.72;2019-08-30;parcelas_f30760ef-cdc5-4c30-9923-751849ca5ecd.csv
1;246.55;2019-11-11;parcelas_f3080446-ae50-4fc5-81ce-19bf8e3a168e.csv
1;3394.12;2018-03-20;parcelas_f30ee849-2f16-4f82-9b03-3b421e7adda7.csv
1;5645.8;2019-01-23;parcelas_f3100e53-7a2b-467b-989c-26d9e7291983.csv
1;11735.88;2019-02-21;parcelas_f3202eed-1801-4ed9-bb03-4eb4cb3cf8c8.csv
1;3483.3;2019-08-08;parcelas_f320e01e-73bb-48f5-8661-85ffcd1a61f9.csv
1;2785.88;2019-09-03;parcelas_f3236398-40f9-496f-902e-139b9148653d.csv
1;3760.24;2019-10-30;parcelas_f32de704-7710-49ca-afcb-a3e96d9918a3.csv
1;11446.34;2019-05-07;parcelas_f336851b-3585-4c60-acdb-4877047ab5b3.csv
1;1216.16;2019-11-14;parcelas_f33abf8c-ccf0-4c37-834a-b6b1ebbc664f.csv
1;4708.27;2019-10-21;parcelas_f33e2d2a-39c0-4d1f-bb98-b9b10357f480.csv
1;2328.34;2019-01-25;parcelas_f3433986-08de-4a58-865d-aed24da48b16.csv
1;3910;2019-09-23;parcelas_f3438933-f17d-413d-9e39-b7c1aa4a1175.csv
1;21739.78;2019-01-10;parcelas_f354c1b5-2f23-4370-bf96-13a2e7a34b12.csv
1;79.79;2019-11-26;parcelas_f3556e47-1199-4f05-bf72-b37ad511b201.csv
1;110.58;2019-05-28;parcelas_f3635d64-90cb-4b92-9191-9fd043845a04.csv
1;2180000;2019-01-23;parcelas_f36594bb-2d0d-4735-b09e-7a6e0660107b.csv
1;44153.52;2019-10-30;parcelas_f3730c66-5291-4b53-9433-c21f64a08df6.csv
1;10699.09;2019-04-30;parcelas_f375bfdf-3785-40c9-97b3-2cf27462009a.csv
1;29711.04;2019-08-27;parcelas_f376b281-17b9-4fc9-83c1-f8a95571d7a0.csv
1;10516;2019-04-30;parcelas_f376eb05-ef2c-4a77-a1a2-085a0b2c311a.csv
1;21967.74;2019-09-10;parcelas_f3786b49-869c-41c4-b20f-0bec9d49846e.csv
1;78450;2019-02-18;parcelas_f3810a9f-4952-4264-8ce7-e76777f24564.csv
1;238162.1;2019-08-30;parcelas_f389424e-4adb-4079-8fbb-b6c3e23c1e07.csv
1;728.84;2019-10-11;parcelas_f392108a-280e-4839-91f0-179dae2ed170.csv
1;7169.17;2019-12-19;parcelas_f3944e91-1a0d-408a-aada-d8404d00042b.csv
1;603601.86;2019-11-28;parcelas_f3970196-cd58-4415-a1d1-805c67afc674.csv
1;28790;2019-08-12;parcelas_f3978edc-e540-44ce-98d0-88c6928451a8.csv
1;268768.12;2019-12-30;parcelas_f39eb430-aea2-43cf-8354-00ef401477db.csv
1;31958.31;2019-01-02;parcelas_f3a877c3-1d96-4a0b-9561-2c6dca15f2ef.csv
1;211756.79;2019-06-07;parcelas_f3adb03f-a38d-430c-be2d-8e776e57cdeb.csv
1;85273.5;2019-08-30;parcelas_f3b2bb44-ad32-4675-8144-5560fc1b0f39.csv
1;204.61;2019-11-29;parcelas_f3bd97a5-44cc-489b-ac22-ab91332cec1d.csv
1;8973.5;2019-09-02;parcelas_f3beac5c-20f9-4bc4-800e-c4a42c99ef79.csv
1;500;2019-07-01;parcelas_f3bf1cd6-cd35-4b07-82a1-5e2618efd735.csv
1;1820.58;2019-06-27;parcelas_f3c5783a-7a78-4e86-850d-68b8a390f598.csv
1;5967.51;2019-07-31;parcelas_f3c72456-0ad2-4d05-9134-98a90c3a5211.csv
1;19180;2019-11-25;parcelas_f3c94e97-cc4e-4b83-9b0e-d3ad3864832c.csv
1;113061.98;2019-04-30;parcelas_f3cf7c47-5790-421d-bbd7-cbe91cd32ebb.csv
1;3722.73;2019-11-26;parcelas_f3ddbde9-bc20-4e39-b699-06bfa2d6db38.csv
1;727872.21;2019-06-28;parcelas_f3e046e3-84c6-46b4-8bb2-4e07eeab550f.csv
1;297207.34;2019-08-30;parcelas_f3e7d8cd-7b92-4958-9421-9be505304184.csv
1;69362.8;2019-03-13;parcelas_f3eb273c-5126-4752-83c6-fd87b24d9672.csv
1;274504;2019-01-02;parcelas_f3f35d0a-24d7-4b8d-bea1-d7f264bed7df.csv
1;170.97;2019-09-09;parcelas_f3f79751-29fc-4ddb-a909-403fd8aa4f00.csv
1;1200;2019-11-05;parcelas_f3fb58b3-d85a-4364-9c74-25ed659aa9a4.csv
1;1397.2;2019-04-04;parcelas_f3fc1d39-e16e-4a28-a942-1b6310cff009.csv
1;25189.7;2019-02-14;parcelas_f4064ee1-9051-4759-b293-a73c311d4df1.csv
1;11547.6;2019-08-15;parcelas_f4119664-2954-42ec-9b6f-08be8e0f140b.csv
1;392;2019-08-22;parcelas_f413b95f-ae64-4cca-8a1a-6e604da96331.csv
1;846.3;2019-07-11;parcelas_f4144f2e-2048-4e7c-a278-640e9380147e.csv
1;1208.56;2019-07-31;parcelas_f420225b-76d5-4d57-81a5-5c31629d7129.csv
1;370.34;2019-06-03;parcelas_f4208472-0cf9-443c-a945-cfcc0e940453.csv
1;6800.24;2019-03-28;parcelas_f420f763-bb52-4aee-8b85-c497542c9b3c.csv
1;5720;2019-07-10;parcelas_f42234d4-8033-40c4-8b45-840e78d7222d.csv
1;2976.05;2019-02-07;parcelas_f4278ed8-ef70-4ccc-acfc-c06883b3ca75.csv
1;54054.73;2018-12-31;parcelas_f43503cc-a298-4f4a-b275-93809100ef5f.csv
1;132.11;2019-09-19;parcelas_f436d2d3-b8d8-478e-a3db-3460c4564ede.csv
1;31120;2019-08-23;parcelas_f43740e7-9afc-4ca9-8f9c-b8b7e93132eb.csv
1;61659.75;2019-01-28;parcelas_f4396eaa-668d-4427-83bf-ee9161886332.csv
1;3720.05;2019-01-25;parcelas_f43e7467-10b5-4173-a964-eb5786cc2896.csv
1;140092.94;2019-01-02;parcelas_f4414c6a-910c-4b31-9bbb-5e929a553765.csv
1;2990;2019-08-05;parcelas_f4432657-9341-4e62-8534-e361eb4462a0.csv
1;50;2019-03-25;parcelas_f44373e9-a8e1-4f45-a1c1-6857b70a10d8.csv
1;2000;2019-07-31;parcelas_f447bc3a-2e0f-4676-b4c1-e247895b84cd.csv
1;65.4;2019-04-22;parcelas_f4632ba9-21d9-4880-bb6d-c922838cc2b8.csv
1;65;2019-04-16;parcelas_f46400a9-ece5-42ac-ae9a-b4ce8788d04a.csv
1;954;2019-10-29;parcelas_f4679f2e-fdd4-49e5-b247-b62aaf0d9c7b.csv
1;105713.83;2019-07-31;parcelas_f46f6763-9527-4b6b-a58d-0a4c1174de8d.csv
1;53870;2019-04-09;parcelas_f471dccc-1532-4fb9-9dcc-7ac15318dc18.csv
1;1640.1;2019-02-14;parcelas_f47f20b3-66f6-4003-bb87-b06a35bc1d69.csv
1;769128;2019-08-30;parcelas_f4839ebf-6f75-40e2-b595-b4ee95ca1383.csv
1;32250;2019-10-21;parcelas_f48ecb6a-3653-4dfe-87cf-d2e6eee01434.csv
1;450000;2019-04-03;parcelas_f496ae8f-a523-4267-9278-2df39b4a43e7.csv
1;24582.02;2019-07-31;parcelas_f49a19d1-b80e-4e06-a613-5d36991ca3b8.csv
1;284.95;2019-08-12;parcelas_f4ad3222-50b9-4918-8011-109e70bbe02d.csv
1;17346.74;2019-11-28;parcelas_f4ae32a8-b448-47aa-b0fd-a0c6d5b4a605.csv
1;119250;2019-06-05;parcelas_f4ae3ff3-ed4b-4c2d-9d68-41bd2098fb20.csv
1;2420234.6;2019-12-31;parcelas_f4aeee40-7951-42cf-a784-344312b389c8.csv
1;51.81;2019-07-18;parcelas_f4b5a2ed-9fe2-4610-b45d-865c1f97cded.csv
1;11540.32;2019-03-08;parcelas_f4b994f3-cbdb-4f93-a1d4-c2eaff69bc01.csv
1;3500000;2019-05-31;parcelas_f4bc4d23-2ddf-4cd3-93cb-49b96583da4a.csv
1;375.8;2019-09-24;parcelas_f4c2d397-0a63-415a-bea3-15569a23a2c8.csv
1;7488.53;2019-06-21;parcelas_f4c5173d-78b9-4918-91f4-693398c8d747.csv
1;110571.16;2019-11-28;parcelas_f4c6aa04-bec5-41eb-9337-1ae14fa56aaa.csv
1;13522.5;2019-05-15;parcelas_f4c758d9-da98-42dc-8390-a6150da29a70.csv
1;3024;2019-11-27;parcelas_f4ccb6ee-a923-401e-a1fe-418d4cb2edd1.csv
1;211756.79;2019-04-04;parcelas_f4d44f57-ec88-47b8-b3e2-2184bef4204f.csv
1;3042.1;2019-09-30;parcelas_f4d6bcba-ac1b-4449-a68e-47037fd50fa8.csv
1;497;2019-07-15;parcelas_f4dcd59f-c34c-43e4-ab0b-7b069d23f53d.csv
1;600;2019-04-22;parcelas_f4dce253-9d5d-4cf5-a0c3-df32916cb19d.csv
1;1227.31;2019-10-21;parcelas_f4e04245-9bcc-4585-9d62-abf50cbe2444.csv
1;4952.5;2019-08-30;parcelas_f4e1945f-d4b4-430c-9eec-c249d6e51186.csv
1;145677.47;2019-02-28;parcelas_f4e2983e-681b-4fc8-b73d-362105c05adb.csv
1;1203.96;2019-01-31;parcelas_f4e5ade0-146b-4923-91e2-fa6323fade2e.csv
1;5250;2019-05-28;parcelas_f4e5bfdc-179a-4e36-94d9-b975e46315c0.csv
1;710;2019-02-12;parcelas_f4e6abc9-23a6-4eb3-b712-635fa8591172.csv
1;5350;2019-05-14;parcelas_f4ea9617-8a22-4533-bedd-e5abaebd1eb5.csv
1;15000;2019-10-31;parcelas_f4ec7791-a3b6-47d0-b26c-446eab59257c.csv
1;1042.9;2019-03-25;parcelas_f4ecaa34-f1bf-4a9e-b591-f73f7a551da0.csv
1;3445.2;2019-02-11;parcelas_f4f01764-e46c-43af-aa9e-d40bd958f09f.csv
1;166009.68;2019-05-14;parcelas_f4f17163-d527-4c06-ac26-df6572a7769c.csv
1;1827.04;2019-07-18;parcelas_f4f56163-11fa-4523-a0b8-8757c5554d0f.csv
1;8103.97;2019-11-28;parcelas_f501f42e-d6ae-4392-89b0-9f380648f0fc.csv
1;1225;2019-06-27;parcelas_f50c1e38-8a68-4c97-b493-80cbf144b173.csv
1;85.96;2019-04-23;parcelas_f5132c27-507c-404e-874c-7793429b46af.csv
1;2100;2019-03-12;parcelas_f51bf81b-55cb-4ea2-9e81-ada8de820cdd.csv
1;849709.55;2019-01-31;parcelas_f521c55d-c1f3-4394-95f0-db23579b6aa1.csv
1;227.96;2019-09-03;parcelas_f52cdc2e-7eeb-4c1e-915d-a22dcd40f651.csv
1;33254.28;2019-04-30;parcelas_f5355c3e-1931-4499-a3e5-dcdc36b4be64.csv
1;423.15;2019-09-17;parcelas_f53cdc27-1eb2-46cb-a98b-dba4b47063f7.csv
1;1800;2019-08-16;parcelas_f53e4eda-d6b1-4d06-9ed3-37f2042f6ca0.csv
1;20567.06;2019-05-28;parcelas_f5489b12-1e7b-489b-8f38-2fa420f073e4.csv
1;5130.32;2019-05-08;parcelas_f54a87a0-13dd-4880-aca1-b1fc8a530067.csv
1;21902.95;2019-05-07;parcelas_f54d8547-6fe3-47fb-8908-81741da81886.csv
1;535.71;2019-08-19;parcelas_f54dfc78-b72f-487c-9dea-a5adff940aa8.csv
1;2154.33;2019-03-29;parcelas_f54ffede-b420-46fa-929f-dbd5d6a505a8.csv
1;11405.59;2019-06-28;parcelas_f55caec4-1fe2-4f1b-aa4e-c1614a03598d.csv
1;51932.45;2019-12-11;parcelas_f561ff3f-a09a-4915-bcb8-915e0867611a.csv
1;67118.47;2019-08-23;parcelas_f56ea7c2-817c-4d07-816e-104283e874cc.csv
1;297916.58;2019-01-02;parcelas_f576c0ad-87cd-4e97-832a-448e8181299e.csv
1;11700;2019-05-14;parcelas_f57ab10d-5704-41be-a27c-4f135cc52c71.csv
1;76624.16;2019-02-28;parcelas_f57e4615-74c1-4ad5-9d4c-05f41ebdc190.csv
1;6484.1;2019-06-10;parcelas_f57f1d58-b777-46b1-8ad4-6ec5b226a739.csv
1;10997.89;2018-08-20;parcelas_f58eeb74-8530-4755-b46c-26befad7b75c.csv
1;257766.49;2019-12-31;parcelas_f5907334-4e0a-491b-bf01-6c0bc42452cc.csv
1;4095.83;2019-06-19;parcelas_f5a03c14-77f5-47a7-8b43-2fadd55e0653.csv
1;12580;2019-01-16;parcelas_f5a2155c-0739-433e-9096-c03d7361e35b.csv
1;4066.03;2018-12-28;parcelas_f5a6dd78-f18a-4401-9396-20760fd40c3a.csv
1;1154.12;2019-02-28;parcelas_f5b32516-dc0b-4f90-b7be-d48514b19762.csv
1;65;2019-07-03;parcelas_f5c0ca87-d0a0-4a64-94b1-cd5ccc2a0a19.csv
1;15054.43;2019-09-19;parcelas_f5c380fd-cf63-454a-afd5-663b54af3076.csv
1;1040.2;2019-07-16;parcelas_f5c4261f-1e90-410a-97ae-6732d3a63bae.csv
1;143730;2019-01-02;parcelas_f5cf0993-eb46-4be7-bb2b-b91a27bc567f.csv
1;149.63;2019-03-25;parcelas_f5d96773-9811-442c-b8cd-614c66bb0b7b.csv
1;1969.07;2019-10-30;parcelas_f5e38963-63e0-4d1e-8857-608ad993f70c.csv
1;3245;2019-07-01;parcelas_f5ed3f2e-9dc8-44a0-8661-1c6bfca2647c.csv
1;696.55;2019-02-11;parcelas_f5f33a87-bb6a-42b6-8286-f83536995a97.csv
1;8021.92;2019-08-30;parcelas_f5f5c6ff-cab5-4137-89cc-6d0b16c897e5.csv
1;25450;2019-05-31;parcelas_f5faf459-6a3c-4931-ad9f-71821dea03c4.csv
1;1144.78;2019-01-02;parcelas_f5fb2596-b096-48b6-ac76-e39ca3c29b5b.csv
1;2053.6;2019-05-28;parcelas_f5fb8b74-3ca4-48ea-b05b-eeb2a735aaa0.csv
1;13409.83;2018-08-13;parcelas_f5fcfc0e-b2f2-4c89-ad76-2ea8d4b04afa.csv
1;50000;2019-05-07;parcelas_f5fe6bc9-c65d-428e-843f-0c24e6a36ddb.csv
1;405575;2019-02-18;parcelas_f6042701-54c0-47af-b546-a1e06033a627.csv
1;1930.12;2019-10-31;parcelas_f6108918-19ee-467b-b786-26eae9c97d99.csv
1;115240.63;2019-09-27;parcelas_f619147a-ef8d-4d1d-ac80-2154debaa337.csv
1;308.97;2019-09-12;parcelas_f61c1124-f854-4396-b041-89078a77a14d.csv
1;1259704.66;2019-04-30;parcelas_f621c404-12a6-4828-b37f-2efbcf505aa9.csv
1;468;2019-03-15;parcelas_f62a3c0a-a703-4a6c-aa51-dcf19ca0a433.csv
1;31.13;2019-01-31;parcelas_f62cbd6d-28b5-4658-ad59-e6941a77380e.csv
1;26385.12;2019-11-28;parcelas_f632bde5-518e-46b2-b125-fe7378d44e1f.csv
1;2100;2019-07-10;parcelas_f6360eb1-2ada-4a8d-8652-5707e869ecb3.csv
1;1155900;2019-09-26;parcelas_f638f483-68f7-42f3-ac20-86bcb82d6c2e.csv
1;6088.25;2019-05-15;parcelas_f639539b-d416-4ca3-8429-0bfc8742050d.csv
1;317.58;2019-04-12;parcelas_f63a0640-a94e-48f3-8531-78945e2becaf.csv
1;3110.67;2019-10-30;parcelas_f63e0f7e-0e5b-4a99-ae4f-350eb5955e93.csv
1;1998.54;2019-12-31;parcelas_f64b87b1-66a4-417d-bd5f-1c0f5b52916c.csv
1;15000;2019-01-29;parcelas_f64c99c5-0eb7-477b-896c-a39b63718714.csv
1;6706.41;2019-01-04;parcelas_f64f9419-e4df-4e5d-9bb6-572c9825aa4b.csv
1;930664.13;2018-12-20;parcelas_f6578bae-cae8-4773-b762-5db14a9677a2.csv
1;23412.49;2019-12-11;parcelas_f6589163-b785-40d9-a6af-e07f9665b758.csv
1;1182106.71;2018-08-20;parcelas_f65934d3-9a2b-4a3e-918d-cde1544c6ad8.csv
1;423130.56;2019-03-06;parcelas_f666f399-950c-4ff2-bcaa-1dc70e489243.csv
1;19005.33;2019-10-08;parcelas_f6697a42-a0ee-4009-a159-1a528dcabd71.csv
1;2952;2019-02-11;parcelas_f66f496c-523c-4010-ba18-2efa0df95151.csv
1;3695.72;2019-05-13;parcelas_f6753d9d-e5a2-4936-a4cd-fcecb9815778.csv
1;1515.74;2019-05-30;parcelas_f68243d8-1af7-4fbe-bfa8-b4d3ddb52588.csv
1;10394.96;2019-08-30;parcelas_f682c6ec-3e88-4590-ae20-097556ed856c.csv
1;2660;2019-07-26;parcelas_f686358b-7257-40ba-bcb4-7d00a77f49f6.csv
1;1089.55;2019-04-30;parcelas_f691d4e2-e6b2-4aba-b00c-3d526229fdc8.csv
1;998;2019-06-12;parcelas_f692fc13-5a6e-414d-ad9a-539282be6658.csv
1;83987.76;2019-03-29;parcelas_f693cf59-3eb5-4e10-845f-303c4ba992e9.csv
1;248144.76;2019-06-28;parcelas_f6971e0b-26d7-405e-826c-c0d5f69fb12b.csv
1;1275;2019-01-16;parcelas_f698243f-20ae-4ddd-9f10-c867e3a654a8.csv
1;104.13;2019-10-25;parcelas_f6a28d0c-3c16-484a-af8a-7c0f52c17c48.csv
1;34668.75;2019-03-25;parcelas_f6a532da-6043-47f3-b5dc-b8b8032873e8.csv
1;228.28;2019-08-19;parcelas_f6abebad-d294-4569-8d31-260e779ffb79.csv
1;70256.69;2019-04-04;parcelas_f6ad2e52-ce43-4c06-9cb1-24493f3b55bd.csv
1;5328.13;2019-09-24;parcelas_f6b0b4da-349c-45d0-8b16-fc83c23940d0.csv
1;11075.88;2019-05-31;parcelas_f6b32406-7adc-455b-b061-6c7bf047837a.csv
1;60000;2019-08-01;parcelas_f6b435fa-0747-4580-9c88-067f88d4d204.csv
1;2760;2019-01-10;parcelas_f6b99cd7-7355-423b-ba32-4a620c610024.csv
1;86825;2019-04-11;parcelas_f6bb9057-4e11-4009-bfc0-c407c472d8c7.csv
1;27279.94;2019-05-31;parcelas_f6c366c4-4ddd-4ecc-817a-a89e201d6b9c.csv
1;145.4;2019-11-25;parcelas_f6c4c606-6189-4485-9647-7f54fb4fa345.csv
1;3216.3;2019-02-04;parcelas_f6c58497-24ea-4f28-88d7-027bded7a7c8.csv
1;20051.74;2019-07-26;parcelas_f6c69f28-febf-459a-afe3-75a52e021688.csv
1;62635.59;2019-04-30;parcelas_f6c8bebd-f228-4805-b958-2d3fa5a098aa.csv
1;300;2019-02-18;parcelas_f6ca9093-858b-403a-b2eb-856627bf49ec.csv
1;2839.71;2019-07-26;parcelas_f6cb801a-fbb1-4e3b-bbf9-7feb34bc654d.csv
1;6025.83;2019-10-30;parcelas_f6ceef8c-8981-403a-98d1-7fb1f1f15602.csv
1;16725.57;2019-02-28;parcelas_f6d845cd-2efc-4472-b99b-28c80c5c5693.csv
1;128701.35;2019-04-30;parcelas_f6ddf5e2-e36c-4a7b-ab12-750ccdbc52bb.csv
1;18559.62;2019-10-22;parcelas_f6e54835-6aec-4c94-8c1d-45e8873c4f20.csv
1;18930;2019-01-09;parcelas_f6ea0e47-d1b1-4fe1-b948-1babe49af48e.csv
1;301.1;2019-03-20;parcelas_f6fb2b7b-5e5a-4532-8416-6de14a8f0f8f.csv
1;157.5;2016-08-19;parcelas_f6fbe83e-2b6d-49a4-9403-c124de003cf7.csv
1;30002.66;2018-12-31;parcelas_f704fecd-a98d-499c-a000-0e36079ecd19.csv
1;2270.03;2019-12-31;parcelas_f70628ec-1c47-4d5f-930a-d5c49b8263b7.csv
1;11744.75;2019-04-15;parcelas_f709a481-cbfa-4eac-88ba-276c0d4274d4.csv
1;312304.87;2019-12-19;parcelas_f70a7bc2-ea5a-423d-aee7-f33c825f9ac1.csv
1;7320;2019-09-02;parcelas_f70d7eee-e15c-452a-b1d1-97d60d09fd6e.csv
1;147;2019-04-02;parcelas_f712ec42-d18c-4e95-afbf-23fc118239c5.csv
1;540.25;2019-06-27;parcelas_f7143195-11ca-4961-8fd8-756ff86949f1.csv
1;4773.9;2019-09-30;parcelas_f7170d33-13bb-44d2-9bd7-ef9438ac9898.csv
1;11177.65;2019-05-10;parcelas_f717c273-b19e-43df-9aec-e78e2a3f1dc7.csv
1;10218.73;2019-05-14;parcelas_f725a45e-95e0-4068-9422-46370e90f1d6.csv
1;5000;2019-09-13;parcelas_f7276470-04cf-483d-9996-92b7d3c7dbd3.csv
1;250;2019-08-20;parcelas_f737708c-85c1-4391-9ec5-40e463ede4cb.csv
1;43149.85;2018-10-25;parcelas_f73905ab-a8a8-4554-a5d3-a2a2cfd5878f.csv
1;17325.22;2019-09-30;parcelas_f7390f75-df65-4e61-b9f2-f1c945e3f22c.csv
1;553.35;2019-09-17;parcelas_f73c3764-1636-4d65-9971-ba85427b58ac.csv
1;141440;2019-10-22;parcelas_f73d673e-b92a-43fd-84e2-dcd5c28fb060.csv
1;1375;2019-02-06;parcelas_f748c551-ed41-40f8-b7a3-01f17368a5d8.csv
1;867.75;2019-10-21;parcelas_f7512850-3864-4377-a155-51f057fbcbe5.csv
1;79.79;2019-01-10;parcelas_f753a2ea-954e-44cc-8ee3-f6e1eab13e5d.csv
1;54054.73;2018-10-03;parcelas_f75603ea-a189-4840-9351-7688fdf161d3.csv
1;4188;2019-05-08;parcelas_f756bfea-cd85-4772-9ec4-de173ef03155.csv
1;4005;2019-01-31;parcelas_f757456f-fe74-4b1f-ab1c-c4298c315aa4.csv
1;1518.18;2018-12-28;parcelas_f7636da8-7ddb-4d4d-b03b-e10ef70f7355.csv
1;19993.27;2019-02-22;parcelas_f7681fb7-da0d-435e-89fd-3ef59ec1881b.csv
1;76819.67;2019-08-05;parcelas_f76ef36e-ae3d-490c-8255-dd57bcfc2bbf.csv
1;100;2019-04-05;parcelas_f76fbaa6-ca9a-49bc-ad2b-fe255a00cfe4.csv
1;36460.95;2019-01-28;parcelas_f77477a4-705e-415a-b0c3-88d726f10e18.csv
1;8516.08;2019-02-05;parcelas_f7765a04-55a9-4312-9d14-4b65e5e3980f.csv
1;26703.91;2019-06-03;parcelas_f77c72d4-f7e7-4554-a284-a6485cef7838.csv
1;224.88;2019-09-02;parcelas_f77fb90a-4b89-4a5d-9449-bb0ff5eebedb.csv
1;196.36;2019-05-28;parcelas_f781ae85-fa28-402a-a296-ba03a48d0cdf.csv
1;4440;2019-11-25;parcelas_f78335f4-79a6-4dfc-bbf1-9b5150a4e6a2.csv
1;3289.3;2019-08-22;parcelas_f784d4e2-4585-4e89-886a-b4c22e7ee61e.csv
1;10874.48;2019-03-29;parcelas_f78a3d21-3832-4a77-b669-87076902955f.csv
1;134;2019-11-14;parcelas_f7962cc7-d888-4bbb-94fb-9a77e8ed3f08.csv
1;32090;2019-10-15;parcelas_f79f90e2-7f13-4285-93ac-90f4007d8737.csv
1;199606.35;2019-08-30;parcelas_f7a42395-c381-4fc0-9c9d-812b8918a975.csv
1;130000;2019-10-24;parcelas_f7a51129-58cf-460a-aa84-86ac8530e2eb.csv
1;124800;2019-10-29;parcelas_f7a758c1-16dc-4cd3-b2a5-f4b1f2b4212c.csv
1;29378.46;2019-09-11;parcelas_f7a78c76-d90a-4c94-a383-daa5d5416f4a.csv
1;120000;2019-05-31;parcelas_f7adb748-18b6-45a0-ac9a-5cbf88b24314.csv
1;4447.15;2019-10-08;parcelas_f7af3f9d-7c9c-4a6d-97d4-f4434a90a492.csv
1;111866.1;2019-09-11;parcelas_f7b54592-48b0-4612-ae69-4789747e1882.csv
1;27465;2019-05-02;parcelas_f7ba5e73-3873-450e-80e4-01cf3f67d358.csv
1;1259;2019-07-16;parcelas_f7befe69-937c-4c1a-8348-849f3699747e.csv
1;27878.53;2019-09-30;parcelas_f7c26193-603f-46b9-a760-1883d115495e.csv
1;6966.48;2019-11-11;parcelas_f7c28a14-5e75-471b-ade7-249261ae80bb.csv
1;1450.53;2019-07-01;parcelas_f7c28cd6-5d8e-486e-a4fa-5c7d56be2936.csv
1;269.95;2019-10-25;parcelas_f7c7747c-c932-49d3-b7fe-23d8da1414e4.csv
1;704.33;2019-10-15;parcelas_f7c923f5-9254-4477-a01a-1d3ee495730a.csv
1;7286.42;2019-11-28;parcelas_f7d8e76b-91c9-44b1-a5cc-b4711a3965df.csv
1;100062.5;2019-11-28;parcelas_f7db91e2-9650-4dc6-b74f-ec81ced14cc4.csv
1;18573.8;2019-02-28;parcelas_f7e448fe-6a04-4408-9afd-28dda4e8a48c.csv
1;3209.1;2019-06-04;parcelas_f7e4e6f6-e4dc-43c5-a7a4-5bbc97c55b2c.csv
1;86.76;2019-02-14;parcelas_f7f265e8-927f-42bf-9cfc-0e343aaa09a5.csv
1;851;2019-08-08;parcelas_f7f70abf-6ef3-4804-b4a7-13f7aacbb946.csv
1;5475.96;2019-02-21;parcelas_f8024e5c-8894-4fca-9ff9-06d0ce18393f.csv
1;30279.92;2019-08-30;parcelas_f80b3ee1-1c61-4e77-bd74-0599d4e52be2.csv
1;4890;2019-08-20;parcelas_f8161842-3e65-4eee-8349-e40919ef340d.csv
1;20774.19;2019-01-02;parcelas_f8245151-79d7-4ab5-8ecf-f94a128d6982.csv
1;2835;2019-06-27;parcelas_f824e2b8-27d3-4277-95ec-403accc6bc60.csv
1;3843.6;2019-03-20;parcelas_f8286e00-52dc-4c11-ac9d-eaf1995ad3be.csv
1;138399.06;2019-08-30;parcelas_f828b6c4-2f16-4fe1-ad8c-ccc00a633c90.csv
1;22464;2019-11-29;parcelas_f830927f-df9a-4ba3-b470-305e3cae7674.csv
1;257320;2019-01-28;parcelas_f831398b-9a12-4742-8feb-613c8e6a4d3a.csv
1;18593.34;2019-10-08;parcelas_f8353e3d-7214-44de-8d11-4ed6bb081887.csv
1;191953.92;2019-05-28;parcelas_f836520c-e8fe-480f-bdac-a58c60aee103.csv
1;1824;2019-11-27;parcelas_f838bd10-2e38-409b-b1e8-b7e48d684ea2.csv
1;30988.82;2019-06-28;parcelas_f8394a85-7693-4c18-ab29-662ff93558f0.csv
1;2502.56;2019-12-30;parcelas_f8423273-0566-4e66-b928-062afa2f80e4.csv
1;9871.71;2017-02-28;parcelas_f8474253-2611-490b-a600-3684e1a44c0e.csv
1;6000;2019-04-30;parcelas_f848f0db-5680-4639-943a-556174cfe86e.csv
1;8077.61;2019-12-31;parcelas_f84befb0-97f4-4592-90bf-aea8c4098054.csv
1;1591.51;2019-09-30;parcelas_f84ca700-424b-4577-8c63-db943345cff4.csv
1;20986.21;2019-08-27;parcelas_f84e83ad-75e9-4af2-895f-a06eb963887b.csv
1;1200;2019-11-06;parcelas_f84f19a8-6a79-4c42-89bf-14ae5dba0bf1.csv
1;307.75;2019-09-17;parcelas_f84f55b6-0288-4c42-92bc-901254e337de.csv
1;62347.25;2019-12-19;parcelas_f8560710-f85a-457e-9990-814652464cb8.csv
1;50364.9;2019-11-04;parcelas_f85bd7ae-4919-42ba-a887-5d6588620d61.csv
1;262.37;2019-01-31;parcelas_f8621475-686a-42c5-a2c1-fcb97040510f.csv
1;2600.2;2019-11-27;parcelas_f86656d6-738b-46fc-bbd9-e613ec0b1a3c.csv
1;1050;2019-07-03;parcelas_f86656f9-a417-47c2-8326-31a63f8b4fa9.csv
1;27108.53;2019-12-11;parcelas_f867ab41-643c-4e52-ad42-13866546417e.csv
1;136000;2019-03-01;parcelas_f8778d28-5a9a-4061-a659-2eff6c81313e.csv
1;1000;2019-11-05;parcelas_f880e9c7-b1cc-4e73-8726-1c7fe0cc2e4b.csv
1;7500;2019-09-23;parcelas_f88203f5-8a82-4ea1-b030-038f2ec121d5.csv
1;28655.55;2019-01-10;parcelas_f882d2a0-62d7-40eb-a93b-2fe4fd44cb38.csv
1;32526.69;2019-01-28;parcelas_f885d0a1-9ae4-4140-a20f-c6d618f3a2e2.csv
1;8815.2;2019-07-15;parcelas_f88d5a75-a07c-442e-919b-9cfc2f90ac55.csv
1;514318.16;2019-09-25;parcelas_f88f2472-c833-424a-a550-662505b9a5a1.csv
1;1426.12;2019-11-28;parcelas_f890c585-758c-4b60-bb24-bbd413991d1d.csv
1;3887;2019-12-11;parcelas_f89683b7-df40-49a9-9761-11866640bfae.csv
1;17107.8;2019-03-29;parcelas_f896cda1-f752-439e-a652-bf2a52b29061.csv
1;19651.7;2019-04-17;parcelas_f8987a6a-cfc4-44ce-b158-ecab3a36c6d6.csv
1;37988.7;2019-06-27;parcelas_f89ab192-3f02-4eff-b26d-96dc83a6801f.csv
1;1863.43;2019-04-17;parcelas_f8a4a1c5-3c35-4b13-a9f2-68b3ae03849c.csv
1;1200;2019-04-16;parcelas_f8b20910-2813-413a-8ce4-222ce98cce4e.csv
1;5839.8;2019-06-03;parcelas_f8bd9923-04f1-43b4-8b95-890dca5d84a4.csv
1;238.5;2019-02-25;parcelas_f8c741be-92e9-486c-a1aa-90163e849a77.csv
1;496.47;2019-10-29;parcelas_f8cc9c19-4547-475c-9451-8e02a79f5761.csv
1;4830.5;2019-04-23;parcelas_f8d1d220-2860-4541-9176-87ad2642be42.csv
1;3364.32;2019-05-28;parcelas_f8d57bef-927e-4487-8014-8b5d84246997.csv
1;21750;2019-02-11;parcelas_f8da498f-85c7-4492-90e7-b34031e78640.csv
1;4377.86;2019-07-31;parcelas_f8dd9071-ee45-4ba0-9dd0-680ec0271fb5.csv
1;12529.53;2019-10-31;parcelas_f8e2ea08-b108-492b-9971-bb4d7be63310.csv
1;2205;2019-11-28;parcelas_f8e65122-2aa4-4404-86e4-d1a100a56d60.csv
1;10791.32;2019-05-28;parcelas_f8e715c9-cf21-426c-82bb-1d1dc2cab5a3.csv
1;4041.13;2019-09-30;parcelas_f8e8fcf3-49bc-4763-abb2-e31de116019c.csv
1;690.02;2019-06-28;parcelas_f8eef3d0-2e7a-47cd-b006-d0ca602b4070.csv
1;3185.73;2019-12-30;parcelas_f8f98e0f-841e-41fa-8d70-1d6ce1577461.csv
1;40500;2019-02-28;parcelas_f905e591-769b-425b-826e-0eddd6504734.csv
1;250;2019-02-15;parcelas_f907392d-95eb-40d0-8844-df18c7edff55.csv
1;3678;2019-05-27;parcelas_f9080a19-70a3-41ce-8404-26559b1f55b9.csv
1;442.43;2019-03-29;parcelas_f9087589-0861-42eb-a4b9-0456bc3abcf3.csv
1;646.7;2019-08-13;parcelas_f90a3113-2118-44ec-9b58-0047a642df30.csv
1;877.75;2019-04-04;parcelas_f90c5af1-a809-49e7-8493-f2e55d39db46.csv
1;79.43;2019-06-19;parcelas_f917b45a-fe1f-44d5-b4c9-9153981b991a.csv
1;3351.82;2019-07-18;parcelas_f92a1dcc-63c4-4e83-bb29-ae86e32b5b49.csv
1;3832.98;2019-11-21;parcelas_f934b213-29a1-4cd6-991a-758abe54ea25.csv
1;1947.85;2019-01-28;parcelas_f943e489-6a3d-46b9-b8da-21856bf64a4d.csv
1;42000;2019-03-01;parcelas_f94e813b-39f2-40b0-ba43-7b5caf4a78ff.csv
1;2532.59;2019-05-28;parcelas_f9544efc-3183-42af-9294-6a1706e37947.csv
1;2867.08;2019-09-30;parcelas_f9552195-5b47-4424-8bcb-0aa3c5c2c91f.csv
1;259.23;2019-02-28;parcelas_f9562257-ee95-4eb2-ab8f-6c759a4270bf.csv
1;2680.02;2019-07-29;parcelas_f9581e9a-2704-4f38-8aa4-efc70a6e12e4.csv
1;471.78;2019-09-12;parcelas_f9632852-98a8-4598-8f68-d44355eedc42.csv
1;2234.01;2019-09-30;parcelas_f971e376-6126-425f-96c5-75f858ae8bc1.csv
1;769.61;2019-02-08;parcelas_f9738345-ba62-4208-b504-61dc680aed9d.csv
1;24472.74;2019-02-28;parcelas_f97885ac-b3fd-43c1-be46-7ee32d9c6e64.csv
1;14771.84;2019-07-31;parcelas_f978b0b8-6d0c-44f7-824a-f3ece7c45907.csv
1;671.1;2019-11-26;parcelas_f97d2a65-4b61-43f6-9747-6be86f02085e.csv
1;622;2019-11-25;parcelas_f97e0a90-ae14-4fa0-9f6f-a5125f6d7d05.csv
1;5172.65;2019-03-29;parcelas_f9870705-4229-486d-bb4e-644220fe14e0.csv
1;5583.89;2019-01-28;parcelas_f996b2d2-60b6-44a0-b8e9-fd606e1f3353.csv
1;3080;2019-09-30;parcelas_f99dd494-c923-44ae-8f81-c9c57adc7e4a.csv
1;882;2019-08-01;parcelas_f9a0c3b6-b4a6-4ad3-a2fa-80987003fe06.csv
1;31367.91;2019-01-28;parcelas_f9abd712-6cd7-4e95-8024-8b9f708e8987.csv
1;636.97;2019-05-28;parcelas_f9bd8466-a59f-4d8e-9b77-ee8e62106625.csv
1;4581.25;2019-10-25;parcelas_f9c57f1e-72e8-46da-a7f0-3782a4fc05e3.csv
1;22973;2019-09-19;parcelas_f9cfcc59-c037-4ac0-bc9c-6b86e773cd0a.csv
1;21121.85;2019-09-30;parcelas_f9d04bac-1b3f-4250-91b5-6ad195fe6227.csv
1;520;2019-06-03;parcelas_f9d0c3ed-f04c-483f-b0b8-92b71f751fea.csv
1;2263.6;2019-09-30;parcelas_f9d43bbc-c192-41c2-93f7-f7afca3b09d2.csv
1;65;2019-08-29;parcelas_f9d4b0a2-02ec-433a-aa41-f7b32dd99068.csv
1;1238.08;2019-02-28;parcelas_f9f43408-4fe3-478c-9069-e3e47b7d76eb.csv
1;8431.75;2019-01-08;parcelas_f9feb57a-6414-4deb-b67c-27918a883de6.csv
1;10080.89;2019-02-26;parcelas_fa02310c-9a4d-4266-8c84-5f0f7a95aebc.csv
1;270772.99;2019-04-12;parcelas_fa132b35-44ac-494f-9572-19898f280b0d.csv
1;10762.45;2019-02-26;parcelas_fa20374c-ef95-44cb-b5fb-d25c29b569f5.csv
1;20741.96;2019-05-28;parcelas_fa230a7f-d6d5-4e6d-b5f4-558145b2e710.csv
1;111451.19;2019-08-30;parcelas_fa23b0e1-1b52-43b7-80e4-32da29588f75.csv
1;35996.86;2019-08-07;parcelas_fa2b1149-44a0-41fc-aed7-2f6634a3c554.csv
1;122741.65;2019-03-29;parcelas_fa2c308d-1279-4512-b5c3-515373b0fa68.csv
1;389.41;2019-04-30;parcelas_fa310279-4c2b-40fe-a76e-afd28a4ac491.csv
1;2255.78;2019-05-31;parcelas_fa32a0b7-4d03-4b43-9b19-c93e07a54517.csv
1;7808.89;2019-10-31;parcelas_fa3651b8-abba-4dec-b7c3-d7642ea09152.csv
1;2506.9;2019-10-07;parcelas_fa382178-ec87-48a9-b995-dcee38e13f97.csv
1;2350;2019-08-30;parcelas_fa388831-5112-4482-b226-4da3bc6afa2b.csv
1;388.25;2019-02-01;parcelas_fa38df9a-21bd-4da7-bb46-7cd414e3e4d8.csv
1;30000;2019-11-07;parcelas_fa38eed7-27b4-4381-9203-c79bcce4ce12.csv
1;50;2019-02-11;parcelas_fa3b37ba-0ed5-49a6-b634-76e7ebd44584.csv
1;849709.55;2019-09-26;parcelas_fa41e6a6-3e18-4c0a-998a-aef7e46e01a0.csv
1;24838.97;2019-05-03;parcelas_fa49a902-309c-43f3-b4ba-968dab6b89a4.csv
1;7500;2019-02-07;parcelas_fa514553-1a6d-4d3a-88d0-df4234018d02.csv
1;17399.04;2019-06-06;parcelas_fa587c0e-9750-480e-9cd9-cd59dc03a83a.csv
1;2925.12;2019-01-02;parcelas_fa5b493f-1d6f-41ae-a21c-08277ccfdebd.csv
1;59484.51;2018-12-28;parcelas_fa5daba0-67ec-41dc-a364-214938891b23.csv
1;1783.38;2019-05-31;parcelas_fa692a7a-b1f7-4a77-800a-88c745675988.csv
1;7982.14;2019-08-27;parcelas_fa6bcc8a-f308-4f0e-8a30-17c43be548ab.csv
1;1145.5;2019-10-04;parcelas_fa6ea5bb-52af-4b6e-a851-80db7193a55e.csv
1;5950;2019-08-30;parcelas_fa793efe-93ec-4e37-ad31-98fd0e04aec7.csv
1;31107.56;2019-06-27;parcelas_fa79b967-ca58-415a-bbcd-30515641b4b8.csv
1;16804.33;2019-08-30;parcelas_fa79c10b-fbef-4270-a03d-6a65f6e99db9.csv
1;998;2019-01-31;parcelas_fa7bcf76-5afa-4ee5-90ef-ad0a8d18efd5.csv
1;5385.92;2019-10-02;parcelas_fa8dbc28-7032-4017-bd38-c4ed79a26164.csv
1;2503.05;2019-03-29;parcelas_fa8e5f36-f721-42ce-a22f-7587f026399c.csv
1;1453.3;2019-02-05;parcelas_fa9cc3cb-6bd0-4eda-ba74-5cafbb369af2.csv
1;9307.26;2018-12-31;parcelas_fa9e917f-8a8b-4881-902b-12d31d723eed.csv
1;65560.7;2019-01-31;parcelas_faa92546-5694-45cc-8d17-26a9f88584b4.csv
1;90.04;2019-01-23;parcelas_facb5e28-a089-4624-8f13-d60e7aeeaa89.csv
1;4915.6;2019-01-10;parcelas_facea9a9-bdb5-462e-9464-c0f60ac9d912.csv
1;182.5;2019-11-06;parcelas_fad0fb24-69db-4d1c-8b46-132032fee217.csv
1;10647.03;2019-06-18;parcelas_fad3322a-b735-4b60-8d06-a51fbf55f935.csv
1;64;2019-08-09;parcelas_fad82b72-86db-4efb-9b6b-5eed9c667fe4.csv
1;605.08;2019-09-30;parcelas_fad9b93f-579e-4f2b-8650-5a4460ab6318.csv
1;22279.35;2019-09-19;parcelas_fadfaf4a-9674-46bb-9280-988bf2415634.csv
1;20000;2019-10-18;parcelas_fae7f7a4-1273-4692-a690-cf004f1a1ee3.csv
1;34164.18;2018-08-13;parcelas_faea2909-9e8e-4a9a-afdc-8517bbff9d36.csv
1;68035.97;2018-12-31;parcelas_faea38c6-44ad-44eb-ba3c-009c7c53a0f6.csv
1;357181.81;2019-08-02;parcelas_faed50da-e15a-4d93-85e8-43587c7d9531.csv
1;90000;2019-01-23;parcelas_faf3f2a8-8e01-4f66-bcf5-edf31c9b9876.csv
1;89904.93;2019-12-05;parcelas_fafed0e9-d952-4b4b-989a-f97980b3d5f1.csv
1;1088.2;2019-02-01;parcelas_fb0104df-442b-47fd-9324-e9f9a35fda14.csv
1;239730.14;2019-06-28;parcelas_fb0455a4-02a3-4436-bb0a-9ffc4e338b6e.csv
1;849709.55;2019-07-26;parcelas_fb06d8d9-5ec3-412d-9459-2050f12e773c.csv
1;4563.94;2019-06-27;parcelas_fb0eef90-9772-4117-9524-6de951842c70.csv
1;40825.12;2019-02-28;parcelas_fb1b96ae-f3ef-4b5f-83a2-274c8996ea3d.csv
1;2049;2019-05-02;parcelas_fb210404-2578-4b65-ac48-9f96124e85fe.csv
1;6826.8;2018-12-20;parcelas_fb237b33-c7fb-4d92-b938-52d8e25a2a2d.csv
1;2805;2019-11-25;parcelas_fb244b52-2b87-422f-a289-f1fa71fac34f.csv
1;19801;2019-11-12;parcelas_fb2b6bad-50eb-416e-812c-7e26136396e4.csv
1;40612.6;2019-10-21;parcelas_fb2cec4c-e02e-4ebb-8ad6-78229a108669.csv
1;3260;2019-09-02;parcelas_fb2eeb49-31f4-44d3-b6d8-b04b19de3aee.csv
1;561.19;2019-05-28;parcelas_fb40b620-ac7f-41b3-b64a-120dea396dad.csv
1;1500000;2019-01-02;parcelas_fb42d488-2916-4084-a7eb-cfca5da4bd8f.csv
1;40471.32;2019-03-29;parcelas_fb4536b9-219e-4ddb-a526-3682306ca02f.csv
1;35863.6;2019-03-25;parcelas_fb4fafa5-8f35-4356-84fa-5f4c7399d336.csv
1;2753.95;2017-12-29;parcelas_fb4fd5a5-d9c8-4231-9299-c5eb401d3ee1.csv
1;302.76;2019-06-27;parcelas_fb53b3e8-2d17-4b28-bca4-e4f43cc0fa44.csv
1;188077.57;2019-01-02;parcelas_fb548fed-c00a-4be3-b87a-869e98149170.csv
1;264.8;2019-08-08;parcelas_fb57cb47-0268-4d07-b107-ad30da28f678.csv
1;1389.22;2019-09-30;parcelas_fb5aae2a-d335-4532-bd85-415b8e2d00ee.csv
1;15232.75;2019-10-30;parcelas_fb6067b2-144a-4cd8-b990-f14c68f3ebcb.csv
1;170.97;2019-01-17;parcelas_fb68d211-97f2-40c5-bbe8-e5110438f9ae.csv
1;36440;2019-06-03;parcelas_fb7d7316-97b9-4098-89d9-e69433149cf5.csv
1;2404.49;2019-08-22;parcelas_fb820bb6-1fc3-4054-a928-57922b3e22a6.csv
1;491359.8;2016-04-29;parcelas_fb843fdd-471e-47fc-aaca-d9c2f7c5fc89.csv
1;2032.22;2019-10-30;parcelas_fb89843b-15fe-497c-9b74-756f5b7bfc7e.csv
1;23.02;2019-03-29;parcelas_fb918986-2026-4703-bfb0-1d08ed8cf8bb.csv
1;50404.81;2019-08-30;parcelas_fb91f27c-7a79-41c2-a393-399dc64460d3.csv
1;12870;2019-06-13;parcelas_fb925f10-1e38-4b2a-8005-4d37583e1968.csv
1;7505.35;2019-07-22;parcelas_fb9f122c-686f-4ef3-a521-d5a394e3d6cc.csv
1;1357.42;2019-07-25;parcelas_fba300c4-e9cf-4a12-92eb-0e8a7d74da41.csv
1;2084;2019-07-11;parcelas_fba9cc65-fab1-4d59-9b78-e8e96bcafadf.csv
1;2160;2019-10-30;parcelas_fbad98e1-69ea-459e-b548-65f80d3d6d6e.csv
1;320;2019-11-06;parcelas_fbae2bb4-ee46-4095-a093-afed9bb8f3b3.csv
1;3192;2019-08-08;parcelas_fbb16211-f420-4eb2-84f4-2cb0b0d5a5e0.csv
1;59998.58;2019-12-19;parcelas_fbcddc0a-8d16-4d5e-8cd6-86217559dcfd.csv
1;2316;2019-08-23;parcelas_fbcfe182-183e-4a8c-8fd9-7163327adcd4.csv
1;30000;2019-03-12;parcelas_fbe3e598-0159-40bf-b462-c69e10baba8b.csv
1;2259.09;2019-01-31;parcelas_fbe870bc-047a-4bed-b976-7e90480900b2.csv
1;500;2019-06-27;parcelas_fbf829c6-078c-4954-aab1-dbc779abe0ee.csv
1;25566.34;2019-11-13;parcelas_fbf9d5f1-4ce6-469b-82c4-a4794b26bdea.csv
1;234.9;2019-11-26;parcelas_fc010cae-8fca-4c4e-bf2f-35bcd7df1c65.csv
1;39502.55;2019-01-28;parcelas_fc08fbab-3a78-4f1e-9852-9286d0d6e7d1.csv
1;129.03;2019-09-24;parcelas_fc0b76fa-b046-4587-93c1-f2f9e78800b1.csv
1;4906.3;2019-03-29;parcelas_fc154e33-21ee-48f5-91ba-70f00cbc3661.csv
1;307.75;2019-10-03;parcelas_fc1c7831-845a-455a-b5ce-2c201e959219.csv
1;226.49;2019-09-17;parcelas_fc2987be-6dcf-4ecb-acbe-13a15825c5c8.csv
1;4790.92;2019-06-14;parcelas_fc29991c-4e52-4872-92dc-8bb4627a2b85.csv
1;434.79;2019-09-10;parcelas_fc29cca2-1e5c-4b60-941a-2968e365cc3f.csv
1;48.24;2017-12-31;parcelas_fc405a69-5755-4cef-ab46-d42c763aa3b3.csv
1;454.23;2019-02-13;parcelas_fc4995e0-9869-434c-8d74-9e44fb842c37.csv
1;2210;2019-07-05;parcelas_fc4c6987-5120-44f2-b9fa-8222dc310967.csv
1;39691.65;2019-07-12;parcelas_fc53a3f2-307e-4ae4-ad77-173f413a3a73.csv
1;771912.61;2019-11-25;parcelas_fc679079-b1d6-459e-880c-4e0c7e958b1c.csv
1;3713527.74;2019-03-29;parcelas_fc6d82b2-55d9-4e52-94af-592654ae1df5.csv
1;2495;2019-09-30;parcelas_fc73e9c8-b620-43f3-b9d0-09b8f414167f.csv
1;448.11;2019-05-31;parcelas_fc783508-b136-41e0-9173-c1321eaaee2b.csv
1;730;2019-01-08;parcelas_fc787954-34b8-46a4-aa82-7bd7ed7541a9.csv
1;13705.82;2019-03-29;parcelas_fc7d3ad5-03ee-402e-a5e9-3b42c3ad5d9f.csv
1;1302.12;2019-01-23;parcelas_fc8b283f-63b0-4f99-9429-0f58dfed259f.csv
1;5447.5;2019-10-29;parcelas_fc8e5798-1bd3-4ca0-831d-ae1b78b3c70d.csv
1;26328;2019-04-01;parcelas_fc9013ca-118d-4d41-8344-470ea0407941.csv
1;8243.55;2019-08-23;parcelas_fc990728-5418-4abc-8a7e-d0bffd4330da.csv
1;40000;2019-05-21;parcelas_fc99f91d-7dd1-4b32-863d-1f5ad349a94b.csv
1;20600;2019-02-28;parcelas_fc9d8ff0-138b-48e4-a310-d993951fa0aa.csv
1;688.33;2019-06-27;parcelas_fc9eb8d6-9b71-486f-bd43-e2a183d24e92.csv
1;236.23;2019-12-30;parcelas_fc9f8128-264e-4782-ac5c-d3837dcf3852.csv
1;56864.08;2019-01-30;parcelas_fc9fea5c-50c7-44bd-ba23-633a4dc709d6.csv
1;7490.93;2019-05-31;parcelas_fca69746-83b3-4430-a986-7630312aad51.csv
1;1501902.41;2019-01-28;parcelas_fca987ac-5546-4ae7-8555-a19b0c5640dd.csv
1;1271.77;2019-08-30;parcelas_fcb353ce-b3cb-47e3-9887-615089926e83.csv
1;1222.69;2019-08-01;parcelas_fcba84e7-7fb4-42ca-b6d3-35c4534cd937.csv
1;8189;2019-09-19;parcelas_fcbca8af-1d17-40ae-87b9-81c11dc900e3.csv
1;705;2019-10-31;parcelas_fcbcec1f-9ace-4a11-b472-15753f4f990f.csv
1;503.86;2019-03-12;parcelas_fcc5c6f5-5b85-4061-ae45-7fe7e417606f.csv
1;26581.97;2019-07-10;parcelas_fcc74860-3f41-45df-8309-c2baaedfca42.csv
1;300000;2019-08-13;parcelas_fccd5cea-f005-4087-971d-fb3ec1dc252a.csv
1;1000;2019-04-11;parcelas_fcd3e7f2-bca7-4bc6-8215-52cfbc1bd4b4.csv
1;958.59;2019-06-27;parcelas_fcd4adfa-907a-4d71-b36c-f24aaa4e9d58.csv
1;365;2019-07-15;parcelas_fcd50a37-1269-4527-a260-c19b7fcf95d6.csv
1;2004188.52;2019-11-28;parcelas_fcd5474b-7013-4423-b35a-486ce5cc64ae.csv
1;3787.85;2019-08-30;parcelas_fcde3d85-7c85-4a23-aa07-c8bb43a6c724.csv
1;10000;2019-12-02;parcelas_fce636b7-de0e-41a9-aa66-d5f9328b4892.csv
1;97368.6;2019-08-14;parcelas_fcef65b8-2e72-410f-a422-9a0b07d4da74.csv
1;23769.76;2019-10-18;parcelas_fcf505e5-961c-4a75-8cd8-33c91de49001.csv
1;29924.87;2019-06-19;parcelas_fcfe56e3-df44-4e18-a21b-918ea133eb2a.csv
1;673461;2019-05-28;parcelas_fd04cc75-b9c7-48da-b5ec-03479dc6c233.csv
1;4534.91;2019-07-15;parcelas_fd05687d-87ff-41b1-80ec-1b84e7c8c7f0.csv
1;130;2019-03-27;parcelas_fd158584-4014-43f4-9817-70b0d9d5873d.csv
1;980519.66;2019-12-19;parcelas_fd1dfabc-3a4b-4459-b741-f36b7e593bcf.csv
1;442.82;2019-03-25;parcelas_fd1fd24a-ed6c-48c7-8d12-f828f090c0bc.csv
1;408.73;2019-05-08;parcelas_fd24861e-dad0-474e-97ca-1387770a4b7b.csv
1;42591.53;2019-11-28;parcelas_fd29f31a-acfb-43db-9e44-ab24a7201971.csv
1;1310.4;2019-09-24;parcelas_fd2ff4d8-ad58-43de-8b42-f99595cd38c5.csv
1;4800;2019-04-25;parcelas_fd37c6dd-17c3-4a00-baa9-0f1c2120cc81.csv
1;2350;2019-02-07;parcelas_fd38a1db-10d2-4843-be01-8a021e9e2f88.csv
1;44105.97;2019-12-11;parcelas_fd39c758-c860-4eaf-8cf6-5cc6a77676d0.csv
1;5209.63;2019-05-28;parcelas_fd41517e-8801-4d40-9be8-8fea9c83beb3.csv
1;33784.75;2019-04-30;parcelas_fd419e5c-d7da-414a-8075-add596b400ef.csv
1;24985.2;2019-10-31;parcelas_fd497e9e-7bcd-4db2-a608-eb3ac33b9252.csv
1;365.74;2019-06-27;parcelas_fd4b02e4-c909-46be-bf06-72bf90a7bda0.csv
1;414574.38;2019-12-19;parcelas_fd4bae68-314b-4dfc-98e7-7255e0d01950.csv
1;891033.27;2019-03-13;parcelas_fd548967-7be7-4b5d-a606-e087c2cce967.csv
1;388.9;2019-05-27;parcelas_fd5a1a13-5835-4235-a732-d8c515be0b88.csv
1;213;2019-08-23;parcelas_fd5e3411-139e-4139-8531-a3dcabce3310.csv
1;13500;2019-03-14;parcelas_fd64bb67-7381-4bba-aaca-0c1bd0668660.csv
1;2104.87;2019-11-28;parcelas_fd65a497-3b87-49df-b35d-e9e9526ac351.csv
1;2797;2019-05-10;parcelas_fd6c1b68-f534-4c2b-8c84-c13d91c77c43.csv
1;20082.5;2019-11-25;parcelas_fd6ce4de-c744-4bea-88d1-348699efdf23.csv
1;1532.5;2019-06-19;parcelas_fd6d4b84-5a84-4e70-9d97-5d8b4f299e7b.csv
1;1245;2019-10-07;parcelas_fd736e41-ab96-4c3c-b98e-5faf84283cac.csv
1;14732;2019-03-12;parcelas_fd7b2e5c-8b53-436c-8e67-12b5e3ac3134.csv
1;61951.03;2019-06-27;parcelas_fd7ef63e-d50b-46fc-b574-b6d0f9386895.csv
1;3677.08;2019-02-25;parcelas_fd7f732a-db21-416b-ad99-57e4badc9599.csv
1;3500;2019-09-27;parcelas_fd8efa75-251d-42ae-b8d7-314dd782a78d.csv
1;1639.54;2019-11-06;parcelas_fd920d5e-7426-4859-8f43-336e756123e2.csv
1;197.51;2019-08-30;parcelas_fd92d163-fd94-4c95-8c9f-ad2d4083b431.csv
1;1080;2019-04-11;parcelas_fd93655b-e6fc-4b26-bb19-580a84f0c2d4.csv
1;201.14;2019-09-24;parcelas_fd97b066-ac63-46d4-9d30-d38ca46a4518.csv
1;277.49;2019-06-27;parcelas_fd983ab6-bc2a-45ad-aa67-80a8cfb89d32.csv
1;39965.81;2019-07-31;parcelas_fd9c6a4c-6243-4aa1-a491-3b750e6da294.csv
1;15495;2019-01-22;parcelas_fda4388f-8190-4e6f-ab7f-d2c64e30cbb4.csv
1;1270.77;2019-04-08;parcelas_fdb3b030-865e-45c2-aead-b070abbea785.csv
1;1050000;2019-01-02;parcelas_fdb5d52d-70de-420e-8625-f5f58dffdfee.csv
1;390;2019-05-13;parcelas_fdcdaa89-3e22-42b6-94dc-ade999e2f00c.csv
1;11994.3;2019-06-27;parcelas_fde10a20-7cb0-4064-9682-24b1e5b23e4e.csv
1;16712.23;2019-11-27;parcelas_fdec81f9-e5c2-4c26-9a35-4f18e0b31285.csv
1;8443.1;2019-04-30;parcelas_fdeeb1aa-64a6-4086-8daa-d8655aab2e63.csv
1;11789.26;2019-06-27;parcelas_fdf45c05-1a58-4222-959e-dd962f783360.csv
1;138.6;2019-10-25;parcelas_fdf97762-1e71-4a69-87c8-81ec92107845.csv
1;193.8;2019-06-04;parcelas_fdfc9541-173b-496c-a9d3-af01cddb5f12.csv
1;150000;2019-10-28;parcelas_fe042dd7-47d0-4172-adcc-84d7b71aae5a.csv
1;608.83;2019-04-29;parcelas_fe0774ce-8f18-4d54-af27-1b0ffd54dd6a.csv
1;45711.12;2019-01-02;parcelas_fe13901d-6081-446c-a09c-193bccbdad08.csv
1;8411.15;2019-10-16;parcelas_fe1d5fcf-99c3-46b6-b783-c6264f5d6dc3.csv
1;11900;2019-10-29;parcelas_fe1d759d-2851-4e9f-8784-2466584f74fb.csv
1;33651.9;2019-02-11;parcelas_fe1f4d15-528c-484a-9715-0036c0fc9f72.csv
1;15962.76;2019-02-26;parcelas_fe211ce9-69c5-4249-bbe8-fb41dfa24607.csv
1;1761.93;2019-06-19;parcelas_fe2163a3-11da-4686-93a2-a0e2a3a35fa0.csv
1;782.15;2019-02-25;parcelas_fe23260e-9eb8-428a-8267-1d31fc18f5d2.csv
1;1123.05;2019-01-31;parcelas_fe236058-2892-48a6-9d1f-7d79f23d1447.csv
1;2118.44;2019-05-21;parcelas_fe23ba28-49b3-4c6a-a9e4-5e046d282710.csv
1;28.5;2019-04-29;parcelas_fe29e066-5eeb-445f-8116-c974a2c2277d.csv
1;20000;2019-08-19;parcelas_fe2e5699-d077-4dad-9488-51f4f7e94ba7.csv
1;1192.6;2019-10-08;parcelas_fe2e759d-6ea1-4244-87e2-165d8582f540.csv
1;7716.1;2019-10-08;parcelas_fe325c46-106d-4ca3-a498-0b79fdc34592.csv
1;252;2019-11-27;parcelas_fe46f3df-498a-441b-b9de-cda3ce458c42.csv
1;27646.3;2019-03-12;parcelas_fe4cda20-5635-4fdb-8e51-d7058d1757a9.csv
1;476.54;2019-09-26;parcelas_fe4f7395-c0b2-4898-b944-92a5e63e1c69.csv
1;10122.3;2019-10-04;parcelas_fe502438-b459-412b-b051-17bf54230fb5.csv
1;480786.34;2018-08-13;parcelas_fe5cfe83-4d3c-47dd-98cc-e359616a412b.csv
1;4316.53;2019-08-27;parcelas_fe621b51-6275-42b1-8246-3eed39e20d8f.csv
1;216064.5;2019-03-29;parcelas_fe6523e3-7f12-405e-b0ee-3070cfcb4db1.csv
1;1470;2019-05-10;parcelas_fe667456-44da-4169-94e6-155c8206862a.csv
1;335.55;2019-05-22;parcelas_fe6fa140-8f8e-49ed-ac44-bcbe50f4c2da.csv
1;456.55;2019-05-30;parcelas_fe75edef-9771-4115-bfc3-e8363a48b81a.csv
1;747611.53;2019-01-21;parcelas_fe80b2d4-87a7-4f63-a74c-82ce029b1b16.csv
1;499;2019-07-25;parcelas_fe91c9cd-952a-45f2-9069-076aa6ce237b.csv
1;3876.6;2019-06-21;parcelas_fe970b41-104e-44c1-a7bd-bd1f961b46fa.csv
1;455.65;2019-11-29;parcelas_fe9d0c7a-4930-40df-9f4f-0eba9d53b237.csv
1;27398;2019-11-13;parcelas_fea1098c-5434-4153-82a6-58f013be9750.csv
1;423130.56;2019-10-29;parcelas_feb70f66-3363-404c-a0a3-81bb3340e247.csv
1;4252.1;2019-03-06;parcelas_feb723e3-4576-442f-8e6b-a91a9ecb860b.csv
1;18035.3;2019-09-10;parcelas_feb8812d-5e99-49a3-99e3-69f447520e37.csv
1;191.54;2019-08-19;parcelas_fec3bd0b-ca6e-4407-8186-0fd98fb1b2e4.csv
1;29608.75;2019-07-31;parcelas_fec3cb20-c497-47b9-9a96-7e22312047ed.csv
1;300.78;2019-04-17;parcelas_fec9bcb5-3e98-42b0-bef8-5f5187977011.csv
1;11277.6;2019-09-04;parcelas_fecd9475-0829-43b4-8db0-ae20ea795589.csv
1;400000;2019-11-18;parcelas_fece429d-88ee-4021-ae12-cab61fd82ae7.csv
1;163.33;2019-11-28;parcelas_fecea738-e5e3-4570-a4e9-bba138d6e78c.csv
1;2617.71;2019-10-30;parcelas_fed226fb-e075-4b9c-9967-e47e49b2d7ba.csv
1;11829.03;2019-05-10;parcelas_fed4ce9a-86bb-4340-90dd-5cc62634aa06.csv
1;304332.01;2019-06-27;parcelas_fee120a6-a6f3-47a8-9dc1-0c83b37d5895.csv
1;71658.71;2019-04-30;parcelas_fee899c4-e9e0-41c0-8b6b-19614a63211e.csv
1;5632.8;2019-04-22;parcelas_fef36be7-342a-46fe-b105-8bb973875e5c.csv
1;20110;2019-08-15;parcelas_fef6cee6-da94-4988-85c4-cc7dc69f32c1.csv
1;4387.1;2019-04-09;parcelas_fef8d8f3-68c3-413c-bea3-053c41674ba6.csv
1;854.2;2019-03-20;parcelas_fef8e3f2-96aa-4ecb-b001-0bfd932dbfb8.csv
1;209025;2019-01-30;parcelas_fefbacb4-5e62-4f36-ab4f-b8161a85f57c.csv
1;1552873.4;2019-03-06;parcelas_ff098eda-cf8e-4df1-994c-fdb4c1e596ba.csv
1;9878.59;2019-05-31;parcelas_ff0cd771-2f9c-41a5-aaec-cb76060cdc7e.csv
1;30;2019-06-11;parcelas_ff10d91a-f294-4c1b-af30-0249babc4894.csv
1;603.08;2019-03-25;parcelas_ff111516-d9b6-4399-9777-d9b3d6744d79.csv
1;22117.18;2019-03-14;parcelas_ff182e23-6abd-4f76-a075-82af5b9eec06.csv
1;100;2019-04-16;parcelas_ff1a5c6d-4a1d-46a0-bcdf-4debdc478f96.csv
1;1262.33;2019-02-28;parcelas_ff2134f7-6681-4fe5-9193-efc8799486c2.csv
1;21375;2019-07-16;parcelas_ff2420b6-0605-4258-968a-db3ceafe3e81.csv
1;23385.98;2019-12-02;parcelas_ff2cbd51-a6f2-4973-8a46-3fca349226c7.csv
1;4000;2019-02-01;parcelas_ff2ed8f0-f02e-44c8-a033-b4ee56b29161.csv
1;170.97;2019-04-03;parcelas_ff2face1-4ead-4ec6-8d38-7523a1e6e1f9.csv
1;8739.94;2019-03-29;parcelas_ff32e624-6b92-405f-8b79-2a460a7f72d5.csv
1;615.56;2019-11-25;parcelas_ff34a32b-df16-4a87-85c2-7efd84d2ebd1.csv
1;3875;2019-08-06;parcelas_ff394239-68ca-4b28-8432-e34fe268cfa5.csv
1;10656.54;2018-06-20;parcelas_ff41b8f3-2915-42c0-bcf7-e13753781b3e.csv
1;4059.68;2019-07-05;parcelas_ff424f0a-777d-4055-a518-19ed59f9ef21.csv
1;28052.28;2019-11-25;parcelas_ff52cfcf-d496-4570-99e6-a00b01de8241.csv
1;238162.1;2019-01-02;parcelas_ff640696-1bd2-47e1-91ac-d34ee3a46850.csv
1;38900;2019-04-22;parcelas_ff68b8c9-0cb6-4c74-bc4c-064b6f8644c5.csv
1;251.46;2019-12-10;parcelas_ff6b3023-d7bb-4a38-9528-c2ba2d117439.csv
1;75.17;2019-09-30;parcelas_ff6bd340-e6fb-4d18-849d-faa3421bce75.csv
1;2132.87;2019-09-27;parcelas_ff7f74bb-e983-4c7f-943c-fd1dd752a5f3.csv
1;4435.92;2019-03-25;parcelas_ff80c8f9-b598-4236-bf3f-9d855eb6bd2f.csv
1;64.99;2019-01-25;parcelas_ff8c855e-6461-466a-bdbd-1bfe42cb1169.csv
1;97.4;2019-10-04;parcelas_ff960b81-8dd0-4ed8-9df9-798c7447f126.csv
1;4360;2019-11-25;parcelas_ff9a2c3f-7a72-42eb-9477-cacfc0742dfc.csv
1;70000;2019-05-23;parcelas_ff9cad60-eced-42ff-a20e-eb0be33ce001.csv
1;1654.86;2019-01-31;parcelas_ffa53d34-d8a9-4a26-8b1e-2008e2f27577.csv
1;4825.44;2019-02-06;parcelas_ffa82896-9abf-4b5d-9a12-73a5ad8deb49.csv
1;79.79;2019-10-04;parcelas_ffa9430d-7eb5-4b49-9f98-d7af76753659.csv
1;17667.1;2019-07-31;parcelas_ffb17491-0279-439d-b394-26b9b1d20cd8.csv
1;28387.46;2016-12-09;parcelas_ffb42039-d0dd-4ebf-bd2e-043744a4f5ad.csv
1;1660.5;2019-03-13;parcelas_ffb6962d-dfc8-4316-9e1c-ba85fb9aa4dd.csv
1;6933.99;2019-01-02;parcelas_ffc05968-f3fd-4c00-9ca6-c46b738e12ee.csv
1;13070.82;2019-05-28;parcelas_ffc96627-9db3-4cb4-b8f3-38e28aa071b9.csv
1;1785.75;2019-12-16;parcelas_ffd03a9c-6018-453c-9237-85dfae7c0d0f.csv
1;757.25;2018-12-28;parcelas_ffdacdbe-dd74-4370-aa44-8f8ffccdfa94.csv
1;1083395.74;2018-05-18;parcelas_ffdb444d-38f3-467b-b321-6b5531a1814b.csv
1;4308.66;2019-09-30;parcelas_ffe07d66-dd0e-455e-baf7-109c6813f1e3.csv
1;39519.27;2019-04-30;parcelas_ffe1ae69-5690-467b-af92-aea54b25b407.csv
1;20692.91;2019-01-02;parcelas_fffa22a7-c0bb-421d-bdeb-7905388cc7a7.csv
1;50000;2016-09-30;parcelas_fffcc16a-3562-4a1a-871a-d094761657f5.csv
1;29.05;2019-09-13;parcelas_ffff70b6-1f1f-49c5-b25c-481d5e9721e5.csv
